"file","word_column","variable"
"Alario1999.csv","word_spanish","aoa_mean"
"Alario1999.csv","word_spanish","complexity_mean"
"Alario1999.csv","word_spanish","familiar_mean"
"Alario1999.csv","word_spanish","image_agreement_mean"
"Alario1999.csv","word_spanish","variability_mean"
"Alario1999.csv","word_spanish_modal","aoa_mean"
"Alario1999.csv","word_spanish_modal","complexity_mean"
"Alario1999.csv","word_spanish_modal","familiar_mean"
"Alario1999.csv","word_spanish_modal","image_agreement_mean"
"Alario1999.csv","word_spanish_modal","variability_mean"
"Allen2014.csv","word_english","aoa_mean_japanese_l1"
"Allen2014.csv","word_english","concrete_mean_japanese_l1"
"Allen2014.csv","word_english","familiar_mean_english_l2"
"Allen2014.csv","word_japanese","aoa_mean_japanese_l1"
"Allen2014.csv","word_japanese","concrete_mean_japanese_l1"
"Allen2014.csv","word_japanese","familiar_mean_english_l2"
"Allen2014.csv","word_katakana","aoa_mean_japanese_l1"
"Allen2014.csv","word_katakana","concrete_mean_japanese_l1"
"Allen2014.csv","word_katakana","familiar_mean_english_l2"
"Alonso2015.csv","word_spanish","aoa_mean"
"Alonso2015.csv","word_spanish","oral_freq_log_mean"
"Alonso2015.csv","word_spanish","written_freq_log_espal_mean"
"Alonso2015.csv","word_spanish","written_freq_log_lexesp_mean"
"Alonso2015.csv","word_spanish","written_freq_log_subtlexesp_mean"
"Alonso2016.csv","word_spanish","aoa_mean"
"Altarriba1999.csv","word_english","concrete_mean"
"Altarriba1999.csv","word_english","context_mean"
"Altarriba1999.csv","word_english","imagine_mean"
"Alvarez2007.csv","word_spanish","aoa_mean"
"Alyahya2015.csv","word_arabic","agreement_mean"
"Alyahya2015.csv","word_arabic","aoa_mean"
"Alyahya2015.csv","word_arabic","aoa_mean_synonym"
"Alyahya2015.csv","word_arabic","imagine_mean"
"Alyahya2015.csv","word_arabic","imagine_mean_synonym"
"Alyahya2015.csv","word_arabic","visual_complexity_mean"
"Alyahya2015.csv","word_arabic_synonym","agreement_mean"
"Alyahya2015.csv","word_arabic_synonym","aoa_mean"
"Alyahya2015.csv","word_arabic_synonym","aoa_mean_synonym"
"Alyahya2015.csv","word_arabic_synonym","imagine_mean"
"Alyahya2015.csv","word_arabic_synonym","imagine_mean_synonym"
"Alyahya2015.csv","word_arabic_synonym","visual_complexity_mean"
"Amsel2012.csv","word_english","color_mean"
"Amsel2012.csv","word_english","familiar_mean"
"Amsel2012.csv","word_english","grasp_mean"
"Amsel2012.csv","word_english","motion_mean"
"Amsel2012.csv","word_english","pain_mean"
"Amsel2012.csv","word_english","smell_mean"
"Amsel2012.csv","word_english","sound_mean"
"Amsel2012.csv","word_english","taste_mean"
"Asahara2019.csv","word_japanese","familiar_mean_know"
"Asahara2019.csv","word_japanese","familiar_mean_listen"
"Asahara2019.csv","word_japanese","familiar_mean_production"
"Asahara2019.csv","word_japanese","familiar_mean_read"
"Asahara2019.csv","word_japanese","familiar_mean_reception"
"Asahara2019.csv","word_japanese","familiar_mean_speak"
"Asahara2019.csv","word_japanese","familiar_mean_spoken"
"Asahara2019.csv","word_japanese","familiar_mean_writing"
"Asahara2019.csv","word_japanese","familiar_mean_written"
"Asahara2019.csv","word_japanese_headword","familiar_mean_know"
"Asahara2019.csv","word_japanese_headword","familiar_mean_listen"
"Asahara2019.csv","word_japanese_headword","familiar_mean_production"
"Asahara2019.csv","word_japanese_headword","familiar_mean_read"
"Asahara2019.csv","word_japanese_headword","familiar_mean_reception"
"Asahara2019.csv","word_japanese_headword","familiar_mean_speak"
"Asahara2019.csv","word_japanese_headword","familiar_mean_spoken"
"Asahara2019.csv","word_japanese_headword","familiar_mean_writing"
"Asahara2019.csv","word_japanese_headword","familiar_mean_written"
"Bakhtiar2013.csv","word_persian","aoa_mean"
"Bakhtiar2013.csv","word_persian","familiar_mean"
"Bakhtiar2013.csv","word_persian","image_agreement_mean"
"Bakhtiar2013.csv","word_persian","imagine_mean"
"Bakhtiar2013.csv","word_persian","visualcomplexity_mean"
"Bakhtiar2013.csv","word_persian_phonetic","aoa_mean"
"Bakhtiar2013.csv","word_persian_phonetic","familiar_mean"
"Bakhtiar2013.csv","word_persian_phonetic","image_agreement_mean"
"Bakhtiar2013.csv","word_persian_phonetic","imagine_mean"
"Bakhtiar2013.csv","word_persian_phonetic","visualcomplexity_mean"
"Ballot2022.csv","word_french","arousal_mean_25"
"Ballot2022.csv","word_french","arousal_mean_39"
"Ballot2022.csv","word_french","arousal_mean_59"
"Ballot2022.csv","word_french","arousal_mean_60plus"
"Ballot2022.csv","word_french","arousal_mean_all"
"Ballot2022.csv","word_french","frequency_subjective_mean_25"
"Ballot2022.csv","word_french","frequency_subjective_mean_39"
"Ballot2022.csv","word_french","frequency_subjective_mean_59"
"Ballot2022.csv","word_french","frequency_subjective_mean_60plus"
"Ballot2022.csv","word_french","frequency_subjective_mean_all"
"Ballot2022.csv","word_french","imagine_mean_25"
"Ballot2022.csv","word_french","imagine_mean_39"
"Ballot2022.csv","word_french","imagine_mean_59"
"Ballot2022.csv","word_french","imagine_mean_60plus"
"Ballot2022.csv","word_french","imagine_mean_all"
"Ballot2022.csv","word_french","valence_mean_25"
"Ballot2022.csv","word_french","valence_mean_39"
"Ballot2022.csv","word_french","valence_mean_59"
"Ballot2022.csv","word_french","valence_mean_60plus"
"Ballot2022.csv","word_french","valence_mean_all"
"Balota2001.csv","word_english","frequency_subjective_encountered_mean"
"Balota2001.csv","word_english","frequency_subjective_heard_mean"
"Balota2001.csv","word_english","frequency_subjective_read_mean"
"Balota2001.csv","word_english","frequency_subjective_said_mean"
"Balota2001.csv","word_english","frequency_subjective_written_mean"
"Barbarotto2005.csv","word_italian","aoa_mean_objective"
"Barbarotto2005.csv","word_italian","aoa_mean_subjective"
"Barbarotto2005.csv","word_italian","aoa_mean_subjective_female"
"Barbarotto2005.csv","word_italian","aoa_mean_subjective_male"
"Barca2002.csv","word_italian","aoa_mean"
"Barca2002.csv","word_italian","concrete_mean"
"Barca2002.csv","word_italian","familiar_mean"
"Barca2002.csv","word_italian","imagine_mean"
"Barca2002.csv","word_italian","rt_mean"
"Bellezza1986.csv","word_english","frequency_mean"
"Bellezza1986.csv","word_english","frequency_mean_female"
"Bellezza1986.csv","word_english","frequency_mean_male"
"Bellezza1986.csv","word_english","imagine_mean"
"Bellezza1986.csv","word_english","imagine_mean_female"
"Bellezza1986.csv","word_english","imagine_mean_male"
"Bellezza1986.csv","word_english","pleasant_mean"
"Bellezza1986.csv","word_english","pleasant_mean_female"
"Bellezza1986.csv","word_english","pleasant_mean_male"
"Benjafield1989.csv","word_english","concrete_mean"
"Benjafield1989.csv","word_english","familiar_mean"
"Benjafield1989.csv","word_english","goodness_mean"
"Benjafield1989.csv","word_english","imagine_mean"
"Bennett2011.csv","word_english","boi_mean"
"Bennett2011.csv","word_english","imagine_mean"
"Bernabeu2018.csv","word_dutch","aoa_mean_brysbaertetal2014"
"Bernabeu2018.csv","word_dutch","auditory_mean"
"Bernabeu2018.csv","word_dutch","concrete_mean_brysbaertetal2014"
"Bernabeu2018.csv","word_dutch","haptic_mean"
"Bernabeu2018.csv","word_dutch","perceptual_strength_mean"
"Bernabeu2018.csv","word_dutch","visual_mean"
"Berrian1979.csv","word_english","animate_mean"
"Berrian1979.csv","word_english","ease_define_mean"
"Berrian1979.csv","word_english","imagine_mean"
"Bestgen2012.csv","word_english","arousal_mean_lsa"
"Bestgen2012.csv","word_english","arousal_mean_norms"
"Bestgen2012.csv","word_english","concrete_mean_lsa"
"Bestgen2012.csv","word_english","concrete_mean_norms"
"Bestgen2012.csv","word_english","dominance_mean_lsa"
"Bestgen2012.csv","word_english","dominance_mean_norms"
"Bestgen2012.csv","word_english","imagine_mean_lsa"
"Bestgen2012.csv","word_english","imagine_mean_norms"
"Bestgen2012.csv","word_english","valence_mean_lsa"
"Bestgen2012.csv","word_english","valence_mean_norms"
"Birchenough2017.csv","word_german","aoa_mean"
"Birchenough2017.csv","word_german","aoa_mean_likert"
"Bird2001.csv","word_english","aoa_mean"
"Bird2001.csv","word_english","aoa_mean_mrc"
"Bird2001.csv","word_english","imagine_mean"
"Bird2001.csv","word_english","imagine_mean_mrc"
"Bogunovic2023.csv","word_croatian","arousal_mean"
"Bogunovic2023.csv","word_croatian","concrete_mean"
"Bogunovic2023.csv","word_croatian","familiar_mean"
"Bogunovic2023.csv","word_croatian","valence_mean"
"Bogunovic2023.csv","word_croatian_equivalent","arousal_mean"
"Bogunovic2023.csv","word_croatian_equivalent","concrete_mean"
"Bogunovic2023.csv","word_croatian_equivalent","familiar_mean"
"Bogunovic2023.csv","word_croatian_equivalent","valence_mean"
"Bogunovic2024.csv","word_croatian_adaptedform","arousal_mean_croatian_adaptedform"
"Bogunovic2024.csv","word_croatian_adaptedform","arousal_mean_croatian_incontext"
"Bogunovic2024.csv","word_croatian_adaptedform","arousal_mean_croatian_outcontext"
"Bogunovic2024.csv","word_croatian_adaptedform","arousal_mean_english_loanword"
"Bogunovic2024.csv","word_croatian_adaptedform","concrete_mean_croatian_adaptedform"
"Bogunovic2024.csv","word_croatian_adaptedform","concrete_mean_croatian_incontext"
"Bogunovic2024.csv","word_croatian_adaptedform","concrete_mean_croatian_outcontext"
"Bogunovic2024.csv","word_croatian_adaptedform","concrete_mean_english_loanword"
"Bogunovic2024.csv","word_croatian_adaptedform","familiar_mean_croatian_adaptedform"
"Bogunovic2024.csv","word_croatian_adaptedform","familiar_mean_croatian_incontext"
"Bogunovic2024.csv","word_croatian_adaptedform","familiar_mean_croatian_outcontext"
"Bogunovic2024.csv","word_croatian_adaptedform","familiar_mean_english_loanword"
"Bogunovic2024.csv","word_croatian_adaptedform","valence_mean_croatian_adaptedform"
"Bogunovic2024.csv","word_croatian_adaptedform","valence_mean_croatian_incontext"
"Bogunovic2024.csv","word_croatian_adaptedform","valence_mean_croatian_outcontext"
"Bogunovic2024.csv","word_croatian_adaptedform","valence_mean_english_loanword"
"Bogunovic2024.csv","word_croatian_incontext","arousal_mean_croatian_adaptedform"
"Bogunovic2024.csv","word_croatian_incontext","arousal_mean_croatian_incontext"
"Bogunovic2024.csv","word_croatian_incontext","arousal_mean_croatian_outcontext"
"Bogunovic2024.csv","word_croatian_incontext","arousal_mean_english_loanword"
"Bogunovic2024.csv","word_croatian_incontext","concrete_mean_croatian_adaptedform"
"Bogunovic2024.csv","word_croatian_incontext","concrete_mean_croatian_incontext"
"Bogunovic2024.csv","word_croatian_incontext","concrete_mean_croatian_outcontext"
"Bogunovic2024.csv","word_croatian_incontext","concrete_mean_english_loanword"
"Bogunovic2024.csv","word_croatian_incontext","familiar_mean_croatian_adaptedform"
"Bogunovic2024.csv","word_croatian_incontext","familiar_mean_croatian_incontext"
"Bogunovic2024.csv","word_croatian_incontext","familiar_mean_croatian_outcontext"
"Bogunovic2024.csv","word_croatian_incontext","familiar_mean_english_loanword"
"Bogunovic2024.csv","word_croatian_incontext","valence_mean_croatian_adaptedform"
"Bogunovic2024.csv","word_croatian_incontext","valence_mean_croatian_incontext"
"Bogunovic2024.csv","word_croatian_incontext","valence_mean_croatian_outcontext"
"Bogunovic2024.csv","word_croatian_incontext","valence_mean_english_loanword"
"Bogunovic2024.csv","word_croatian_outcontext","arousal_mean_croatian_adaptedform"
"Bogunovic2024.csv","word_croatian_outcontext","arousal_mean_croatian_incontext"
"Bogunovic2024.csv","word_croatian_outcontext","arousal_mean_croatian_outcontext"
"Bogunovic2024.csv","word_croatian_outcontext","arousal_mean_english_loanword"
"Bogunovic2024.csv","word_croatian_outcontext","concrete_mean_croatian_adaptedform"
"Bogunovic2024.csv","word_croatian_outcontext","concrete_mean_croatian_incontext"
"Bogunovic2024.csv","word_croatian_outcontext","concrete_mean_croatian_outcontext"
"Bogunovic2024.csv","word_croatian_outcontext","concrete_mean_english_loanword"
"Bogunovic2024.csv","word_croatian_outcontext","familiar_mean_croatian_adaptedform"
"Bogunovic2024.csv","word_croatian_outcontext","familiar_mean_croatian_incontext"
"Bogunovic2024.csv","word_croatian_outcontext","familiar_mean_croatian_outcontext"
"Bogunovic2024.csv","word_croatian_outcontext","familiar_mean_english_loanword"
"Bogunovic2024.csv","word_croatian_outcontext","valence_mean_croatian_adaptedform"
"Bogunovic2024.csv","word_croatian_outcontext","valence_mean_croatian_incontext"
"Bogunovic2024.csv","word_croatian_outcontext","valence_mean_croatian_outcontext"
"Bogunovic2024.csv","word_croatian_outcontext","valence_mean_english_loanword"
"Bogunovic2024.csv","word_english_loanword","arousal_mean_croatian_adaptedform"
"Bogunovic2024.csv","word_english_loanword","arousal_mean_croatian_incontext"
"Bogunovic2024.csv","word_english_loanword","arousal_mean_croatian_outcontext"
"Bogunovic2024.csv","word_english_loanword","arousal_mean_english_loanword"
"Bogunovic2024.csv","word_english_loanword","concrete_mean_croatian_adaptedform"
"Bogunovic2024.csv","word_english_loanword","concrete_mean_croatian_incontext"
"Bogunovic2024.csv","word_english_loanword","concrete_mean_croatian_outcontext"
"Bogunovic2024.csv","word_english_loanword","concrete_mean_english_loanword"
"Bogunovic2024.csv","word_english_loanword","familiar_mean_croatian_adaptedform"
"Bogunovic2024.csv","word_english_loanword","familiar_mean_croatian_incontext"
"Bogunovic2024.csv","word_english_loanword","familiar_mean_croatian_outcontext"
"Bogunovic2024.csv","word_english_loanword","familiar_mean_english_loanword"
"Bogunovic2024.csv","word_english_loanword","valence_mean_croatian_adaptedform"
"Bogunovic2024.csv","word_english_loanword","valence_mean_croatian_incontext"
"Bogunovic2024.csv","word_english_loanword","valence_mean_croatian_outcontext"
"Bogunovic2024.csv","word_english_loanword","valence_mean_english_loanword"
"Bonin2003.csv","word_french","aoa_mean"
"Bonin2003.csv","word_french","familiar_mean"
"Bonin2003.csv","word_french","image_agreement_mean"
"Bonin2003.csv","word_french","image_variability_mean"
"Bonin2003.csv","word_french","rt_mean_naming"
"Bonin2003.csv","word_french","visualcomplexity_mean"
"Bonin2003.csv","word_french_disambiguate","aoa_mean"
"Bonin2003.csv","word_french_disambiguate","familiar_mean"
"Bonin2003.csv","word_french_disambiguate","image_agreement_mean"
"Bonin2003.csv","word_french_disambiguate","image_variability_mean"
"Bonin2003.csv","word_french_disambiguate","rt_mean_naming"
"Bonin2003.csv","word_french_disambiguate","visualcomplexity_mean"
"Bonin2011.csv","word_french","aoa_mean"
"Bonin2011.csv","word_french","frequency_subjective_mean"
"Bonin2011.csv","word_french","imagine_mean"
"Bonin2013.csv","word_russian","boi_mean"
"Bonin2013.csv","word_russian","image_variability_mean"
"Bonin2015.csv","word_english_acronym","aoa_mean"
"Bonin2015.csv","word_english_acronym","frequency_mean_bigram"
"Bonin2015.csv","word_english_acronym","frequency_mean_subjective"
"Bonin2015.csv","word_english_acronym","imagine_mean"
"Bonin2015.csv","word_english_acronym","rt_mean"
"Bonin2015a.csv","word_french","sensory_mean"
"Bonin2018.csv","word_french","arousal_mean"
"Bonin2018.csv","word_french","concrete_mean"
"Bonin2018.csv","word_french","context_mean"
"Bonin2018.csv","word_french","valence_mean"
"Bonin2021.csv","word_french","aoa_mean"
"Bonin2021.csv","word_french","familiar_mean"
"Bonin2021.csv","word_french","imagine_mean"
"Borelli2018.csv","word_italian","aoa_mean_all"
"Borelli2018.csv","word_italian","aoa_mean_female"
"Borelli2018.csv","word_italian","aoa_mean_male"
"Borelli2018.csv","word_italian","arousal_mean_all"
"Borelli2018.csv","word_italian","arousal_mean_female"
"Borelli2018.csv","word_italian","arousal_mean_male"
"Borelli2018.csv","word_italian","concrete_mean_all"
"Borelli2018.csv","word_italian","concrete_mean_female"
"Borelli2018.csv","word_italian","concrete_mean_male"
"Borelli2018.csv","word_italian","context_avaliability_mean_all"
"Borelli2018.csv","word_italian","context_avaliability_mean_female"
"Borelli2018.csv","word_italian","context_avaliability_mean_male"
"Borelli2018.csv","word_italian","familiar_mean_all"
"Borelli2018.csv","word_italian","familiar_mean_female"
"Borelli2018.csv","word_italian","familiar_mean_male"
"Borelli2018.csv","word_italian","frequency_mean_n"
"Borelli2018.csv","word_italian","imagine_mean_all"
"Borelli2018.csv","word_italian","imagine_mean_female"
"Borelli2018.csv","word_italian","imagine_mean_male"
"Borelli2018.csv","word_italian","intensity_mean_all"
"Borelli2018.csv","word_italian","intensity_mean_female"
"Borelli2018.csv","word_italian","intensity_mean_male"
"Borelli2018.csv","word_italian","pain_mean_all"
"Borelli2018.csv","word_italian","pain_mean_female"
"Borelli2018.csv","word_italian","pain_mean_male"
"Borelli2018.csv","word_italian","unpleasant_mean_all"
"Borelli2018.csv","word_italian","unpleasant_mean_female"
"Borelli2018.csv","word_italian","unpleasant_mean_male"
"Borelli2018.csv","word_italian","valence_mean_all"
"Borelli2018.csv","word_italian","valence_mean_female"
"Borelli2018.csv","word_italian","valence_mean_male"
"Borsa2025.csv","word_italian","aoa_mean"
"Borsa2025.csv","word_italian","arousal_mean"
"Borsa2025.csv","word_italian","concrete_mean"
"Borsa2025.csv","word_italian","economic_mean"
"Borsa2025.csv","word_italian","familiar_mean"
"Borsa2025.csv","word_italian","imagine_mean"
"Borsa2025.csv","word_italian","introspection_mean"
"Borsa2025.csv","word_italian","mental_state_mean"
"Borsa2025.csv","word_italian","moral_mean"
"Borsa2025.csv","word_italian","quantity_mean"
"Borsa2025.csv","word_italian","semantic_diversity_mean"
"Borsa2025.csv","word_italian","social_mean"
"Borsa2025.csv","word_italian","space_mean"
"Borsa2025.csv","word_italian","theoretic_mean"
"Borsa2025.csv","word_italian","valence_mean"
"Boukadi2016.csv","word_arabic_intended","familiar_mean"
"Boukadi2016.csv","word_arabic_intended","frequency_mean"
"Boukadi2016.csv","word_arabic_intended","imagine_mean"
"Boukadi2016.csv","word_arabic_intended","name_agreement_mean"
"Boukadi2016.csv","word_arabic_modal","familiar_mean"
"Boukadi2016.csv","word_arabic_modal","frequency_mean"
"Boukadi2016.csv","word_arabic_modal","imagine_mean"
"Boukadi2016.csv","word_arabic_modal","name_agreement_mean"
"Bradley1999.csv","word_english","arousal_mean"
"Bradley1999.csv","word_english","arousal_mean_female"
"Bradley1999.csv","word_english","arousal_mean_male"
"Bradley1999.csv","word_english","dominance_mean"
"Bradley1999.csv","word_english","dominance_mean_female"
"Bradley1999.csv","word_english","dominance_mean_male"
"Bradley1999.csv","word_english","valence_mean"
"Bradley1999.csv","word_english","valence_mean_female"
"Bradley1999.csv","word_english","valence_mean_male"
"Briesemeister2011.csv","word_german","anger_mean"
"Briesemeister2011.csv","word_german","disgust_mean"
"Briesemeister2011.csv","word_german","fear_mean"
"Briesemeister2011.csv","word_german","happiness_mean"
"Briesemeister2011.csv","word_german","sad_mean"
"Brodeur2010.csv","word_english","familiar_mean"
"Brodeur2010.csv","word_english","manipulability_mean"
"Brodeur2010.csv","word_english","object_agreement_mean"
"Brodeur2010.csv","word_english","viewpoint_agreement_mean"
"Brodeur2010.csv","word_english","visual_complexity_mean"
"Brodeur2012.csv","word_french_modal_name","familiar_mean"
"Brodeur2012.csv","word_french_modal_name","manipulability_mean"
"Brodeur2012.csv","word_french_modal_name","object_agreement_mean"
"Brodeur2012.csv","word_french_modal_name","object_size_mean"
"Brodeur2012.csv","word_french_modal_name","viewpoint_agreement_mean"
"Brodeur2012.csv","word_french_modal_name","visual_complexity_mean"
"Brodeur2014.csv","word_english","familiar_mean"
"Brodeur2014.csv","word_english","manipulability_mean"
"Brodeur2014.csv","word_english","object_agreement_mean"
"Brodeur2014.csv","word_english","viewpoint_agreement_mean"
"Brodeur2014.csv","word_english","visual_complexity_mean"
"Brown1969.csv","word_english","associative_difficulty_mean"
"Brown1969.csv","word_english","concrete_mean"
"Brown1969.csv","word_english","emotionality_mean"
"Brown1969.csv","word_english","goodness_mean"
"Brown1969.csv","word_english","pleasant_mean"
"Brysbaert2014.csv","word_english","concrete_mean"
"Brysbaert2014a.csv","word_dutch","aoa_mean"
"Brysbaert2014a.csv","word_dutch","concrete_mean"
"Brysbaert2017_2.csv","word_english","aoa_mean_bird_lemma"
"Brysbaert2017_2.csv","word_english","aoa_mean_bristol_lemma"
"Brysbaert2017_2.csv","word_english","aoa_mean_cort_lemma"
"Brysbaert2017_2.csv","word_english","aoa_mean_kuperman"
"Brysbaert2017_2.csv","word_english","aoa_mean_kuperman_lemma"
"Brysbaert2017_2.csv","word_english","aoa_mean_schock"
"Brysbaert2017_2.csv","word_english_alt_spelling","aoa_mean_bird_lemma"
"Brysbaert2017_2.csv","word_english_alt_spelling","aoa_mean_bristol_lemma"
"Brysbaert2017_2.csv","word_english_alt_spelling","aoa_mean_cort_lemma"
"Brysbaert2017_2.csv","word_english_alt_spelling","aoa_mean_kuperman"
"Brysbaert2017_2.csv","word_english_alt_spelling","aoa_mean_kuperman_lemma"
"Brysbaert2017_2.csv","word_english_alt_spelling","aoa_mean_schock"
"Brysbaert2017.csv","word_english","aoa_mean_rating"
"Brysbaert2017.csv","word_english","aoa_mean_testbased"
"Cai2021.csv","word_chinese_simplified","aoa_cai_mean"
"Cameirao2010.csv","word_portuguese","aoa_mean"
"Cameirao2010.csv","word_portuguese","concrete_mean"
"Cameirao2010.csv","word_portuguese","familiar_mean"
"Cameirao2010.csv","word_portuguese","imagine_mean"
"Cannard2008.csv","word_english","aoa_mean"
"Cannard2008.csv","word_english","aoa_mean_alvarez2007"
"Cannard2008.csv","word_english","aoa_mean_barbarotto2005"
"Cannard2008.csv","word_english","aoa_mean_chalard2003"
"Cannard2008.csv","word_english","aoa_mean_morrison1997"
"Cannard2008.csv","word_english","aoa_mean_perez2005"
"Cannard2008.csv","word_english","aoa_mean_pind2000"
"Cannard2008.csv","word_french","aoa_mean"
"Cannard2008.csv","word_french","aoa_mean_alvarez2007"
"Cannard2008.csv","word_french","aoa_mean_barbarotto2005"
"Cannard2008.csv","word_french","aoa_mean_chalard2003"
"Cannard2008.csv","word_french","aoa_mean_morrison1997"
"Cannard2008.csv","word_french","aoa_mean_perez2005"
"Cannard2008.csv","word_french","aoa_mean_pind2000"
"Carroll1973.csv","word_english","aoa_mean"
"Carroll1973.csv","word_english","aoa_mean_female"
"Carroll1973.csv","word_english","aoa_mean_male"
"Chan2024.csv","word_chinese_simplified","arousal_mean"
"Chan2024.csv","word_chinese_simplified","concrete_mean"
"Chan2024.csv","word_chinese_simplified","familiar_mean"
"Chan2024.csv","word_chinese_simplified","imagine_mean"
"Chan2024.csv","word_chinese_simplified","valence_mean"
"Chan2024.csv","word_chinese_traditional","arousal_mean"
"Chan2024.csv","word_chinese_traditional","concrete_mean"
"Chan2024.csv","word_chinese_traditional","familiar_mean"
"Chan2024.csv","word_chinese_traditional","imagine_mean"
"Chan2024.csv","word_chinese_traditional","valence_mean"
"Chang2007.csv","word_english","aoa_mean"
"Chang2007.csv","word_english","familiar_mean"
"Chang2007.csv","word_type","aoa_mean"
"Chang2007.csv","word_type","familiar_mean"
"Chang2016.csv","word_chinese_simplified","ambiguity_mean"
"Chang2016.csv","word_chinese_simplified","familiar_mean"
"Chang2016.csv","word_chinese_simplified","rt_mean_naming"
"Chang2016.csv","word_zhuyin","ambiguity_mean"
"Chang2016.csv","word_zhuyin","familiar_mean"
"Chang2016.csv","word_zhuyin","rt_mean_naming"
"Chedid2019.csv","word_french","familiar_mean_conceptual"
"Chedid2019.csv","word_french","rt_mean"
"Chen2019.csv","word_chinese_simplified","auditory_mean"
"Chen2019.csv","word_chinese_simplified","gustatory_mean"
"Chen2019.csv","word_chinese_simplified","haptic_strength_mean"
"Chen2019.csv","word_chinese_simplified","olfactory_strength_mean"
"Chen2019.csv","word_chinese_simplified","visual_strength_mean"
"Chen2019.csv","word_chinese_traditional","auditory_mean"
"Chen2019.csv","word_chinese_traditional","gustatory_mean"
"Chen2019.csv","word_chinese_traditional","haptic_strength_mean"
"Chen2019.csv","word_chinese_traditional","olfactory_strength_mean"
"Chen2019.csv","word_chinese_traditional","visual_strength_mean"
"Chen2019.csv","word_pinyin","auditory_mean"
"Chen2019.csv","word_pinyin","gustatory_mean"
"Chen2019.csv","word_pinyin","haptic_strength_mean"
"Chen2019.csv","word_pinyin","olfactory_strength_mean"
"Chen2019.csv","word_pinyin","visual_strength_mean"
"Cheng2025.csv","word_chinese_traditional","arousal_mean"
"Cheng2025.csv","word_chinese_traditional","valence_mean"
"Chiarello1999.csv","word_english","familiar_mean"
"Chiarello1999.csv","word_english","imagine_mean"
"Chiarello1999.csv","word_english","imagine_mean_rt"
"Citron2016.csv","word_idiom_english","arousal_mean"
"Citron2016.csv","word_idiom_english","concrete_mean"
"Citron2016.csv","word_idiom_english","confidence_mean"
"Citron2016.csv","word_idiom_english","familiar_mean"
"Citron2016.csv","word_idiom_english","figurativeness_mean"
"Citron2016.csv","word_idiom_english","semantic_transparency_mean"
"Citron2016.csv","word_idiom_english","valence_mean"
"Citron2016.csv","word_idiom_german","arousal_mean"
"Citron2016.csv","word_idiom_german","concrete_mean"
"Citron2016.csv","word_idiom_german","confidence_mean"
"Citron2016.csv","word_idiom_german","familiar_mean"
"Citron2016.csv","word_idiom_german","figurativeness_mean"
"Citron2016.csv","word_idiom_german","semantic_transparency_mean"
"Citron2016.csv","word_idiom_german","valence_mean"
"Clark2004.csv","word_english","ambiguity_mean"
"Clark2004.csv","word_english","aoa_mean"
"Clark2004.csv","word_english","concrete_mean"
"Clark2004.csv","word_english","context_mean"
"Clark2004.csv","word_english","ease_definition_mean"
"Clark2004.csv","word_english","emotionality_goodness_mean"
"Clark2004.csv","word_english","emotionality_pleasantness_mean"
"Clark2004.csv","word_english","familiar_mean"
"Clark2004.csv","word_english","familiar_mean_replication"
"Clark2004.csv","word_english","gender_ladenness_mean"
"Clark2004.csv","word_english","gender_mean_replication"
"Clark2004.csv","word_english","goodness_mean"
"Clark2004.csv","word_english","imagine_mean"
"Clark2004.csv","word_english","imagine_mean_replication"
"Clark2004.csv","word_english","intensity_mean"
"Clark2004.csv","word_english","meaningfulness_mean"
"Clark2004.csv","word_english","pronounce_mean"
"Clark2004.csv","word_english","rhyming_mean"
"Clark2004.csv","word_english","similar_looking_words_mean"
"Clark2004.csv","word_english","similar_sounding_words_mean"
"Clark2004.csv","word_english","valence_mean"
"Clarke2018.csv","word_thai_intended","aoa_mean"
"Clarke2018.csv","word_thai_intended","familiar_mean"
"Clarke2018.csv","word_thai_intended","grasp_mean"
"Clarke2018.csv","word_thai_intended","image_agreement_mean"
"Clarke2018.csv","word_thai_intended","mime_mean"
"Clarke2018.csv","word_thai_intended","visual_complexity_mean"
"Clarke2018.csv","word_thai_modal","aoa_mean"
"Clarke2018.csv","word_thai_modal","familiar_mean"
"Clarke2018.csv","word_thai_modal","grasp_mean"
"Clarke2018.csv","word_thai_modal","image_agreement_mean"
"Clarke2018.csv","word_thai_modal","mime_mean"
"Clarke2018.csv","word_thai_modal","visual_complexity_mean"
"Clarke2024.csv","word_english","aoa_mean"
"Clarke2024.csv","word_english","body_object_interaction_mean"
"Clarke2024.csv","word_english","frequency_subjective_mean"
"Clarke2024.csv","word_english","imagine_mean"
"Clarke2024.csv","word_thai","aoa_mean"
"Clarke2024.csv","word_thai","body_object_interaction_mean"
"Clarke2024.csv","word_thai","frequency_subjective_mean"
"Clarke2024.csv","word_thai","imagine_mean"
"Clarke2024.csv","word_thai_ipa","aoa_mean"
"Clarke2024.csv","word_thai_ipa","body_object_interaction_mean"
"Clarke2024.csv","word_thai_ipa","frequency_subjective_mean"
"Clarke2024.csv","word_thai_ipa","imagine_mean"
"Cohen-Shikora2013.csv","word_english","imagine_mean"
"Cohen-Shikora2013.csv","word_english","rt_mean"
"Cohen-Shikora2013.csv","word_english_past","imagine_mean"
"Cohen-Shikora2013.csv","word_english_past","rt_mean"
"Coltheart1981.csv","word_english","aoa_mean"
"Coltheart1981.csv","word_english","concrete_mean"
"Coltheart1981.csv","word_english","familiar_mean"
"Coltheart1981.csv","word_english","imagine_mean"
"Coltheart1981.csv","word_type","aoa_mean"
"Coltheart1981.csv","word_type","concrete_mean"
"Coltheart1981.csv","word_type","familiar_mean"
"Coltheart1981.csv","word_type","imagine_mean"
"Conca2024.csv","word_turkish","aoa_mean"
"Conca2024.csv","word_turkish","arousal_mean"
"Conca2024.csv","word_turkish","familiar_mean"
"Conca2024.csv","word_turkish","imagine_mean"
"Conca2024.csv","word_turkish","mental_state_mean"
"Conca2024.csv","word_turkish","political_mean"
"Conca2024.csv","word_turkish","quantity_mean"
"Conca2024.csv","word_turkish","social_mean"
"Conca2024.csv","word_turkish","space_mean"
"Conca2024.csv","word_turkish","theoretic_mean"
"Conca2024.csv","word_turkish","valence_mean"
"Conde2026_familiar_human.csv","word_german","familiar_mean"
"Cordier2005.csv","word_french","familiar_mean"
"Cordier2005.csv","word_french","meaning_knowledge_mean"
"Cortese2004.csv","word_english","imagine_mean"
"Cortese2004.csv","word_english","rt_mean"
"Cortese2008.csv","word_english","aoa_subjective_mean"
"Cortese2008.csv","word_english","rt_mean"
"Coso2019.csv","word_croatian","arousal_mean"
"Coso2019.csv","word_croatian","concrete_mean"
"Coso2019.csv","word_croatian","valence_mean"
"Coso2023.csv","word_croatian","anger_mean"
"Coso2023.csv","word_croatian","anger_mean_female"
"Coso2023.csv","word_croatian","anger_mean_male"
"Coso2023.csv","word_croatian","disgust_mean"
"Coso2023.csv","word_croatian","disgust_mean_female"
"Coso2023.csv","word_croatian","disgust_mean_male"
"Coso2023.csv","word_croatian","fear_mean"
"Coso2023.csv","word_croatian","fear_mean_female"
"Coso2023.csv","word_croatian","fear_mean_male"
"Coso2023.csv","word_croatian","happiness_mean"
"Coso2023.csv","word_croatian","happiness_mean_female"
"Coso2023.csv","word_croatian","happiness_mean_male"
"Coso2023.csv","word_croatian","sad_mean"
"Coso2023.csv","word_croatian","sad_mean_female"
"Coso2023.csv","word_croatian","sad_mean_male"
"Cuetos1999.csv","word_english","aoa_mean"
"Cuetos1999.csv","word_english","complexity_mean"
"Cuetos1999.csv","word_english","familiar_mean"
"Cuetos1999.csv","word_english","imageagree_mean"
"Cuetos1999.csv","word_english","rt_mean"
"Cuetos1999.csv","word_spanish","aoa_mean"
"Cuetos1999.csv","word_spanish","complexity_mean"
"Cuetos1999.csv","word_spanish","familiar_mean"
"Cuetos1999.csv","word_spanish","imageagree_mean"
"Cuetos1999.csv","word_spanish","rt_mean"
"Cuetos2003.csv","word_spanish","aoa_mean"
"Cuetos2003.csv","word_spanish","familiar_mean"
"Cuetos2003.csv","word_spanish","imagine_mean"
"Cuetos2003.csv","word_spanish","visual_complexity_mean"
"Dasi2004.csv","word_fragment","familiar_mean"
"Dasi2004.csv","word_spanish","familiar_mean"
"Davies2016a_en.csv","word_english","aoa_mean"
"Davies2016a_en.csv","word_english","imagine_mean"
"Davies2016a_es.csv","word_spanish","aoa_mean"
"Davies2016a_es.csv","word_spanish","imagine_mean"
"Davis2005a.csv","word_spanish","concrete_mean"
"Davis2005a.csv","word_spanish","familiar_mean"
"Davis2005a.csv","word_spanish","imagine_mean"
"DeDeyne2008.csv","word_dutch","aoa_mean"
"DeDeyne2008.csv","word_dutch","familiar_mean"
"DeDeyne2008.csv","word_dutch","goodness_mean"
"DeDeyne2008.csv","word_dutch","imagine_mean"
"DeDeyne2008.csv","word_dutch","typicality_mean"
"DeLima2021.csv","word_likeness_mean","arousal_mean_portuguese"
"DeLima2021.csv","word_likeness_mean","concrete_mean_portuguese"
"DeLima2021.csv","word_likeness_mean","familiar_mean_portuguese"
"DeLima2021.csv","word_likeness_mean","recall_mean"
"DeLima2021.csv","word_likeness_mean","valence_mean_portuguese"
"DeLima2021.csv","word_likeness_mean","word_likeness_mean"
"DeLima2021.csv","word_likeness_median","arousal_mean_portuguese"
"DeLima2021.csv","word_likeness_median","concrete_mean_portuguese"
"DeLima2021.csv","word_likeness_median","familiar_mean_portuguese"
"DeLima2021.csv","word_likeness_median","recall_mean"
"DeLima2021.csv","word_likeness_median","valence_mean_portuguese"
"DeLima2021.csv","word_likeness_median","word_likeness_mean"
"DeLima2021.csv","word_likeness_sd","arousal_mean_portuguese"
"DeLima2021.csv","word_likeness_sd","concrete_mean_portuguese"
"DeLima2021.csv","word_likeness_sd","familiar_mean_portuguese"
"DeLima2021.csv","word_likeness_sd","recall_mean"
"DeLima2021.csv","word_likeness_sd","valence_mean_portuguese"
"DeLima2021.csv","word_likeness_sd","word_likeness_mean"
"DeLima2021.csv","word_portuguese","arousal_mean_portuguese"
"DeLima2021.csv","word_portuguese","concrete_mean_portuguese"
"DeLima2021.csv","word_portuguese","familiar_mean_portuguese"
"DeLima2021.csv","word_portuguese","recall_mean"
"DeLima2021.csv","word_portuguese","valence_mean_portuguese"
"DeLima2021.csv","word_portuguese","word_likeness_mean"
"Dellacqua2000_1.csv","word_italian","aoa_mean"
"Dellacqua2000_1.csv","word_italian","familiar_mean"
"Dellacqua2000_1.csv","word_italian","rt_mean"
"Dellacqua2000_1.csv","word_italian","typicality_mean"
"DellAcqua2000_2.csv","word_italian","aoa_mean"
"DellAcqua2000_2.csv","word_italian","aoa_mean_american"
"DellAcqua2000_2.csv","word_italian","aoa_mean_french"
"DellAcqua2000_2.csv","word_italian","aoa_mean_italian"
"DellAcqua2000_2.csv","word_italian","familiar_mean"
"DellAcqua2000_2.csv","word_italian","familiar_mean_american"
"DellAcqua2000_2.csv","word_italian","familiar_mean_french"
"DellAcqua2000_2.csv","word_italian","familiar_mean_italian"
"DellAcqua2000_2.csv","word_italian","familiar_mean_spansih"
"DellaRosa2010.csv","word_italian","aoa_mean"
"DellaRosa2010.csv","word_italian","concrete_mean"
"DellaRosa2010.csv","word_italian","familiar_mean"
"DellaRosa2010.csv","word_italian","imagine_mean"
"DellaRosa2010.csv","word_italian","moa_mean"
"Desrochers2009.csv","word_french","frequency_mean"
"Desrochers2009.csv","word_french","imagine_mean"
"Desrochers2010.csv","word_french","frequency_mean"
"Desrochers2010.csv","word_french","imagine_mean"
"Diez-Alamo2018.csv","word_spanish","aoa_mean"
"Diez-Alamo2018a.csv","word_spanish","boi_mean"
"Diez-Alamo2018a.csv","word_spanish","color_mean"
"Diez-Alamo2018a.csv","word_spanish","concrete_mean"
"Diez-Alamo2018a.csv","word_spanish","grasp_mean"
"Diez-Alamo2018a.csv","word_spanish","imagine_mean"
"Diez-Alamo2018a.csv","word_spanish","motion_mean"
"Diez-Alamo2018a.csv","word_spanish","pain_mean"
"Diez-Alamo2018a.csv","word_spanish","smell_mean"
"Diez-Alamo2018a.csv","word_spanish","sound_mean"
"Diez-Alamo2018a.csv","word_spanish","taste_mean"
"Dimitripoulou2009.csv","word_greek","aoa_subjective_mean"
"Dimitripoulou2009.csv","word_greek","visual_complexity_mean"
"Dodds2011.csv","word_english","happiness_mean"
"Duchon2013.csv","word_spanish","concrete_mean"
"Duchon2013.csv","word_spanish","familiar_mean"
"Duchon2013.csv","word_spanish","imagine_mean"
"Durdevic2019.csv","word_serbian","concrete_mean"
"Durdevic2019.csv","word_serbian","familiar_mean"
"Eilola2010.csv","word_english","concrete_mean_english"
"Eilola2010.csv","word_english","concrete_mean_finnish"
"Eilola2010.csv","word_english","emotionalcharge_mean_english"
"Eilola2010.csv","word_english","emotionalcharge_mean_finnish"
"Eilola2010.csv","word_english","familiar_mean_english"
"Eilola2010.csv","word_english","familiar_mean_finnish"
"Eilola2010.csv","word_english","offensiveness_mean_english"
"Eilola2010.csv","word_english","offensiveness_mean_finnish"
"Eilola2010.csv","word_english","valence_mean_english"
"Eilola2010.csv","word_english","valence_mean_finnish"
"Eilola2010.csv","word_finnish","concrete_mean_english"
"Eilola2010.csv","word_finnish","concrete_mean_finnish"
"Eilola2010.csv","word_finnish","emotionalcharge_mean_english"
"Eilola2010.csv","word_finnish","emotionalcharge_mean_finnish"
"Eilola2010.csv","word_finnish","familiar_mean_english"
"Eilola2010.csv","word_finnish","familiar_mean_finnish"
"Eilola2010.csv","word_finnish","offensiveness_mean_english"
"Eilola2010.csv","word_finnish","offensiveness_mean_finnish"
"Eilola2010.csv","word_finnish","valence_mean_english"
"Eilola2010.csv","word_finnish","valence_mean_finnish"
"Elsherif2020.csv","word_english","aoa_mean_log"
"Elsherif2020.csv","word_english","aoa_mean_log_first_lexeme"
"Elsherif2020.csv","word_english","aoa_mean_log_second_lexeme"
"Elsherif2020.csv","word_english","familiar_mean_american"
"Elsherif2020.csv","word_english","familiar_mean_british"
"Elsherif2020.csv","word_english","familiar_mean_first_lexeme"
"Elsherif2020.csv","word_english","familiar_mean_second_lexeme"
"Elsherif2020.csv","word_english","frequency_first_lexeme_mean"
"Elsherif2020.csv","word_english","frequency_mean_log"
"Elsherif2020.csv","word_english","frequency_second_lexeme_mean"
"Elsherif2020.csv","word_english","imagine_mean_american"
"Elsherif2020.csv","word_english","imagine_mean_british"
"Elsherif2020.csv","word_english","imagine_mean_first_lexeme"
"Elsherif2020.csv","word_english","imagine_mean_second_lexeme"
"Elsherif2020.csv","word_english","length_first_lexeme_mean"
"Elsherif2020.csv","word_english","length_second_lexeme_mean"
"Elsherif2020.csv","word_english","lexeme_meaning_dominance_mean"
"Elsherif2020.csv","word_english","transparency_mean"
"Erickson1987.csv","word_english","familiar_mean"
"Falcinelli2024.csv","word_confidence_mean","action_effector_feet_mean"
"Falcinelli2024.csv","word_confidence_mean","action_effector_hands_mean"
"Falcinelli2024.csv","word_confidence_mean","action_effector_mean"
"Falcinelli2024.csv","word_confidence_mean","action_effector_mouth_mean"
"Falcinelli2024.csv","word_confidence_mean","action_effector_torso_mean"
"Falcinelli2024.csv","word_confidence_mean","aoa_mean"
"Falcinelli2024.csv","word_confidence_mean","arousal_mean"
"Falcinelli2024.csv","word_confidence_mean","body_object_interact_mean"
"Falcinelli2024.csv","word_confidence_mean","concrete_mean"
"Falcinelli2024.csv","word_confidence_mean","context_avail_mean"
"Falcinelli2024.csv","word_confidence_mean","convo_ease_mean"
"Falcinelli2024.csv","word_confidence_mean","define_ease_mean"
"Falcinelli2024.csv","word_confidence_mean","dominance_mean"
"Falcinelli2024.csv","word_confidence_mean","emotional_mean"
"Falcinelli2024.csv","word_confidence_mean","expert_confidence_mean"
"Falcinelli2024.csv","word_confidence_mean","expert_social_meta_mean"
"Falcinelli2024.csv","word_confidence_mean","familiar_mean"
"Falcinelli2024.csv","word_confidence_mean","frequency_subjective_mean"
"Falcinelli2024.csv","word_confidence_mean","imagine_mean"
"Falcinelli2024.csv","word_confidence_mean","interoception_mean"
"Falcinelli2024.csv","word_confidence_mean","metacognition_mean"
"Falcinelli2024.csv","word_confidence_mean","modality_acquis_mean"
"Falcinelli2024.csv","word_confidence_mean","natural_artific_mean"
"Falcinelli2024.csv","word_confidence_mean","open_negotiation_mean"
"Falcinelli2024.csv","word_confidence_mean","perceived_distance_mean"
"Falcinelli2024.csv","word_confidence_mean","perceived_impact_future_mean"
"Falcinelli2024.csv","word_confidence_mean","perceived_impact_mean"
"Falcinelli2024.csv","word_confidence_mean","perceived_impact_past_mean"
"Falcinelli2024.csv","word_confidence_mean","perceived_impact_present_mean"
"Falcinelli2024.csv","word_confidence_mean","percept_strength_hearing_mean"
"Falcinelli2024.csv","word_confidence_mean","percept_strength_mean"
"Falcinelli2024.csv","word_confidence_mean","percept_strength_smell_mean"
"Falcinelli2024.csv","word_confidence_mean","percept_strength_taste_mean"
"Falcinelli2024.csv","word_confidence_mean","percept_strength_touch_mean"
"Falcinelli2024.csv","word_confidence_mean","percept_strength_vision_mean"
"Falcinelli2024.csv","word_confidence_mean","personal_experience_mean"
"Falcinelli2024.csv","word_confidence_mean","political_relev_mean"
"Falcinelli2024.csv","word_confidence_mean","scientificity_mean"
"Falcinelli2024.csv","word_confidence_mean","social_meta_mean"
"Falcinelli2024.csv","word_confidence_mean","social_valence_mean"
"Falcinelli2024.csv","word_confidence_mean","valence_mean"
"Falcinelli2024.csv","word_confidence_mean","word_confidence_mean"
"Falcinelli2024.csv","word_confidence_sd","action_effector_feet_mean"
"Falcinelli2024.csv","word_confidence_sd","action_effector_hands_mean"
"Falcinelli2024.csv","word_confidence_sd","action_effector_mean"
"Falcinelli2024.csv","word_confidence_sd","action_effector_mouth_mean"
"Falcinelli2024.csv","word_confidence_sd","action_effector_torso_mean"
"Falcinelli2024.csv","word_confidence_sd","aoa_mean"
"Falcinelli2024.csv","word_confidence_sd","arousal_mean"
"Falcinelli2024.csv","word_confidence_sd","body_object_interact_mean"
"Falcinelli2024.csv","word_confidence_sd","concrete_mean"
"Falcinelli2024.csv","word_confidence_sd","context_avail_mean"
"Falcinelli2024.csv","word_confidence_sd","convo_ease_mean"
"Falcinelli2024.csv","word_confidence_sd","define_ease_mean"
"Falcinelli2024.csv","word_confidence_sd","dominance_mean"
"Falcinelli2024.csv","word_confidence_sd","emotional_mean"
"Falcinelli2024.csv","word_confidence_sd","expert_confidence_mean"
"Falcinelli2024.csv","word_confidence_sd","expert_social_meta_mean"
"Falcinelli2024.csv","word_confidence_sd","familiar_mean"
"Falcinelli2024.csv","word_confidence_sd","frequency_subjective_mean"
"Falcinelli2024.csv","word_confidence_sd","imagine_mean"
"Falcinelli2024.csv","word_confidence_sd","interoception_mean"
"Falcinelli2024.csv","word_confidence_sd","metacognition_mean"
"Falcinelli2024.csv","word_confidence_sd","modality_acquis_mean"
"Falcinelli2024.csv","word_confidence_sd","natural_artific_mean"
"Falcinelli2024.csv","word_confidence_sd","open_negotiation_mean"
"Falcinelli2024.csv","word_confidence_sd","perceived_distance_mean"
"Falcinelli2024.csv","word_confidence_sd","perceived_impact_future_mean"
"Falcinelli2024.csv","word_confidence_sd","perceived_impact_mean"
"Falcinelli2024.csv","word_confidence_sd","perceived_impact_past_mean"
"Falcinelli2024.csv","word_confidence_sd","perceived_impact_present_mean"
"Falcinelli2024.csv","word_confidence_sd","percept_strength_hearing_mean"
"Falcinelli2024.csv","word_confidence_sd","percept_strength_mean"
"Falcinelli2024.csv","word_confidence_sd","percept_strength_smell_mean"
"Falcinelli2024.csv","word_confidence_sd","percept_strength_taste_mean"
"Falcinelli2024.csv","word_confidence_sd","percept_strength_touch_mean"
"Falcinelli2024.csv","word_confidence_sd","percept_strength_vision_mean"
"Falcinelli2024.csv","word_confidence_sd","personal_experience_mean"
"Falcinelli2024.csv","word_confidence_sd","political_relev_mean"
"Falcinelli2024.csv","word_confidence_sd","scientificity_mean"
"Falcinelli2024.csv","word_confidence_sd","social_meta_mean"
"Falcinelli2024.csv","word_confidence_sd","social_valence_mean"
"Falcinelli2024.csv","word_confidence_sd","valence_mean"
"Falcinelli2024.csv","word_confidence_sd","word_confidence_mean"
"Falcinelli2024.csv","word_italian","action_effector_feet_mean"
"Falcinelli2024.csv","word_italian","action_effector_hands_mean"
"Falcinelli2024.csv","word_italian","action_effector_mean"
"Falcinelli2024.csv","word_italian","action_effector_mouth_mean"
"Falcinelli2024.csv","word_italian","action_effector_torso_mean"
"Falcinelli2024.csv","word_italian","aoa_mean"
"Falcinelli2024.csv","word_italian","arousal_mean"
"Falcinelli2024.csv","word_italian","body_object_interact_mean"
"Falcinelli2024.csv","word_italian","concrete_mean"
"Falcinelli2024.csv","word_italian","context_avail_mean"
"Falcinelli2024.csv","word_italian","convo_ease_mean"
"Falcinelli2024.csv","word_italian","define_ease_mean"
"Falcinelli2024.csv","word_italian","dominance_mean"
"Falcinelli2024.csv","word_italian","emotional_mean"
"Falcinelli2024.csv","word_italian","expert_confidence_mean"
"Falcinelli2024.csv","word_italian","expert_social_meta_mean"
"Falcinelli2024.csv","word_italian","familiar_mean"
"Falcinelli2024.csv","word_italian","frequency_subjective_mean"
"Falcinelli2024.csv","word_italian","imagine_mean"
"Falcinelli2024.csv","word_italian","interoception_mean"
"Falcinelli2024.csv","word_italian","metacognition_mean"
"Falcinelli2024.csv","word_italian","modality_acquis_mean"
"Falcinelli2024.csv","word_italian","natural_artific_mean"
"Falcinelli2024.csv","word_italian","open_negotiation_mean"
"Falcinelli2024.csv","word_italian","perceived_distance_mean"
"Falcinelli2024.csv","word_italian","perceived_impact_future_mean"
"Falcinelli2024.csv","word_italian","perceived_impact_mean"
"Falcinelli2024.csv","word_italian","perceived_impact_past_mean"
"Falcinelli2024.csv","word_italian","perceived_impact_present_mean"
"Falcinelli2024.csv","word_italian","percept_strength_hearing_mean"
"Falcinelli2024.csv","word_italian","percept_strength_mean"
"Falcinelli2024.csv","word_italian","percept_strength_smell_mean"
"Falcinelli2024.csv","word_italian","percept_strength_taste_mean"
"Falcinelli2024.csv","word_italian","percept_strength_touch_mean"
"Falcinelli2024.csv","word_italian","percept_strength_vision_mean"
"Falcinelli2024.csv","word_italian","personal_experience_mean"
"Falcinelli2024.csv","word_italian","political_relev_mean"
"Falcinelli2024.csv","word_italian","scientificity_mean"
"Falcinelli2024.csv","word_italian","social_meta_mean"
"Falcinelli2024.csv","word_italian","social_valence_mean"
"Falcinelli2024.csv","word_italian","valence_mean"
"Falcinelli2024.csv","word_italian","word_confidence_mean"
"Fear1997.csv","word_english","aoa_mean_english"
"Fear1997.csv","word_english","aoa_mean_welsh"
"Fear1997.csv","word_english","concrete_mean_english"
"Fear1997.csv","word_english","concrete_mean_welsh"
"Fear1997.csv","word_english","familiar_mean_english"
"Fear1997.csv","word_english","familiar_mean_welsh"
"Fear1997.csv","word_english","imagine_mean_english"
"Fear1997.csv","word_english","imagine_mean_welsh"
"Fear1997.csv","word_welsh","aoa_mean_english"
"Fear1997.csv","word_welsh","aoa_mean_welsh"
"Fear1997.csv","word_welsh","concrete_mean_english"
"Fear1997.csv","word_welsh","concrete_mean_welsh"
"Fear1997.csv","word_welsh","familiar_mean_english"
"Fear1997.csv","word_welsh","familiar_mean_welsh"
"Fear1997.csv","word_welsh","imagine_mean_english"
"Fear1997.csv","word_welsh","imagine_mean_welsh"
"Fearnley1997.csv","word_english","aoa_mean"
"Fearnley1997.csv","word_english","concrete_mean"
"Fearnley1997.csv","word_english","familiar_mean"
"Fearnley1997.csv","word_english","imagine_mean"
"Fearnley1997.csv","word_english","meaningfulness_mean_colorado"
"Fearnley1997.csv","word_english","meaningfulness_mean_pavio"
"Ferrand2008.csv","word_french","aoa_mean"
"Ferrand2008.csv","word_french","frequency_mean"
"Ferre2012.csv","word_spanish","arousal_mean"
"Ferre2012.csv","word_spanish","concrete_mean"
"Ferre2012.csv","word_spanish","familiar_mean"
"Ferre2012.csv","word_spanish","frequency_mean"
"Ferre2012.csv","word_spanish","valence_mean"
"Ferre2017.csv","word_spanish","anger_mean"
"Ferre2017.csv","word_spanish","disgust_mean"
"Ferre2017.csv","word_spanish","fear_mean"
"Ferre2017.csv","word_spanish","happiness_mean"
"Ferre2017.csv","word_spanish","sad_mean"
"Ferstl2011.csv","word_english","valence_mean"
"Fiez1997.csv","word_english","familiar_mean"
"Fiez1997.csv","word_english","image_agreement_mean"
"Fiez1997.csv","word_english","visual_complexity_mean"
"Friendly1982.csv","word_english","concrete_mean"
"Friendly1982.csv","word_english","imagne_mean"
"Garnham2020.csv","word_english","valence_mean_subtlex"
"Ghasisin2015.csv","word_persian","aoa_mean_elderly"
"Ghasisin2015.csv","word_persian","aoa_mean_middle_age"
"Ghasisin2015.csv","word_persian","familiar_mean_elderly"
"Ghasisin2015.csv","word_persian","familiar_mean_middle_age"
"Ghasisin2015.csv","word_persian","h_mean_elderly"
"Ghasisin2015.csv","word_persian","h_mean_middle_age"
"Ghasisin2015.csv","word_persian","visual_complexity_mean_elderly"
"Ghasisin2015.csv","word_persian","visual_complexity_mean_middle_age"
"Ghasisin2015.csv","word_persian_phonetic","aoa_mean_elderly"
"Ghasisin2015.csv","word_persian_phonetic","aoa_mean_middle_age"
"Ghasisin2015.csv","word_persian_phonetic","familiar_mean_elderly"
"Ghasisin2015.csv","word_persian_phonetic","familiar_mean_middle_age"
"Ghasisin2015.csv","word_persian_phonetic","h_mean_elderly"
"Ghasisin2015.csv","word_persian_phonetic","h_mean_middle_age"
"Ghasisin2015.csv","word_persian_phonetic","visual_complexity_mean_elderly"
"Ghasisin2015.csv","word_persian_phonetic","visual_complexity_mean_middle_age"
"Ghyselinck2000.csv","word_dutch","aoa_mean"
"Ghyselinck2003.csv","word_dutch","aoa_mean"
"Gilhooly1977.csv","word_english","aoa_mean"
"Gilhooly1977.csv","word_english","concrete_mean"
"Gilhooly1977.csv","word_english","familiar_mean"
"Gilhooly1977.csv","word_english","imagine_mean"
"Gilhooly1977.csv","word_english","meaningfulness_mean"
"Gilhooly1980.csv","word_english","aoa_mean"
"Gilhooly1980.csv","word_english","concrete_mean"
"Gilhooly1980.csv","word_english","familiar_mean"
"Gilhooly1980.csv","word_english","imagine_mean"
"Gilhooly1980a.csv","word_english","aoa_mean"
"Gilhooly1980a.csv","word_english","concrete_mean"
"Gilhooly1980a.csv","word_english","familiar_mean"
"Gilhooly1980a.csv","word_english","imagine_mean"
"Goz2017.csv","word_turkish","aoa_mean_children"
"Goz2017.csv","word_turkish","aoa_mean_middle_aged"
"Goz2017.csv","word_turkish","aoa_mean_older"
"Goz2017.csv","word_turkish","aoa_mean_older_adults"
"Goz2017.csv","word_turkish","aoa_overall_mean"
"Goz2017.csv","word_turkish","concrete_mean"
"Goz2017.csv","word_turkish","frequency_mean"
"Goz2017.csv","word_turkish","imagine_mean"
"Granja2025.csv","word_galician","familiar_mean"
"Granja2025.csv","word_galician_form","familiar_mean"
"Grigoriev2013.csv","word_russian","aoa_objective_mean_months"
"Grigoriev2013.csv","word_russian","familiar_mean"
"Grigoriev2013.csv","word_russian","image_agreement_mean"
"Grigoriev2013.csv","word_russian","imagine_mean"
"Gruhn2008a.csv","word_german","agerelevance_mean"
"Gruhn2008a.csv","word_german","agerelevance_mean_old"
"Gruhn2008a.csv","word_german","agerelevance_mean_old_female"
"Gruhn2008a.csv","word_german","agerelevance_mean_old_male"
"Gruhn2008a.csv","word_german","agerelevance_mean_young"
"Gruhn2008a.csv","word_german","agerelevance_mean_young_female"
"Gruhn2008a.csv","word_german","agerelevance_mean_young_male"
"Gruhn2008a.csv","word_german","arousal_mean"
"Gruhn2008a.csv","word_german","arousal_mean_old"
"Gruhn2008a.csv","word_german","arousal_mean_old_female"
"Gruhn2008a.csv","word_german","arousal_mean_old_male"
"Gruhn2008a.csv","word_german","arousal_mean_young"
"Gruhn2008a.csv","word_german","arousal_mean_young_female"
"Gruhn2008a.csv","word_german","arousal_mean_young_male"
"Gruhn2008a.csv","word_german","control_mean"
"Gruhn2008a.csv","word_german","control_mean_old"
"Gruhn2008a.csv","word_german","control_mean_old_female"
"Gruhn2008a.csv","word_german","control_mean_old_male"
"Gruhn2008a.csv","word_german","control_mean_young"
"Gruhn2008a.csv","word_german","control_mean_young_female"
"Gruhn2008a.csv","word_german","control_mean_young_male"
"Gruhn2008a.csv","word_german","imagine_mean"
"Gruhn2008a.csv","word_german","imagine_mean_old"
"Gruhn2008a.csv","word_german","imagine_mean_old_female"
"Gruhn2008a.csv","word_german","imagine_mean_old_male"
"Gruhn2008a.csv","word_german","imagine_mean_young"
"Gruhn2008a.csv","word_german","imagine_mean_young_female"
"Gruhn2008a.csv","word_german","imagine_mean_young_male"
"Gruhn2008a.csv","word_german","self_or_other_mean"
"Gruhn2008a.csv","word_german","selfrelevance_mean"
"Gruhn2008a.csv","word_german","selfrelevance_mean_old"
"Gruhn2008a.csv","word_german","selfrelevance_mean_old_female"
"Gruhn2008a.csv","word_german","selfrelevance_mean_old_male"
"Gruhn2008a.csv","word_german","selfrelevance_mean_young"
"Gruhn2008a.csv","word_german","selfrelevance_mean_young_female"
"Gruhn2008a.csv","word_german","selfrelevance_mean_young_male"
"Gruhn2008a.csv","word_german","valence_mean"
"Gruhn2008a.csv","word_german","valence_mean_old"
"Gruhn2008a.csv","word_german","valence_mean_old_female"
"Gruhn2008a.csv","word_german","valence_mean_old_male"
"Gruhn2008a.csv","word_german","valence_mean_other"
"Gruhn2008a.csv","word_german","valence_mean_self"
"Gruhn2008a.csv","word_german","valence_mean_young"
"Gruhn2008a.csv","word_german","valence_mean_young_female"
"Gruhn2008a.csv","word_german","valence_mean_young_male"
"Gruhn2016.csv","word_english","arousal_mean_adj"
"Gruhn2016.csv","word_english","arousal_mean_noun"
"Gruhn2016.csv","word_english","concrete_mean_adj"
"Gruhn2016.csv","word_english","concrete_mean_noun"
"Gruhn2016.csv","word_english","control_mean_adj"
"Gruhn2016.csv","word_english","desireability_mean_adj"
"Gruhn2016.csv","word_english","emotionality_mean_adj"
"Gruhn2016.csv","word_english","emotionality_mean_noun"
"Gruhn2016.csv","word_english","familiar_mean_adj"
"Gruhn2016.csv","word_english","familiar_mean_noun"
"Gruhn2016.csv","word_english","imagery_mean_adj"
"Gruhn2016.csv","word_english","imagery_mean_noun"
"Gruhn2016.csv","word_english","likeableness_mean_adj"
"Gruhn2016.csv","word_english","meaningfulness_mean_adj"
"Gruhn2016.csv","word_english","meaningfulness_mean_noun"
"Gruhn2016.csv","word_english","valence_mean_adj"
"Gruhn2016.csv","word_english","valence_mean_noun"
"Guasch2016.csv","word_spanish","arousal_mean"
"Guasch2016.csv","word_spanish","availability_mean"
"Guasch2016.csv","word_spanish","concrete_mean"
"Guasch2016.csv","word_spanish","familiar_mean"
"Guasch2016.csv","word_spanish","imagine_mean"
"Guasch2016.csv","word_spanish","valence_mean"
"Hermans1994.csv","word_dutch","affective_mean"
"Hermans1994.csv","word_dutch","familiar_mean"
"Hinojosa2016a.csv","word_spanish","anger_mean"
"Hinojosa2016a.csv","word_spanish","arousal_mean"
"Hinojosa2016a.csv","word_spanish","concrete_mean"
"Hinojosa2016a.csv","word_spanish","disgust_mean"
"Hinojosa2016a.csv","word_spanish","fear_mean"
"Hinojosa2016a.csv","word_spanish","happiness_mean"
"Hinojosa2016a.csv","word_spanish","sad_mean"
"Hinojosa2016a.csv","word_spanish","valence_mean"
"Hinojosa2016b.csv","word_spanish","aoa_subjective_mean"
"Hinojosa2016b.csv","word_spanish","aoa_subjective_mean_female"
"Hinojosa2016b.csv","word_spanish","aoa_subjective_mean_male"
"Hinojosa2016b.csv","word_spanish","dominance_mean"
"Hinojosa2016b.csv","word_spanish","dominance_mean_female"
"Hinojosa2016b.csv","word_spanish","dominance_mean_male"
"Hinojosa2016b.csv","word_spanish","familiar_mean"
"Hinojosa2016b.csv","word_spanish","familiar_mean_female"
"Hinojosa2016b.csv","word_spanish","familiar_mean_male"
"Hinojosa2016b.csv","word_spanish","sensory_experience_mean"
"Hinojosa2016b.csv","word_spanish","sensory_experience_mean_female"
"Hinojosa2016b.csv","word_spanish","sensory_experience_mean_male"
"Hirosh2025.csv","word_english_modal_l1","accuracy_mean_english_l2"
"Hirosh2025.csv","word_english_modal_l1","accuracy_mean_hebrew_l1"
"Hirosh2025.csv","word_english_modal_l1","familiar_mean_english_l2"
"Hirosh2025.csv","word_english_modal_l1","familiar_mean_hebrew_l1"
"Hirosh2025.csv","word_english_modal_l1","rt_mean_english_l2"
"Hirosh2025.csv","word_english_modal_l1","rt_mean_hebrew_l1"
"Hirosh2025.csv","word_english_modal_l1","typicality_mean_english_l2"
"Hirosh2025.csv","word_english_modal_l1","typicality_mean_hebrew_l1"
"Hirosh2025.csv","word_english_modal_l2","accuracy_mean_english_l2"
"Hirosh2025.csv","word_english_modal_l2","accuracy_mean_hebrew_l1"
"Hirosh2025.csv","word_english_modal_l2","familiar_mean_english_l2"
"Hirosh2025.csv","word_english_modal_l2","familiar_mean_hebrew_l1"
"Hirosh2025.csv","word_english_modal_l2","rt_mean_english_l2"
"Hirosh2025.csv","word_english_modal_l2","rt_mean_hebrew_l1"
"Hirosh2025.csv","word_english_modal_l2","typicality_mean_english_l2"
"Hirosh2025.csv","word_english_modal_l2","typicality_mean_hebrew_l1"
"Hirosh2025.csv","word_hebrew_modal_l1","accuracy_mean_english_l2"
"Hirosh2025.csv","word_hebrew_modal_l1","accuracy_mean_hebrew_l1"
"Hirosh2025.csv","word_hebrew_modal_l1","familiar_mean_english_l2"
"Hirosh2025.csv","word_hebrew_modal_l1","familiar_mean_hebrew_l1"
"Hirosh2025.csv","word_hebrew_modal_l1","rt_mean_english_l2"
"Hirosh2025.csv","word_hebrew_modal_l1","rt_mean_hebrew_l1"
"Hirosh2025.csv","word_hebrew_modal_l1","typicality_mean_english_l2"
"Hirosh2025.csv","word_hebrew_modal_l1","typicality_mean_hebrew_l1"
"Hirosh2025.csv","word_modal_l2","accuracy_mean_english_l2"
"Hirosh2025.csv","word_modal_l2","accuracy_mean_hebrew_l1"
"Hirosh2025.csv","word_modal_l2","familiar_mean_english_l2"
"Hirosh2025.csv","word_modal_l2","familiar_mean_hebrew_l1"
"Hirosh2025.csv","word_modal_l2","rt_mean_english_l2"
"Hirosh2025.csv","word_modal_l2","rt_mean_hebrew_l1"
"Hirosh2025.csv","word_modal_l2","typicality_mean_english_l2"
"Hirosh2025.csv","word_modal_l2","typicality_mean_hebrew_l1"
"Hirosh2025.csv","word_modal_spelling_variations_l2","accuracy_mean_english_l2"
"Hirosh2025.csv","word_modal_spelling_variations_l2","accuracy_mean_hebrew_l1"
"Hirosh2025.csv","word_modal_spelling_variations_l2","familiar_mean_english_l2"
"Hirosh2025.csv","word_modal_spelling_variations_l2","familiar_mean_hebrew_l1"
"Hirosh2025.csv","word_modal_spelling_variations_l2","rt_mean_english_l2"
"Hirosh2025.csv","word_modal_spelling_variations_l2","rt_mean_hebrew_l1"
"Hirosh2025.csv","word_modal_spelling_variations_l2","typicality_mean_english_l2"
"Hirosh2025.csv","word_modal_spelling_variations_l2","typicality_mean_hebrew_l1"
"Hunt1978.csv","word_english","imagine_mean"
"Hunt1978.csv","word_english","imagine_mean_female"
"Hunt1978.csv","word_english","imagine_mean_male"
"Imbir2015.csv","word_polish","arousal_mean"
"Imbir2015.csv","word_polish","arousal_mean_female"
"Imbir2015.csv","word_polish","arousal_mean_male"
"Imbir2015.csv","word_polish","dominance_mean"
"Imbir2015.csv","word_polish","dominance_mean_female"
"Imbir2015.csv","word_polish","dominance_mean_male"
"Imbir2015.csv","word_polish","origin_mean"
"Imbir2015.csv","word_polish","origin_mean_female"
"Imbir2015.csv","word_polish","origin_mean_male"
"Imbir2015.csv","word_polish","significance_mean"
"Imbir2015.csv","word_polish","significance_mean_female"
"Imbir2015.csv","word_polish","significance_mean_male"
"Imbir2015.csv","word_polish","source_mean"
"Imbir2015.csv","word_polish","source_mean_female"
"Imbir2015.csv","word_polish","source_mean_male"
"Imbir2015.csv","word_polish","valence_mean"
"Imbir2015.csv","word_polish","valence_mean_female"
"Imbir2015.csv","word_polish","valence_mean_male"
"Izura2005.csv","word_spanish","aoa_mean"
"Izura2005.csv","word_spanish","familiar_mean"
"Izura2005.csv","word_spanish","imagine_mean"
"Izura2005.csv","word_spanish","lexical_availability_mean"
"Izura2005.csv","word_spanish","typicality_mean"
"Izura2012.csv","word_english_acronym","aoa_mean"
"Izura2012.csv","word_english_acronym","frequency_rate_mean"
"Izura2012.csv","word_english_acronym","imagine_mean"
"Izura2012.csv","word_english_phrase","aoa_mean"
"Izura2012.csv","word_english_phrase","frequency_rate_mean"
"Izura2012.csv","word_english_phrase","imagine_mean"
"Janschewitz2008.csv","word_english","arousal_mean"
"Janschewitz2008.csv","word_english","arousal_mean_anew"
"Janschewitz2008.csv","word_english","familiar_mean"
"Janschewitz2008.csv","word_english","imagine_mean"
"Janschewitz2008.csv","word_english","offensiveness_mean"
"Janschewitz2008.csv","word_english","personal_use_mean"
"Janschewitz2008.csv","word_english","taboo_mean"
"Janschewitz2008.csv","word_english","valence_mean"
"Janschewitz2008.csv","word_english","valence_mean_anew"
"Janssen2011.csv","word_english","familiar_mean"
"Janssen2011.csv","word_english","imagine_mean"
"Janssen2011.csv","word_english","mame_agreement_h_mean"
"Janssen2011.csv","word_english","rt_mean"
"Janssen2011.csv","word_english","visual_complexity_mean"
"Janssen2011.csv","word_english_celex","familiar_mean"
"Janssen2011.csv","word_english_celex","imagine_mean"
"Janssen2011.csv","word_english_celex","mame_agreement_h_mean"
"Janssen2011.csv","word_english_celex","rt_mean"
"Janssen2011.csv","word_english_celex","visual_complexity_mean"
"Jasmin2012.csv","word_dutch","arousal_mean"
"Jasmin2012.csv","word_dutch","concrete_mean"
"Jasmin2012.csv","word_dutch","dominance_mean"
"Jasmin2012.csv","word_dutch","imagine_mean"
"Jasmin2012.csv","word_dutch","valence_mean"
"Jenkins1958.csv","word_english","active_passive_mean"
"Jenkins1958.csv","word_english","angular_rounded_mean"
"Jenkins1958.csv","word_english","beautiful_ugly_mean"
"Jenkins1958.csv","word_english","calm_excitable_mean"
"Jenkins1958.csv","word_english","colorless_colorful_mean"
"Jenkins1958.csv","word_english","cruel_kind_mean"
"Jenkins1958.csv","word_english","curved_straight_mean"
"Jenkins1958.csv","word_english","false_true_mean"
"Jenkins1958.csv","word_english","good_bad_mean"
"Jenkins1958.csv","word_english","hard_soft_mean"
"Jenkins1958.csv","word_english","important_unimportant_mean"
"Jenkins1958.csv","word_english","masculine_feminine_mean"
"Jenkins1958.csv","word_english","new_old_mean"
"Jenkins1958.csv","word_english","savory_tasteless_mean"
"Jenkins1958.csv","word_english","slow_fast_mean"
"Jenkins1958.csv","word_english","unsuccessful_successful_mean"
"Jenkins1958.csv","word_english","untimely_timely_mean"
"Jenkins1958.csv","word_english","usual_unusual_mean"
"Jenkins1958.csv","word_english","weak_strong_mean"
"Jenkins1958.csv","word_english","wise_foolish_mean"
"Johnston2010.csv","word_english_gb","aoa_mean"
"Johnston2010.csv","word_english_gb","complexity_mean"
"Johnston2010.csv","word_english_gb","familiar_mean"
"Johnston2010.csv","word_english_gb","rt_mean"
"Johnston2010.csv","word_english_us","aoa_mean"
"Johnston2010.csv","word_english_us","complexity_mean"
"Johnston2010.csv","word_english_us","familiar_mean"
"Johnston2010.csv","word_english_us","rt_mean"
"Juhasz2013.csv","word_english","sensory_mean"
"Juhasz2015.csv","word_english","aoa_subjective_mean"
"Juhasz2015.csv","word_english","familiar_mean"
"Juhasz2015.csv","word_english","imagine_mean"
"Juhasz2015.csv","word_english","lmd_mean"
"Juhasz2015.csv","word_english","ser_mean"
"Juhasz2015.csv","word_english","transparency_mean"
"Kanske2010.csv","word_german","arousal_mean"
"Kanske2010.csv","word_german","arousal_mean_female"
"Kanske2010.csv","word_german","arousal_mean_male"
"Kanske2010.csv","word_german","arousal_sd_mean"
"Kanske2010.csv","word_german","concrete_mean"
"Kanske2010.csv","word_german","concrete_mean_female"
"Kanske2010.csv","word_german","concrete_mean_male"
"Kanske2010.csv","word_german","valence_mean"
"Kanske2010.csv","word_german","valence_mean_female"
"Kanske2010.csv","word_german","valence_mean_male"
"Kanske2010.csv","word_german","valence_sd_mean"
"Kerr1991.csv","word_english","concrete_mean"
"Kerr1991.csv","word_english","familiar_mean"
"Kerr1991.csv","word_english","imagine_mean"
"Kerr1991.csv","word_english","meaningfulness_mean"
"Khanna2011_1.csv","word_english","aoa_mean"
"Khanna2011_1.csv","word_english","rt_mean"
"Khanna2011_2.csv","word_english","aoa_mean_dominance"
"Khanna2011_2.csv","word_english","aoa_mean_subordinate"
"Khanna2011_2.csv","word_english","rt_mean_ldt"
"Khanna2011_2.csv","word_english","rt_mean_naming"
"Khwaileh2018.csv","word_arabic","animate_mean"
"Khwaileh2018.csv","word_arabic","aoa_mean"
"Khwaileh2018.csv","word_arabic","familiar_mean"
"Khwaileh2018.csv","word_arabic","image_agreement_mean"
"Khwaileh2018.csv","word_arabic","imagine_mean"
"Khwaileh2018.csv","word_arabic","rt_mean"
"Khwaileh2018.csv","word_arabic","visualcomplexity_mean"
"Khwaileh2018.csv","word_arabic_aralex","animate_mean"
"Khwaileh2018.csv","word_arabic_aralex","aoa_mean"
"Khwaileh2018.csv","word_arabic_aralex","familiar_mean"
"Khwaileh2018.csv","word_arabic_aralex","image_agreement_mean"
"Khwaileh2018.csv","word_arabic_aralex","imagine_mean"
"Khwaileh2018.csv","word_arabic_aralex","rt_mean"
"Khwaileh2018.csv","word_arabic_aralex","visualcomplexity_mean"
"Khwaileh2018.csv","word_arabic_name_agreement","animate_mean"
"Khwaileh2018.csv","word_arabic_name_agreement","aoa_mean"
"Khwaileh2018.csv","word_arabic_name_agreement","familiar_mean"
"Khwaileh2018.csv","word_arabic_name_agreement","image_agreement_mean"
"Khwaileh2018.csv","word_arabic_name_agreement","imagine_mean"
"Khwaileh2018.csv","word_arabic_name_agreement","rt_mean"
"Khwaileh2018.csv","word_arabic_name_agreement","visualcomplexity_mean"
"Klee1976.csv","word_english","concrete_mean"
"Klee1976.csv","word_english","ease_define_mean"
"Klee1976.csv","word_english","observability_mean"
"Koper2016.csv","word_german","arousal_mean"
"Koper2016.csv","word_german","concrete_mean"
"Koper2016.csv","word_german","imagine_mean"
"Koper2016.csv","word_german","valence_mean"
"Kraljevic2018.csv","word_croatian","aoa_mean"
"Kraljevic2018.csv","word_croatian","concrete_mean"
"Kraljevic2018.csv","word_croatian","familiar_mean"
"Kraljevic2018.csv","word_croatian","frequency_mean"
"Kraljevic2018.csv","word_croatian","imagine_mean"
"Kuperman2012.csv","word_english","aoa_mean"
"Lachaud2007.csv","word_french","aoa_certainty_mean"
"Lachaud2007.csv","word_french","aoa_mean"
"Lachaud2007.csv","word_french","familiar_mean"
"Leveau2012.csv","word_french","arousal_mean"
"Leveau2012.csv","word_french","arousal_mean_bradley_lang_1999"
"Leveau2012.csv","word_french","arousal_mean_eilola_havelka_2007"
"Leveau2012.csv","word_french","arousal_mean_leleu_1987"
"Leveau2012.csv","word_french","arousal_mean_redondo_etal_2007"
"Leveau2012.csv","word_french","arousal_mean_vo_al_2009"
"Leveau2012.csv","word_french","valence_mean"
"Leveau2012.csv","word_french","valence_mean_bonin_etal_2003"
"Leveau2012.csv","word_french","valence_mean_bradley_lang_1999"
"Leveau2012.csv","word_french","valence_mean_eilola_havelka_2007"
"Leveau2012.csv","word_french","valence_mean_leleu_1987"
"Leveau2012.csv","word_french","valence_mean_messina_etal_1989"
"Leveau2012.csv","word_french","valence_mean_niedenthal_etal_2004"
"Leveau2012.csv","word_french","valence_mean_painchaud_2005"
"Leveau2012.csv","word_french","valence_mean_redondo_etal_2007"
"Leveau2012.csv","word_french","valence_mean_syssau_font_2005"
"Leveau2012.csv","word_french","valence_mean_vikis_freiberg_1976"
"Leveau2012.csv","word_french","valence_mean_vo_al_2009"
"Leveau2012.csv","word_french","valence_mean_zammuner_1998"
"Li2021.csv","word_chinese_traditional","familiar_mean"
"Lind2015.csv","word_norwegian","aoa_mean_subjective"
"Lind2015.csv","word_norwegian","imagine_mean"
"Lind2015.csv","word_norwegian","valence_mean"
"Lippman1974.csv","word_english","frequency_mean"
"Lippman1974.csv","word_english","imagine_mean"
"Liu2007.csv","word_chinese_simplified","aoa_mean"
"Liu2007.csv","word_chinese_simplified","concrete_mean"
"Liu2007.csv","word_chinese_simplified","familiar_mean"
"Liu2007.csv","word_chinese_simplified","imagine_mean"
"Liu2007.csv","word_pinyin","aoa_mean"
"Liu2007.csv","word_pinyin","concrete_mean"
"Liu2007.csv","word_pinyin","familiar_mean"
"Liu2007.csv","word_pinyin","imagine_mean"
"Liu2021.csv","word_chinese_simplified","arousal_mean_all"
"Liu2021.csv","word_chinese_simplified","arousal_mean_old"
"Liu2021.csv","word_chinese_simplified","arousal_mean_young"
"Liu2021.csv","word_chinese_simplified","dominance_mean_all"
"Liu2021.csv","word_chinese_simplified","dominance_mean_old"
"Liu2021.csv","word_chinese_simplified","dominance_mean_young"
"Liu2021.csv","word_chinese_simplified","familiar_mean_all"
"Liu2021.csv","word_chinese_simplified","familiar_mean_old"
"Liu2021.csv","word_chinese_simplified","familiar_mean_young"
"Liu2021.csv","word_chinese_simplified","valence_mean_all"
"Liu2021.csv","word_chinese_simplified","valence_mean_old"
"Liu2021.csv","word_chinese_simplified","valence_mean_young"
"Liu2025.csv","word_chinese_simplified","arousal_mean"
"Liu2025.csv","word_chinese_simplified","concrete_mean"
"Liu2025.csv","word_chinese_simplified","familiar_mean"
"Liu2025.csv","word_chinese_simplified","typicality_mean"
"Liu2025.csv","word_chinese_simplified","valence_mean"
"Lotto2010.csv","word_italian","aoa_mean_lr"
"Lotto2010.csv","word_italian","aoa_mean_objective"
"Lotto2010.csv","word_italian","aoa_mean_subjective"
"Lotto2010.csv","word_italian","familiar_mean"
"Lotto2010.csv","word_italian","rt_mean"
"Lotto2010.csv","word_italian","typicality_mean"
"Luniewska2016.csv","word_afrikaans","aoa_mean_afrikaans"
"Luniewska2016.csv","word_afrikaans","aoa_mean_catalan"
"Luniewska2016.csv","word_afrikaans","aoa_mean_danish"
"Luniewska2016.csv","word_afrikaans","aoa_mean_dutch"
"Luniewska2016.csv","word_afrikaans","aoa_mean_english"
"Luniewska2016.csv","word_afrikaans","aoa_mean_finnish"
"Luniewska2016.csv","word_afrikaans","aoa_mean_german"
"Luniewska2016.csv","word_afrikaans","aoa_mean_greek"
"Luniewska2016.csv","word_afrikaans","aoa_mean_hebrew"
"Luniewska2016.csv","word_afrikaans","aoa_mean_hungarian"
"Luniewska2016.csv","word_afrikaans","aoa_mean_icelandic"
"Luniewska2016.csv","word_afrikaans","aoa_mean_irish"
"Luniewska2016.csv","word_afrikaans","aoa_mean_isixhosa"
"Luniewska2016.csv","word_afrikaans","aoa_mean_italian"
"Luniewska2016.csv","word_afrikaans","aoa_mean_lithuanian"
"Luniewska2016.csv","word_afrikaans","aoa_mean_luxembourgish"
"Luniewska2016.csv","word_afrikaans","aoa_mean_maltese"
"Luniewska2016.csv","word_afrikaans","aoa_mean_polish"
"Luniewska2016.csv","word_afrikaans","aoa_mean_russian"
"Luniewska2016.csv","word_afrikaans","aoa_mean_serbian"
"Luniewska2016.csv","word_afrikaans","aoa_mean_slovak"
"Luniewska2016.csv","word_afrikaans","aoa_mean_south_african_english"
"Luniewska2016.csv","word_afrikaans","aoa_mean_spanish"
"Luniewska2016.csv","word_afrikaans","aoa_mean_swedish"
"Luniewska2016.csv","word_afrikaans","aoa_mean_turkish"
"Luniewska2016.csv","word_catalan","aoa_mean_afrikaans"
"Luniewska2016.csv","word_catalan","aoa_mean_catalan"
"Luniewska2016.csv","word_catalan","aoa_mean_danish"
"Luniewska2016.csv","word_catalan","aoa_mean_dutch"
"Luniewska2016.csv","word_catalan","aoa_mean_english"
"Luniewska2016.csv","word_catalan","aoa_mean_finnish"
"Luniewska2016.csv","word_catalan","aoa_mean_german"
"Luniewska2016.csv","word_catalan","aoa_mean_greek"
"Luniewska2016.csv","word_catalan","aoa_mean_hebrew"
"Luniewska2016.csv","word_catalan","aoa_mean_hungarian"
"Luniewska2016.csv","word_catalan","aoa_mean_icelandic"
"Luniewska2016.csv","word_catalan","aoa_mean_irish"
"Luniewska2016.csv","word_catalan","aoa_mean_isixhosa"
"Luniewska2016.csv","word_catalan","aoa_mean_italian"
"Luniewska2016.csv","word_catalan","aoa_mean_lithuanian"
"Luniewska2016.csv","word_catalan","aoa_mean_luxembourgish"
"Luniewska2016.csv","word_catalan","aoa_mean_maltese"
"Luniewska2016.csv","word_catalan","aoa_mean_polish"
"Luniewska2016.csv","word_catalan","aoa_mean_russian"
"Luniewska2016.csv","word_catalan","aoa_mean_serbian"
"Luniewska2016.csv","word_catalan","aoa_mean_slovak"
"Luniewska2016.csv","word_catalan","aoa_mean_south_african_english"
"Luniewska2016.csv","word_catalan","aoa_mean_spanish"
"Luniewska2016.csv","word_catalan","aoa_mean_swedish"
"Luniewska2016.csv","word_catalan","aoa_mean_turkish"
"Luniewska2016.csv","word_danish","aoa_mean_afrikaans"
"Luniewska2016.csv","word_danish","aoa_mean_catalan"
"Luniewska2016.csv","word_danish","aoa_mean_danish"
"Luniewska2016.csv","word_danish","aoa_mean_dutch"
"Luniewska2016.csv","word_danish","aoa_mean_english"
"Luniewska2016.csv","word_danish","aoa_mean_finnish"
"Luniewska2016.csv","word_danish","aoa_mean_german"
"Luniewska2016.csv","word_danish","aoa_mean_greek"
"Luniewska2016.csv","word_danish","aoa_mean_hebrew"
"Luniewska2016.csv","word_danish","aoa_mean_hungarian"
"Luniewska2016.csv","word_danish","aoa_mean_icelandic"
"Luniewska2016.csv","word_danish","aoa_mean_irish"
"Luniewska2016.csv","word_danish","aoa_mean_isixhosa"
"Luniewska2016.csv","word_danish","aoa_mean_italian"
"Luniewska2016.csv","word_danish","aoa_mean_lithuanian"
"Luniewska2016.csv","word_danish","aoa_mean_luxembourgish"
"Luniewska2016.csv","word_danish","aoa_mean_maltese"
"Luniewska2016.csv","word_danish","aoa_mean_polish"
"Luniewska2016.csv","word_danish","aoa_mean_russian"
"Luniewska2016.csv","word_danish","aoa_mean_serbian"
"Luniewska2016.csv","word_danish","aoa_mean_slovak"
"Luniewska2016.csv","word_danish","aoa_mean_south_african_english"
"Luniewska2016.csv","word_danish","aoa_mean_spanish"
"Luniewska2016.csv","word_danish","aoa_mean_swedish"
"Luniewska2016.csv","word_danish","aoa_mean_turkish"
"Luniewska2016.csv","word_dutch","aoa_mean_afrikaans"
"Luniewska2016.csv","word_dutch","aoa_mean_catalan"
"Luniewska2016.csv","word_dutch","aoa_mean_danish"
"Luniewska2016.csv","word_dutch","aoa_mean_dutch"
"Luniewska2016.csv","word_dutch","aoa_mean_english"
"Luniewska2016.csv","word_dutch","aoa_mean_finnish"
"Luniewska2016.csv","word_dutch","aoa_mean_german"
"Luniewska2016.csv","word_dutch","aoa_mean_greek"
"Luniewska2016.csv","word_dutch","aoa_mean_hebrew"
"Luniewska2016.csv","word_dutch","aoa_mean_hungarian"
"Luniewska2016.csv","word_dutch","aoa_mean_icelandic"
"Luniewska2016.csv","word_dutch","aoa_mean_irish"
"Luniewska2016.csv","word_dutch","aoa_mean_isixhosa"
"Luniewska2016.csv","word_dutch","aoa_mean_italian"
"Luniewska2016.csv","word_dutch","aoa_mean_lithuanian"
"Luniewska2016.csv","word_dutch","aoa_mean_luxembourgish"
"Luniewska2016.csv","word_dutch","aoa_mean_maltese"
"Luniewska2016.csv","word_dutch","aoa_mean_polish"
"Luniewska2016.csv","word_dutch","aoa_mean_russian"
"Luniewska2016.csv","word_dutch","aoa_mean_serbian"
"Luniewska2016.csv","word_dutch","aoa_mean_slovak"
"Luniewska2016.csv","word_dutch","aoa_mean_south_african_english"
"Luniewska2016.csv","word_dutch","aoa_mean_spanish"
"Luniewska2016.csv","word_dutch","aoa_mean_swedish"
"Luniewska2016.csv","word_dutch","aoa_mean_turkish"
"Luniewska2016.csv","word_english","aoa_mean_afrikaans"
"Luniewska2016.csv","word_english","aoa_mean_catalan"
"Luniewska2016.csv","word_english","aoa_mean_danish"
"Luniewska2016.csv","word_english","aoa_mean_dutch"
"Luniewska2016.csv","word_english","aoa_mean_english"
"Luniewska2016.csv","word_english","aoa_mean_finnish"
"Luniewska2016.csv","word_english","aoa_mean_german"
"Luniewska2016.csv","word_english","aoa_mean_greek"
"Luniewska2016.csv","word_english","aoa_mean_hebrew"
"Luniewska2016.csv","word_english","aoa_mean_hungarian"
"Luniewska2016.csv","word_english","aoa_mean_icelandic"
"Luniewska2016.csv","word_english","aoa_mean_irish"
"Luniewska2016.csv","word_english","aoa_mean_isixhosa"
"Luniewska2016.csv","word_english","aoa_mean_italian"
"Luniewska2016.csv","word_english","aoa_mean_lithuanian"
"Luniewska2016.csv","word_english","aoa_mean_luxembourgish"
"Luniewska2016.csv","word_english","aoa_mean_maltese"
"Luniewska2016.csv","word_english","aoa_mean_polish"
"Luniewska2016.csv","word_english","aoa_mean_russian"
"Luniewska2016.csv","word_english","aoa_mean_serbian"
"Luniewska2016.csv","word_english","aoa_mean_slovak"
"Luniewska2016.csv","word_english","aoa_mean_south_african_english"
"Luniewska2016.csv","word_english","aoa_mean_spanish"
"Luniewska2016.csv","word_english","aoa_mean_swedish"
"Luniewska2016.csv","word_english","aoa_mean_turkish"
"Luniewska2016.csv","word_finnish","aoa_mean_afrikaans"
"Luniewska2016.csv","word_finnish","aoa_mean_catalan"
"Luniewska2016.csv","word_finnish","aoa_mean_danish"
"Luniewska2016.csv","word_finnish","aoa_mean_dutch"
"Luniewska2016.csv","word_finnish","aoa_mean_english"
"Luniewska2016.csv","word_finnish","aoa_mean_finnish"
"Luniewska2016.csv","word_finnish","aoa_mean_german"
"Luniewska2016.csv","word_finnish","aoa_mean_greek"
"Luniewska2016.csv","word_finnish","aoa_mean_hebrew"
"Luniewska2016.csv","word_finnish","aoa_mean_hungarian"
"Luniewska2016.csv","word_finnish","aoa_mean_icelandic"
"Luniewska2016.csv","word_finnish","aoa_mean_irish"
"Luniewska2016.csv","word_finnish","aoa_mean_isixhosa"
"Luniewska2016.csv","word_finnish","aoa_mean_italian"
"Luniewska2016.csv","word_finnish","aoa_mean_lithuanian"
"Luniewska2016.csv","word_finnish","aoa_mean_luxembourgish"
"Luniewska2016.csv","word_finnish","aoa_mean_maltese"
"Luniewska2016.csv","word_finnish","aoa_mean_polish"
"Luniewska2016.csv","word_finnish","aoa_mean_russian"
"Luniewska2016.csv","word_finnish","aoa_mean_serbian"
"Luniewska2016.csv","word_finnish","aoa_mean_slovak"
"Luniewska2016.csv","word_finnish","aoa_mean_south_african_english"
"Luniewska2016.csv","word_finnish","aoa_mean_spanish"
"Luniewska2016.csv","word_finnish","aoa_mean_swedish"
"Luniewska2016.csv","word_finnish","aoa_mean_turkish"
"Luniewska2016.csv","word_german","aoa_mean_afrikaans"
"Luniewska2016.csv","word_german","aoa_mean_catalan"
"Luniewska2016.csv","word_german","aoa_mean_danish"
"Luniewska2016.csv","word_german","aoa_mean_dutch"
"Luniewska2016.csv","word_german","aoa_mean_english"
"Luniewska2016.csv","word_german","aoa_mean_finnish"
"Luniewska2016.csv","word_german","aoa_mean_german"
"Luniewska2016.csv","word_german","aoa_mean_greek"
"Luniewska2016.csv","word_german","aoa_mean_hebrew"
"Luniewska2016.csv","word_german","aoa_mean_hungarian"
"Luniewska2016.csv","word_german","aoa_mean_icelandic"
"Luniewska2016.csv","word_german","aoa_mean_irish"
"Luniewska2016.csv","word_german","aoa_mean_isixhosa"
"Luniewska2016.csv","word_german","aoa_mean_italian"
"Luniewska2016.csv","word_german","aoa_mean_lithuanian"
"Luniewska2016.csv","word_german","aoa_mean_luxembourgish"
"Luniewska2016.csv","word_german","aoa_mean_maltese"
"Luniewska2016.csv","word_german","aoa_mean_polish"
"Luniewska2016.csv","word_german","aoa_mean_russian"
"Luniewska2016.csv","word_german","aoa_mean_serbian"
"Luniewska2016.csv","word_german","aoa_mean_slovak"
"Luniewska2016.csv","word_german","aoa_mean_south_african_english"
"Luniewska2016.csv","word_german","aoa_mean_spanish"
"Luniewska2016.csv","word_german","aoa_mean_swedish"
"Luniewska2016.csv","word_german","aoa_mean_turkish"
"Luniewska2016.csv","word_greek","aoa_mean_afrikaans"
"Luniewska2016.csv","word_greek","aoa_mean_catalan"
"Luniewska2016.csv","word_greek","aoa_mean_danish"
"Luniewska2016.csv","word_greek","aoa_mean_dutch"
"Luniewska2016.csv","word_greek","aoa_mean_english"
"Luniewska2016.csv","word_greek","aoa_mean_finnish"
"Luniewska2016.csv","word_greek","aoa_mean_german"
"Luniewska2016.csv","word_greek","aoa_mean_greek"
"Luniewska2016.csv","word_greek","aoa_mean_hebrew"
"Luniewska2016.csv","word_greek","aoa_mean_hungarian"
"Luniewska2016.csv","word_greek","aoa_mean_icelandic"
"Luniewska2016.csv","word_greek","aoa_mean_irish"
"Luniewska2016.csv","word_greek","aoa_mean_isixhosa"
"Luniewska2016.csv","word_greek","aoa_mean_italian"
"Luniewska2016.csv","word_greek","aoa_mean_lithuanian"
"Luniewska2016.csv","word_greek","aoa_mean_luxembourgish"
"Luniewska2016.csv","word_greek","aoa_mean_maltese"
"Luniewska2016.csv","word_greek","aoa_mean_polish"
"Luniewska2016.csv","word_greek","aoa_mean_russian"
"Luniewska2016.csv","word_greek","aoa_mean_serbian"
"Luniewska2016.csv","word_greek","aoa_mean_slovak"
"Luniewska2016.csv","word_greek","aoa_mean_south_african_english"
"Luniewska2016.csv","word_greek","aoa_mean_spanish"
"Luniewska2016.csv","word_greek","aoa_mean_swedish"
"Luniewska2016.csv","word_greek","aoa_mean_turkish"
"Luniewska2016.csv","word_hebrew","aoa_mean_afrikaans"
"Luniewska2016.csv","word_hebrew","aoa_mean_catalan"
"Luniewska2016.csv","word_hebrew","aoa_mean_danish"
"Luniewska2016.csv","word_hebrew","aoa_mean_dutch"
"Luniewska2016.csv","word_hebrew","aoa_mean_english"
"Luniewska2016.csv","word_hebrew","aoa_mean_finnish"
"Luniewska2016.csv","word_hebrew","aoa_mean_german"
"Luniewska2016.csv","word_hebrew","aoa_mean_greek"
"Luniewska2016.csv","word_hebrew","aoa_mean_hebrew"
"Luniewska2016.csv","word_hebrew","aoa_mean_hungarian"
"Luniewska2016.csv","word_hebrew","aoa_mean_icelandic"
"Luniewska2016.csv","word_hebrew","aoa_mean_irish"
"Luniewska2016.csv","word_hebrew","aoa_mean_isixhosa"
"Luniewska2016.csv","word_hebrew","aoa_mean_italian"
"Luniewska2016.csv","word_hebrew","aoa_mean_lithuanian"
"Luniewska2016.csv","word_hebrew","aoa_mean_luxembourgish"
"Luniewska2016.csv","word_hebrew","aoa_mean_maltese"
"Luniewska2016.csv","word_hebrew","aoa_mean_polish"
"Luniewska2016.csv","word_hebrew","aoa_mean_russian"
"Luniewska2016.csv","word_hebrew","aoa_mean_serbian"
"Luniewska2016.csv","word_hebrew","aoa_mean_slovak"
"Luniewska2016.csv","word_hebrew","aoa_mean_south_african_english"
"Luniewska2016.csv","word_hebrew","aoa_mean_spanish"
"Luniewska2016.csv","word_hebrew","aoa_mean_swedish"
"Luniewska2016.csv","word_hebrew","aoa_mean_turkish"
"Luniewska2016.csv","word_hungarian","aoa_mean_afrikaans"
"Luniewska2016.csv","word_hungarian","aoa_mean_catalan"
"Luniewska2016.csv","word_hungarian","aoa_mean_danish"
"Luniewska2016.csv","word_hungarian","aoa_mean_dutch"
"Luniewska2016.csv","word_hungarian","aoa_mean_english"
"Luniewska2016.csv","word_hungarian","aoa_mean_finnish"
"Luniewska2016.csv","word_hungarian","aoa_mean_german"
"Luniewska2016.csv","word_hungarian","aoa_mean_greek"
"Luniewska2016.csv","word_hungarian","aoa_mean_hebrew"
"Luniewska2016.csv","word_hungarian","aoa_mean_hungarian"
"Luniewska2016.csv","word_hungarian","aoa_mean_icelandic"
"Luniewska2016.csv","word_hungarian","aoa_mean_irish"
"Luniewska2016.csv","word_hungarian","aoa_mean_isixhosa"
"Luniewska2016.csv","word_hungarian","aoa_mean_italian"
"Luniewska2016.csv","word_hungarian","aoa_mean_lithuanian"
"Luniewska2016.csv","word_hungarian","aoa_mean_luxembourgish"
"Luniewska2016.csv","word_hungarian","aoa_mean_maltese"
"Luniewska2016.csv","word_hungarian","aoa_mean_polish"
"Luniewska2016.csv","word_hungarian","aoa_mean_russian"
"Luniewska2016.csv","word_hungarian","aoa_mean_serbian"
"Luniewska2016.csv","word_hungarian","aoa_mean_slovak"
"Luniewska2016.csv","word_hungarian","aoa_mean_south_african_english"
"Luniewska2016.csv","word_hungarian","aoa_mean_spanish"
"Luniewska2016.csv","word_hungarian","aoa_mean_swedish"
"Luniewska2016.csv","word_hungarian","aoa_mean_turkish"
"Luniewska2016.csv","word_icelandic","aoa_mean_afrikaans"
"Luniewska2016.csv","word_icelandic","aoa_mean_catalan"
"Luniewska2016.csv","word_icelandic","aoa_mean_danish"
"Luniewska2016.csv","word_icelandic","aoa_mean_dutch"
"Luniewska2016.csv","word_icelandic","aoa_mean_english"
"Luniewska2016.csv","word_icelandic","aoa_mean_finnish"
"Luniewska2016.csv","word_icelandic","aoa_mean_german"
"Luniewska2016.csv","word_icelandic","aoa_mean_greek"
"Luniewska2016.csv","word_icelandic","aoa_mean_hebrew"
"Luniewska2016.csv","word_icelandic","aoa_mean_hungarian"
"Luniewska2016.csv","word_icelandic","aoa_mean_icelandic"
"Luniewska2016.csv","word_icelandic","aoa_mean_irish"
"Luniewska2016.csv","word_icelandic","aoa_mean_isixhosa"
"Luniewska2016.csv","word_icelandic","aoa_mean_italian"
"Luniewska2016.csv","word_icelandic","aoa_mean_lithuanian"
"Luniewska2016.csv","word_icelandic","aoa_mean_luxembourgish"
"Luniewska2016.csv","word_icelandic","aoa_mean_maltese"
"Luniewska2016.csv","word_icelandic","aoa_mean_polish"
"Luniewska2016.csv","word_icelandic","aoa_mean_russian"
"Luniewska2016.csv","word_icelandic","aoa_mean_serbian"
"Luniewska2016.csv","word_icelandic","aoa_mean_slovak"
"Luniewska2016.csv","word_icelandic","aoa_mean_south_african_english"
"Luniewska2016.csv","word_icelandic","aoa_mean_spanish"
"Luniewska2016.csv","word_icelandic","aoa_mean_swedish"
"Luniewska2016.csv","word_icelandic","aoa_mean_turkish"
"Luniewska2016.csv","word_irish","aoa_mean_afrikaans"
"Luniewska2016.csv","word_irish","aoa_mean_catalan"
"Luniewska2016.csv","word_irish","aoa_mean_danish"
"Luniewska2016.csv","word_irish","aoa_mean_dutch"
"Luniewska2016.csv","word_irish","aoa_mean_english"
"Luniewska2016.csv","word_irish","aoa_mean_finnish"
"Luniewska2016.csv","word_irish","aoa_mean_german"
"Luniewska2016.csv","word_irish","aoa_mean_greek"
"Luniewska2016.csv","word_irish","aoa_mean_hebrew"
"Luniewska2016.csv","word_irish","aoa_mean_hungarian"
"Luniewska2016.csv","word_irish","aoa_mean_icelandic"
"Luniewska2016.csv","word_irish","aoa_mean_irish"
"Luniewska2016.csv","word_irish","aoa_mean_isixhosa"
"Luniewska2016.csv","word_irish","aoa_mean_italian"
"Luniewska2016.csv","word_irish","aoa_mean_lithuanian"
"Luniewska2016.csv","word_irish","aoa_mean_luxembourgish"
"Luniewska2016.csv","word_irish","aoa_mean_maltese"
"Luniewska2016.csv","word_irish","aoa_mean_polish"
"Luniewska2016.csv","word_irish","aoa_mean_russian"
"Luniewska2016.csv","word_irish","aoa_mean_serbian"
"Luniewska2016.csv","word_irish","aoa_mean_slovak"
"Luniewska2016.csv","word_irish","aoa_mean_south_african_english"
"Luniewska2016.csv","word_irish","aoa_mean_spanish"
"Luniewska2016.csv","word_irish","aoa_mean_swedish"
"Luniewska2016.csv","word_irish","aoa_mean_turkish"
"Luniewska2016.csv","word_isixhosa","aoa_mean_afrikaans"
"Luniewska2016.csv","word_isixhosa","aoa_mean_catalan"
"Luniewska2016.csv","word_isixhosa","aoa_mean_danish"
"Luniewska2016.csv","word_isixhosa","aoa_mean_dutch"
"Luniewska2016.csv","word_isixhosa","aoa_mean_english"
"Luniewska2016.csv","word_isixhosa","aoa_mean_finnish"
"Luniewska2016.csv","word_isixhosa","aoa_mean_german"
"Luniewska2016.csv","word_isixhosa","aoa_mean_greek"
"Luniewska2016.csv","word_isixhosa","aoa_mean_hebrew"
"Luniewska2016.csv","word_isixhosa","aoa_mean_hungarian"
"Luniewska2016.csv","word_isixhosa","aoa_mean_icelandic"
"Luniewska2016.csv","word_isixhosa","aoa_mean_irish"
"Luniewska2016.csv","word_isixhosa","aoa_mean_isixhosa"
"Luniewska2016.csv","word_isixhosa","aoa_mean_italian"
"Luniewska2016.csv","word_isixhosa","aoa_mean_lithuanian"
"Luniewska2016.csv","word_isixhosa","aoa_mean_luxembourgish"
"Luniewska2016.csv","word_isixhosa","aoa_mean_maltese"
"Luniewska2016.csv","word_isixhosa","aoa_mean_polish"
"Luniewska2016.csv","word_isixhosa","aoa_mean_russian"
"Luniewska2016.csv","word_isixhosa","aoa_mean_serbian"
"Luniewska2016.csv","word_isixhosa","aoa_mean_slovak"
"Luniewska2016.csv","word_isixhosa","aoa_mean_south_african_english"
"Luniewska2016.csv","word_isixhosa","aoa_mean_spanish"
"Luniewska2016.csv","word_isixhosa","aoa_mean_swedish"
"Luniewska2016.csv","word_isixhosa","aoa_mean_turkish"
"Luniewska2016.csv","word_italian","aoa_mean_afrikaans"
"Luniewska2016.csv","word_italian","aoa_mean_catalan"
"Luniewska2016.csv","word_italian","aoa_mean_danish"
"Luniewska2016.csv","word_italian","aoa_mean_dutch"
"Luniewska2016.csv","word_italian","aoa_mean_english"
"Luniewska2016.csv","word_italian","aoa_mean_finnish"
"Luniewska2016.csv","word_italian","aoa_mean_german"
"Luniewska2016.csv","word_italian","aoa_mean_greek"
"Luniewska2016.csv","word_italian","aoa_mean_hebrew"
"Luniewska2016.csv","word_italian","aoa_mean_hungarian"
"Luniewska2016.csv","word_italian","aoa_mean_icelandic"
"Luniewska2016.csv","word_italian","aoa_mean_irish"
"Luniewska2016.csv","word_italian","aoa_mean_isixhosa"
"Luniewska2016.csv","word_italian","aoa_mean_italian"
"Luniewska2016.csv","word_italian","aoa_mean_lithuanian"
"Luniewska2016.csv","word_italian","aoa_mean_luxembourgish"
"Luniewska2016.csv","word_italian","aoa_mean_maltese"
"Luniewska2016.csv","word_italian","aoa_mean_polish"
"Luniewska2016.csv","word_italian","aoa_mean_russian"
"Luniewska2016.csv","word_italian","aoa_mean_serbian"
"Luniewska2016.csv","word_italian","aoa_mean_slovak"
"Luniewska2016.csv","word_italian","aoa_mean_south_african_english"
"Luniewska2016.csv","word_italian","aoa_mean_spanish"
"Luniewska2016.csv","word_italian","aoa_mean_swedish"
"Luniewska2016.csv","word_italian","aoa_mean_turkish"
"Luniewska2016.csv","word_lithuanian","aoa_mean_afrikaans"
"Luniewska2016.csv","word_lithuanian","aoa_mean_catalan"
"Luniewska2016.csv","word_lithuanian","aoa_mean_danish"
"Luniewska2016.csv","word_lithuanian","aoa_mean_dutch"
"Luniewska2016.csv","word_lithuanian","aoa_mean_english"
"Luniewska2016.csv","word_lithuanian","aoa_mean_finnish"
"Luniewska2016.csv","word_lithuanian","aoa_mean_german"
"Luniewska2016.csv","word_lithuanian","aoa_mean_greek"
"Luniewska2016.csv","word_lithuanian","aoa_mean_hebrew"
"Luniewska2016.csv","word_lithuanian","aoa_mean_hungarian"
"Luniewska2016.csv","word_lithuanian","aoa_mean_icelandic"
"Luniewska2016.csv","word_lithuanian","aoa_mean_irish"
"Luniewska2016.csv","word_lithuanian","aoa_mean_isixhosa"
"Luniewska2016.csv","word_lithuanian","aoa_mean_italian"
"Luniewska2016.csv","word_lithuanian","aoa_mean_lithuanian"
"Luniewska2016.csv","word_lithuanian","aoa_mean_luxembourgish"
"Luniewska2016.csv","word_lithuanian","aoa_mean_maltese"
"Luniewska2016.csv","word_lithuanian","aoa_mean_polish"
"Luniewska2016.csv","word_lithuanian","aoa_mean_russian"
"Luniewska2016.csv","word_lithuanian","aoa_mean_serbian"
"Luniewska2016.csv","word_lithuanian","aoa_mean_slovak"
"Luniewska2016.csv","word_lithuanian","aoa_mean_south_african_english"
"Luniewska2016.csv","word_lithuanian","aoa_mean_spanish"
"Luniewska2016.csv","word_lithuanian","aoa_mean_swedish"
"Luniewska2016.csv","word_lithuanian","aoa_mean_turkish"
"Luniewska2016.csv","word_luxembourgish","aoa_mean_afrikaans"
"Luniewska2016.csv","word_luxembourgish","aoa_mean_catalan"
"Luniewska2016.csv","word_luxembourgish","aoa_mean_danish"
"Luniewska2016.csv","word_luxembourgish","aoa_mean_dutch"
"Luniewska2016.csv","word_luxembourgish","aoa_mean_english"
"Luniewska2016.csv","word_luxembourgish","aoa_mean_finnish"
"Luniewska2016.csv","word_luxembourgish","aoa_mean_german"
"Luniewska2016.csv","word_luxembourgish","aoa_mean_greek"
"Luniewska2016.csv","word_luxembourgish","aoa_mean_hebrew"
"Luniewska2016.csv","word_luxembourgish","aoa_mean_hungarian"
"Luniewska2016.csv","word_luxembourgish","aoa_mean_icelandic"
"Luniewska2016.csv","word_luxembourgish","aoa_mean_irish"
"Luniewska2016.csv","word_luxembourgish","aoa_mean_isixhosa"
"Luniewska2016.csv","word_luxembourgish","aoa_mean_italian"
"Luniewska2016.csv","word_luxembourgish","aoa_mean_lithuanian"
"Luniewska2016.csv","word_luxembourgish","aoa_mean_luxembourgish"
"Luniewska2016.csv","word_luxembourgish","aoa_mean_maltese"
"Luniewska2016.csv","word_luxembourgish","aoa_mean_polish"
"Luniewska2016.csv","word_luxembourgish","aoa_mean_russian"
"Luniewska2016.csv","word_luxembourgish","aoa_mean_serbian"
"Luniewska2016.csv","word_luxembourgish","aoa_mean_slovak"
"Luniewska2016.csv","word_luxembourgish","aoa_mean_south_african_english"
"Luniewska2016.csv","word_luxembourgish","aoa_mean_spanish"
"Luniewska2016.csv","word_luxembourgish","aoa_mean_swedish"
"Luniewska2016.csv","word_luxembourgish","aoa_mean_turkish"
"Luniewska2016.csv","word_maltese","aoa_mean_afrikaans"
"Luniewska2016.csv","word_maltese","aoa_mean_catalan"
"Luniewska2016.csv","word_maltese","aoa_mean_danish"
"Luniewska2016.csv","word_maltese","aoa_mean_dutch"
"Luniewska2016.csv","word_maltese","aoa_mean_english"
"Luniewska2016.csv","word_maltese","aoa_mean_finnish"
"Luniewska2016.csv","word_maltese","aoa_mean_german"
"Luniewska2016.csv","word_maltese","aoa_mean_greek"
"Luniewska2016.csv","word_maltese","aoa_mean_hebrew"
"Luniewska2016.csv","word_maltese","aoa_mean_hungarian"
"Luniewska2016.csv","word_maltese","aoa_mean_icelandic"
"Luniewska2016.csv","word_maltese","aoa_mean_irish"
"Luniewska2016.csv","word_maltese","aoa_mean_isixhosa"
"Luniewska2016.csv","word_maltese","aoa_mean_italian"
"Luniewska2016.csv","word_maltese","aoa_mean_lithuanian"
"Luniewska2016.csv","word_maltese","aoa_mean_luxembourgish"
"Luniewska2016.csv","word_maltese","aoa_mean_maltese"
"Luniewska2016.csv","word_maltese","aoa_mean_polish"
"Luniewska2016.csv","word_maltese","aoa_mean_russian"
"Luniewska2016.csv","word_maltese","aoa_mean_serbian"
"Luniewska2016.csv","word_maltese","aoa_mean_slovak"
"Luniewska2016.csv","word_maltese","aoa_mean_south_african_english"
"Luniewska2016.csv","word_maltese","aoa_mean_spanish"
"Luniewska2016.csv","word_maltese","aoa_mean_swedish"
"Luniewska2016.csv","word_maltese","aoa_mean_turkish"
"Luniewska2016.csv","word_polish","aoa_mean_afrikaans"
"Luniewska2016.csv","word_polish","aoa_mean_catalan"
"Luniewska2016.csv","word_polish","aoa_mean_danish"
"Luniewska2016.csv","word_polish","aoa_mean_dutch"
"Luniewska2016.csv","word_polish","aoa_mean_english"
"Luniewska2016.csv","word_polish","aoa_mean_finnish"
"Luniewska2016.csv","word_polish","aoa_mean_german"
"Luniewska2016.csv","word_polish","aoa_mean_greek"
"Luniewska2016.csv","word_polish","aoa_mean_hebrew"
"Luniewska2016.csv","word_polish","aoa_mean_hungarian"
"Luniewska2016.csv","word_polish","aoa_mean_icelandic"
"Luniewska2016.csv","word_polish","aoa_mean_irish"
"Luniewska2016.csv","word_polish","aoa_mean_isixhosa"
"Luniewska2016.csv","word_polish","aoa_mean_italian"
"Luniewska2016.csv","word_polish","aoa_mean_lithuanian"
"Luniewska2016.csv","word_polish","aoa_mean_luxembourgish"
"Luniewska2016.csv","word_polish","aoa_mean_maltese"
"Luniewska2016.csv","word_polish","aoa_mean_polish"
"Luniewska2016.csv","word_polish","aoa_mean_russian"
"Luniewska2016.csv","word_polish","aoa_mean_serbian"
"Luniewska2016.csv","word_polish","aoa_mean_slovak"
"Luniewska2016.csv","word_polish","aoa_mean_south_african_english"
"Luniewska2016.csv","word_polish","aoa_mean_spanish"
"Luniewska2016.csv","word_polish","aoa_mean_swedish"
"Luniewska2016.csv","word_polish","aoa_mean_turkish"
"Luniewska2016.csv","word_russian","aoa_mean_afrikaans"
"Luniewska2016.csv","word_russian","aoa_mean_catalan"
"Luniewska2016.csv","word_russian","aoa_mean_danish"
"Luniewska2016.csv","word_russian","aoa_mean_dutch"
"Luniewska2016.csv","word_russian","aoa_mean_english"
"Luniewska2016.csv","word_russian","aoa_mean_finnish"
"Luniewska2016.csv","word_russian","aoa_mean_german"
"Luniewska2016.csv","word_russian","aoa_mean_greek"
"Luniewska2016.csv","word_russian","aoa_mean_hebrew"
"Luniewska2016.csv","word_russian","aoa_mean_hungarian"
"Luniewska2016.csv","word_russian","aoa_mean_icelandic"
"Luniewska2016.csv","word_russian","aoa_mean_irish"
"Luniewska2016.csv","word_russian","aoa_mean_isixhosa"
"Luniewska2016.csv","word_russian","aoa_mean_italian"
"Luniewska2016.csv","word_russian","aoa_mean_lithuanian"
"Luniewska2016.csv","word_russian","aoa_mean_luxembourgish"
"Luniewska2016.csv","word_russian","aoa_mean_maltese"
"Luniewska2016.csv","word_russian","aoa_mean_polish"
"Luniewska2016.csv","word_russian","aoa_mean_russian"
"Luniewska2016.csv","word_russian","aoa_mean_serbian"
"Luniewska2016.csv","word_russian","aoa_mean_slovak"
"Luniewska2016.csv","word_russian","aoa_mean_south_african_english"
"Luniewska2016.csv","word_russian","aoa_mean_spanish"
"Luniewska2016.csv","word_russian","aoa_mean_swedish"
"Luniewska2016.csv","word_russian","aoa_mean_turkish"
"Luniewska2016.csv","word_serbian","aoa_mean_afrikaans"
"Luniewska2016.csv","word_serbian","aoa_mean_catalan"
"Luniewska2016.csv","word_serbian","aoa_mean_danish"
"Luniewska2016.csv","word_serbian","aoa_mean_dutch"
"Luniewska2016.csv","word_serbian","aoa_mean_english"
"Luniewska2016.csv","word_serbian","aoa_mean_finnish"
"Luniewska2016.csv","word_serbian","aoa_mean_german"
"Luniewska2016.csv","word_serbian","aoa_mean_greek"
"Luniewska2016.csv","word_serbian","aoa_mean_hebrew"
"Luniewska2016.csv","word_serbian","aoa_mean_hungarian"
"Luniewska2016.csv","word_serbian","aoa_mean_icelandic"
"Luniewska2016.csv","word_serbian","aoa_mean_irish"
"Luniewska2016.csv","word_serbian","aoa_mean_isixhosa"
"Luniewska2016.csv","word_serbian","aoa_mean_italian"
"Luniewska2016.csv","word_serbian","aoa_mean_lithuanian"
"Luniewska2016.csv","word_serbian","aoa_mean_luxembourgish"
"Luniewska2016.csv","word_serbian","aoa_mean_maltese"
"Luniewska2016.csv","word_serbian","aoa_mean_polish"
"Luniewska2016.csv","word_serbian","aoa_mean_russian"
"Luniewska2016.csv","word_serbian","aoa_mean_serbian"
"Luniewska2016.csv","word_serbian","aoa_mean_slovak"
"Luniewska2016.csv","word_serbian","aoa_mean_south_african_english"
"Luniewska2016.csv","word_serbian","aoa_mean_spanish"
"Luniewska2016.csv","word_serbian","aoa_mean_swedish"
"Luniewska2016.csv","word_serbian","aoa_mean_turkish"
"Luniewska2016.csv","word_slovak","aoa_mean_afrikaans"
"Luniewska2016.csv","word_slovak","aoa_mean_catalan"
"Luniewska2016.csv","word_slovak","aoa_mean_danish"
"Luniewska2016.csv","word_slovak","aoa_mean_dutch"
"Luniewska2016.csv","word_slovak","aoa_mean_english"
"Luniewska2016.csv","word_slovak","aoa_mean_finnish"
"Luniewska2016.csv","word_slovak","aoa_mean_german"
"Luniewska2016.csv","word_slovak","aoa_mean_greek"
"Luniewska2016.csv","word_slovak","aoa_mean_hebrew"
"Luniewska2016.csv","word_slovak","aoa_mean_hungarian"
"Luniewska2016.csv","word_slovak","aoa_mean_icelandic"
"Luniewska2016.csv","word_slovak","aoa_mean_irish"
"Luniewska2016.csv","word_slovak","aoa_mean_isixhosa"
"Luniewska2016.csv","word_slovak","aoa_mean_italian"
"Luniewska2016.csv","word_slovak","aoa_mean_lithuanian"
"Luniewska2016.csv","word_slovak","aoa_mean_luxembourgish"
"Luniewska2016.csv","word_slovak","aoa_mean_maltese"
"Luniewska2016.csv","word_slovak","aoa_mean_polish"
"Luniewska2016.csv","word_slovak","aoa_mean_russian"
"Luniewska2016.csv","word_slovak","aoa_mean_serbian"
"Luniewska2016.csv","word_slovak","aoa_mean_slovak"
"Luniewska2016.csv","word_slovak","aoa_mean_south_african_english"
"Luniewska2016.csv","word_slovak","aoa_mean_spanish"
"Luniewska2016.csv","word_slovak","aoa_mean_swedish"
"Luniewska2016.csv","word_slovak","aoa_mean_turkish"
"Luniewska2016.csv","word_south_african_english","aoa_mean_afrikaans"
"Luniewska2016.csv","word_south_african_english","aoa_mean_catalan"
"Luniewska2016.csv","word_south_african_english","aoa_mean_danish"
"Luniewska2016.csv","word_south_african_english","aoa_mean_dutch"
"Luniewska2016.csv","word_south_african_english","aoa_mean_english"
"Luniewska2016.csv","word_south_african_english","aoa_mean_finnish"
"Luniewska2016.csv","word_south_african_english","aoa_mean_german"
"Luniewska2016.csv","word_south_african_english","aoa_mean_greek"
"Luniewska2016.csv","word_south_african_english","aoa_mean_hebrew"
"Luniewska2016.csv","word_south_african_english","aoa_mean_hungarian"
"Luniewska2016.csv","word_south_african_english","aoa_mean_icelandic"
"Luniewska2016.csv","word_south_african_english","aoa_mean_irish"
"Luniewska2016.csv","word_south_african_english","aoa_mean_isixhosa"
"Luniewska2016.csv","word_south_african_english","aoa_mean_italian"
"Luniewska2016.csv","word_south_african_english","aoa_mean_lithuanian"
"Luniewska2016.csv","word_south_african_english","aoa_mean_luxembourgish"
"Luniewska2016.csv","word_south_african_english","aoa_mean_maltese"
"Luniewska2016.csv","word_south_african_english","aoa_mean_polish"
"Luniewska2016.csv","word_south_african_english","aoa_mean_russian"
"Luniewska2016.csv","word_south_african_english","aoa_mean_serbian"
"Luniewska2016.csv","word_south_african_english","aoa_mean_slovak"
"Luniewska2016.csv","word_south_african_english","aoa_mean_south_african_english"
"Luniewska2016.csv","word_south_african_english","aoa_mean_spanish"
"Luniewska2016.csv","word_south_african_english","aoa_mean_swedish"
"Luniewska2016.csv","word_south_african_english","aoa_mean_turkish"
"Luniewska2016.csv","word_spanish","aoa_mean_afrikaans"
"Luniewska2016.csv","word_spanish","aoa_mean_catalan"
"Luniewska2016.csv","word_spanish","aoa_mean_danish"
"Luniewska2016.csv","word_spanish","aoa_mean_dutch"
"Luniewska2016.csv","word_spanish","aoa_mean_english"
"Luniewska2016.csv","word_spanish","aoa_mean_finnish"
"Luniewska2016.csv","word_spanish","aoa_mean_german"
"Luniewska2016.csv","word_spanish","aoa_mean_greek"
"Luniewska2016.csv","word_spanish","aoa_mean_hebrew"
"Luniewska2016.csv","word_spanish","aoa_mean_hungarian"
"Luniewska2016.csv","word_spanish","aoa_mean_icelandic"
"Luniewska2016.csv","word_spanish","aoa_mean_irish"
"Luniewska2016.csv","word_spanish","aoa_mean_isixhosa"
"Luniewska2016.csv","word_spanish","aoa_mean_italian"
"Luniewska2016.csv","word_spanish","aoa_mean_lithuanian"
"Luniewska2016.csv","word_spanish","aoa_mean_luxembourgish"
"Luniewska2016.csv","word_spanish","aoa_mean_maltese"
"Luniewska2016.csv","word_spanish","aoa_mean_polish"
"Luniewska2016.csv","word_spanish","aoa_mean_russian"
"Luniewska2016.csv","word_spanish","aoa_mean_serbian"
"Luniewska2016.csv","word_spanish","aoa_mean_slovak"
"Luniewska2016.csv","word_spanish","aoa_mean_south_african_english"
"Luniewska2016.csv","word_spanish","aoa_mean_spanish"
"Luniewska2016.csv","word_spanish","aoa_mean_swedish"
"Luniewska2016.csv","word_spanish","aoa_mean_turkish"
"Luniewska2016.csv","word_swedish","aoa_mean_afrikaans"
"Luniewska2016.csv","word_swedish","aoa_mean_catalan"
"Luniewska2016.csv","word_swedish","aoa_mean_danish"
"Luniewska2016.csv","word_swedish","aoa_mean_dutch"
"Luniewska2016.csv","word_swedish","aoa_mean_english"
"Luniewska2016.csv","word_swedish","aoa_mean_finnish"
"Luniewska2016.csv","word_swedish","aoa_mean_german"
"Luniewska2016.csv","word_swedish","aoa_mean_greek"
"Luniewska2016.csv","word_swedish","aoa_mean_hebrew"
"Luniewska2016.csv","word_swedish","aoa_mean_hungarian"
"Luniewska2016.csv","word_swedish","aoa_mean_icelandic"
"Luniewska2016.csv","word_swedish","aoa_mean_irish"
"Luniewska2016.csv","word_swedish","aoa_mean_isixhosa"
"Luniewska2016.csv","word_swedish","aoa_mean_italian"
"Luniewska2016.csv","word_swedish","aoa_mean_lithuanian"
"Luniewska2016.csv","word_swedish","aoa_mean_luxembourgish"
"Luniewska2016.csv","word_swedish","aoa_mean_maltese"
"Luniewska2016.csv","word_swedish","aoa_mean_polish"
"Luniewska2016.csv","word_swedish","aoa_mean_russian"
"Luniewska2016.csv","word_swedish","aoa_mean_serbian"
"Luniewska2016.csv","word_swedish","aoa_mean_slovak"
"Luniewska2016.csv","word_swedish","aoa_mean_south_african_english"
"Luniewska2016.csv","word_swedish","aoa_mean_spanish"
"Luniewska2016.csv","word_swedish","aoa_mean_swedish"
"Luniewska2016.csv","word_swedish","aoa_mean_turkish"
"Luniewska2016.csv","word_turkish","aoa_mean_afrikaans"
"Luniewska2016.csv","word_turkish","aoa_mean_catalan"
"Luniewska2016.csv","word_turkish","aoa_mean_danish"
"Luniewska2016.csv","word_turkish","aoa_mean_dutch"
"Luniewska2016.csv","word_turkish","aoa_mean_english"
"Luniewska2016.csv","word_turkish","aoa_mean_finnish"
"Luniewska2016.csv","word_turkish","aoa_mean_german"
"Luniewska2016.csv","word_turkish","aoa_mean_greek"
"Luniewska2016.csv","word_turkish","aoa_mean_hebrew"
"Luniewska2016.csv","word_turkish","aoa_mean_hungarian"
"Luniewska2016.csv","word_turkish","aoa_mean_icelandic"
"Luniewska2016.csv","word_turkish","aoa_mean_irish"
"Luniewska2016.csv","word_turkish","aoa_mean_isixhosa"
"Luniewska2016.csv","word_turkish","aoa_mean_italian"
"Luniewska2016.csv","word_turkish","aoa_mean_lithuanian"
"Luniewska2016.csv","word_turkish","aoa_mean_luxembourgish"
"Luniewska2016.csv","word_turkish","aoa_mean_maltese"
"Luniewska2016.csv","word_turkish","aoa_mean_polish"
"Luniewska2016.csv","word_turkish","aoa_mean_russian"
"Luniewska2016.csv","word_turkish","aoa_mean_serbian"
"Luniewska2016.csv","word_turkish","aoa_mean_slovak"
"Luniewska2016.csv","word_turkish","aoa_mean_south_african_english"
"Luniewska2016.csv","word_turkish","aoa_mean_spanish"
"Luniewska2016.csv","word_turkish","aoa_mean_swedish"
"Luniewska2016.csv","word_turkish","aoa_mean_turkish"
"Luniewska2019_ar.csv","word_arabic","aoa_mean"
"Luniewska2019_cs.csv","word_czech","aoa_mean"
"Luniewska2019_en.csv","word_english","aoa_mean"
"Luniewska2019_fa.csv","word_farsi","aoa_mean"
"Luniewska2019_gd.csv","word_gaelic","aoa_mean"
"Luniewska2019_hy.csv","word_armenian","aoa_mean"
"Luniewska2019_ms.csv","word_malay","aoa_mean"
"Lynott2020.csv","word_english","auditory_mean"
"Lynott2020.csv","word_english","foot_leg_mean"
"Lynott2020.csv","word_english","gustatory_mean"
"Lynott2020.csv","word_english","hand_arm_mean"
"Lynott2020.csv","word_english","haptic_mean"
"Lynott2020.csv","word_english","head_mean"
"Lynott2020.csv","word_english","interoceptive_mean"
"Lynott2020.csv","word_english","mouth_mean"
"Lynott2020.csv","word_english","olfactory_mean"
"Lynott2020.csv","word_english","torso_mean"
"Lynott2020.csv","word_english","visual_mean"
"Mahjoubnavaz2024.csv","word_english","animacy_mean_persian"
"Mahjoubnavaz2024.csv","word_english","animacy_mean_persian_female"
"Mahjoubnavaz2024.csv","word_english","animacy_mean_persian_male"
"Mahjoubnavaz2024.csv","word_english","arousal_mean_english"
"Mahjoubnavaz2024.csv","word_english","arousal_mean_english_female"
"Mahjoubnavaz2024.csv","word_english","arousal_mean_english_male"
"Mahjoubnavaz2024.csv","word_english","arousal_mean_persian"
"Mahjoubnavaz2024.csv","word_english","arousal_mean_persian_female"
"Mahjoubnavaz2024.csv","word_english","arousal_mean_persian_male"
"Mahjoubnavaz2024.csv","word_english","familiar_mean_persian"
"Mahjoubnavaz2024.csv","word_english","familiar_mean_persian_female"
"Mahjoubnavaz2024.csv","word_english","familiar_mean_persian_male"
"Mahjoubnavaz2024.csv","word_english","valence_mean_english"
"Mahjoubnavaz2024.csv","word_english","valence_mean_english_female"
"Mahjoubnavaz2024.csv","word_english","valence_mean_english_male"
"Mahjoubnavaz2024.csv","word_english","valence_mean_persian"
"Mahjoubnavaz2024.csv","word_english","valence_mean_persian_female"
"Mahjoubnavaz2024.csv","word_english","valence_mean_persian_male"
"Mahjoubnavaz2024.csv","word_persian","animacy_mean_persian"
"Mahjoubnavaz2024.csv","word_persian","animacy_mean_persian_female"
"Mahjoubnavaz2024.csv","word_persian","animacy_mean_persian_male"
"Mahjoubnavaz2024.csv","word_persian","arousal_mean_english"
"Mahjoubnavaz2024.csv","word_persian","arousal_mean_english_female"
"Mahjoubnavaz2024.csv","word_persian","arousal_mean_english_male"
"Mahjoubnavaz2024.csv","word_persian","arousal_mean_persian"
"Mahjoubnavaz2024.csv","word_persian","arousal_mean_persian_female"
"Mahjoubnavaz2024.csv","word_persian","arousal_mean_persian_male"
"Mahjoubnavaz2024.csv","word_persian","familiar_mean_persian"
"Mahjoubnavaz2024.csv","word_persian","familiar_mean_persian_female"
"Mahjoubnavaz2024.csv","word_persian","familiar_mean_persian_male"
"Mahjoubnavaz2024.csv","word_persian","valence_mean_english"
"Mahjoubnavaz2024.csv","word_persian","valence_mean_english_female"
"Mahjoubnavaz2024.csv","word_persian","valence_mean_english_male"
"Mahjoubnavaz2024.csv","word_persian","valence_mean_persian"
"Mahjoubnavaz2024.csv","word_persian","valence_mean_persian_female"
"Mahjoubnavaz2024.csv","word_persian","valence_mean_persian_male"
"Manoiloff2010.csv","word_spanish","aoa_mean"
"Manoiloff2010.csv","word_spanish","familiar_mean"
"Manoiloff2010.csv","word_spanish","image_variability_mean"
"Manoiloff2010.csv","word_spanish","imagine_mean"
"Manoiloff2010.csv","word_spanish","name_agreement_h_mean"
"Manoiloff2010.csv","word_spanish","visual_complexity_mean"
"Marques1997.csv","word_portuguese","familiar_mean_meaning"
"Marques1997.csv","word_portuguese","familiar_mean_referent"
"Marques1997.csv","word_portuguese","typicality_mean"
"Marques2004.csv","word_spanish","familiar_mean_meaning"
"Marques2004.csv","word_spanish","familiar_mean_reference"
"Marques2005.csv","word_portuguese","concrete_mean"
"Marques2005.csv","word_portuguese","imagine_mean"
"Marques2007.csv","word_portuguese","aoa_mean"
"Marques2007.csv","word_portuguese","concrete_mean"
"Marques2007.csv","word_portuguese","familiar_mean"
"Marques2007.csv","word_portuguese","imagine_mean"
"Masterson1998.csv","word_english","aoa_mean"
"Masterson1998.csv","word_english","familiar_mean"
"Masterson1998.csv","word_english","imagine_mean"
"Masterson1998.csv","word_english","visual_complexity_mean"
"McRae2005.csv","word_english_concept","familiar_mean"
"McRae2005.csv","word_english_feature","familiar_mean"
"Miklashevsky2018.csv","word_russian","aoa_mean"
"Miklashevsky2018.csv","word_russian","auditory_modality_mean"
"Miklashevsky2018.csv","word_russian","frequency_mean"
"Miklashevsky2018.csv","word_russian","gustatory_modality_mean"
"Miklashevsky2018.csv","word_russian","haptic_modality_mean"
"Miklashevsky2018.csv","word_russian","imagine_mean"
"Miklashevsky2018.csv","word_russian","manipulation_mean"
"Miklashevsky2018.csv","word_russian","olfactory_modality_mean"
"Miklashevsky2018.csv","word_russian","spatial_localization_mean"
"Miklashevsky2018.csv","word_russian","visual_modality_mean"
"Mochizuki2025.csv","word_japanese","aoa_mean"
"Moldovan2015.csv","word_spanish","concrete_mean"
"Moldovan2015.csv","word_spanish","concrete_mean_less_similar_word"
"Moldovan2015.csv","word_spanish","concrete_mean_similar_word"
"Moldovan2015.csv","word_spanish","familiar_mean"
"Moldovan2015.csv","word_spanish","familiar_mean_less_similar_word"
"Moldovan2015.csv","word_spanish","familiar_mean_similar_word"
"Moldovan2015.csv","word_spanish","less_similarity_mean"
"Moldovan2015.csv","word_spanish","similarity_mean"
"Monnier2014.csv","word_french","arousal_mean_all"
"Monnier2014.csv","word_french","arousal_mean_female"
"Monnier2014.csv","word_french","arousal_mean_male"
"Monnier2014.csv","word_french","imagine_mean"
"Monnier2014.csv","word_french","valence_mean_all"
"Monnier2014.csv","word_french","valence_mean_female"
"Monnier2014.csv","word_french","valence_mean_male"
"Monnier2017.csv","word_french","arousal_mean"
"Monnier2017.csv","word_french","arousal_mean_female"
"Monnier2017.csv","word_french","arousal_mean_male"
"Monnier2017.csv","word_french","imagine_mean"
"Monnier2017.csv","word_french","valence_mean"
"Monnier2017.csv","word_french","valence_mean_female"
"Monnier2017.csv","word_french","valence_mean_male"
"Montefinese2013_words.csv","word_italian","binary_city_mean"
"Montefinese2013_words.csv","word_italian","binary_cos_mean"
"Montefinese2013_words.csv","word_italian","binary_euc_mean"
"Montefinese2013_words.csv","word_italian","cue_value_mean"
"Montefinese2013_words.csv","word_italian","cue_value_mean_notax"
"Montefinese2013_words.csv","word_italian","distinctiveness_mean"
"Montefinese2013_words.csv","word_italian","distinctiveness_mean_notax"
"Montefinese2013_words.csv","word_italian","dominance_city_mean"
"Montefinese2013_words.csv","word_italian","dominance_cos_mean"
"Montefinese2013_words.csv","word_italian","dominance_euc_mean"
"Montefinese2013_words.csv","word_italian","dominance_mean"
"Montefinese2013_words.csv","word_italian","exemplar_dominance_mean"
"Montefinese2013_words.csv","word_italian","exemplar_mean_rank"
"Montefinese2013_words.csv","word_italian","familiar_mean"
"Montefinese2013_words.csv","word_italian","frequency_production_mean"
"Montefinese2013_words.csv","word_italian","intercorrelation_density_mean"
"Montefinese2013_words.csv","word_italian","intercorrelation_density_mean_notax"
"Montefinese2013_words.csv","word_italian","production_frequency_mean_notax"
"Montefinese2013_words.csv","word_italian","relevance_mean"
"Montefinese2013_words.csv","word_italian","relevance_mean_notax"
"Montefinese2013_words.csv","word_italian","significance_mean"
"Montefinese2013_words.csv","word_italian","significance_mean_notax"
"Montefinese2013_words.csv","word_italian","typicality_mean"
"Montefinese2014.csv","word_italian","arousal_mean"
"Montefinese2014.csv","word_italian","arousal_mean_female"
"Montefinese2014.csv","word_italian","arousal_mean_male"
"Montefinese2014.csv","word_italian","concrete_mean"
"Montefinese2014.csv","word_italian","dominance_mean"
"Montefinese2014.csv","word_italian","dominance_mean_female"
"Montefinese2014.csv","word_italian","dominance_mean_male"
"Montefinese2014.csv","word_italian","familiar_mean"
"Montefinese2014.csv","word_italian","frequency_mean_orthographic_neighbors"
"Montefinese2014.csv","word_italian","imagine_mean"
"Montefinese2014.csv","word_italian","valence_mean"
"Montefinese2014.csv","word_italian","valence_mean_female"
"Montefinese2014.csv","word_italian","valence_mean_male"
"Montefinese2019.csv","word_italian","aoa_mean"
"Montefinese2019.csv","word_italian","frequency_mean_orthographic_neighbors"
"Montefinese2023_en.csv","word_english","concrete_mean"
"Montefinese2023_it.csv","word_italian","concrete_mean"
"Moors2013.csv","word_dutch","aoa_mean"
"Moors2013.csv","word_dutch","aoa_mean_male"
"Moors2013.csv","word_dutch","aoa_mean_male_female"
"Moors2013.csv","word_dutch","arousal_mean"
"Moors2013.csv","word_dutch","arousal_mean_male"
"Moors2013.csv","word_dutch","arousal_mean_male_female"
"Moors2013.csv","word_dutch","dominance_mean"
"Moors2013.csv","word_dutch","dominance_mean_male"
"Moors2013.csv","word_dutch","dominance_mean_male_female"
"Moors2013.csv","word_dutch","valence_mean"
"Moors2013.csv","word_dutch","valence_mean_male"
"Moors2013.csv","word_dutch","valence_mean_male_female"
"Moreno-Martinez2012.csv","word_spanish","aoa_mean"
"Moreno-Martinez2012.csv","word_spanish","familiar_mean"
"Moreno-Martinez2012.csv","word_spanish","manip_mean"
"Moreno-Martinez2012.csv","word_spanish","typicality_mean"
"Moreno-Martinez2012.csv","word_spanish","visual_complexity_mean"
"Moreno-Martinez2014.csv","word_spanish","aoa_subjective_mean"
"Moreno-Martinez2014.csv","word_spanish","familiar_mean"
"Moreno-Martinez2014.csv","word_spanish","manip_mean"
"Moreno-Martinez2014.csv","word_spanish","typicality_mean"
"Morrow2005.csv","word_english","aoa_mean_older"
"Morrow2005.csv","word_english","aoa_mean_younger"
"Morrow2005.csv","word_english","familiar_mean_older"
"Morrow2005.csv","word_english","familiar_mean_younger"
"Morrow2005.csv","word_english","frequency_mean_older"
"Morrow2005.csv","word_english","frequency_mean_younger"
"Morrow2005.csv","word_english","imagine_mean_older"
"Morrow2005.csv","word_english","imagine_mean_younger"
"Morrow2005.csv","word_english","typicality_mean_older"
"Morrow2005.csv","word_english","typicality_mean_younger"
"Morrow2005.csv","word_english","visual_complexity_mean_older"
"Morrow2005.csv","word_english","visual_complexity_mean_younger"
"Morucci2019.csv","word_italian","aoa_mean"
"Morucci2019.csv","word_italian","auditory_mean"
"Morucci2019.csv","word_italian","context_availability_mean"
"Morucci2019.csv","word_italian","familiar_mean"
"Morucci2019.csv","word_italian","gustatory_mean"
"Morucci2019.csv","word_italian","max_perception_strengh_mean"
"Morucci2019.csv","word_italian","olfactory_mean"
"Morucci2019.csv","word_italian","sum_perception_strength_mean"
"Morucci2019.csv","word_italian","touch_mean"
"Morucci2019.csv","word_italian","visual_mean"
"Navarrete2019.csv","word_italian","aoa_mean"
"Navarrete2019.csv","word_italian","familiar_mean"
"Navarrete2019.csv","word_italian","manipulability_mean"
"Navarrete2019.csv","word_italian","typicality_mean"
"Navarrete2019.csv","word_italian","visual_complexity_mean"
"Nelson2004.csv","word_english","concrete_mean"
"Nemati2022.csv","word_persian","accuracy_mean"
"Nemati2022.csv","word_persian","frequency_mean_per_million"
"Nemati2022.csv","word_persian","rt_mean"
"Nemati2022.csv","word_type","accuracy_mean"
"Nemati2022.csv","word_type","frequency_mean_per_million"
"Nemati2022.csv","word_type","rt_mean"
"Nemati2026.csv","word_persian","arousal_mean_bw"
"Nemati2026.csv","word_persian","arousal_mean_extrapolated"
"Nemati2026.csv","word_persian","concrete_mean_bw"
"Nemati2026.csv","word_persian","concrete_mean_extrapolated"
"Nemati2026.csv","word_persian","dominance_mean_bw"
"Nemati2026.csv","word_persian","dominance_mean_extrapolated"
"Nemati2026.csv","word_persian","valence_mean_bw"
"Nemati2026.csv","word_persian","valence_mean_extrapolated"
"Nishimoto2005.csv","word_japanese","aoa_mean"
"Nishimoto2005.csv","word_japanese","familiar_mean"
"Nishimoto2005.csv","word_japanese","imagine_mean"
"Nishimoto2005.csv","word_japanese_latin","aoa_mean"
"Nishimoto2005.csv","word_japanese_latin","familiar_mean"
"Nishimoto2005.csv","word_japanese_latin","imagine_mean"
"Nishimoto2012.csv","word_japanese_katana","aoa_mean"
"Nishimoto2012.csv","word_japanese_katana","familiar_mean"
"Nishimoto2012.csv","word_japanese_katana","image_agreement_mean"
"Nishimoto2012.csv","word_japanese_katana","image_variability_mean"
"Nishimoto2012.csv","word_japanese_katana","imagine_mean"
"Nishimoto2012.csv","word_japanese_katana","rt_mean_liberal"
"Nishimoto2012.csv","word_japanese_katana","rt_mean_strict"
"Nishimoto2012.csv","word_japanese_katana","vivid_mean"
"Nishimoto2012.csv","word_japanese_katana_untimed","aoa_mean"
"Nishimoto2012.csv","word_japanese_katana_untimed","familiar_mean"
"Nishimoto2012.csv","word_japanese_katana_untimed","image_agreement_mean"
"Nishimoto2012.csv","word_japanese_katana_untimed","image_variability_mean"
"Nishimoto2012.csv","word_japanese_katana_untimed","imagine_mean"
"Nishimoto2012.csv","word_japanese_katana_untimed","rt_mean_liberal"
"Nishimoto2012.csv","word_japanese_katana_untimed","rt_mean_strict"
"Nishimoto2012.csv","word_japanese_katana_untimed","vivid_mean"
"Nishimoto2012.csv","word_japanese_romanized","aoa_mean"
"Nishimoto2012.csv","word_japanese_romanized","familiar_mean"
"Nishimoto2012.csv","word_japanese_romanized","image_agreement_mean"
"Nishimoto2012.csv","word_japanese_romanized","image_variability_mean"
"Nishimoto2012.csv","word_japanese_romanized","imagine_mean"
"Nishimoto2012.csv","word_japanese_romanized","rt_mean_liberal"
"Nishimoto2012.csv","word_japanese_romanized","rt_mean_strict"
"Nishimoto2012.csv","word_japanese_romanized","vivid_mean"
"Nishimoto2012.csv","word_japanese_romanized_untimed","aoa_mean"
"Nishimoto2012.csv","word_japanese_romanized_untimed","familiar_mean"
"Nishimoto2012.csv","word_japanese_romanized_untimed","image_agreement_mean"
"Nishimoto2012.csv","word_japanese_romanized_untimed","image_variability_mean"
"Nishimoto2012.csv","word_japanese_romanized_untimed","imagine_mean"
"Nishimoto2012.csv","word_japanese_romanized_untimed","rt_mean_liberal"
"Nishimoto2012.csv","word_japanese_romanized_untimed","rt_mean_strict"
"Nishimoto2012.csv","word_japanese_romanized_untimed","vivid_mean"
"Ota2025.csv","word_japanese","accuracy_mean"
"Ota2025.csv","word_japanese","rt_mean"
"Paivio1968.csv","word_english","concrete_mean"
"Paivio1968.csv","word_english","imagine_mean"
"Paivio1968.csv","word_english","meaningfulness_mean"
"Perry2018.csv","word_english","aoa_mean_kuperman"
"Perry2018.csv","word_english","concrete_mean"
"Perry2018.csv","word_english","iconicity_mean"
"PetiStantic2021.csv","word_class","aoa_mean"
"PetiStantic2021.csv","word_class","aoa_mean_female"
"PetiStantic2021.csv","word_class","aoa_mean_male"
"PetiStantic2021.csv","word_class","concrete_mean"
"PetiStantic2021.csv","word_class","concrete_mean_female"
"PetiStantic2021.csv","word_class","concrete_mean_male"
"PetiStantic2021.csv","word_class","frequency_subjective_mean"
"PetiStantic2021.csv","word_class","frequency_subjective_mean_female"
"PetiStantic2021.csv","word_class","frequency_subjective_mean_male"
"PetiStantic2021.csv","word_class","imagine_mean"
"PetiStantic2021.csv","word_class","imagine_mean_female"
"PetiStantic2021.csv","word_class","imagine_mean_male"
"PetiStantic2021.csv","word_croatian","aoa_mean"
"PetiStantic2021.csv","word_croatian","aoa_mean_female"
"PetiStantic2021.csv","word_croatian","aoa_mean_male"
"PetiStantic2021.csv","word_croatian","concrete_mean"
"PetiStantic2021.csv","word_croatian","concrete_mean_female"
"PetiStantic2021.csv","word_croatian","concrete_mean_male"
"PetiStantic2021.csv","word_croatian","frequency_subjective_mean"
"PetiStantic2021.csv","word_croatian","frequency_subjective_mean_female"
"PetiStantic2021.csv","word_croatian","frequency_subjective_mean_male"
"PetiStantic2021.csv","word_croatian","imagine_mean"
"PetiStantic2021.csv","word_croatian","imagine_mean_female"
"PetiStantic2021.csv","word_croatian","imagine_mean_male"
"Pexman2017.csv","word_english","concrete_mean"
"Pexman2017.csv","word_english","rt_clean_mean"
"Pexman2017.csv","word_english","rt_clean_mean_zscore"
"Popovic2026_pseudowords.csv","word_pseudoword","accuracy_mean"
"Popovic2026_pseudowords.csv","word_pseudoword","rt_mean"
"Popovic2026_words.csv","word_serbian","accuracy_mean"
"Popovic2026_words.csv","word_serbian","aoa_mean"
"Popovic2026_words.csv","word_serbian","arousal_mean"
"Popovic2026_words.csv","word_serbian","auditory_strength_mean_possible"
"Popovic2026_words.csv","word_serbian","auditory_strength_mean_real"
"Popovic2026_words.csv","word_serbian","concrete_mean"
"Popovic2026_words.csv","word_serbian","context_availability_mean"
"Popovic2026_words.csv","word_serbian","familiar_mean"
"Popovic2026_words.csv","word_serbian","gustatory_strength_mean_possible"
"Popovic2026_words.csv","word_serbian","gustatory_strength_mean_real"
"Popovic2026_words.csv","word_serbian","imagine_mean"
"Popovic2026_words.csv","word_serbian","modality_rating_mean_possible"
"Popovic2026_words.csv","word_serbian","modality_rating_mean_real"
"Popovic2026_words.csv","word_serbian","olfactory_strength_mean_possible"
"Popovic2026_words.csv","word_serbian","olfactory_strength_mean_real"
"Popovic2026_words.csv","word_serbian","rt_mean"
"Popovic2026_words.csv","word_serbian","tactile_strength_mean_possible"
"Popovic2026_words.csv","word_serbian","tactile_strength_mean_real"
"Popovic2026_words.csv","word_serbian","valence_mean"
"Popovic2026_words.csv","word_serbian","visual_strength_mean_possible"
"Popovic2026_words.csv","word_serbian","visual_strength_mean_real"
"Prior2007_en_pairs.csv","word_aoa_mean","translate_aoa_mean"
"Prior2007_en_pairs.csv","word_aoa_mean","translate_concrete_mean"
"Prior2007_en_pairs.csv","word_aoa_mean","translate_familiar_mean"
"Prior2007_en_pairs.csv","word_aoa_mean","translate_imagine_mean"
"Prior2007_en_pairs.csv","word_aoa_mean","word_aoa_mean"
"Prior2007_en_pairs.csv","word_aoa_mean","word_concrete_mean"
"Prior2007_en_pairs.csv","word_aoa_mean","word_familiar_mean"
"Prior2007_en_pairs.csv","word_aoa_mean","word_imagine_mean"
"Prior2007_en_pairs.csv","word_class","translate_aoa_mean"
"Prior2007_en_pairs.csv","word_class","translate_concrete_mean"
"Prior2007_en_pairs.csv","word_class","translate_familiar_mean"
"Prior2007_en_pairs.csv","word_class","translate_imagine_mean"
"Prior2007_en_pairs.csv","word_class","word_aoa_mean"
"Prior2007_en_pairs.csv","word_class","word_concrete_mean"
"Prior2007_en_pairs.csv","word_class","word_familiar_mean"
"Prior2007_en_pairs.csv","word_class","word_imagine_mean"
"Prior2007_en_pairs.csv","word_concrete_mean","translate_aoa_mean"
"Prior2007_en_pairs.csv","word_concrete_mean","translate_concrete_mean"
"Prior2007_en_pairs.csv","word_concrete_mean","translate_familiar_mean"
"Prior2007_en_pairs.csv","word_concrete_mean","translate_imagine_mean"
"Prior2007_en_pairs.csv","word_concrete_mean","word_aoa_mean"
"Prior2007_en_pairs.csv","word_concrete_mean","word_concrete_mean"
"Prior2007_en_pairs.csv","word_concrete_mean","word_familiar_mean"
"Prior2007_en_pairs.csv","word_concrete_mean","word_imagine_mean"
"Prior2007_en_pairs.csv","word_english","translate_aoa_mean"
"Prior2007_en_pairs.csv","word_english","translate_concrete_mean"
"Prior2007_en_pairs.csv","word_english","translate_familiar_mean"
"Prior2007_en_pairs.csv","word_english","translate_imagine_mean"
"Prior2007_en_pairs.csv","word_english","word_aoa_mean"
"Prior2007_en_pairs.csv","word_english","word_concrete_mean"
"Prior2007_en_pairs.csv","word_english","word_familiar_mean"
"Prior2007_en_pairs.csv","word_english","word_imagine_mean"
"Prior2007_en_pairs.csv","word_familiar_mean","translate_aoa_mean"
"Prior2007_en_pairs.csv","word_familiar_mean","translate_concrete_mean"
"Prior2007_en_pairs.csv","word_familiar_mean","translate_familiar_mean"
"Prior2007_en_pairs.csv","word_familiar_mean","translate_imagine_mean"
"Prior2007_en_pairs.csv","word_familiar_mean","word_aoa_mean"
"Prior2007_en_pairs.csv","word_familiar_mean","word_concrete_mean"
"Prior2007_en_pairs.csv","word_familiar_mean","word_familiar_mean"
"Prior2007_en_pairs.csv","word_familiar_mean","word_imagine_mean"
"Prior2007_en_pairs.csv","word_frequency_per_million","translate_aoa_mean"
"Prior2007_en_pairs.csv","word_frequency_per_million","translate_concrete_mean"
"Prior2007_en_pairs.csv","word_frequency_per_million","translate_familiar_mean"
"Prior2007_en_pairs.csv","word_frequency_per_million","translate_imagine_mean"
"Prior2007_en_pairs.csv","word_frequency_per_million","word_aoa_mean"
"Prior2007_en_pairs.csv","word_frequency_per_million","word_concrete_mean"
"Prior2007_en_pairs.csv","word_frequency_per_million","word_familiar_mean"
"Prior2007_en_pairs.csv","word_frequency_per_million","word_imagine_mean"
"Prior2007_en_pairs.csv","word_imagine_mean","translate_aoa_mean"
"Prior2007_en_pairs.csv","word_imagine_mean","translate_concrete_mean"
"Prior2007_en_pairs.csv","word_imagine_mean","translate_familiar_mean"
"Prior2007_en_pairs.csv","word_imagine_mean","translate_imagine_mean"
"Prior2007_en_pairs.csv","word_imagine_mean","word_aoa_mean"
"Prior2007_en_pairs.csv","word_imagine_mean","word_concrete_mean"
"Prior2007_en_pairs.csv","word_imagine_mean","word_familiar_mean"
"Prior2007_en_pairs.csv","word_imagine_mean","word_imagine_mean"
"Prior2007_en_pairs.csv","word_length","translate_aoa_mean"
"Prior2007_en_pairs.csv","word_length","translate_concrete_mean"
"Prior2007_en_pairs.csv","word_length","translate_familiar_mean"
"Prior2007_en_pairs.csv","word_length","translate_imagine_mean"
"Prior2007_en_pairs.csv","word_length","word_aoa_mean"
"Prior2007_en_pairs.csv","word_length","word_concrete_mean"
"Prior2007_en_pairs.csv","word_length","word_familiar_mean"
"Prior2007_en_pairs.csv","word_length","word_imagine_mean"
"Prior2007_en_pairs.csv","word_translations_n","translate_aoa_mean"
"Prior2007_en_pairs.csv","word_translations_n","translate_concrete_mean"
"Prior2007_en_pairs.csv","word_translations_n","translate_familiar_mean"
"Prior2007_en_pairs.csv","word_translations_n","translate_imagine_mean"
"Prior2007_en_pairs.csv","word_translations_n","word_aoa_mean"
"Prior2007_en_pairs.csv","word_translations_n","word_concrete_mean"
"Prior2007_en_pairs.csv","word_translations_n","word_familiar_mean"
"Prior2007_en_pairs.csv","word_translations_n","word_imagine_mean"
"Prior2007_en.csv","word_class","aoa_mean"
"Prior2007_en.csv","word_class","concrete_mean"
"Prior2007_en.csv","word_class","familiar_mean"
"Prior2007_en.csv","word_class","imagine_mean"
"Prior2007_en.csv","word_english","aoa_mean"
"Prior2007_en.csv","word_english","concrete_mean"
"Prior2007_en.csv","word_english","familiar_mean"
"Prior2007_en.csv","word_english","imagine_mean"
"Prior2007_es_pairs.csv","word_aoa_mean","translate_aoa_mean"
"Prior2007_es_pairs.csv","word_aoa_mean","translate_concrete_mean"
"Prior2007_es_pairs.csv","word_aoa_mean","translate_familiar_mean"
"Prior2007_es_pairs.csv","word_aoa_mean","translate_imagine_mean"
"Prior2007_es_pairs.csv","word_aoa_mean","word_aoa_mean"
"Prior2007_es_pairs.csv","word_aoa_mean","word_concrete_mean"
"Prior2007_es_pairs.csv","word_aoa_mean","word_familiar_mean"
"Prior2007_es_pairs.csv","word_aoa_mean","word_imagine_mean"
"Prior2007_es_pairs.csv","word_class","translate_aoa_mean"
"Prior2007_es_pairs.csv","word_class","translate_concrete_mean"
"Prior2007_es_pairs.csv","word_class","translate_familiar_mean"
"Prior2007_es_pairs.csv","word_class","translate_imagine_mean"
"Prior2007_es_pairs.csv","word_class","word_aoa_mean"
"Prior2007_es_pairs.csv","word_class","word_concrete_mean"
"Prior2007_es_pairs.csv","word_class","word_familiar_mean"
"Prior2007_es_pairs.csv","word_class","word_imagine_mean"
"Prior2007_es_pairs.csv","word_concrete_mean","translate_aoa_mean"
"Prior2007_es_pairs.csv","word_concrete_mean","translate_concrete_mean"
"Prior2007_es_pairs.csv","word_concrete_mean","translate_familiar_mean"
"Prior2007_es_pairs.csv","word_concrete_mean","translate_imagine_mean"
"Prior2007_es_pairs.csv","word_concrete_mean","word_aoa_mean"
"Prior2007_es_pairs.csv","word_concrete_mean","word_concrete_mean"
"Prior2007_es_pairs.csv","word_concrete_mean","word_familiar_mean"
"Prior2007_es_pairs.csv","word_concrete_mean","word_imagine_mean"
"Prior2007_es_pairs.csv","word_familiar_mean","translate_aoa_mean"
"Prior2007_es_pairs.csv","word_familiar_mean","translate_concrete_mean"
"Prior2007_es_pairs.csv","word_familiar_mean","translate_familiar_mean"
"Prior2007_es_pairs.csv","word_familiar_mean","translate_imagine_mean"
"Prior2007_es_pairs.csv","word_familiar_mean","word_aoa_mean"
"Prior2007_es_pairs.csv","word_familiar_mean","word_concrete_mean"
"Prior2007_es_pairs.csv","word_familiar_mean","word_familiar_mean"
"Prior2007_es_pairs.csv","word_familiar_mean","word_imagine_mean"
"Prior2007_es_pairs.csv","word_frequency_per_million","translate_aoa_mean"
"Prior2007_es_pairs.csv","word_frequency_per_million","translate_concrete_mean"
"Prior2007_es_pairs.csv","word_frequency_per_million","translate_familiar_mean"
"Prior2007_es_pairs.csv","word_frequency_per_million","translate_imagine_mean"
"Prior2007_es_pairs.csv","word_frequency_per_million","word_aoa_mean"
"Prior2007_es_pairs.csv","word_frequency_per_million","word_concrete_mean"
"Prior2007_es_pairs.csv","word_frequency_per_million","word_familiar_mean"
"Prior2007_es_pairs.csv","word_frequency_per_million","word_imagine_mean"
"Prior2007_es_pairs.csv","word_imagine_mean","translate_aoa_mean"
"Prior2007_es_pairs.csv","word_imagine_mean","translate_concrete_mean"
"Prior2007_es_pairs.csv","word_imagine_mean","translate_familiar_mean"
"Prior2007_es_pairs.csv","word_imagine_mean","translate_imagine_mean"
"Prior2007_es_pairs.csv","word_imagine_mean","word_aoa_mean"
"Prior2007_es_pairs.csv","word_imagine_mean","word_concrete_mean"
"Prior2007_es_pairs.csv","word_imagine_mean","word_familiar_mean"
"Prior2007_es_pairs.csv","word_imagine_mean","word_imagine_mean"
"Prior2007_es_pairs.csv","word_length","translate_aoa_mean"
"Prior2007_es_pairs.csv","word_length","translate_concrete_mean"
"Prior2007_es_pairs.csv","word_length","translate_familiar_mean"
"Prior2007_es_pairs.csv","word_length","translate_imagine_mean"
"Prior2007_es_pairs.csv","word_length","word_aoa_mean"
"Prior2007_es_pairs.csv","word_length","word_concrete_mean"
"Prior2007_es_pairs.csv","word_length","word_familiar_mean"
"Prior2007_es_pairs.csv","word_length","word_imagine_mean"
"Prior2007_es_pairs.csv","word_spanish","translate_aoa_mean"
"Prior2007_es_pairs.csv","word_spanish","translate_concrete_mean"
"Prior2007_es_pairs.csv","word_spanish","translate_familiar_mean"
"Prior2007_es_pairs.csv","word_spanish","translate_imagine_mean"
"Prior2007_es_pairs.csv","word_spanish","word_aoa_mean"
"Prior2007_es_pairs.csv","word_spanish","word_concrete_mean"
"Prior2007_es_pairs.csv","word_spanish","word_familiar_mean"
"Prior2007_es_pairs.csv","word_spanish","word_imagine_mean"
"Prior2007_es_pairs.csv","word_translations_n","translate_aoa_mean"
"Prior2007_es_pairs.csv","word_translations_n","translate_concrete_mean"
"Prior2007_es_pairs.csv","word_translations_n","translate_familiar_mean"
"Prior2007_es_pairs.csv","word_translations_n","translate_imagine_mean"
"Prior2007_es_pairs.csv","word_translations_n","word_aoa_mean"
"Prior2007_es_pairs.csv","word_translations_n","word_concrete_mean"
"Prior2007_es_pairs.csv","word_translations_n","word_familiar_mean"
"Prior2007_es_pairs.csv","word_translations_n","word_imagine_mean"
"Prior2007_es.csv","word_class","aoa_mean"
"Prior2007_es.csv","word_class","concrete_mean"
"Prior2007_es.csv","word_class","familiar_mean"
"Prior2007_es.csv","word_class","imagine_mean"
"Prior2007_es.csv","word_spanish","aoa_mean"
"Prior2007_es.csv","word_spanish","concrete_mean"
"Prior2007_es.csv","word_spanish","familiar_mean"
"Prior2007_es.csv","word_spanish","imagine_mean"
"Quadflieg2014.csv","word_french","concrete_mean"
"Quadflieg2014.csv","word_french","familiar_mean"
"Quadflieg2014.csv","word_french","intensity_mean"
"Quadflieg2014.csv","word_french","temporal_stability_mean"
"Quadflieg2014.csv","word_french","valence_mean"
"Quadflieg2014.csv","word_french","visibility_mean"
"Raman2014.csv","word_turkish","aoa_mean"
"Raman2014.csv","word_turkish","familiar_mean_conceptual"
"Raman2014.csv","word_turkish","image_agreement_mean"
"Raman2014.csv","word_turkish","visual_complexity_mean"
"Raman2014.csv","word_turkish_modal","aoa_mean"
"Raman2014.csv","word_turkish_modal","familiar_mean_conceptual"
"Raman2014.csv","word_turkish_modal","image_agreement_mean"
"Raman2014.csv","word_turkish_modal","visual_complexity_mean"
"Rami2022.csv","word_arabic_moroccan","aoa_mean"
"Rami2022.csv","word_arabic_moroccan","frequency_spoken_mean"
"Rami2022.csv","word_arabic_moroccan","imagine_mean"
"Rami2022.csv","word_arabic_moroccan","visual_complexity_mean"
"Raslescu2023.csv","word_english","frequency_mean"
"Raslescu2023.csv","word_english","imagine_mean"
"Raslescu2023.csv","word_english","valence_mean"
"Redondo2007.csv","word_spanish","arousal_mean_all"
"Redondo2007.csv","word_spanish","arousal_mean_female"
"Redondo2007.csv","word_spanish","arousal_mean_male"
"Redondo2007.csv","word_spanish","concrete_mean"
"Redondo2007.csv","word_spanish","dominance_mean_all"
"Redondo2007.csv","word_spanish","dominance_mean_female"
"Redondo2007.csv","word_spanish","dominance_mean_male"
"Redondo2007.csv","word_spanish","familiar_mean"
"Redondo2007.csv","word_spanish","imagine_mean"
"Redondo2007.csv","word_spanish","valence_mean_all"
"Redondo2007.csv","word_spanish","valence_mean_female"
"Redondo2007.csv","word_spanish","valence_mean_male"
"Ric2013.csv","word_french","anger_mean"
"Ric2013.csv","word_french","approach_mean"
"Ric2013.csv","word_french","consequences_others_mean"
"Ric2013.csv","word_french","consequences_possessor_mean"
"Ric2013.csv","word_french","disgust_mean"
"Ric2013.csv","word_french","fear_mean"
"Ric2013.csv","word_french","happiness_mean"
"Ric2013.csv","word_french","sadness_mean"
"Ric2013.csv","word_french","valence_mean"
"Riegel2015.csv","word_polish","arousal_mean_all"
"Riegel2015.csv","word_polish","arousal_mean_men"
"Riegel2015.csv","word_polish","arousal_mean_women"
"Riegel2015.csv","word_polish","imagine_mean_all"
"Riegel2015.csv","word_polish","imagine_mean_men"
"Riegel2015.csv","word_polish","imagine_mean_women"
"Riegel2015.csv","word_polish","valence_mean_all"
"Riegel2015.csv","word_polish","valence_mean_men"
"Riegel2015.csv","word_polish","valence_mean_women"
"Rinaldi2004.csv","word_italian","imagine_mean"
"Rocklage2018.csv","word_english","extremity_mean"
"Rocklage2018.csv","word_english","valence_mean"
"Rocklage2018.csv","word_english","wmotionality_mean"
"Roest2017.csv","word_dutch","arousal_mean"
"Roest2017.csv","word_dutch","arousal_mean_men"
"Roest2017.csv","word_dutch","arousal_mean_moors"
"Roest2017.csv","word_dutch","arousal_mean_nonreligious"
"Roest2017.csv","word_dutch","arousal_mean_religious"
"Roest2017.csv","word_dutch","arousal_mean_women"
"Roest2017.csv","word_dutch","insulting_mean"
"Roest2017.csv","word_dutch","insulting_mean_men"
"Roest2017.csv","word_dutch","insulting_mean_nonreligious"
"Roest2017.csv","word_dutch","insulting_mean_religious"
"Roest2017.csv","word_dutch","insulting_mean_women"
"Roest2017.csv","word_dutch","taboo_mean"
"Roest2017.csv","word_dutch","taboo_mean_men"
"Roest2017.csv","word_dutch","taboo_mean_nonreligious"
"Roest2017.csv","word_dutch","taboo_mean_religious"
"Roest2017.csv","word_dutch","taboo_mean_women"
"Roest2017.csv","word_dutch","taboo_personal_mean"
"Roest2017.csv","word_dutch","taboo_personal_mean_men"
"Roest2017.csv","word_dutch","taboo_personal_mean_nonreligious"
"Roest2017.csv","word_dutch","taboo_personal_mean_religious"
"Roest2017.csv","word_dutch","taboo_personal_mean_women"
"Roest2017.csv","word_dutch","valence_mean"
"Roest2017.csv","word_dutch","valence_mean_men"
"Roest2017.csv","word_dutch","valence_mean_moors"
"Roest2017.csv","word_dutch","valence_mean_nonreligious"
"Roest2017.csv","word_dutch","valence_mean_religious"
"Roest2017.csv","word_dutch","valence_mean_women"
"Rogic2013.csv","word_croatian","familiar_mean"
"Rogic2013.csv","word_croatian","naming_latency_mean"
"Rogic2013.csv","word_croatian","visual_complexity_mean"
"Rossion2004.csv","word_english","familiar_mean_color"
"Rossion2004.csv","word_english","familiar_mean_gray"
"Rossion2004.csv","word_english","familiar_mean_line"
"Rossion2004.csv","word_english","imagine_mean_color"
"Rossion2004.csv","word_english","imagine_mean_gray"
"Rossion2004.csv","word_english","imagine_mean_line"
"Russell1970.csv","word_english","aoa_mean"
"Russell1970.csv","word_english","familiar_mean"
"Russell1970.csv","word_english","typicality_mean"
"Russell1970.csv","word_german","aoa_mean"
"Russell1970.csv","word_german","familiar_mean"
"Russell1970.csv","word_german","typicality_mean"
"Ruts2004.csv","word_dutch","aoa_mean"
"Salmon2010.csv","word_english","aoa_subjective_mean"
"Salmon2010.csv","word_english","aoa_subjective_mean_afm"
"Salmon2010.csv","word_english","aoa_subjective_mean_fma"
"Salmon2010.csv","word_english","aoa_subjective_mean_maf"
"Salmon2010.csv","word_english","aoa_subjective_practice_mean"
"Salmon2010.csv","word_english","familiar_mean"
"Salmon2010.csv","word_english","familiar_mean_afm"
"Salmon2010.csv","word_english","familiar_mean_fma"
"Salmon2010.csv","word_english","familiar_mean_maf"
"Salmon2010.csv","word_english","familiar_practice_mean"
"Salmon2010.csv","word_english","manip1_mean"
"Salmon2010.csv","word_english","manip1_mean_afm"
"Salmon2010.csv","word_english","manip1_mean_fma"
"Salmon2010.csv","word_english","manip1_mean_maf"
"Salmon2010.csv","word_english","manip1_practice_mean"
"Salmon2010.csv","word_english","manip2_mean"
"Salmon2010.csv","word_english","manip2_mean_afm"
"Salmon2010.csv","word_english","manip2_mean_fma"
"Salmon2010.csv","word_english","manip2_mean_maf"
"Salmon2010.csv","word_english","manip2_practice_mean"
"Sanfeliu1996.csv","word_english","familiar_mean_english"
"Sanfeliu1996.csv","word_english","familiar_mean_spanish"
"Sanfeliu1996.csv","word_english","image_agreement_mean_english"
"Sanfeliu1996.csv","word_english","image_agreement_mean_spanish"
"Sanfeliu1996.csv","word_english","image_variability_mean_spanish"
"Sanfeliu1996.csv","word_english","picture_name_agreement_mean_spanish"
"Sanfeliu1996.csv","word_english","visual_complexity_mean_english"
"Sanfeliu1996.csv","word_english","visual_complexity_mean_spanish"
"Sanfeliu1996.csv","word_spanish","familiar_mean_english"
"Sanfeliu1996.csv","word_spanish","familiar_mean_spanish"
"Sanfeliu1996.csv","word_spanish","image_agreement_mean_english"
"Sanfeliu1996.csv","word_spanish","image_agreement_mean_spanish"
"Sanfeliu1996.csv","word_spanish","image_variability_mean_spanish"
"Sanfeliu1996.csv","word_spanish","picture_name_agreement_mean_spanish"
"Sanfeliu1996.csv","word_spanish","visual_complexity_mean_english"
"Sanfeliu1996.csv","word_spanish","visual_complexity_mean_spanish"
"Sarli2022.csv","word_spanish","arousal_mean_all"
"Sarli2022.csv","word_spanish","arousal_mean_female"
"Sarli2022.csv","word_spanish","arousal_mean_male"
"Sarli2022.csv","word_spanish","concrete_mean_all"
"Sarli2022.csv","word_spanish","dominance_mean_all"
"Sarli2022.csv","word_spanish","dominance_mean_female"
"Sarli2022.csv","word_spanish","dominance_mean_male"
"Sarli2022.csv","word_spanish","familiar_mean_all"
"Sarli2022.csv","word_spanish","imagine_mean_all"
"Sarli2022.csv","word_spanish","valence_mean_all"
"Sarli2022.csv","word_spanish","valence_mean_female"
"Sarli2022.csv","word_spanish","valence_mean_male"
"Saryazdi2018.csv","word_english","aoa_mean"
"Schauenburg2015.csv","word_german","arousal_mean"
"Schauenburg2015.csv","word_german","authority_mean"
"Schauenburg2015.csv","word_german","community_mean"
"Schauenburg2015.csv","word_german","potency_mean"
"Schauenburg2015.csv","word_german","valence_mean"
"Schmidtke2014.csv","word_english","arousal_mean_anew"
"Schmidtke2014.csv","word_english","arousal_mean_bawl"
"Schmidtke2014.csv","word_english","dominance_mean"
"Schmidtke2014.csv","word_english","imagine_mean"
"Schmidtke2014.csv","word_english","pot_mean"
"Schmidtke2014.csv","word_english","valence_mean"
"Schmidtke2014.csv","word_german","arousal_mean_anew"
"Schmidtke2014.csv","word_german","arousal_mean_bawl"
"Schmidtke2014.csv","word_german","dominance_mean"
"Schmidtke2014.csv","word_german","imagine_mean"
"Schmidtke2014.csv","word_german","pot_mean"
"Schmidtke2014.csv","word_german","valence_mean"
"Schock2011.csv","word_english","imagine_mean"
"Schock2012.csv","word_english","aoa_mean"
"Schock2012.csv","word_english","rt_mean"
"Schroder2012.csv","word_german","aoa_mean"
"Schroder2012.csv","word_german","familiar_mean"
"Schroder2012.csv","word_german","typicality_mean"
"Schroter2017.csv","word_german","accuracy_mean_ld_g1"
"Schroter2017.csv","word_german","accuracy_mean_ld_g2"
"Schroter2017.csv","word_german","accuracy_mean_ld_g3"
"Schroter2017.csv","word_german","accuracy_mean_ld_g4"
"Schroter2017.csv","word_german","accuracy_mean_ld_g6"
"Schroter2017.csv","word_german","accuracy_mean_ld_oa"
"Schroter2017.csv","word_german","accuracy_mean_ld_ya"
"Schroter2017.csv","word_german","accuracy_mean_naming_g1"
"Schroter2017.csv","word_german","accuracy_mean_naming_g2"
"Schroter2017.csv","word_german","accuracy_mean_naming_g3"
"Schroter2017.csv","word_german","accuracy_mean_naming_g4"
"Schroter2017.csv","word_german","accuracy_mean_naming_g6"
"Schroter2017.csv","word_german","accuracy_mean_naming_oa"
"Schroter2017.csv","word_german","accuracy_mean_naming_ya"
"Schroter2017.csv","word_german","aoa_mean"
"Schroter2017.csv","word_german","arousal_mean"
"Schroter2017.csv","word_german","duration_mean_g1"
"Schroter2017.csv","word_german","duration_mean_g2"
"Schroter2017.csv","word_german","duration_mean_g3"
"Schroter2017.csv","word_german","duration_mean_g4"
"Schroter2017.csv","word_german","frequency_subjective_mean"
"Schroter2017.csv","word_german","imagine_mean"
"Schroter2017.csv","word_german","onset_mean_g1"
"Schroter2017.csv","word_german","onset_mean_g2"
"Schroter2017.csv","word_german","onset_mean_g3"
"Schroter2017.csv","word_german","onset_mean_g4"
"Schroter2017.csv","word_german","onset_mean_g6"
"Schroter2017.csv","word_german","onset_mean_oa"
"Schroter2017.csv","word_german","onset_mean_ya"
"Schroter2017.csv","word_german","rt_mean_g1"
"Schroter2017.csv","word_german","rt_mean_g2"
"Schroter2017.csv","word_german","rt_mean_g3"
"Schroter2017.csv","word_german","rt_mean_g4"
"Schroter2017.csv","word_german","rt_mean_g6"
"Schroter2017.csv","word_german","rt_mean_oa"
"Schroter2017.csv","word_german","rt_mean_ya"
"Schroter2017.csv","word_german","valence_mean"
"Schwitter2004.csv","word_french","aoa_mean"
"Schwitter2004.csv","word_french","familiar_mean"
"Schwitter2004.csv","word_french","image_agreement_mean"
"Schwitter2004.csv","word_french","image_variability_mean"
"Schwitter2004.csv","word_french","rt_mean"
"Schwitter2004.csv","word_french","visualcomplexity_mean"
"Scott2017.csv","word_english","aoa_mean"
"Scott2017.csv","word_english","arousal_mean"
"Scott2017.csv","word_english","concrete_mean"
"Scott2017.csv","word_english","dominance_mean"
"Scott2017.csv","word_english","familiar_mean"
"Scott2017.csv","word_english","gender_mean"
"Scott2017.csv","word_english","imagine_mean"
"Scott2017.csv","word_english","size_mean"
"Scott2017.csv","word_english","valence_mean"
"Scott2019.csv","word_english","aoa_mean"
"Scott2019.csv","word_english","arousal_mean"
"Scott2019.csv","word_english","concrete_mean"
"Scott2019.csv","word_english","dominance_mean"
"Scott2019.csv","word_english","familiar_mean"
"Scott2019.csv","word_english","gender_mean"
"Scott2019.csv","word_english","imagine_mean"
"Scott2019.csv","word_english","size_mean"
"Scott2019.csv","word_english","valence_mean"
"Shao2014.csv","word_dutch","aoa_mean_years"
"Shao2014.csv","word_dutch","familiar_mean"
"Shao2014.csv","word_dutch","image_agreement_mean"
"Shao2014.csv","word_dutch","imagine_mean"
"Shao2014.csv","word_dutch","rt_mean_ms"
"Shao2014.csv","word_dutch","visual_complexity_mean"
"Shao2016.csv","word_dutch","aoa_mean"
"Shao2016.csv","word_dutch","familiar_mean"
"Shao2016.csv","word_dutch","image_agreement_mean"
"Shao2016.csv","word_dutch","imagine_mean"
"Shao2016.csv","word_dutch_dominant","aoa_mean"
"Shao2016.csv","word_dutch_dominant","familiar_mean"
"Shao2016.csv","word_dutch_dominant","image_agreement_mean"
"Shao2016.csv","word_dutch_dominant","imagine_mean"
"Sianipar2016.csv","word_indonesian","arousal_mean_all"
"Sianipar2016.csv","word_indonesian","arousal_mean_female"
"Sianipar2016.csv","word_indonesian","arousal_mean_male"
"Sianipar2016.csv","word_indonesian","concrete_mean_all"
"Sianipar2016.csv","word_indonesian","concrete_mean_female"
"Sianipar2016.csv","word_indonesian","concrete_mean_male"
"Sianipar2016.csv","word_indonesian","dominance_mean_all"
"Sianipar2016.csv","word_indonesian","dominance_mean_female"
"Sianipar2016.csv","word_indonesian","dominance_mean_male"
"Sianipar2016.csv","word_indonesian","frequency_mean_all"
"Sianipar2016.csv","word_indonesian","frequency_mean_female"
"Sianipar2016.csv","word_indonesian","frequency_mean_male"
"Sianipar2016.csv","word_indonesian","predictability_mean_all"
"Sianipar2016.csv","word_indonesian","predictability_mean_female"
"Sianipar2016.csv","word_indonesian","predictability_mean_male"
"Sianipar2016.csv","word_indonesian","valence_mean_all"
"Sianipar2016.csv","word_indonesian","valence_mean_female"
"Sianipar2016.csv","word_indonesian","valence_mean_male"
"Siew2025.csv","word_english_singapore","arousal_mean"
"Siew2025.csv","word_english_singapore","arousal_mean_latent"
"Siew2025.csv","word_english_singapore","concrete_mean"
"Siew2025.csv","word_english_singapore","concrete_mean_latent"
"Siew2025.csv","word_english_singapore","humor_mean"
"Siew2025.csv","word_english_singapore","humor_mean_latent"
"Siew2025.csv","word_english_singapore","valence_mean"
"Siew2025.csv","word_english_singapore","valence_mean_latent"
"Silverstein1968.csv","word_english","association_men_mean"
"Silverstein1968.csv","word_english","association_women_mean"
"Silverstein1968.csv","word_english","pleasant_men_mean"
"Silverstein1968.csv","word_english","pleasant_women_mean"
"Smolka2018.csv","word_german_prime","aoa_mean_prime"
"Smolka2018.csv","word_german_prime","aoa_mean_target"
"Smolka2018.csv","word_german_prime","aor_mean_prime"
"Smolka2018.csv","word_german_prime","aor_mean_target"
"Smolka2018.csv","word_german_prime","rating_mean"
"Smolka2018.csv","word_german_target","aoa_mean_prime"
"Smolka2018.csv","word_german_target","aoa_mean_target"
"Smolka2018.csv","word_german_target","aor_mean_prime"
"Smolka2018.csv","word_german_target","aor_mean_target"
"Smolka2018.csv","word_german_target","rating_mean"
"Snodgrass1980.csv","word_english","aoa_mean"
"Snodgrass1980.csv","word_english","complexity_mean"
"Snodgrass1980.csv","word_english","familiar_mean"
"Snodgrass1996.csv","word_english","aoa_mean"
"Snodgrass1996.csv","word_english","rt_mean_exp1"
"Snodgrass1996.csv","word_english","rt_mean_exp2"
"Soares2012.csv","word_spanish","arousal_mean"
"Soares2012.csv","word_spanish","arousal_mean_men"
"Soares2012.csv","word_spanish","arousal_mean_women"
"Soares2012.csv","word_spanish","dominance_mean"
"Soares2012.csv","word_spanish","dominance_mean_men"
"Soares2012.csv","word_spanish","dominance_mean_women"
"Soares2012.csv","word_spanish","valence_mean"
"Soares2012.csv","word_spanish","valence_mean_men"
"Soares2012.csv","word_spanish","valence_mean_women"
"Soares2017.csv","word_spanish","concrete_mean"
"Soares2017.csv","word_spanish","frequency_s_mean"
"Soares2017.csv","word_spanish","imagine_mean"
"Soler2017.csv","word_spanish","arousal_mean"
"Soler2017.csv","word_spanish","familiar_mean"
"Soler2017.csv","word_spanish","priming_mean"
"Soler2017.csv","word_spanish","valence_mean"
"Song2021.csv","word_chinese","aoa_mean"
"Song2021.csv","word_chinese","compositionality_mean"
"Song2021.csv","word_chinese","concrete_mean"
"Song2021.csv","word_chinese","emotional_experience_mean"
"Song2021.csv","word_chinese","familiar_mean"
"Song2021.csv","word_chinese","frequency_subjective_mean"
"Song2021.csv","word_chinese","imagine_mean"
"Song2021.csv","word_chinese","meanings_subjective_mean"
"Song2021.csv","word_chinese","rt_mean"
"Song2021.csv","word_chinese","sensory_experience_mean"
"Song2021.csv","word_chinese","transparency_mean"
"Speed2017.csv","word_dutch","arousal_mean"
"Speed2017.csv","word_dutch","dominance_mean"
"Speed2017.csv","word_dutch","valence_mean"
"Speed2024.csv","word_dutch","anger_mean"
"Speed2024.csv","word_dutch","aoa_mean"
"Speed2024.csv","word_dutch","arousal_mean"
"Speed2024.csv","word_dutch","concrete_mean"
"Speed2024.csv","word_dutch","disgust_mean"
"Speed2024.csv","word_dutch","fear_mean"
"Speed2024.csv","word_dutch","happiness_mean"
"Speed2024.csv","word_dutch","imagine_mean"
"Speed2024.csv","word_dutch","rt_mean_dcp"
"Speed2024.csv","word_dutch","rt_mean_dlp"
"Speed2024.csv","word_dutch","sadness_mean"
"Speed2024.csv","word_dutch","surprise_mean"
"Speed2024.csv","word_dutch","valence_mean"
"Spreen1966.csv","word_english","concrete_mean"
"Spreen1966.csv","word_english","meaningfulness_mean"
"Spreen1966.csv","word_english","specificity_mean"
"Stadthagen-Gonzalez2006.csv","word_english","aoa_mean_100_700"
"Stadthagen-Gonzalez2006.csv","word_english","aoa_mean_years"
"Stadthagen-Gonzalez2006.csv","word_english","familiar_mean"
"Stadthagen-Gonzalez2006.csv","word_english","imagine_mean"
"Stadthagen-Gonzalez2017.csv","word_spanish","arousal_mean"
"Stadthagen-Gonzalez2017.csv","word_spanish","valence_mean"
"Stadthagen-Gonzalez2017a.csv","word_spanish","anger_mean"
"Stadthagen-Gonzalez2017a.csv","word_spanish","arousal_mean"
"Stadthagen-Gonzalez2017a.csv","word_spanish","disgust_mean"
"Stadthagen-Gonzalez2017a.csv","word_spanish","fear_mean"
"Stadthagen-Gonzalez2017a.csv","word_spanish","happiness_mean"
"Stadthagen-Gonzalez2017a.csv","word_spanish","sad_mean"
"Stadthagen-Gonzalez2017a.csv","word_spanish","valence_mean"
"Stevenson2007.csv","word_english","anger_mean"
"Stevenson2007.csv","word_english","anger_mean_female"
"Stevenson2007.csv","word_english","anger_mean_male"
"Stevenson2007.csv","word_english","disgust_mean"
"Stevenson2007.csv","word_english","disgust_mean_female"
"Stevenson2007.csv","word_english","disgust_mean_male"
"Stevenson2007.csv","word_english","fear_mean"
"Stevenson2007.csv","word_english","fear_mean_female"
"Stevenson2007.csv","word_english","fear_mean_male"
"Stevenson2007.csv","word_english","happiness_mean"
"Stevenson2007.csv","word_english","happiness_mean_female"
"Stevenson2007.csv","word_english","happiness_mean_male"
"Stevenson2007.csv","word_english","sadness_mean"
"Stevenson2007.csv","word_english","sadness_mean_female"
"Stevenson2007.csv","word_english","sadness_mean_male"
"Stration1975.csv","word_english","aoa_mean"
"Stration1975.csv","word_english","familiar_mean"
"Stration1975.csv","word_english","imagine_mean"
"Stration1975.csv","word_english","meaningfulness_mean"
"Su2023.csv","word_chinese_traditional","aoa_mean"
"Su2023.csv","word_chinese_traditional","concrete_mean"
"Su2023.csv","word_chinese_traditional","familiar_mean"
"Su2023.csv","word_chinese_traditional","imagine_mean"
"Su2023.csv","word_chinese_traditional","semantic_radical_trans_mean"
"Surprenant1999.csv","word_english","familiar_mean"
"Surprenant1999.csv","word_english","pronounce_mean"
"Syssau2009.csv","word_french","valence_mean"
"Tabossi2011.csv","word_italian_idiom","aoa_mean"
"Tabossi2011.csv","word_italian_idiom","compositionality_mean"
"Tabossi2011.csv","word_italian_idiom","familiar_mean"
"Tabossi2011.csv","word_italian_idiom","literal_plausability_mean"
"Tabossi2011.csv","word_italian_idiom","syntactic_flexibility_mean"
"Toglia1978.csv","word_english","category_mean"
"Toglia1978.csv","word_english","concrete_mean"
"Toglia1978.csv","word_english","familiar_mean"
"Toglia1978.csv","word_english","imagine_mean"
"Toglia1978.csv","word_english","meaning_mean"
"Toglia1978.csv","word_english","pleasant_mean"
"Torrance2018_bg.csv","word_bulgarian","complexity_mean"
"Torrance2018_bg.csv","word_bulgarian","familiar_mean"
"Torrance2018_bg.csv","word_bulgarian","matchimage_mean"
"Torrance2018_bg.csv","word_bulgarian","mean_interkeypressinterval_mean"
"Torrance2018_bg.csv","word_bulgarian","mean_interkeypressintervalcommonname_mean"
"Torrance2018_bg.csv","word_bulgarian","rt_commonname_mean"
"Torrance2018_bg.csv","word_bulgarian","rt_mean"
"Torrance2018_de.csv","word_german","complexity_mean"
"Torrance2018_de.csv","word_german","familiar_mean"
"Torrance2018_de.csv","word_german","matchimage_mean"
"Torrance2018_de.csv","word_german","mean_interkeypressinterval_mean"
"Torrance2018_de.csv","word_german","mean_interkeypressintervalcommonname_mean"
"Torrance2018_de.csv","word_german","rt_commonname_mean"
"Torrance2018_de.csv","word_german","rt_mean"
"Torrance2018_el.csv","word_greek","complexity_mean"
"Torrance2018_el.csv","word_greek","familiar_mean"
"Torrance2018_el.csv","word_greek","matchimage_mean"
"Torrance2018_el.csv","word_greek","mean_interkeypressinterval_mean"
"Torrance2018_el.csv","word_greek","mean_interkeypressintervalcommonname_mean"
"Torrance2018_el.csv","word_greek","rt_commonname_mean"
"Torrance2018_el.csv","word_greek","rt_mean"
"Torrance2018_en.csv","word_english","complexity_mean"
"Torrance2018_en.csv","word_english","familiar_mean"
"Torrance2018_en.csv","word_english","matchimage_mean"
"Torrance2018_en.csv","word_english","mean_interkeypressinterval_mean"
"Torrance2018_en.csv","word_english","mean_interkeypressintervalcommonname_mean"
"Torrance2018_en.csv","word_english","rt_commonname_mean"
"Torrance2018_en.csv","word_english","rt_mean"
"Torrance2018_es.csv","word_spanish","complexity_mean"
"Torrance2018_es.csv","word_spanish","familiar_mean"
"Torrance2018_es.csv","word_spanish","matchimage_mean"
"Torrance2018_es.csv","word_spanish","mean_interkeypressinterval_mean"
"Torrance2018_es.csv","word_spanish","mean_interkeypressintervalcommonname_mean"
"Torrance2018_es.csv","word_spanish","rt_commonname_mean"
"Torrance2018_es.csv","word_spanish","rt_mean"
"Torrance2018_fi.csv","word_finnish","complexity_mean"
"Torrance2018_fi.csv","word_finnish","familiar_mean"
"Torrance2018_fi.csv","word_finnish","matchimage_mean"
"Torrance2018_fi.csv","word_finnish","mean_interkeypressinterval_mean"
"Torrance2018_fi.csv","word_finnish","mean_interkeypressintervalcommonname_mean"
"Torrance2018_fi.csv","word_finnish","rt_commonname_mean"
"Torrance2018_fi.csv","word_finnish","rt_mean"
"Torrance2018_fr.csv","word_french","complexity_mean"
"Torrance2018_fr.csv","word_french","familiar_mean"
"Torrance2018_fr.csv","word_french","matchimage_mean"
"Torrance2018_fr.csv","word_french","mean_interkeypressinterval_mean"
"Torrance2018_fr.csv","word_french","mean_interkeypressintervalcommonname_mean"
"Torrance2018_fr.csv","word_french","rt_commonname_mean"
"Torrance2018_fr.csv","word_french","rt_mean"
"Torrance2018_is.csv","word_icelandic","complexity_mean"
"Torrance2018_is.csv","word_icelandic","familiar_mean"
"Torrance2018_is.csv","word_icelandic","matchimage_mean"
"Torrance2018_is.csv","word_icelandic","mean_interkeypressinterval_mean"
"Torrance2018_is.csv","word_icelandic","mean_interkeypressintervalcommonname_mean"
"Torrance2018_is.csv","word_icelandic","rt_commonname_mean"
"Torrance2018_is.csv","word_icelandic","rt_mean"
"Torrance2018_it.csv","word_italian","complexity_mean"
"Torrance2018_it.csv","word_italian","familiar_mean"
"Torrance2018_it.csv","word_italian","matchimage_mean"
"Torrance2018_it.csv","word_italian","mean_interkeypressinterval_mean"
"Torrance2018_it.csv","word_italian","mean_interkeypressintervalcommonname_mean"
"Torrance2018_it.csv","word_italian","rt_commonname_mean"
"Torrance2018_it.csv","word_italian","rt_mean"
"Torrance2018_nl.csv","word_dutch","complexity_mean"
"Torrance2018_nl.csv","word_dutch","familiar_mean"
"Torrance2018_nl.csv","word_dutch","matchimage_mean"
"Torrance2018_nl.csv","word_dutch","mean_interkeypressinterval_mean"
"Torrance2018_nl.csv","word_dutch","mean_interkeypressintervalcommonname_mean"
"Torrance2018_nl.csv","word_dutch","rt_commonname_mean"
"Torrance2018_nl.csv","word_dutch","rt_mean"
"Torrance2018_no.csv","word_norwegian","complexity_mean"
"Torrance2018_no.csv","word_norwegian","familiar_mean"
"Torrance2018_no.csv","word_norwegian","matchimage_mean"
"Torrance2018_no.csv","word_norwegian","mean_interkeypressinterval_mean"
"Torrance2018_no.csv","word_norwegian","mean_interkeypressintervalcommonname_mean"
"Torrance2018_no.csv","word_norwegian","rt_commonname_mean"
"Torrance2018_no.csv","word_norwegian","rt_mean"
"Torrance2018_pt.csv","word_portuguese","complexity_mean"
"Torrance2018_pt.csv","word_portuguese","familiar_mean"
"Torrance2018_pt.csv","word_portuguese","matchimage_mean"
"Torrance2018_pt.csv","word_portuguese","mean_interkeypressinterval_mean"
"Torrance2018_pt.csv","word_portuguese","mean_interkeypressintervalcommonname_mean"
"Torrance2018_pt.csv","word_portuguese","rt_commonname_mean"
"Torrance2018_pt.csv","word_portuguese","rt_mean"
"Torrance2018_ru.csv","word_russian","complexity_mean"
"Torrance2018_ru.csv","word_russian","familiar_mean"
"Torrance2018_ru.csv","word_russian","matchimage_mean"
"Torrance2018_ru.csv","word_russian","mean_interkeypressinterval_mean"
"Torrance2018_ru.csv","word_russian","mean_interkeypressintervalcommonname_mean"
"Torrance2018_ru.csv","word_russian","rt_commonname_mean"
"Torrance2018_ru.csv","word_russian","rt_mean"
"Torrance2018_sr.csv","word_serbian","complexity_mean"
"Torrance2018_sr.csv","word_serbian","familiar_mean"
"Torrance2018_sr.csv","word_serbian","matchimage_mean"
"Torrance2018_sr.csv","word_serbian","mean_interkeypressinterval_mean"
"Torrance2018_sr.csv","word_serbian","mean_interkeypressintervalcommonname_mean"
"Torrance2018_sr.csv","word_serbian","rt_commonname_mean"
"Torrance2018_sr.csv","word_serbian","rt_mean"
"Tsaparina2011.csv","word_russian","aoa_mean"
"Tsaparina2011.csv","word_russian","familiar_mean"
"Tsaparina2011.csv","word_russian","frequency_mean"
"Tsaparina2011.csv","word_russian","image_agreement_mean"
"Tsaparina2011.csv","word_russian","imagine_mean"
"Tsaparina2011.csv","word_russian","visual_complexity_mean"
"Tsaparina2011.csv","word_russian_name","aoa_mean"
"Tsaparina2011.csv","word_russian_name","familiar_mean"
"Tsaparina2011.csv","word_russian_name","frequency_mean"
"Tsaparina2011.csv","word_russian_name","image_agreement_mean"
"Tsaparina2011.csv","word_russian_name","imagine_mean"
"Tsaparina2011.csv","word_russian_name","visual_complexity_mean"
"Tse2023.csv","word_chinese_traditional","rt_mean"
"Tse2023.csv","word_frequency","rt_mean"
"Valueva2025.csv","word_russian","aoa_mean"
"Valueva2025.csv","word_russian","concrete_mean_grigoriev2022"
"Valueva2025.csv","word_russian","concrete_mean_soloviev2022_500"
"Valueva2025.csv","word_russian","familiar_mean_grigoriev2010"
"Valueva2025.csv","word_russian","familiar_mean_pashneva2014"
"Valueva2025.csv","word_russian","familiar_mean_tsaparina2011"
"Valueva2025.csv","word_russian","imagine_mean_akinina2014"
"Valueva2025.csv","word_russian","imagine_mean_grigoriev2009"
"Valueva2025.csv","word_russian","imagine_mean_pashneva2014"
"Valueva2025.csv","word_russian","imagine_mean_tsaparina2011"
"VanderGoten1999.csv","word_dutch","concrete_mean"
"VanderGoten1999.csv","word_dutch","valence_mean"
"Vergallito2020.csv","word_class","auditory_mean"
"Vergallito2020.csv","word_class","gustatory_mean"
"Vergallito2020.csv","word_class","haptic_mean"
"Vergallito2020.csv","word_class","olfactory_mean"
"Vergallito2020.csv","word_class","rt_mean_ldt"
"Vergallito2020.csv","word_class","rt_mean_nt"
"Vergallito2020.csv","word_class","visual_mean"
"Vergallito2020.csv","word_italian","auditory_mean"
"Vergallito2020.csv","word_italian","gustatory_mean"
"Vergallito2020.csv","word_italian","haptic_mean"
"Vergallito2020.csv","word_italian","olfactory_mean"
"Vergallito2020.csv","word_italian","rt_mean_ldt"
"Vergallito2020.csv","word_italian","rt_mean_nt"
"Vergallito2020.csv","word_italian","visual_mean"
"Verheyen2020.csv","word_dutch","aoa_mean"
"Verheyen2020.csv","word_dutch","arousal_mean"
"Verheyen2020.csv","word_dutch","concrete_mean"
"Verheyen2020.csv","word_dutch","dominance_mean"
"Verheyen2020.csv","word_dutch","familiar_mean"
"Verheyen2020.csv","word_dutch","imagine_mean"
"Verheyen2020.csv","word_dutch","valence_mean"
"Vo2009.csv","word_german","arousal_mean"
"Vo2009.csv","word_german","imagine_mean"
"Vo2009.csv","word_german","valence_mean"
"Volskaya2026.csv","word_russian","abstract_mean"
"Volskaya2026.csv","word_russian","arousal_mean"
"Volskaya2026.csv","word_russian","dominance_mean"
"Volskaya2026.csv","word_russian","valence_mean"
"Walker1970.csv","word_english","imagine_mean"
"Walley1992.csv","word_english","aoa_adult_mean"
"Walley1992.csv","word_english","aoa_mean_older"
"Walley1992.csv","word_english","aoa_mean_young"
"Walley1992.csv","word_english","imagine_mean"
"Wang2019.csv","word_chinese_simplified","aoa_mean"
"Wang2019.csv","word_chinese_simplified","duration_mean"
"Wang2019.csv","word_chinese_simplified","rt_mean"
"Wang2019.csv","word_context_chinese","aoa_mean"
"Wang2019.csv","word_context_chinese","duration_mean"
"Wang2019.csv","word_context_chinese","rt_mean"
"Wang2020_en.csv","word_english","aoa_mean_english_l2"
"Wang2020_en.csv","word_english","familiar_mean_english_l2"
"Wang2020_zh.csv","word_chinese","aoa_mean_chinese_l1"
"Wang2020_zh.csv","word_chinese","concrete_mean_chinese_l1"
"Wang2020_zh.csv","word_chinese","familiar_mean_chinese_l1"
"Warriner2013.csv","word_english","arousal_mean"
"Warriner2013.csv","word_english","arousal_mean_female"
"Warriner2013.csv","word_english","arousal_mean_high_education"
"Warriner2013.csv","word_english","arousal_mean_low_education"
"Warriner2013.csv","word_english","arousal_mean_male"
"Warriner2013.csv","word_english","arousal_mean_old"
"Warriner2013.csv","word_english","arousal_mean_young"
"Warriner2013.csv","word_english","dominance_mean"
"Warriner2013.csv","word_english","dominance_mean_female"
"Warriner2013.csv","word_english","dominance_mean_high_education"
"Warriner2013.csv","word_english","dominance_mean_low_education"
"Warriner2013.csv","word_english","dominance_mean_male"
"Warriner2013.csv","word_english","dominance_mean_old"
"Warriner2013.csv","word_english","dominance_mean_young"
"Warriner2013.csv","word_english","valence_mean"
"Warriner2013.csv","word_english","valence_mean_female"
"Warriner2013.csv","word_english","valence_mean_high_education"
"Warriner2013.csv","word_english","valence_mean_low_education"
"Warriner2013.csv","word_english","valence_mean_male"
"Warriner2013.csv","word_english","valence_mean_old"
"Warriner2013.csv","word_english","valence_mean_young"
"Weekes2007.csv","word_chinese_pinyin","aoa_mean_subjective"
"Weekes2007.csv","word_chinese_pinyin","familiar_mean"
"Weekes2007.csv","word_chinese_pinyin","imagine_mean"
"Weekes2007.csv","word_chinese_pinyin","name_agreement_h_mean"
"Weekes2007.csv","word_chinese_pinyin","rt_mean_exp1"
"Weekes2007.csv","word_chinese_pinyin","rt_mean_exp2"
"Weekes2007.csv","word_chinese_pinyin","visual_complexity_mean"
"Weekes2007.csv","word_chinese_simplified","aoa_mean_subjective"
"Weekes2007.csv","word_chinese_simplified","familiar_mean"
"Weekes2007.csv","word_chinese_simplified","imagine_mean"
"Weekes2007.csv","word_chinese_simplified","name_agreement_h_mean"
"Weekes2007.csv","word_chinese_simplified","rt_mean_exp1"
"Weekes2007.csv","word_chinese_simplified","rt_mean_exp2"
"Weekes2007.csv","word_chinese_simplified","visual_complexity_mean"
"Whalen1994.csv","word_english","familiar_mean"
"Whalen1994.csv","word_english","familiar_mean_name"
"Wolna2023.csv","word_polish_cue","aoa_mean"
"Wolna2023.csv","word_polish_cue","familiar_image_mean"
"Wolna2023.csv","word_polish_cue","image_agreement_mean"
"Wolna2023.csv","word_polish_cue","imagine_mean"
"Wolna2023.csv","word_polish_cue","rt_mean"
"Wolna2023.csv","word_polish_response","aoa_mean"
"Wolna2023.csv","word_polish_response","familiar_image_mean"
"Wolna2023.csv","word_polish_response","image_agreement_mean"
"Wolna2023.csv","word_polish_response","imagine_mean"
"Wolna2023.csv","word_polish_response","rt_mean"
"Xu2021.csv","word_chinese_simplified","aoa_mean"
"Yao2017.csv","word_chinese_simplified","accuracy_mean"
"Yao2017.csv","word_chinese_simplified","arousal_mean"
"Yao2017.csv","word_chinese_simplified","avaliability_mean"
"Yao2017.csv","word_chinese_simplified","concrete_mean"
"Yao2017.csv","word_chinese_simplified","familiar_mean"
"Yao2017.csv","word_chinese_simplified","imagine_mean"
"Yao2017.csv","word_chinese_simplified","rt_mean"
"Yao2017.csv","word_chinese_simplified","valence_mean"
"Yee2017.csv","word_chinese_simplified","arousal_mean"
"Yee2017.csv","word_chinese_simplified","concrete_mean"
"Yee2017.csv","word_chinese_simplified","familiar_mean"
"Yee2017.csv","word_chinese_simplified","imagine_mean"
"Yee2017.csv","word_chinese_simplified","valence_mean"
"Yi2025.csv","word_chinese_simplified","arousal_mean_chinese"
"Yi2025.csv","word_chinese_simplified","arousal_mean_english"
"Yi2025.csv","word_chinese_simplified","sensory_mean_chinese"
"Yi2025.csv","word_chinese_simplified","valence_mean_chinese"
"Yi2025.csv","word_chinese_simplified","valence_mean_english"
"Yi2025.csv","word_english","arousal_mean_chinese"
"Yi2025.csv","word_english","arousal_mean_english"
"Yi2025.csv","word_english","sensory_mean_chinese"
"Yi2025.csv","word_english","valence_mean_chinese"
"Yi2025.csv","word_english","valence_mean_english"
"Yoon2004.csv","word_english","familiar_mean"
"Zechmeister1975.csv","word_english_name","familiar_mean"
"Zechmeister1975.csv","word_english_name","frequency_mean"
"Zechmeister1975.csv","word_english_name","orthographic_mean"
"Zechmeister1975.csv","word_english_name","pronounce_mean"
"Zhao2025.csv","word_chinese_simplified","aoa_mean"
"Zhao2025.csv","word_chinese_simplified","arousal_mean"
"Zhao2025.csv","word_chinese_simplified","concrete_mean"
"Zhao2025.csv","word_chinese_simplified","context_availability_mean"
"Zhao2025.csv","word_chinese_simplified","familiar_mean"
"Zhao2025.csv","word_chinese_simplified","imagine_mean"
"Zhao2025.csv","word_chinese_simplified","semantic_transparency_mean"
"Zhao2025.csv","word_chinese_simplified","valence_mean"
