"file","word_column","variable"
"Abdaoui2017.csv","word_french","polarity"
"Abdaoui2017.csv","word_french","joy_yesno"
"Abdaoui2017.csv","word_french","fear_yesno"
"Abdaoui2017.csv","word_french","sadness_yesno"
"Abdaoui2017.csv","word_french","anger_yesno"
"Abdaoui2017.csv","word_french","surprise_yesno"
"Abdaoui2017.csv","word_french","disgust_yesno"
"Alario1999.csv","word_spanish","name_agreement_h"
"Alario1999.csv","word_spanish","name_agreement_p"
"Alario1999.csv","word_spanish","image_agreement_mean"
"Alario1999.csv","word_spanish","image_agreement_sd"
"Alario1999.csv","word_spanish","familiar_mean"
"Alario1999.csv","word_spanish","familiar_sd"
"Alario1999.csv","word_spanish","complexity_mean"
"Alario1999.csv","word_spanish","complexity_sd"
"Alario1999.csv","word_spanish","variability_mean"
"Alario1999.csv","word_spanish","variability_sd"
"Alario1999.csv","word_spanish","aoa_mean"
"Alario1999.csv","word_spanish","aoa_sd"
"Alario1999.csv","word_spanish","f"
"Alario1999.csv","word_spanish","verbal_association"
"Alario1999.csv","word_spanish","p"
"Alario1999.csv","word_spanish_modal","name_agreement_h"
"Alario1999.csv","word_spanish_modal","name_agreement_p"
"Alario1999.csv","word_spanish_modal","image_agreement_mean"
"Alario1999.csv","word_spanish_modal","image_agreement_sd"
"Alario1999.csv","word_spanish_modal","familiar_mean"
"Alario1999.csv","word_spanish_modal","familiar_sd"
"Alario1999.csv","word_spanish_modal","complexity_mean"
"Alario1999.csv","word_spanish_modal","complexity_sd"
"Alario1999.csv","word_spanish_modal","variability_mean"
"Alario1999.csv","word_spanish_modal","variability_sd"
"Alario1999.csv","word_spanish_modal","aoa_mean"
"Alario1999.csv","word_spanish_modal","aoa_sd"
"Alario1999.csv","word_spanish_modal","f"
"Alario1999.csv","word_spanish_modal","verbal_association"
"Alario1999.csv","word_spanish_modal","p"
"Allen2014.csv","word_english","picture_naming"
"Allen2014.csv","word_english","cognate_status"
"Allen2014.csv","word_english","aoa_mean_japanese_l1"
"Allen2014.csv","word_english","familiar_mean_english_l2"
"Allen2014.csv","word_english","concrete_mean_japanese_l1"
"Allen2014.csv","word_english","number_trans_l1_l2"
"Allen2014.csv","word_english","number_trans_l2_l1"
"Allen2014.csv","word_english","number_meaning_l1"
"Allen2014.csv","word_english","number_meaning_l2"
"Allen2014.csv","word_english","phonological_similarity"
"Allen2014.csv","word_english","semantic_similarity"
"Allen2014.csv","word_japanese","picture_naming"
"Allen2014.csv","word_japanese","cognate_status"
"Allen2014.csv","word_japanese","aoa_mean_japanese_l1"
"Allen2014.csv","word_japanese","familiar_mean_english_l2"
"Allen2014.csv","word_japanese","concrete_mean_japanese_l1"
"Allen2014.csv","word_japanese","number_trans_l1_l2"
"Allen2014.csv","word_japanese","number_trans_l2_l1"
"Allen2014.csv","word_japanese","number_meaning_l1"
"Allen2014.csv","word_japanese","number_meaning_l2"
"Allen2014.csv","word_japanese","phonological_similarity"
"Allen2014.csv","word_japanese","semantic_similarity"
"Allen2014.csv","word_katakana","picture_naming"
"Allen2014.csv","word_katakana","cognate_status"
"Allen2014.csv","word_katakana","aoa_mean_japanese_l1"
"Allen2014.csv","word_katakana","familiar_mean_english_l2"
"Allen2014.csv","word_katakana","concrete_mean_japanese_l1"
"Allen2014.csv","word_katakana","number_trans_l1_l2"
"Allen2014.csv","word_katakana","number_trans_l2_l1"
"Allen2014.csv","word_katakana","number_meaning_l1"
"Allen2014.csv","word_katakana","number_meaning_l2"
"Allen2014.csv","word_katakana","phonological_similarity"
"Allen2014.csv","word_katakana","semantic_similarity"
"Alonso2015.csv","word_spanish","aoa_mean"
"Alonso2015.csv","word_spanish","aoa_sd"
"Alonso2015.csv","word_spanish","aoa_minimum"
"Alonso2015.csv","word_spanish","aoa_maximum"
"Alonso2015.csv","word_spanish","aoa_zscore"
"Alonso2015.csv","word_spanish","oral_freq_log_mean"
"Alonso2015.csv","word_spanish","written_freq_log_subtlexesp_mean"
"Alonso2015.csv","word_spanish","written_freq_log_lexesp_mean"
"Alonso2015.csv","word_spanish","written_freq_log_espal_mean"
"Alonso2015.csv","word_spanish","lem_cat_espl_maximum"
"Alonso2015.csv","word_spanish","lem_maximum_code"
"Alonso2015.csv","word_spanish","syllables"
"Alonso2016.csv","word_spanish","aoa_mean"
"Alonso2016.csv","word_spanish","aoa_sd"
"Alonso2016.csv","word_spanish","aoa_minimum"
"Alonso2016.csv","word_spanish","aoa_maximum"
"Alonso2016.csv","word_spanish","aoa_n"
"Alonso2016.csv","word_spanish","aoa_zscore"
"Altarriba1999.csv","word_english","concrete_mean"
"Altarriba1999.csv","word_english","context_mean"
"Altarriba1999.csv","word_english","imagine_mean"
"Alvarez2007.csv","word_spanish","aoa_mean"
"Alyahya2015.csv","word_arabic","agreement_mean"
"Alyahya2015.csv","word_arabic","frequency"
"Alyahya2015.csv","word_arabic","imagine_mean"
"Alyahya2015.csv","word_arabic","aoa_mean"
"Alyahya2015.csv","word_arabic","phonemes"
"Alyahya2015.csv","word_arabic","visual_complexity_mean"
"Alyahya2015.csv","word_arabic","frequency_synonym"
"Alyahya2015.csv","word_arabic","imagine_mean_synonym"
"Alyahya2015.csv","word_arabic","aoa_mean_synonym"
"Alyahya2015.csv","word_arabic_synonym","agreement_mean"
"Alyahya2015.csv","word_arabic_synonym","frequency"
"Alyahya2015.csv","word_arabic_synonym","imagine_mean"
"Alyahya2015.csv","word_arabic_synonym","aoa_mean"
"Alyahya2015.csv","word_arabic_synonym","phonemes"
"Alyahya2015.csv","word_arabic_synonym","visual_complexity_mean"
"Alyahya2015.csv","word_arabic_synonym","frequency_synonym"
"Alyahya2015.csv","word_arabic_synonym","imagine_mean_synonym"
"Alyahya2015.csv","word_arabic_synonym","aoa_mean_synonym"
"Amsel2012.csv","word_english","familiar_mean"
"Amsel2012.csv","word_english","pain_mean"
"Amsel2012.csv","word_english","smell_mean"
"Amsel2012.csv","word_english","color_mean"
"Amsel2012.csv","word_english","taste_mean"
"Amsel2012.csv","word_english","sound_mean"
"Amsel2012.csv","word_english","grasp_mean"
"Amsel2012.csv","word_english","motion_mean"
"Amsel2012.csv","word_english","familiar_rt"
"Amsel2012.csv","word_english","pain_rt"
"Amsel2012.csv","word_english","smell_rt"
"Amsel2012.csv","word_english","color_rt"
"Amsel2012.csv","word_english","taste_rt"
"Amsel2012.csv","word_english","sound_rt"
"Amsel2012.csv","word_english","grasp_rt"
"Amsel2012.csv","word_english","motion_rt"
"Amsel2012.csv","word_english","pc1_scores"
"Amsel2012.csv","word_english","pc2_scores"
"Asahara2019.csv","word_index","record_id"
"Asahara2019.csv","word_index","entry_id"
"Asahara2019.csv","word_index","record_type"
"Asahara2019.csv","word_index","semantic_top_id"
"Asahara2019.csv","word_index","semantic_mid_id"
"Asahara2019.csv","word_index","semantic_fine_id"
"Asahara2019.csv","word_index","semantic_label_full"
"Asahara2019.csv","word_index","wlsp_id"
"Asahara2019.csv","word_index","paragraph_id"
"Asahara2019.csv","word_index","subparagraph_id"
"Asahara2019.csv","word_index","reading_kana"
"Asahara2019.csv","word_index","reading_reverse"
"Asahara2019.csv","word_index","familiar_know"
"Asahara2019.csv","word_index","familiar_write"
"Asahara2019.csv","word_index","familiar_read"
"Asahara2019.csv","word_index","familiar_speak"
"Asahara2019.csv","word_index","familiar_listen"
"Asahara2019.csv","word_index","familiar_production"
"Asahara2019.csv","word_index","familiar_reception"
"Asahara2019.csv","word_index","familiar_written"
"Asahara2019.csv","word_index","familiar_spoken"
"Asahara2019.csv","word_index","bias_production_vs_reception"
"Asahara2019.csv","word_index","bias_written_vs_spoken"
"Asahara2019.csv","word_japanese_headword","record_id"
"Asahara2019.csv","word_japanese_headword","entry_id"
"Asahara2019.csv","word_japanese_headword","record_type"
"Asahara2019.csv","word_japanese_headword","semantic_top_id"
"Asahara2019.csv","word_japanese_headword","semantic_mid_id"
"Asahara2019.csv","word_japanese_headword","semantic_fine_id"
"Asahara2019.csv","word_japanese_headword","semantic_label_full"
"Asahara2019.csv","word_japanese_headword","wlsp_id"
"Asahara2019.csv","word_japanese_headword","paragraph_id"
"Asahara2019.csv","word_japanese_headword","subparagraph_id"
"Asahara2019.csv","word_japanese_headword","reading_kana"
"Asahara2019.csv","word_japanese_headword","reading_reverse"
"Asahara2019.csv","word_japanese_headword","familiar_know"
"Asahara2019.csv","word_japanese_headword","familiar_write"
"Asahara2019.csv","word_japanese_headword","familiar_read"
"Asahara2019.csv","word_japanese_headword","familiar_speak"
"Asahara2019.csv","word_japanese_headword","familiar_listen"
"Asahara2019.csv","word_japanese_headword","familiar_production"
"Asahara2019.csv","word_japanese_headword","familiar_reception"
"Asahara2019.csv","word_japanese_headword","familiar_written"
"Asahara2019.csv","word_japanese_headword","familiar_spoken"
"Asahara2019.csv","word_japanese_headword","bias_production_vs_reception"
"Asahara2019.csv","word_japanese_headword","bias_written_vs_spoken"
"Asahara2019.csv","word_japanese","record_id"
"Asahara2019.csv","word_japanese","entry_id"
"Asahara2019.csv","word_japanese","record_type"
"Asahara2019.csv","word_japanese","semantic_top_id"
"Asahara2019.csv","word_japanese","semantic_mid_id"
"Asahara2019.csv","word_japanese","semantic_fine_id"
"Asahara2019.csv","word_japanese","semantic_label_full"
"Asahara2019.csv","word_japanese","wlsp_id"
"Asahara2019.csv","word_japanese","paragraph_id"
"Asahara2019.csv","word_japanese","subparagraph_id"
"Asahara2019.csv","word_japanese","reading_kana"
"Asahara2019.csv","word_japanese","reading_reverse"
"Asahara2019.csv","word_japanese","familiar_know"
"Asahara2019.csv","word_japanese","familiar_write"
"Asahara2019.csv","word_japanese","familiar_read"
"Asahara2019.csv","word_japanese","familiar_speak"
"Asahara2019.csv","word_japanese","familiar_listen"
"Asahara2019.csv","word_japanese","familiar_production"
"Asahara2019.csv","word_japanese","familiar_reception"
"Asahara2019.csv","word_japanese","familiar_written"
"Asahara2019.csv","word_japanese","familiar_spoken"
"Asahara2019.csv","word_japanese","bias_production_vs_reception"
"Asahara2019.csv","word_japanese","bias_written_vs_spoken"
"Bakhtiar2013.csv","word_persian_phonetic","naming_rt"
"Bakhtiar2013.csv","word_persian_phonetic","h_statistic"
"Bakhtiar2013.csv","word_persian_phonetic","name_agreement_proportion"
"Bakhtiar2013.csv","word_persian_phonetic","image_agreement_mean"
"Bakhtiar2013.csv","word_persian_phonetic","familiar_mean"
"Bakhtiar2013.csv","word_persian_phonetic","visualcomplexity_mean"
"Bakhtiar2013.csv","word_persian_phonetic","aoa_mean"
"Bakhtiar2013.csv","word_persian_phonetic","frequency"
"Bakhtiar2013.csv","word_persian_phonetic","imagine_mean"
"Bakhtiar2013.csv","word_persian_phonetic","syllables"
"Bakhtiar2013.csv","word_persian_phonetic","phonemes"
"Bakhtiar2013.csv","word_persian","naming_rt"
"Bakhtiar2013.csv","word_persian","h_statistic"
"Bakhtiar2013.csv","word_persian","name_agreement_proportion"
"Bakhtiar2013.csv","word_persian","image_agreement_mean"
"Bakhtiar2013.csv","word_persian","familiar_mean"
"Bakhtiar2013.csv","word_persian","visualcomplexity_mean"
"Bakhtiar2013.csv","word_persian","aoa_mean"
"Bakhtiar2013.csv","word_persian","frequency"
"Bakhtiar2013.csv","word_persian","imagine_mean"
"Bakhtiar2013.csv","word_persian","syllables"
"Bakhtiar2013.csv","word_persian","phonemes"
"Barbarotto2005.csv","word_italian","aoa_mean_subjective"
"Barbarotto2005.csv","word_italian","aoa_mean_subjective_male"
"Barbarotto2005.csv","word_italian","aoa_mean_subjective_female"
"Barbarotto2005.csv","word_italian","aoa_mean_objective"
"Barbarotto2005.csv","word_italian","aoa_exceed_objective"
"Barbarotto2005.csv","word_italian","aoa_youngest_percent_objective"
"Barbarotto2005.csv","word_italian","aoa_oldest_percent_objective"
"Barbarotto2005.csv","word_italian","aoa_regression_estimate_objective"
"Barca2002.csv","word_italian","aoa_mean"
"Barca2002.csv","word_italian","aoa_sd"
"Barca2002.csv","word_italian","familiar_mean"
"Barca2002.csv","word_italian","familiar_sd"
"Barca2002.csv","word_italian","imagine_mean"
"Barca2002.csv","word_italian","imagine_sd"
"Barca2002.csv","word_italian","concrete_mean"
"Barca2002.csv","word_italian","concrete_sd"
"Barca2002.csv","word_italian","frequency_ilc_adult_written"
"Barca2002.csv","word_italian","frequency_colfis_adult_written"
"Barca2002.csv","word_italian","frequency_totfq_child_written"
"Barca2002.csv","word_italian","frequency_compfq_child_written"
"Barca2002.csv","word_italian","frequency_prodfq_child_written"
"Barca2002.csv","word_italian","frequency_spkfq_adult_spoken"
"Barca2002.csv","word_italian","n"
"Barca2002.csv","word_italian","bigram"
"Barca2002.csv","word_italian","syllables"
"Barca2002.csv","word_italian","length"
"Barca2002.csv","word_italian","phonome_stress"
"Barca2002.csv","word_italian","phoneme_voice"
"Barca2002.csv","word_italian","mann"
"Barca2002.csv","word_italian","voiced"
"Barca2002.csv","word_italian","stop"
"Barca2002.csv","word_italian","nasal"
"Barca2002.csv","word_italian","fricative"
"Barca2002.csv","word_italian","affricate"
"Barca2002.csv","word_italian","liquid"
"Barca2002.csv","word_italian","bilabial"
"Barca2002.csv","word_italian","labiodental"
"Barca2002.csv","word_italian","dental"
"Barca2002.csv","word_italian","alveolar"
"Barca2002.csv","word_italian","palatal"
"Barca2002.csv","word_italian","velar"
"Barca2002.csv","word_italian","vowel"
"Barca2002.csv","word_italian","rt_mean"
"Bellezza1986.csv","word_english","pleasant_mean_male"
"Bellezza1986.csv","word_english","pleasant_mean_female"
"Bellezza1986.csv","word_english","pleasant_mean"
"Bellezza1986.csv","word_english","imagine_mean_male"
"Bellezza1986.csv","word_english","imagine_mean_female"
"Bellezza1986.csv","word_english","imagine_mean"
"Bellezza1986.csv","word_english","frequency_mean_male"
"Bellezza1986.csv","word_english","frequency_mean_female"
"Bellezza1986.csv","word_english","frequency_mean"
"Benjafield1989.csv","word_english","date_entry"
"Benjafield1989.csv","word_english","concrete_mean"
"Benjafield1989.csv","word_english","imagine_mean"
"Benjafield1989.csv","word_english","goodness_mean"
"Benjafield1989.csv","word_english","familiar_mean"
"Benjafield1989.csv","word_english","frequency"
"Bennett2011.csv","word_english","imagine_n"
"Bennett2011.csv","word_english","imagine_mean"
"Bennett2011.csv","word_english","imagine_sd"
"Bennett2011.csv","word_english","boi_n"
"Bennett2011.csv","word_english","boi_mean"
"Bennett2011.csv","word_english","boi_sd"
"Bernabeu2018.csv","word_dutch","category"
"Bernabeu2018.csv","word_dutch","pos"
"Bernabeu2018.csv","word_dutch","inflected_property"
"Bernabeu2018.csv","word_dutch","inflection_category"
"Bernabeu2018.csv","word_dutch","modality"
"Bernabeu2018.csv","word_dutch","perceptual_strength_mean"
"Bernabeu2018.csv","word_dutch","exclusivity_proportion"
"Bernabeu2018.csv","word_dutch","auditory_mean"
"Bernabeu2018.csv","word_dutch","haptic_mean"
"Bernabeu2018.csv","word_dutch","visual_mean"
"Bernabeu2018.csv","word_dutch","auditory_sd"
"Bernabeu2018.csv","word_dutch","haptic_sd"
"Bernabeu2018.csv","word_dutch","visual_sd"
"Bernabeu2018.csv","word_dutch","frequency_lg10CD_SUBTLEXNL"
"Bernabeu2018.csv","word_dutch","frequency_lg10WF_SUBTLEXNL"
"Bernabeu2018.csv","word_dutch","frequency_CELEX_lem"
"Bernabeu2018.csv","word_dutch","inflected_prop_freq_lg10CD_SUBTLEXNL"
"Bernabeu2018.csv","word_dutch","aoa_mean_Brysbaertetal2014"
"Bernabeu2018.csv","word_dutch","concrete)mean_Brysbaertetal2014"
"Bernabeu2018.csv","word_dutch","known_percent_Brysbaertetal2014"
"Bernabeu2018.csv","word_dutch","letters"
"Bernabeu2018.csv","word_dutch","phonemes_DUTCHPOND"
"Bernabeu2018.csv","word_dutch","orthographic_neighbours_DUTCHPOND"
"Bernabeu2018.csv","word_dutch","phonographic_neighbours_DUTCHPOND"
"Berrian1979.csv","word_english","imagine_mean"
"Berrian1979.csv","word_english","imagine_sd"
"Berrian1979.csv","word_english","ease_define_mean"
"Berrian1979.csv","word_english","ease_define_sd"
"Berrian1979.csv","word_english","animate_mean"
"Berrian1979.csv","word_english","animate_sd"
"Berrian1979.csv","word_english","frequency_kf"
"Bestgen2012.csv","word_english","arousal_mean_lsa"
"Bestgen2012.csv","word_english","arousal_mean_norms"
"Bestgen2012.csv","word_english","concrete_mean_lsa"
"Bestgen2012.csv","word_english","concrete_mean_norms"
"Bestgen2012.csv","word_english","dominance_mean_lsa"
"Bestgen2012.csv","word_english","dominance_mean_norms"
"Bestgen2012.csv","word_english","imagine_mean_lsa"
"Bestgen2012.csv","word_english","imagine_mean_norms"
"Bestgen2012.csv","word_english","valence_mean_lsa"
"Bestgen2012.csv","word_english","valence_mean_norms"
"Birchenough2017.csv","word_german","rating_n"
"Birchenough2017.csv","word_german","aoa_mean"
"Birchenough2017.csv","word_german","aoa_sd"
"Birchenough2017.csv","word_german","aoa_minimum"
"Birchenough2017.csv","word_german","aoa_maximum"
"Birchenough2017.csv","word_german","unknown_n"
"Birchenough2017.csv","word_german","aoa_mean_likert"
"Birchenough2017.csv","word_german","aoa_sd_likert"
"Birchenough2017.csv","word_german","aoa_minimum_likert"
"Birchenough2017.csv","word_german","aoa_maximum_likert"
"Bird2001.csv","word_english","pos"
"Bird2001.csv","word_english","aoa_mean"
"Bird2001.csv","word_english","imagine_mean"
"Bird2001.csv","word_english","aoa_mean_mrc"
"Bird2001.csv","word_english","imagine_mean_mrc"
"Bird2001.csv","word_english","frequency"
"Bogunovic2023.csv","word_equivalent","valence_mean"
"Bogunovic2023.csv","word_equivalent","valence_sd"
"Bogunovic2023.csv","word_equivalent","valence_unknown"
"Bogunovic2023.csv","word_equivalent","valence_n"
"Bogunovic2023.csv","word_equivalent","arousal_mean"
"Bogunovic2023.csv","word_equivalent","arousal_sd"
"Bogunovic2023.csv","word_equivalent","arousal_unknown"
"Bogunovic2023.csv","word_equivalent","arousal_n"
"Bogunovic2023.csv","word_equivalent","familiar_mean"
"Bogunovic2023.csv","word_equivalent","familiar_sd"
"Bogunovic2023.csv","word_equivalent","familiar_unknown"
"Bogunovic2023.csv","word_equivalent","familiar_n"
"Bogunovic2023.csv","word_equivalent","concrete_mean"
"Bogunovic2023.csv","word_equivalent","concrete_sd"
"Bogunovic2023.csv","word_equivalent","concrete_unknown"
"Bogunovic2023.csv","word_equivalent","concrete_n"
"Bogunovic2023.csv","word_croatian","valence_mean"
"Bogunovic2023.csv","word_croatian","valence_sd"
"Bogunovic2023.csv","word_croatian","valence_unknown"
"Bogunovic2023.csv","word_croatian","valence_n"
"Bogunovic2023.csv","word_croatian","arousal_mean"
"Bogunovic2023.csv","word_croatian","arousal_sd"
"Bogunovic2023.csv","word_croatian","arousal_unknown"
"Bogunovic2023.csv","word_croatian","arousal_n"
"Bogunovic2023.csv","word_croatian","familiar_mean"
"Bogunovic2023.csv","word_croatian","familiar_sd"
"Bogunovic2023.csv","word_croatian","familiar_unknown"
"Bogunovic2023.csv","word_croatian","familiar_n"
"Bogunovic2023.csv","word_croatian","concrete_mean"
"Bogunovic2023.csv","word_croatian","concrete_sd"
"Bogunovic2023.csv","word_croatian","concrete_unknown"
"Bogunovic2023.csv","word_croatian","concrete_n"
"Bonin2003.csv","word_french","semantic_category"
"Bonin2003.csv","word_french","rt_mean_naming"
"Bonin2003.csv","word_french","name_agreement_h"
"Bonin2003.csv","word_french","name_agreement_p"
"Bonin2003.csv","word_french","image_agreement_mean"
"Bonin2003.csv","word_french","image_agreement_sd"
"Bonin2003.csv","word_french","familiar_mean"
"Bonin2003.csv","word_french","familiar_sd"
"Bonin2003.csv","word_french","visualcomplexity_mean"
"Bonin2003.csv","word_french","visual_complexity_sd"
"Bonin2003.csv","word_french","image_variability_mean"
"Bonin2003.csv","word_french","image_variability_sd"
"Bonin2003.csv","word_french","aoa_mean"
"Bonin2003.csv","word_french","aoa_sd"
"Bonin2003.csv","word_french","frequency_brulex"
"Bonin2003.csv","word_french","frequency_frontex"
"Bonin2003.csv","word_french","number_of_modal_names"
"Bonin2003.csv","word_french","dont_know"
"Bonin2003.csv","word_french","dko"
"Bonin2003.csv","word_french","total"
"Bonin2003.csv","word_french","nondominance_names"
"Bonin2003.csv","word_french_disambiguate","semantic_category"
"Bonin2003.csv","word_french_disambiguate","rt_mean_naming"
"Bonin2003.csv","word_french_disambiguate","name_agreement_h"
"Bonin2003.csv","word_french_disambiguate","name_agreement_p"
"Bonin2003.csv","word_french_disambiguate","image_agreement_mean"
"Bonin2003.csv","word_french_disambiguate","image_agreement_sd"
"Bonin2003.csv","word_french_disambiguate","familiar_mean"
"Bonin2003.csv","word_french_disambiguate","familiar_sd"
"Bonin2003.csv","word_french_disambiguate","visualcomplexity_mean"
"Bonin2003.csv","word_french_disambiguate","visual_complexity_sd"
"Bonin2003.csv","word_french_disambiguate","image_variability_mean"
"Bonin2003.csv","word_french_disambiguate","image_variability_sd"
"Bonin2003.csv","word_french_disambiguate","aoa_mean"
"Bonin2003.csv","word_french_disambiguate","aoa_sd"
"Bonin2003.csv","word_french_disambiguate","frequency_brulex"
"Bonin2003.csv","word_french_disambiguate","frequency_frontex"
"Bonin2003.csv","word_french_disambiguate","number_of_modal_names"
"Bonin2003.csv","word_french_disambiguate","dont_know"
"Bonin2003.csv","word_french_disambiguate","dko"
"Bonin2003.csv","word_french_disambiguate","total"
"Bonin2003.csv","word_french_disambiguate","nondominance_names"
"Bonin2013.csv","word_russian","frequency_subjective"
"Bonin2013.csv","word_russian","image_variability_mean"
"Bonin2013.csv","word_russian","boi_mean"
"Bonin2013.csv","word_russian","naming_rt"
"Bonin2013.csv","word_russian","recognition_rt"
"Bonin2013a.csv","word_french","valence_mean"
"Bonin2013a.csv","word_french","valence_sd"
"Bonin2013a.csv","word_french","arousal_mean"
"Bonin2013a.csv","word_french","arousal_sd"
"Bonin2013a.csv","word_french","context_mean"
"Bonin2013a.csv","word_french","context_sd"
"Bonin2013a.csv","word_french","concrete_mean"
"Bonin2013a.csv","word_french","concrete_sd"
"Bonin2015.csv","word_english_acronym","aoa_mean"
"Bonin2015.csv","word_english_acronym","frequency_mean_subjective"
"Bonin2015.csv","word_english_acronym","imagine_mean"
"Bonin2015.csv","word_english_acronym","length"
"Bonin2015.csv","word_english_acronym","phonemes"
"Bonin2015.csv","word_english_acronym","syllables"
"Bonin2015.csv","word_english_acronym","neighbors_n"
"Bonin2015.csv","word_english_acronym","frequency_objective"
"Bonin2015.csv","word_english_acronym","frequency_mean_bigram"
"Bonin2015.csv","word_english_acronym","type_of_acronyms"
"Bonin2015.csv","word_english_acronym","voiced_feature"
"Bonin2015.csv","word_english_acronym","rt_mean"
"Bonin2015a.csv","word_french","sensory_mean"
"Bonin2015a.csv","word_french","sensory_sd"
"Bonin2021.csv","word_french","aoa_mean"
"Bonin2021.csv","word_french","aoa_sd"
"Bonin2021.csv","word_french","familiar_mean"
"Bonin2021.csv","word_french","familiar_sd"
"Bonin2021.csv","word_french","imagine_mean"
"Bonin2021.csv","word_french","imagine_sd"
"Boukadi2016.csv","word_arabic_intended","name_agreement_mean"
"Boukadi2016.csv","word_arabic_intended","name_agreement_proportion"
"Boukadi2016.csv","word_arabic_intended","familiar_mean"
"Boukadi2016.csv","word_arabic_intended","familiar_sd"
"Boukadi2016.csv","word_arabic_intended","frequency_mean"
"Boukadi2016.csv","word_arabic_intended","frequency_sd"
"Boukadi2016.csv","word_arabic_intended","imagine_mean"
"Boukadi2016.csv","word_arabic_intended","imagine_sd"
"Boukadi2016.csv","word_arabic_intended","phonemes"
"Boukadi2016.csv","word_arabic_intended","syllables"
"Boukadi2016.csv","word_arabic_modal","name_agreement_mean"
"Boukadi2016.csv","word_arabic_modal","name_agreement_proportion"
"Boukadi2016.csv","word_arabic_modal","familiar_mean"
"Boukadi2016.csv","word_arabic_modal","familiar_sd"
"Boukadi2016.csv","word_arabic_modal","frequency_mean"
"Boukadi2016.csv","word_arabic_modal","frequency_sd"
"Boukadi2016.csv","word_arabic_modal","imagine_mean"
"Boukadi2016.csv","word_arabic_modal","imagine_sd"
"Boukadi2016.csv","word_arabic_modal","phonemes"
"Boukadi2016.csv","word_arabic_modal","syllables"
"Bradley1999.csv","word_english","valence_mean"
"Bradley1999.csv","word_english","valence_sd"
"Bradley1999.csv","word_english","arousal_mean"
"Bradley1999.csv","word_english","arousal_sd"
"Bradley1999.csv","word_english","dominance_mean"
"Bradley1999.csv","word_english","dominance_sd"
"Bradley1999.csv","word_english","frequency"
"Bradley1999.csv","word_english","valence_mean_male"
"Bradley1999.csv","word_english","valence_sd_male"
"Bradley1999.csv","word_english","arousal_mean_male"
"Bradley1999.csv","word_english","arousal_sd_male"
"Bradley1999.csv","word_english","dominance_mean_male"
"Bradley1999.csv","word_english","dominance_sd_male"
"Bradley1999.csv","word_english","valence_mean_female"
"Bradley1999.csv","word_english","valence_sd_female"
"Bradley1999.csv","word_english","arousal_mean_female"
"Bradley1999.csv","word_english","arousal_sd_female"
"Bradley1999.csv","word_english","dominance_mean_female"
"Bradley1999.csv","word_english","dominance_sd_female"
"Briesemeister2011.csv","word_german","happiness_mean"
"Briesemeister2011.csv","word_german","happiness_sd"
"Briesemeister2011.csv","word_german","anger_mean"
"Briesemeister2011.csv","word_german","anger_sd"
"Briesemeister2011.csv","word_german","sad_mean"
"Briesemeister2011.csv","word_german","sad_sd"
"Briesemeister2011.csv","word_german","fear_mean"
"Briesemeister2011.csv","word_german","fear_sd"
"Briesemeister2011.csv","word_german","disgust_mean"
"Briesemeister2011.csv","word_german","disgust_sd"
"Briesemeister2011.csv","word_german","basic_emo_cat_conservative"
"Briesemeister2011.csv","word_german","basic_emo_cat_liberal"
"Brown1969.csv","word_english","goodness_mean"
"Brown1969.csv","word_english","pleasantness_mean"
"Brown1969.csv","word_english","emotionality_mean"
"Brown1969.csv","word_english","concrete_mean"
"Brown1969.csv","word_english","associative_difficulty_mean"
"Brysbaert2014.csv","word_english","bigram"
"Brysbaert2014.csv","word_english","concrete_mean"
"Brysbaert2014.csv","word_english","concrete_sd"
"Brysbaert2014.csv","word_english","unknown_n"
"Brysbaert2014.csv","word_english","total_n"
"Brysbaert2014.csv","word_english","known_proportion"
"Brysbaert2014.csv","word_english","frequency_subtlex"
"Brysbaert2014a.csv","word_dutch","concrete_list"
"Brysbaert2014a.csv","word_dutch","concrete_mean"
"Brysbaert2014a.csv","word_dutch","concrete_sd"
"Brysbaert2014a.csv","word_dutch","concrete_ratings_n"
"Brysbaert2014a.csv","word_dutch","concrete_unknown_response_n"
"Brysbaert2014a.csv","word_dutch","concrete_sample_n"
"Brysbaert2014a.csv","word_dutch","aoa_list"
"Brysbaert2014a.csv","word_dutch","aoa_sample_n"
"Brysbaert2014a.csv","word_dutch","aoa_known_prob"
"Brysbaert2014a.csv","word_dutch","aoa_mean"
"Brysbaert2014a.csv","word_dutch","aoa_sd"
"Brysbaert2017_2.csv","word_english","frequency_pm"
"Brysbaert2017_2.csv","word_english","pos_dominance"
"Brysbaert2017_2.csv","word_english","length"
"Brysbaert2017_2.csv","word_english","phonemes"
"Brysbaert2017_2.csv","word_english","syllables"
"Brysbaert2017_2.csv","word_english","lemma"
"Brysbaert2017_2.csv","word_english","aoa_mean_kuperman"
"Brysbaert2017_2.csv","word_english","percent_unknown_kuperman"
"Brysbaert2017_2.csv","word_english","aoa_mean_kuperman_lemma"
"Brysbaert2017_2.csv","word_english","percent_unknown_kuperman_lemma"
"Brysbaert2017_2.csv","word_english","aoa_mean_bird_lemma"
"Brysbaert2017_2.csv","word_english","aoa_mean_bristol_lemma"
"Brysbaert2017_2.csv","word_english","aoa_mean_cort_lemma"
"Brysbaert2017_2.csv","word_english","aoa_mean_schock"
"Brysbaert2017_2.csv","word_english_alt_spelling","frequency_pm"
"Brysbaert2017_2.csv","word_english_alt_spelling","pos_dominance"
"Brysbaert2017_2.csv","word_english_alt_spelling","length"
"Brysbaert2017_2.csv","word_english_alt_spelling","phonemes"
"Brysbaert2017_2.csv","word_english_alt_spelling","syllables"
"Brysbaert2017_2.csv","word_english_alt_spelling","lemma"
"Brysbaert2017_2.csv","word_english_alt_spelling","aoa_mean_kuperman"
"Brysbaert2017_2.csv","word_english_alt_spelling","percent_unknown_kuperman"
"Brysbaert2017_2.csv","word_english_alt_spelling","aoa_mean_kuperman_lemma"
"Brysbaert2017_2.csv","word_english_alt_spelling","percent_unknown_kuperman_lemma"
"Brysbaert2017_2.csv","word_english_alt_spelling","aoa_mean_bird_lemma"
"Brysbaert2017_2.csv","word_english_alt_spelling","aoa_mean_bristol_lemma"
"Brysbaert2017_2.csv","word_english_alt_spelling","aoa_mean_cort_lemma"
"Brysbaert2017_2.csv","word_english_alt_spelling","aoa_mean_schock"
"Brysbaert2017.csv","word_english","meaning"
"Brysbaert2017.csv","word_english","aoa_mean_testbased"
"Brysbaert2017.csv","word_english","aoa_mean_rating"
"Brysbaert2017.csv","word_english","lwv"
"Brysbaert2017.csv","word_english","cdi"
"Brysbaert2017.csv","word_english","morr"
"Brysbaert2017.csv","word_english","floc"
"Buchanan2019.csv","word_english_1","root_cosine"
"Buchanan2019.csv","word_english_1","raw_cosine"
"Buchanan2019.csv","word_english_1","affix_cosine"
"Buchanan2019.csv","word_english_1","raw_cosine_2013"
"Buchanan2019.csv","word_english_1","jcn"
"Buchanan2019.csv","word_english_1","lsa"
"Buchanan2019.csv","word_english_1","fsg"
"Buchanan2019.csv","word_english_1","bsg"
"Buchanan2019.csv","word_english_2","root_cosine"
"Buchanan2019.csv","word_english_2","raw_cosine"
"Buchanan2019.csv","word_english_2","affix_cosine"
"Buchanan2019.csv","word_english_2","raw_cosine_2013"
"Buchanan2019.csv","word_english_2","jcn"
"Buchanan2019.csv","word_english_2","lsa"
"Buchanan2019.csv","word_english_2","fsg"
"Buchanan2019.csv","word_english_2","bsg"
"Cameirao2010.csv","word_portuguese","cgram"
"Cameirao2010.csv","word_portuguese","familiar_mean"
"Cameirao2010.csv","word_portuguese","concrete_mean"
"Cameirao2010.csv","word_portuguese","imagine_mean"
"Cameirao2010.csv","word_portuguese","aoa_mean"
"Cameirao2010.csv","word_portuguese","aoa_sd"
"Cameirao2010.csv","word_portuguese","length"
"Cameirao2010.csv","word_portuguese","silo_n"
"Cameirao2010.csv","word_portuguese","phonemes"
"Cameirao2010.csv","word_portuguese","silphom_n"
"Cameirao2010.csv","word_portuguese","ond"
"Cameirao2010.csv","word_portuguese","oup"
"Cameirao2010.csv","word_portuguese","phoneme_density"
"Cameirao2010.csv","word_portuguese","phonome_up"
"Cameirao2010.csv","word_portuguese","frequency"
"Cameirao2010.csv","word_portuguese","frequency_log"
"Cannard2008.csv","word_french","aoa_mean"
"Cannard2008.csv","word_french","aoa_mean_chalard2003"
"Cannard2008.csv","word_french","aoa_mean_pind2000"
"Cannard2008.csv","word_french","aoa_mean_morrison1997"
"Cannard2008.csv","word_french","aoa_mean_barbarotto2005"
"Cannard2008.csv","word_french","aoa_mean_perez2005"
"Cannard2008.csv","word_french","aoa_mean_alvarez2007"
"Cannard2008.csv","word_english","aoa_mean"
"Cannard2008.csv","word_english","aoa_mean_chalard2003"
"Cannard2008.csv","word_english","aoa_mean_pind2000"
"Cannard2008.csv","word_english","aoa_mean_morrison1997"
"Cannard2008.csv","word_english","aoa_mean_barbarotto2005"
"Cannard2008.csv","word_english","aoa_mean_perez2005"
"Cannard2008.csv","word_english","aoa_mean_alvarez2007"
"Carroll1973.csv","word_english","aoa_mean_male"
"Carroll1973.csv","word_english","aoa_sd_male"
"Carroll1973.csv","word_english","aoa_mean_female"
"Carroll1973.csv","word_english","aoa_sd_female"
"Carroll1973.csv","word_english","aoa_mean"
"Carroll1973.csv","word_english","aoa_sd"
"Carroll1973.csv","word_english","frequency_tl"
"Carroll1973.csv","word_english","frequency_kf"
"Carroll1973.csv","word_english","frequency_ah"
"Chedid2019.csv","word_french","familiarity_mean_conceptual"
"Chedid2019.csv","word_french","familiarity_sd_conceptual"
"Chedid2019.csv","word_french","familiarity_min_conceptual"
"Chedid2019.csv","word_french","familiarity_max_conceptual"
"Chedid2019.csv","word_french","number_of_raters"
"Chedid2019.csv","word_french","rt_mean"
"Chedid2019.csv","word_french","rt_sd"
"Chen2019.csv","word_chinese_traditional","translation_word_english"
"Chen2019.csv","word_chinese_traditional","gustatory_mean"
"Chen2019.csv","word_chinese_traditional","visual_strength_mean"
"Chen2019.csv","word_chinese_traditional","auditory_strength_mean"
"Chen2019.csv","word_chinese_traditional","olfactory_strength_mean"
"Chen2019.csv","word_chinese_traditional","haptic_strength_mean"
"Chen2019.csv","word_chinese_traditional","dominant_modality"
"Chen2019.csv","word_chinese_traditional","modality_exclusivity"
"Chen2019.csv","word_chinese_traditional","V12"
"Chen2019.csv","word_chinese_traditional","V13"
"Chen2019.csv","word_chinese_simplified","translation_word_english"
"Chen2019.csv","word_chinese_simplified","gustatory_mean"
"Chen2019.csv","word_chinese_simplified","visual_strength_mean"
"Chen2019.csv","word_chinese_simplified","auditory_strength_mean"
"Chen2019.csv","word_chinese_simplified","olfactory_strength_mean"
"Chen2019.csv","word_chinese_simplified","haptic_strength_mean"
"Chen2019.csv","word_chinese_simplified","dominant_modality"
"Chen2019.csv","word_chinese_simplified","modality_exclusivity"
"Chen2019.csv","word_chinese_simplified","V12"
"Chen2019.csv","word_chinese_simplified","V13"
"Chen2019.csv","word_pinyin","translation_word_english"
"Chen2019.csv","word_pinyin","gustatory_mean"
"Chen2019.csv","word_pinyin","visual_strength_mean"
"Chen2019.csv","word_pinyin","auditory_strength_mean"
"Chen2019.csv","word_pinyin","olfactory_strength_mean"
"Chen2019.csv","word_pinyin","haptic_strength_mean"
"Chen2019.csv","word_pinyin","dominant_modality"
"Chen2019.csv","word_pinyin","modality_exclusivity"
"Chen2019.csv","word_pinyin","V12"
"Chen2019.csv","word_pinyin","V13"
"Chiarello1999.csv","word_english","fk_code"
"Chiarello1999.csv","word_english","imagine_mean"
"Chiarello1999.csv","word_english","imagine_sd"
"Chiarello1999.csv","word_english","imagine_mean_rt"
"Chiarello1999.csv","word_english","imagine_sd_rt"
"Chiarello1999.csv","word_english","ndist_hal_uninflected"
"Chiarello1999.csv","word_english","vdist_hal_uninflected"
"Chiarello1999.csv","word_english","nvdd_hal_uninflected"
"Chiarello1999.csv","word_english","ndist_hal_inflected"
"Chiarello1999.csv","word_english","vdist_hal_inflected"
"Chiarello1999.csv","word_english","nvdd_hal_inflected"
"Chiarello1999.csv","word_english","frequency_usenet_log"
"Chiarello1999.csv","word_english","familiar_mean"
"Clark2004.csv","word_english","aoa_mean"
"Clark2004.csv","word_english","concrete_mean"
"Clark2004.csv","word_english","familiar_mean"
"Clark2004.csv","word_english","imagine_mean"
"Clark2004.csv","word_english","intensity_mean"
"Clark2004.csv","word_english","valence_mean"
"Clark2004.csv","word_english","dict"
"Clark2004.csv","word_english","avlkb"
"Clark2004.csv","word_english","length"
"Clark2004.csv","word_english","syllables"
"Clark2004.csv","word_english","mng"
"Clark2004.csv","word_english","frqtl"
"Clark2004.csv","word_english","frqkf"
"Clark2004.csv","word_english","avlrf"
"Clark2004.csv","word_english","associate"
"Clark2004.csv","word_english","conav"
"Clark2004.csv","word_english","definition"
"Clark2004.csv","word_english","letbr"
"Clark2004.csv","word_english","insnd"
"Clark2004.csv","word_english","amb"
"Clark2004.csv","word_english","emopl"
"Clark2004.csv","word_english","pronoun"
"Clark2004.csv","word_english","rhy"
"Clark2004.csv","word_english","look"
"Clark2004.csv","word_english","sou"
"Clark2004.csv","word_english","gender"
"Clark2004.csv","word_english","emogd"
"Clark2004.csv","word_english","gender_2"
"Clark2004.csv","word_english","fam2"
"Clark2004.csv","word_english","img2"
"Clarke2018.csv","word_thai_intended","name_agreement_percent"
"Clarke2018.csv","word_thai_intended","name_agreement_h"
"Clarke2018.csv","word_thai_intended","name_agreement_k"
"Clarke2018.csv","word_thai_intended","dko"
"Clarke2018.csv","word_thai_intended","dkn"
"Clarke2018.csv","word_thai_intended","total"
"Clarke2018.csv","word_thai_intended","modal_category"
"Clarke2018.csv","word_thai_intended","category_agreement_percent"
"Clarke2018.csv","word_thai_intended","category_agreement_h"
"Clarke2018.csv","word_thai_intended","familiarity_mean"
"Clarke2018.csv","word_thai_intended","familiarity_sd"
"Clarke2018.csv","word_thai_intended","visual_complexity_mean"
"Clarke2018.csv","word_thai_intended","visual_complexity_sd"
"Clarke2018.csv","word_thai_intended","grasp_mean"
"Clarke2018.csv","word_thai_intended","grasp_sd"
"Clarke2018.csv","word_thai_intended","mime_mean"
"Clarke2018.csv","word_thai_intended","mime_sd"
"Clarke2018.csv","word_thai_intended","image_agreement_mean"
"Clarke2018.csv","word_thai_intended","image_agreement_sd"
"Clarke2018.csv","word_thai_intended","aoa_mean"
"Clarke2018.csv","word_thai_intended","aoa_sd"
"Clarke2018.csv","word_thai_modal","name_agreement_percent"
"Clarke2018.csv","word_thai_modal","name_agreement_h"
"Clarke2018.csv","word_thai_modal","name_agreement_k"
"Clarke2018.csv","word_thai_modal","dko"
"Clarke2018.csv","word_thai_modal","dkn"
"Clarke2018.csv","word_thai_modal","total"
"Clarke2018.csv","word_thai_modal","modal_category"
"Clarke2018.csv","word_thai_modal","category_agreement_percent"
"Clarke2018.csv","word_thai_modal","category_agreement_h"
"Clarke2018.csv","word_thai_modal","familiarity_mean"
"Clarke2018.csv","word_thai_modal","familiarity_sd"
"Clarke2018.csv","word_thai_modal","visual_complexity_mean"
"Clarke2018.csv","word_thai_modal","visual_complexity_sd"
"Clarke2018.csv","word_thai_modal","grasp_mean"
"Clarke2018.csv","word_thai_modal","grasp_sd"
"Clarke2018.csv","word_thai_modal","mime_mean"
"Clarke2018.csv","word_thai_modal","mime_sd"
"Clarke2018.csv","word_thai_modal","image_agreement_mean"
"Clarke2018.csv","word_thai_modal","image_agreement_sd"
"Clarke2018.csv","word_thai_modal","aoa_mean"
"Clarke2018.csv","word_thai_modal","aoa_sd"
"Cohen-Shikora2013.csv","word_english","regularity"
"Cohen-Shikora2013.csv","word_english","consistency"
"Cohen-Shikora2013.csv","word_english","imagine_mean"
"Cohen-Shikora2013.csv","word_english","rt_mean"
"Cohen-Shikora2013.csv","word_english","zscore"
"Cohen-Shikora2013.csv","word_english","proportion_correct"
"Cohen-Shikora2013.csv","word_english","proportion_error"
"Cohen-Shikora2013.csv","word_english_past","regularity"
"Cohen-Shikora2013.csv","word_english_past","consistency"
"Cohen-Shikora2013.csv","word_english_past","imagine_mean"
"Cohen-Shikora2013.csv","word_english_past","rt_mean"
"Cohen-Shikora2013.csv","word_english_past","zscore"
"Cohen-Shikora2013.csv","word_english_past","proportion_correct"
"Cohen-Shikora2013.csv","word_english_past","proportion_error"
"Conde2026_cvaa_gpt.csv","word_german","familiar_GPT"
"Conde2026_cvaa_gpt.csv","word_german","familiar_GPT_finetuned"
"Conde2026_cvaa_gpt.csv","word_german","letters"
"Conde2026_cvaa_gpt.csv","word_german","frequency_multilex"
"Conde2026_cvaa_gpt.csv","word_german","concrete_GPT"
"Conde2026_cvaa_gpt.csv","word_german","valence_GPT"
"Conde2026_cvaa_gpt.csv","word_german","arousal_GPT"
"Conde2026_cvaa_gpt.csv","word_german","aoa_GPT_finetuned"
"Conde2026_familiar_human.csv","word_german","familiar_mean"
"Conde2026_familiar_human.csv","word_german","familiar_sd"
"Conde2026_familiar_human.csv","word_german","familiar_min"
"Conde2026_familiar_human.csv","word_german","familiar_max"
"Conde2026_familiar_human.csv","word_german","n"
"Conde2026_familiar_human.csv","word_german","familiar_blup"
"Conde2026_frequency.csv","word_german","frequency_WFfreqcount"
"Conde2026_frequency.csv","word_german","spell_check"
"Conde2026_frequency.csv","word_german","frequency_CUMfreqcount"
"Conde2026_frequency.csv","word_german","frequency_SUBTLEX"
"Conde2026_frequency.csv","word_german","frequency_Google00"
"Conde2026_frequency.csv","word_german","frequency_Google00cum"
"Conde2026_frequency.csv","word_german","frequency_Google00pm"
"Conde2026_frequency.csv","word_german","frequency_ZipfSUBTLEX"
"Conde2026_frequency.csv","word_german","frequency_ZipfGoogle"
"Cordier2005.csv","word_french","frequency_experiential"
"Cordier2005.csv","word_french","meaning_knowledge_mean"
"Cordier2005.csv","word_french","familiar_mean"
"Cortese2004.csv","word_english","rt_mean"
"Cortese2004.csv","word_english","rt_sd"
"Cortese2004.csv","word_english","imagine_n"
"Cortese2004.csv","word_english","imagine_mean"
"Cortese2004.csv","word_english","imagine_sd"
"Cortese2004.csv","word_english","toglia_batting_1978"
"Cortese2008.csv","word_english","aoa_subjective_n"
"Cortese2008.csv","word_english","aoa_subjective_mean"
"Cortese2008.csv","word_english","aoa_subjective_sd"
"Cortese2008.csv","word_english","rt_mean"
"Cortese2008.csv","word_english","rt_sd"
"Coso2023.csv","word_croatian","id"
"Coso2023.csv","word_croatian","happiness_mean"
"Coso2023.csv","word_croatian","anger_mean"
"Coso2023.csv","word_croatian","sadness_mean"
"Coso2023.csv","word_croatian","fear_mean"
"Coso2023.csv","word_croatian","disgust_mean"
"Coso2023.csv","word_croatian","happiness_sd"
"Coso2023.csv","word_croatian","anger_sd"
"Coso2023.csv","word_croatian","sadness_sd"
"Coso2023.csv","word_croatian","fear_sd"
"Coso2023.csv","word_croatian","disgust_sd"
"Coso2023.csv","word_croatian","happiness_n"
"Coso2023.csv","word_croatian","anger_n"
"Coso2023.csv","word_croatian","sadness_n"
"Coso2023.csv","word_croatian","fear_n"
"Coso2023.csv","word_croatian","disgust_n"
"Coso2023.csv","word_croatian","unknown_happiness_prop"
"Coso2023.csv","word_croatian","unknown_anger_prop"
"Coso2023.csv","word_croatian","unknown_sadness_prop"
"Coso2023.csv","word_croatian","unknown_fear_prop"
"Coso2023.csv","word_croatian","unknown_disgust_prop"
"Coso2023.csv","word_croatian","happiness_mean_male"
"Coso2023.csv","word_croatian","anger_mean_male"
"Coso2023.csv","word_croatian","sadness_mean_male"
"Coso2023.csv","word_croatian","fear_mean_male"
"Coso2023.csv","word_croatian","disgust_mean_male"
"Coso2023.csv","word_croatian","happiness_sd_male"
"Coso2023.csv","word_croatian","anger_sd_male"
"Coso2023.csv","word_croatian","sadness_sd_male"
"Coso2023.csv","word_croatian","fear_sd_male"
"Coso2023.csv","word_croatian","disgust_sd_male"
"Coso2023.csv","word_croatian","happiness_n_male"
"Coso2023.csv","word_croatian","anger_n_male"
"Coso2023.csv","word_croatian","sadness_n_male"
"Coso2023.csv","word_croatian","fear_n_male"
"Coso2023.csv","word_croatian","disgust_n_male"
"Coso2023.csv","word_croatian","unknown_happiness_prop_male"
"Coso2023.csv","word_croatian","unknown_anger_prop_male"
"Coso2023.csv","word_croatian","unknown_sadness_prop_male"
"Coso2023.csv","word_croatian","unknown_fear_prop_male"
"Coso2023.csv","word_croatian","unknown_disgust_prop_male"
"Coso2023.csv","word_croatian","happiness_mean_female"
"Coso2023.csv","word_croatian","anger_mean_female"
"Coso2023.csv","word_croatian","sadness_mean_female"
"Coso2023.csv","word_croatian","fear_mean_female"
"Coso2023.csv","word_croatian","disgust_mean_female"
"Coso2023.csv","word_croatian","happiness_sd_female"
"Coso2023.csv","word_croatian","anger_sd_female"
"Coso2023.csv","word_croatian","sadness_sd_female"
"Coso2023.csv","word_croatian","fear_sd_female"
"Coso2023.csv","word_croatian","disgust_sd_female"
"Coso2023.csv","word_croatian","happiness_n_female"
"Coso2023.csv","word_croatian","anger_n_female"
"Coso2023.csv","word_croatian","sadness_n_female"
"Coso2023.csv","word_croatian","fear_n_female"
"Coso2023.csv","word_croatian","disgust_n_female"
"Coso2023.csv","word_croatian","unknown_happiness_prop_female"
"Coso2023.csv","word_croatian","unknown_anger_prop_female"
"Coso2023.csv","word_croatian","unknown_sadness_prop_female"
"Coso2023.csv","word_croatian","unknown_fear_prop_female"
"Coso2023.csv","word_croatian","unknown_disgust_prop_female"
"Cuetos2003.csv","word_spanish","imagine_mean"
"Cuetos2003.csv","word_spanish","familiar_mean"
"Cuetos2003.csv","word_spanish","aoa_mean"
"Cuetos2003.csv","word_spanish","visual_complexity_mean"
"Cuetos2003.csv","word_spanish","percent_na"
"Cuetos2003.csv","word_spanish","h_statistic"
"Cuetos2003.csv","word_spanish","frequency"
"Cuetos2003.csv","word_spanish","frequency_comp"
"Cuetos2003.csv","word_spanish","phonemes"
"Cuetos2003.csv","word_spanish","syllables"
"Dasi2004.csv","word_spanish","number_meanings"
"Dasi2004.csv","word_spanish","frequency_lexesp"
"Dasi2004.csv","word_spanish","number_letters_given"
"Dasi2004.csv","word_spanish","ratio_given_letters_to_blanks"
"Dasi2004.csv","word_spanish","first_or_last_letters_given"
"Dasi2004.csv","word_spanish","familiarity_mean"
"Dasi2004.csv","word_spanish","difficulty"
"Dasi2004.csv","word_fragment","number_meanings"
"Dasi2004.csv","word_fragment","frequency_lexesp"
"Dasi2004.csv","word_fragment","number_letters_given"
"Dasi2004.csv","word_fragment","ratio_given_letters_to_blanks"
"Dasi2004.csv","word_fragment","first_or_last_letters_given"
"Dasi2004.csv","word_fragment","familiarity_mean"
"Dasi2004.csv","word_fragment","difficulty"
"Davies2016a_en.csv","word_base","aoa_mean"
"Davies2016a_en.csv","word_base","imagine_mean"
"Davies2016a_en.csv","word_base","frequency"
"Davies2016a_en.csv","word_base","letters"
"Davies2016a_en.csv","word_base","phonemes"
"Davies2016a_en.csv","word_base","syllables"
"Davies2016a_en.csv","word_base","orthographic_neighborhood"
"Davies2016a_en.csv","word_base","morphological_family_size_total"
"Davies2016a_en.csv","word_base","morphological_family_size_semantic_related"
"Davies2016a_en.csv","word_base","semantic_distance"
"Davies2016a_en.csv","word_english","aoa_mean"
"Davies2016a_en.csv","word_english","imagine_mean"
"Davies2016a_en.csv","word_english","frequency"
"Davies2016a_en.csv","word_english","letters"
"Davies2016a_en.csv","word_english","phonemes"
"Davies2016a_en.csv","word_english","syllables"
"Davies2016a_en.csv","word_english","orthographic_neighborhood"
"Davies2016a_en.csv","word_english","morphological_family_size_total"
"Davies2016a_en.csv","word_english","morphological_family_size_semantic_related"
"Davies2016a_en.csv","word_english","semantic_distance"
"Davies2016a_es.csv","word_spanish","base_word"
"Davies2016a_es.csv","word_spanish","aoa_mean"
"Davies2016a_es.csv","word_spanish","imagine_mean"
"Davies2016a_es.csv","word_spanish","frequency"
"Davies2016a_es.csv","word_spanish","letters"
"Davies2016a_es.csv","word_spanish","phonemes"
"Davies2016a_es.csv","word_spanish","syllables"
"Davies2016a_es.csv","word_spanish","orthographic_neighborhood"
"Davies2016a_es.csv","word_spanish","morphological_family_size_total"
"Davies2016a_es.csv","word_spanish","morphological_family_size_semantic_related"
"Davies2016a_es.csv","word_spanish","semantic_distance"
"Davies2016a_es.csv","word_spanish","V14"
"Davies2016a_es.csv","word_spanish","V15"
"Davies2016a_es.csv","word_spanish","V16"
"Davies2016a_es.csv","word_spanish","V17"
"Davies2016a_es.csv","word_spanish","V18"
"Davies2016a_es.csv","word_spanish","V19"
"Davies2016a_es.csv","word_spanish","V20"
"Davis2005a.csv","word_spanish","familiar_mean"
"Davis2005a.csv","word_spanish","imagine_mean"
"Davis2005a.csv","word_spanish","concrete_mean"
"DeDeyne2008b.csv","word_dutch","familiar_mean"
"DeDeyne2008b.csv","word_dutch","familiar_sd"
"DeDeyne2008b.csv","word_dutch","familiar_n"
"DeDeyne2008b.csv","word_dutch","category"
"DeDeyne2008b.csv","word_dutch","goodness_mean"
"DeDeyne2008b.csv","word_dutch","goodness_sd"
"DeDeyne2008b.csv","word_dutch","goodness_n"
"DeDeyne2008b.csv","word_dutch","typicality_mean"
"DeDeyne2008b.csv","word_dutch","typicality_sd"
"DeDeyne2008b.csv","word_dutch","typicality_n"
"DeDeyne2008b.csv","word_dutch","dont_know_responses"
"DeDeyne2008b.csv","word_dutch","n_know_item"
"DeDeyne2008b.csv","word_dutch","imagine_mean"
"DeDeyne2008b.csv","word_dutch","imagine_sd"
"DeDeyne2008b.csv","word_dutch","log(lemmaFreq)"
"DeDeyne2008b.csv","word_dutch","age of acquisition"
"DeDeyne2008b.csv","word_dutch","% known"
"DeDeyne2008b.csv","word_dutch","V20"
"DeDeyne2008b.csv","word_dutch","V21"
"DeDeyne2008b.csv","word_dutch","V22"
"DeDeyne2008b.csv","word_dutch","V23"
"DeDeyne2008b.csv","word_dutch","V24"
"DeDeyne2008b.csv","word_dutch","V25"
"DeDeyne2008b.csv","word_dutch","V26"
"DeDeyne2008b.csv","word_english","familiar_mean"
"DeDeyne2008b.csv","word_english","familiar_sd"
"DeDeyne2008b.csv","word_english","familiar_n"
"DeDeyne2008b.csv","word_english","category"
"DeDeyne2008b.csv","word_english","goodness_mean"
"DeDeyne2008b.csv","word_english","goodness_sd"
"DeDeyne2008b.csv","word_english","goodness_n"
"DeDeyne2008b.csv","word_english","typicality_mean"
"DeDeyne2008b.csv","word_english","typicality_sd"
"DeDeyne2008b.csv","word_english","typicality_n"
"DeDeyne2008b.csv","word_english","dont_know_responses"
"DeDeyne2008b.csv","word_english","n_know_item"
"DeDeyne2008b.csv","word_english","imagine_mean"
"DeDeyne2008b.csv","word_english","imagine_sd"
"DeDeyne2008b.csv","word_english","log(lemmaFreq)"
"DeDeyne2008b.csv","word_english","age of acquisition"
"DeDeyne2008b.csv","word_english","% known"
"DeDeyne2008b.csv","word_english","V20"
"DeDeyne2008b.csv","word_english","V21"
"DeDeyne2008b.csv","word_english","V22"
"DeDeyne2008b.csv","word_english","V23"
"DeDeyne2008b.csv","word_english","V24"
"DeDeyne2008b.csv","word_english","V25"
"DeDeyne2008b.csv","word_english","V26"
"Dellacqua2000_1.csv","word_italian","category"
"Dellacqua2000_1.csv","word_italian","letters"
"Dellacqua2000_1.csv","word_italian","syllables"
"Dellacqua2000_1.csv","word_italian","frequency"
"Dellacqua2000_1.csv","word_italian","session"
"Dellacqua2000_1.csv","word_italian","familiar_mean"
"Dellacqua2000_1.csv","word_italian","familiar_sd"
"Dellacqua2000_1.csv","word_italian","typicality_mean"
"Dellacqua2000_1.csv","word_italian","typicality_sd"
"Dellacqua2000_1.csv","word_italian","aoa_mean"
"Dellacqua2000_1.csv","word_italian","aoa_sd"
"Dellacqua2000_1.csv","word_italian","rt_mean"
"Dellacqua2000_1.csv","word_italian","name_agreement"
"Dellacqua2000_1.csv","word_italian","concept_agreement"
"Dellacqua2000_1.csv","word_italian","h"
"Dellacqua2000_1.csv","word_italian","V18"
"Dellacqua2000_1.csv","word_italian","V19"
"Dellacqua2000_1.csv","word_italian","V20"
"Dellacqua2000_1.csv","word_italian","V21"
"Dellacqua2000_1.csv","word_italian","V22"
"Dellacqua2000_1.csv","word_italian","V23"
"Dellacqua2000_1.csv","word_italian","V24"
"Dellacqua2000_1.csv","word_italian","V25"
"Dellacqua2000_1.csv","word_italian","V26"
"Dellacqua2000_1.csv","word_italian","V27"
"Dellacqua2000_1.csv","word_italian","V28"
"Dellacqua2000_1.csv","word_italian","V29"
"Dellacqua2000_1.csv","word_italian","V30"
"Dellacqua2000_1.csv","word_italian","V31"
"Dellacqua2000_1.csv","word_italian","V32"
"Dellacqua2000_1.csv","word_italian","V33"
"DellAcqua2000_2.csv","word_italian","familiarity_mean"
"DellAcqua2000_2.csv","word_italian","familiarity_mean_italian"
"DellAcqua2000_2.csv","word_italian","familiarity_mean_american"
"DellAcqua2000_2.csv","word_italian","familiarity_mean_french"
"DellAcqua2000_2.csv","word_italian","familiarity_mean_spansih"
"DellAcqua2000_2.csv","word_italian","aoa_mean"
"DellAcqua2000_2.csv","word_italian","aoa_mean_italian"
"DellAcqua2000_2.csv","word_italian","aoa_mean_american"
"DellAcqua2000_2.csv","word_italian","aoa_mean_french"
"DellAcqua2000_2.csv","word_italian","h"
"DellAcqua2000_2.csv","word_italian","h_italian"
"DellAcqua2000_2.csv","word_italian","h_american"
"DellAcqua2000_2.csv","word_italian","h_french"
"DellAcqua2000_2.csv","word_italian","h_spanish"
"DellAcqua2000_2.csv","word_italian","frequency"
"DellAcqua2000_2.csv","word_italian","frequency_american"
"DellAcqua2000_2.csv","word_italian","frequency_french"
"DellAcqua2000_2.csv","word_italian","frequency_spanish"
"DellaRosa2010.csv","word_italian","concrete_mean"
"DellaRosa2010.csv","word_italian","concrete_sd"
"DellaRosa2010.csv","word_italian","imagine_mean"
"DellaRosa2010.csv","word_italian","imagine_sd"
"DellaRosa2010.csv","word_italian","familiar_mean"
"DellaRosa2010.csv","word_italian","familiar_sd"
"DellaRosa2010.csv","word_italian","aoa_mean"
"DellaRosa2010.csv","word_italian","aoa_sd"
"DellaRosa2010.csv","word_italian","ca"
"DellaRosa2010.csv","word_italian","casd"
"DellaRosa2010.csv","word_italian","abs"
"DellaRosa2010.csv","word_italian","abssd"
"DellaRosa2010.csv","word_italian","moa_mean"
"DellaRosa2010.csv","word_italian","moa_sd"
"DellaRosa2010.csv","word_italian","length"
"Desrochers2009.csv","word_french","frequency_mean"
"Desrochers2009.csv","word_french","frequency_sd"
"Desrochers2009.csv","word_french","frequency_stresiduals"
"Desrochers2009.csv","word_french","imagine_mean"
"Desrochers2009.csv","word_french","imagine_sd"
"Desrochers2009.csv","word_french","imagine_stresiduals"
"Diez-Alamo2018.csv","word_spanish","aoa_mean"
"Diez-Alamo2018.csv","word_spanish","aoa_sd"
"Diez-Alamo2018a.csv","word_spanish","translte_word_english"
"Diez-Alamo2018a.csv","word_spanish","color_mean"
"Diez-Alamo2018a.csv","word_spanish","color_sd"
"Diez-Alamo2018a.csv","word_spanish","motion_mean"
"Diez-Alamo2018a.csv","word_spanish","motion_sd"
"Diez-Alamo2018a.csv","word_spanish","grasp_mean"
"Diez-Alamo2018a.csv","word_spanish","grasp_sd"
"Diez-Alamo2018a.csv","word_spanish","pain_mean"
"Diez-Alamo2018a.csv","word_spanish","pain_sd"
"Diez-Alamo2018a.csv","word_spanish","sound_mean"
"Diez-Alamo2018a.csv","word_spanish","sound_sd"
"Diez-Alamo2018a.csv","word_spanish","taste_mean"
"Diez-Alamo2018a.csv","word_spanish","taste_sd"
"Diez-Alamo2018a.csv","word_spanish","smell_mean"
"Diez-Alamo2018a.csv","word_spanish","smell_sd"
"Diez-Alamo2018a.csv","word_spanish","boi_mean"
"Diez-Alamo2018a.csv","word_spanish","concrete_mean"
"Diez-Alamo2018a.csv","word_spanish","imagine_mean"
"Diez-Alamo2018a.csv","word_spanish","category"
"Diez-Alamo2018a.csv","word_spanish","pc1_scores"
"Diez-Alamo2018a.csv","word_spanish","pc2_scores"
"Dimitripoulou2009.csv","word_greek","category_rossion_2004"
"Dimitripoulou2009.csv","word_greek","category_snodgrass_1980"
"Dimitripoulou2009.csv","word_greek","length"
"Dimitripoulou2009.csv","word_greek","frequency"
"Dimitripoulou2009.csv","word_greek","observation_n"
"Dimitripoulou2009.csv","word_greek","name_agree_proportion"
"Dimitripoulou2009.csv","word_greek","name_agree_h"
"Dimitripoulou2009.csv","word_greek","visual_complexity_mean"
"Dimitripoulou2009.csv","word_greek","visual_complexity_sd"
"Dimitripoulou2009.csv","word_greek","aoa_subjective_mean"
"Dimitripoulou2009.csv","word_greek","aoa_subjective_sd"
"Dodds2011.csv","word_english","happiness_rank"
"Dodds2011.csv","word_english","happiness_mean"
"Dodds2011.csv","word_english","happiness_sd"
"Dodds2011.csv","word_english","twitter_rank"
"Dodds2011.csv","word_english","google_rank"
"Dodds2011.csv","word_english","nyt_rank"
"Dodds2011.csv","word_english","lyrics_rank"
"Duchon2013.csv","word_spanish","familiar_mean"
"Duchon2013.csv","word_spanish","imagine_mean"
"Duchon2013.csv","word_spanish","concrete_mean"
"Durdevic2019.csv","word_serbian","ambiguity"
"Durdevic2019.csv","word_serbian","ambiguity_type"
"Durdevic2019.csv","word_serbian","frequency_lemma_2m"
"Durdevic2019.csv","word_serbian","letters"
"Durdevic2019.csv","word_serbian","coltheart_N"
"Durdevic2019.csv","word_serbian","familiar_mean"
"Durdevic2019.csv","word_serbian","concrete_mean"
"Durdevic2019.csv","word_serbian","entropy_h"
"Durdevic2019.csv","word_serbian","number_meanings"
"Durdevic2019.csv","word_serbian","redundancy_t"
"Eilola2010.csv","word_english","length_english"
"Eilola2010.csv","word_english","length_finnish"
"Eilola2010.csv","word_english","familiar_mean_english"
"Eilola2010.csv","word_english","familiar_sd_english"
"Eilola2010.csv","word_english","valence_mean_english"
"Eilola2010.csv","word_english","valence_sd_english"
"Eilola2010.csv","word_english","emotionalcharge_mean_english"
"Eilola2010.csv","word_english","emotionalcharge_sd_english"
"Eilola2010.csv","word_english","offensiveness_mean_english"
"Eilola2010.csv","word_english","offensiveness_sd_english"
"Eilola2010.csv","word_english","concrete_mean_english"
"Eilola2010.csv","word_english","concrete_sd_english"
"Eilola2010.csv","word_english","familiar_mean_finnish"
"Eilola2010.csv","word_english","familiar_sd_finnish"
"Eilola2010.csv","word_english","valence_mean_finnish"
"Eilola2010.csv","word_english","valence_sd_finnish"
"Eilola2010.csv","word_english","emotionalcharge_mean_finnish"
"Eilola2010.csv","word_english","emotionalcharge_sd_finnish"
"Eilola2010.csv","word_english","offensiveness_mean_finnish"
"Eilola2010.csv","word_english","offensiveness_sd_finnish"
"Eilola2010.csv","word_english","concrete_mean_finnish"
"Eilola2010.csv","word_english","concrete_sd_finnish"
"Eilola2010.csv","word_finnish","length_english"
"Eilola2010.csv","word_finnish","length_finnish"
"Eilola2010.csv","word_finnish","familiar_mean_english"
"Eilola2010.csv","word_finnish","familiar_sd_english"
"Eilola2010.csv","word_finnish","valence_mean_english"
"Eilola2010.csv","word_finnish","valence_sd_english"
"Eilola2010.csv","word_finnish","emotionalcharge_mean_english"
"Eilola2010.csv","word_finnish","emotionalcharge_sd_english"
"Eilola2010.csv","word_finnish","offensiveness_mean_english"
"Eilola2010.csv","word_finnish","offensiveness_sd_english"
"Eilola2010.csv","word_finnish","concrete_mean_english"
"Eilola2010.csv","word_finnish","concrete_sd_english"
"Eilola2010.csv","word_finnish","familiar_mean_finnish"
"Eilola2010.csv","word_finnish","familiar_sd_finnish"
"Eilola2010.csv","word_finnish","valence_mean_finnish"
"Eilola2010.csv","word_finnish","valence_sd_finnish"
"Eilola2010.csv","word_finnish","emotionalcharge_mean_finnish"
"Eilola2010.csv","word_finnish","emotionalcharge_sd_finnish"
"Eilola2010.csv","word_finnish","offensiveness_mean_finnish"
"Eilola2010.csv","word_finnish","offensiveness_sd_finnish"
"Eilola2010.csv","word_finnish","concrete_mean_finnish"
"Eilola2010.csv","word_finnish","concrete_sd_finnish"
"Elsherif2020.csv","word_english","length"
"Elsherif2020.csv","word_english","frequency_mean_log"
"Elsherif2020.csv","word_english","familiar_mean_american"
"Elsherif2020.csv","word_english","familiar_mean_british"
"Elsherif2020.csv","word_english","imagine_mean_british"
"Elsherif2020.csv","word_english","aoa_mean_log"
"Elsherif2020.csv","word_english","imagine_mean_american"
"Elsherif2020.csv","word_english","transparency_mean"
"Elsherif2020.csv","word_english","lexeme_meaning_dominance_mean"
"Elsherif2020.csv","word_english","length_first_lexeme_mean"
"Elsherif2020.csv","word_english","frequency_first_lexeme_mean"
"Elsherif2020.csv","word_english","familiar_mean_first_lexeme"
"Elsherif2020.csv","word_english","aoa_mean_log_first_lexeme"
"Elsherif2020.csv","word_english","imagine_mean_first_lexeme"
"Elsherif2020.csv","word_english","bilabial"
"Elsherif2020.csv","word_english","labiodental"
"Elsherif2020.csv","word_english","dental"
"Elsherif2020.csv","word_english","labiovelar"
"Elsherif2020.csv","word_english","postalvelolar"
"Elsherif2020.csv","word_english","alveolar"
"Elsherif2020.csv","word_english","palatal"
"Elsherif2020.csv","word_english","palatal_alveolar"
"Elsherif2020.csv","word_english","glottal"
"Elsherif2020.csv","word_english","velar"
"Elsherif2020.csv","word_english","voiced"
"Elsherif2020.csv","word_english","length_second_lexeme_mean"
"Elsherif2020.csv","word_english","frequency_second_lexeme_mean"
"Elsherif2020.csv","word_english","familiar_mean_second_lexeme"
"Elsherif2020.csv","word_english","aoa_mean_log_second_lexeme"
"Elsherif2020.csv","word_english","imagine_mean_second_lexeme"
"Erickson1987.csv","word_english","fragment"
"Erickson1987.csv","word_english","familiarity_mean"
"Erickson1987.csv","word_english","frequency"
"Erickson1987.csv","word_english","probability_completion"
"Fear1997.csv","word_english","familiar_mean_english"
"Fear1997.csv","word_english","familiar_sd_english"
"Fear1997.csv","word_english","aoa_mean_english"
"Fear1997.csv","word_english","aoa_sd_english"
"Fear1997.csv","word_english","concrete_mean_english"
"Fear1997.csv","word_english","concrete_sd_english"
"Fear1997.csv","word_english","imagine_mean_english"
"Fear1997.csv","word_english","imagine_sd_english"
"Fear1997.csv","word_english","familiar_mean_welsh"
"Fear1997.csv","word_english","familiar_sd_welsh"
"Fear1997.csv","word_english","aoa_mean_welsh"
"Fear1997.csv","word_english","aoa_sd_welsh"
"Fear1997.csv","word_english","concrete_mean_welsh"
"Fear1997.csv","word_english","concrete_sd_welsh"
"Fear1997.csv","word_english","imagine_mean_welsh"
"Fear1997.csv","word_english","imagine_sd_welsh"
"Fear1997.csv","word_welsh","familiar_mean_english"
"Fear1997.csv","word_welsh","familiar_sd_english"
"Fear1997.csv","word_welsh","aoa_mean_english"
"Fear1997.csv","word_welsh","aoa_sd_english"
"Fear1997.csv","word_welsh","concrete_mean_english"
"Fear1997.csv","word_welsh","concrete_sd_english"
"Fear1997.csv","word_welsh","imagine_mean_english"
"Fear1997.csv","word_welsh","imagine_sd_english"
"Fear1997.csv","word_welsh","familiar_mean_welsh"
"Fear1997.csv","word_welsh","familiar_sd_welsh"
"Fear1997.csv","word_welsh","aoa_mean_welsh"
"Fear1997.csv","word_welsh","aoa_sd_welsh"
"Fear1997.csv","word_welsh","concrete_mean_welsh"
"Fear1997.csv","word_welsh","concrete_sd_welsh"
"Fear1997.csv","word_welsh","imagine_mean_welsh"
"Fear1997.csv","word_welsh","imagine_sd_welsh"
"Fearnley1997.csv","word_english","letters"
"Fearnley1997.csv","word_english","phonemes"
"Fearnley1997.csv","word_english","syllables"
"Fearnley1997.csv","word_english","frequency_kfwritten"
"Fearnley1997.csv","word_english","number_categories_kf"
"Fearnley1997.csv","word_english","number_samples_kf"
"Fearnley1997.csv","word_english","frequency_tf"
"Fearnley1997.csv","word_english","frequency_brown_verbal"
"Fearnley1997.csv","word_english","familiar_mean"
"Fearnley1997.csv","word_english","concrete_mean"
"Fearnley1997.csv","word_english","imagine_mean"
"Fearnley1997.csv","word_english","meaningfulness_mean_colorado"
"Fearnley1997.csv","word_english","meaningfulness_mean_pavio"
"Fearnley1997.csv","word_english","aoa_mean"
"Fearnley1997.csv","word_english","pos"
"Fearnley1997.csv","word_english","syntactic_category"
"Fearnley1997.csv","word_english","morphemic_status"
"Fearnley1997.csv","word_english","contextual_status"
"Fearnley1997.csv","word_english","pronunciation_variability"
"Fearnley1997.csv","word_english","capitalization"
"Fearnley1997.csv","word_english","irregular_plural"
"Fearnley1997.csv","word_english","stress_phoneme_transcription"
"Fearnley1997.csv","word_english","syllable_phoneme_transcription"
"Fearnley1997.csv","word_english","stress_pattern"
"Ferrand2008.csv","word_french","aoa_mean"
"Ferrand2008.csv","word_french","aoa_sd"
"Ferrand2008.csv","word_french","frequency_mean"
"Ferrand2008.csv","word_french","frequency_sd"
"Ferre2012.csv","word_spanish","category"
"Ferre2012.csv","word_spanish","valence_mean"
"Ferre2012.csv","word_spanish","valence_sd"
"Ferre2012.csv","word_spanish","arousal_mean"
"Ferre2012.csv","word_spanish","arousal_sd"
"Ferre2012.csv","word_spanish","familiar_mean"
"Ferre2012.csv","word_spanish","familiar_sd"
"Ferre2012.csv","word_spanish","concrete_M...9"
"Ferre2012.csv","word_spanish","concrete_M...10"
"Ferre2012.csv","word_spanish","frequency_mean"
"Ferre2012.csv","word_spanish","length"
"Ferre2017.csv","word_spanish","happiness_mean"
"Ferre2017.csv","word_spanish","happiness_sd"
"Ferre2017.csv","word_spanish","angry_mean"
"Ferre2017.csv","word_spanish","angry_sd"
"Ferre2017.csv","word_spanish","sad_mean"
"Ferre2017.csv","word_spanish","sad_sd"
"Ferre2017.csv","word_spanish","fear_mean"
"Ferre2017.csv","word_spanish","fear_sd"
"Ferre2017.csv","word_spanish","disgust_mean"
"Ferre2017.csv","word_spanish","disgust_sd"
"Ferre2017.csv","word_spanish","n"
"Ferstl2011.csv","word_english","semantic_category"
"Ferstl2011.csv","word_english","length"
"Ferstl2011.csv","word_english","frequency_celex"
"Ferstl2011.csv","word_english","valence_mean"
"Fiez1997.csv","word_english","h"
"Fiez1997.csv","word_english","percent_response"
"Fiez1997.csv","word_english","familiar_mean"
"Fiez1997.csv","word_english","familiar_sd"
"Fiez1997.csv","word_english","visual_complexity_mean"
"Fiez1997.csv","word_english","visual_complexity_sd"
"Fiez1997.csv","word_english","image_agreement_mean"
"Fiez1997.csv","word_english","image_agreement_sd"
"Fiez1997.csv","word_english","frequency"
"Friendly1982.csv","word_english","imagne_mean"
"Friendly1982.csv","word_english","imagine_sd"
"Friendly1982.csv","word_english","concrete_mean"
"Friendly1982.csv","word_english","concrete_sd"
"Friendly1982.csv","word_english","letters"
"Friendly1982.csv","word_english","frequency_KF"
"Friendly1982.csv","word_english","first_order_approximation"
"Friendly1982.csv","word_english","second_order_approximation"
"Friendly1982.csv","word_english","orthographic_neighborhood_ratio"
"Friendly1982.csv","word_english","noun_percent"
"Ghasisin2015.csv","word_persian_phonetic","h_mean_middle_age"
"Ghasisin2015.csv","word_persian_phonetic","h_mean_elderly"
"Ghasisin2015.csv","word_persian_phonetic","name_agreement_percent_middle_age"
"Ghasisin2015.csv","word_persian_phonetic","name_agreement_percent_elderly"
"Ghasisin2015.csv","word_persian_phonetic","image_agreement_percent_middle_age"
"Ghasisin2015.csv","word_persian_phonetic","image_agreement_percent_elderly"
"Ghasisin2015.csv","word_persian_phonetic","familiar_mean_middle_age"
"Ghasisin2015.csv","word_persian_phonetic","familiar_mean_elderly"
"Ghasisin2015.csv","word_persian_phonetic","aoa_mean_middle_age"
"Ghasisin2015.csv","word_persian_phonetic","aoa_mean_elderly"
"Ghasisin2015.csv","word_persian_phonetic","visual_complexity_mean_middle_age"
"Ghasisin2015.csv","word_persian_phonetic","visual_complexity_mean_elderly"
"Ghasisin2015.csv","word_persian_phonetic","dontknow_percent_middle_age"
"Ghasisin2015.csv","word_persian_phonetic","dontknow_percent_elderly"
"Ghasisin2015.csv","word_persian_phonetic","dontknowobject_middle_age"
"Ghasisin2015.csv","word_persian_phonetic","dontknowobject_elderly"
"Ghasisin2015.csv","word_persian_phonetic","frequency"
"Ghasisin2015.csv","word_persian","h_mean_middle_age"
"Ghasisin2015.csv","word_persian","h_mean_elderly"
"Ghasisin2015.csv","word_persian","name_agreement_percent_middle_age"
"Ghasisin2015.csv","word_persian","name_agreement_percent_elderly"
"Ghasisin2015.csv","word_persian","image_agreement_percent_middle_age"
"Ghasisin2015.csv","word_persian","image_agreement_percent_elderly"
"Ghasisin2015.csv","word_persian","familiar_mean_middle_age"
"Ghasisin2015.csv","word_persian","familiar_mean_elderly"
"Ghasisin2015.csv","word_persian","aoa_mean_middle_age"
"Ghasisin2015.csv","word_persian","aoa_mean_elderly"
"Ghasisin2015.csv","word_persian","visual_complexity_mean_middle_age"
"Ghasisin2015.csv","word_persian","visual_complexity_mean_elderly"
"Ghasisin2015.csv","word_persian","dontknow_percent_middle_age"
"Ghasisin2015.csv","word_persian","dontknow_percent_elderly"
"Ghasisin2015.csv","word_persian","dontknowobject_middle_age"
"Ghasisin2015.csv","word_persian","dontknowobject_elderly"
"Ghasisin2015.csv","word_persian","frequency"
"Ghyselinck2000.csv","word_dutch","aoa_mean"
"Ghyselinck2000.csv","word_dutch","known_proportion"
"Ghyselinck2003.csv","word_dutch","aoa_mean"
"Ghyselinck2003.csv","word_dutch","known_proportion"
"Gilhooly1977.csv","word_english","imagine_mean"
"Gilhooly1977.csv","word_english","imagine_sd"
"Gilhooly1977.csv","word_english","concrete_mean"
"Gilhooly1977.csv","word_english","conrete_sd"
"Gilhooly1977.csv","word_english","aoa_mean"
"Gilhooly1977.csv","word_english","aoa_sd"
"Gilhooly1977.csv","word_english","familiar_mean"
"Gilhooly1977.csv","word_english","familiar_sd"
"Gilhooly1977.csv","word_english","meaningfulness_mean"
"Gilhooly1977.csv","word_english","meaningfulness_sd"
"Gilhooly1980a.csv","word_english","imagine_mean"
"Gilhooly1980a.csv","word_english","imagine_sd"
"Gilhooly1980a.csv","word_english","aoa_mean"
"Gilhooly1980a.csv","word_english","aoa_sd"
"Gilhooly1980a.csv","word_english","familiar_mean"
"Gilhooly1980a.csv","word_english","familiar_sd"
"Gilhooly1980a.csv","word_english","concrete_mean"
"Gilhooly1980a.csv","word_english","concrete_sd"
"Gilhooly1980a.csv","word_english","uncertainty"
"Gilhooly1980a.csv","word_english","frequency_tl"
"Goz2017.csv","word_turkish","aoa_overall_mean"
"Goz2017.csv","word_turkish","aoa_overall_sd"
"Goz2017.csv","word_turkish","aoa_children_mean"
"Goz2017.csv","word_turkish","aoa_children_sd"
"Goz2017.csv","word_turkish","aoa_young_adults_mean"
"Goz2017.csv","word_turkish","aoa_young_adults_sd"
"Goz2017.csv","word_turkish","aoa_middle_aged_mean"
"Goz2017.csv","word_turkish","aoa_middle_aged_sd"
"Goz2017.csv","word_turkish","aoa_older_adults_mean"
"Goz2017.csv","word_turkish","aoa_older_adults_sd"
"Goz2017.csv","word_turkish","imagine_mean"
"Goz2017.csv","word_turkish","concrete_mean"
"Goz2017.csv","word_turkish","frequency_mean"
"Goz2017.csv","word_turkish","syllables"
"Goz2017.csv","word_turkish","letters"
"Granja2025.csv","word_galician","picture_name"
"Granja2025.csv","word_galician","number_responses"
"Granja2025.csv","word_galician","name_agreement_h"
"Granja2025.csv","word_galician","number_modal_response"
"Granja2025.csv","word_galician","number_modal_response_galician_form"
"Granja2025.csv","word_galician","number_valid_alternatives"
"Granja2025.csv","word_galician","number_do_not_know"
"Granja2025.csv","word_galician","number_idiosyncratic_responses"
"Granja2025.csv","word_galician","familiar_mean"
"Granja2025.csv","word_galician","familiar_sd"
"Granja2025.csv","word_galician_form","picture_name"
"Granja2025.csv","word_galician_form","number_responses"
"Granja2025.csv","word_galician_form","name_agreement_h"
"Granja2025.csv","word_galician_form","number_modal_response"
"Granja2025.csv","word_galician_form","number_modal_response_galician_form"
"Granja2025.csv","word_galician_form","number_valid_alternatives"
"Granja2025.csv","word_galician_form","number_do_not_know"
"Granja2025.csv","word_galician_form","number_idiosyncratic_responses"
"Granja2025.csv","word_galician_form","familiar_mean"
"Granja2025.csv","word_galician_form","familiar_sd"
"Grigoriev2013.csv","word_russian","category"
"Grigoriev2013.csv","word_russian","aoa_objective_mean_months"
"Grigoriev2013.csv","word_russian","name_agreement_proportion"
"Grigoriev2013.csv","word_russian","name_agreement_h"
"Grigoriev2013.csv","word_russian","image_agreement_mean"
"Grigoriev2013.csv","word_russian","image_agreement_sd"
"Grigoriev2013.csv","word_russian","imagine_mean"
"Grigoriev2013.csv","word_russian","imagine_sd"
"Grigoriev2013.csv","word_russian","familiar_mean"
"Grigoriev2013.csv","word_russian","familiar_sd"
"Grigoriev2013.csv","word_russian","frequency_ljashevskajasharov"
"Grigoriev2013.csv","word_russian","frequency_zasorina"
"Grigoriev2013.csv","word_russian","dominance_egf"
"Grigoriev2013.csv","word_russian","dominance_first"
"Grigoriev2013.csv","word_russian","length"
"Gruhn2008a.csv","word_german","length"
"Gruhn2008a.csv","word_german","frequency_per_million"
"Gruhn2008a.csv","word_german","frequency_class"
"Gruhn2008a.csv","word_german","valence_mean_young_female"
"Gruhn2008a.csv","word_german","valence_mean_young_male"
"Gruhn2008a.csv","word_german","valence_mean_old_female"
"Gruhn2008a.csv","word_german","valence_mean_old_male"
"Gruhn2008a.csv","word_german","valence_mean_young"
"Gruhn2008a.csv","word_german","valence_mean_old"
"Gruhn2008a.csv","word_german","valence_mean"
"Gruhn2008a.csv","word_german","arousal_mean_young_female"
"Gruhn2008a.csv","word_german","arousal_mean_young_male"
"Gruhn2008a.csv","word_german","arousal_mean_old_female"
"Gruhn2008a.csv","word_german","arousal_mean_old_male"
"Gruhn2008a.csv","word_german","arousal_mean_young"
"Gruhn2008a.csv","word_german","arousal_mean_old"
"Gruhn2008a.csv","word_german","arousal_mean"
"Gruhn2008a.csv","word_german","control_mean_young_female"
"Gruhn2008a.csv","word_german","control_mean_young_male"
"Gruhn2008a.csv","word_german","control_mean_old_female"
"Gruhn2008a.csv","word_german","control_mean_old_male"
"Gruhn2008a.csv","word_german","control_mean_young"
"Gruhn2008a.csv","word_german","control_mean_old"
"Gruhn2008a.csv","word_german","control_mean"
"Gruhn2008a.csv","word_german","imagine_mean_young_female"
"Gruhn2008a.csv","word_german","imagine_mean_young_male"
"Gruhn2008a.csv","word_german","imagine_mean_old_female"
"Gruhn2008a.csv","word_german","imagine_mean_old_male"
"Gruhn2008a.csv","word_german","imagine_mean_young"
"Gruhn2008a.csv","word_german","imagine_mean_old"
"Gruhn2008a.csv","word_german","imagine_mean"
"Gruhn2008a.csv","word_german","selfrelevance_mean_young_female"
"Gruhn2008a.csv","word_german","selfrelevance_mean_young_male"
"Gruhn2008a.csv","word_german","selfrelevance_mean_old_female"
"Gruhn2008a.csv","word_german","selfrelevance_mean_old_male"
"Gruhn2008a.csv","word_german","selfrelevance_mean_young"
"Gruhn2008a.csv","word_german","selfrelevance_mean_old"
"Gruhn2008a.csv","word_german","selfrelevance_mean"
"Gruhn2008a.csv","word_german","agerelevance_mean_young_female"
"Gruhn2008a.csv","word_german","agerelevance_mean_young_male"
"Gruhn2008a.csv","word_german","agerelevance_mean_old_female"
"Gruhn2008a.csv","word_german","agerelevance_mean_old_male"
"Gruhn2008a.csv","word_german","agerelevance_mean_young"
"Gruhn2008a.csv","word_german","agerelevance_mean_old"
"Gruhn2008a.csv","word_german","agerelevance_mean"
"Gruhn2008a.csv","word_german","valence_mean_self"
"Gruhn2008a.csv","word_german","valence_mean_other"
"Gruhn2008a.csv","word_german","self_or_other_mean"
"Gruhn2008a.csv","word_german","self_or_other_sd"
"Gruhn2008a.csv","word_german","self_or_other_class"
"Gruhn2008a.csv","word_german","valence_anova_p_age"
"Gruhn2008a.csv","word_german","valence_anova_etasquared_age"
"Gruhn2008a.csv","word_german","valence_anova_significant_age"
"Gruhn2008a.csv","word_german","valence_anova_p_sex"
"Gruhn2008a.csv","word_german","valence_anova_etasquared_sex"
"Gruhn2008a.csv","word_german","valence_anova_significant_sex"
"Gruhn2008a.csv","word_german","valence_anova_p_age_sex"
"Gruhn2008a.csv","word_german","valence_anova_etasquared_age_sex"
"Gruhn2008a.csv","word_german","valence_anova_significant_age_sex"
"Gruhn2008a.csv","word_german","arousal_anova_p_age"
"Gruhn2008a.csv","word_german","arousal_anova_etasquared_age"
"Gruhn2008a.csv","word_german","arousal_anova_significant_age"
"Gruhn2008a.csv","word_german","arousal_anova_p_sex"
"Gruhn2008a.csv","word_german","arousal_anova_etasquared_sex"
"Gruhn2008a.csv","word_german","arousal_anova_significant_sex"
"Gruhn2008a.csv","word_german","arousal_anova_p_age_sex"
"Gruhn2008a.csv","word_german","arousal_anova_etasquared_age_sex"
"Gruhn2008a.csv","word_german","arousal_anova_significant_age_sex"
"Gruhn2008a.csv","word_german","control_anova_p_age"
"Gruhn2008a.csv","word_german","control_anova_etasquared_age"
"Gruhn2008a.csv","word_german","control_anova_significant_age"
"Gruhn2008a.csv","word_german","control_anova_p_sex"
"Gruhn2008a.csv","word_german","control_anova_etasquared_sex"
"Gruhn2008a.csv","word_german","control_anova_significant_sex"
"Gruhn2008a.csv","word_german","control_anova_p_age_sex"
"Gruhn2008a.csv","word_german","control_anova_etasquared_age_sex"
"Gruhn2008a.csv","word_german","control_anova_significant_age_sex"
"Gruhn2008a.csv","word_german","imagine_anova_p_age"
"Gruhn2008a.csv","word_german","imagine_anova_etasquared_age"
"Gruhn2008a.csv","word_german","imagine_anova_significant_age"
"Gruhn2008a.csv","word_german","imagine_anova_p_sex"
"Gruhn2008a.csv","word_german","imagine_anova_etasquared_sex"
"Gruhn2008a.csv","word_german","imagine_anova_significant_sex"
"Gruhn2008a.csv","word_german","imagine_anova_p_age_sex"
"Gruhn2008a.csv","word_german","imagine_anova_etasquared_age_sex"
"Gruhn2008a.csv","word_german","imagine_anova_significant_age_sex"
"Gruhn2008a.csv","word_german","selfrelevance_anova_p_age"
"Gruhn2008a.csv","word_german","selfrelevance_anova_etasquared_age"
"Gruhn2008a.csv","word_german","selfrelevance_anova_significant_age"
"Gruhn2008a.csv","word_german","selfrelevance_anova_p_sex"
"Gruhn2008a.csv","word_german","selfrelevance_anova_etasquared_sex"
"Gruhn2008a.csv","word_german","selfrelevance_anova_significant_sex"
"Gruhn2008a.csv","word_german","selfrelevance_anova_p_age_sex"
"Gruhn2008a.csv","word_german","selfrelevance_anova_etasquared_age_sex"
"Gruhn2008a.csv","word_german","selfrelevance_anova_significant_age_sex"
"Gruhn2008a.csv","word_german","agerelevance_anova_p_age"
"Gruhn2008a.csv","word_german","agerelevance_anova_etasquared_age"
"Gruhn2008a.csv","word_german","agerelevance_anova_significant_age"
"Gruhn2008a.csv","word_german","agerelevance_anova_p_sex"
"Gruhn2008a.csv","word_german","agerelevance_anova_etasquared_sex"
"Gruhn2008a.csv","word_german","agerelevance_anova_significant_sex"
"Gruhn2008a.csv","word_german","agerelevance_anova_p_age_sex"
"Gruhn2008a.csv","word_german","agerelevance_anova_etasquared_age_sex"
"Gruhn2008a.csv","word_german","agerelevance_anova_significant_age_sex"
"Guasch2016.csv","word_spanish","pos"
"Guasch2016.csv","word_spanish","valence_mean"
"Guasch2016.csv","word_spanish","valence_sd"
"Guasch2016.csv","word_spanish","valence_n"
"Guasch2016.csv","word_spanish","arousal_mean"
"Guasch2016.csv","word_spanish","arousal_sd"
"Guasch2016.csv","word_spanish","arousal_n"
"Guasch2016.csv","word_spanish","concrete_mean"
"Guasch2016.csv","word_spanish","concrete_sd"
"Guasch2016.csv","word_spanish","concrete_n"
"Guasch2016.csv","word_spanish","imagine_mean"
"Guasch2016.csv","word_spanish","imagine_sd"
"Guasch2016.csv","word_spanish","imagine_n"
"Guasch2016.csv","word_spanish","availability_mean"
"Guasch2016.csv","word_spanish","availability_sd"
"Guasch2016.csv","word_spanish","availability_n"
"Guasch2016.csv","word_spanish","familiar_mean"
"Guasch2016.csv","word_spanish","familiar_sd"
"Guasch2016.csv","word_spanish","familiar_n"
"Hao2008_infant.csv","word_type","comp_prod"
"Hao2008_infant.csv","word_type","aoa_percent_12m"
"Hao2008_infant.csv","word_type","aoa_percent_13m"
"Hao2008_infant.csv","word_type","aoa_percent_14m"
"Hao2008_infant.csv","word_type","aoa_percent_15m"
"Hao2008_infant.csv","word_type","aoa_percent_16m"
"Hao2008_infant.csv","word_chinese_simple","comp_prod"
"Hao2008_infant.csv","word_chinese_simple","aoa_percent_12m"
"Hao2008_infant.csv","word_chinese_simple","aoa_percent_13m"
"Hao2008_infant.csv","word_chinese_simple","aoa_percent_14m"
"Hao2008_infant.csv","word_chinese_simple","aoa_percent_15m"
"Hao2008_infant.csv","word_chinese_simple","aoa_percent_16m"
"Hao2008_toddler.csv","word_type","aoa_percent_17m"
"Hao2008_toddler.csv","word_type","aoa_percent_18m"
"Hao2008_toddler.csv","word_type","aoa_percent_19m"
"Hao2008_toddler.csv","word_type","aoa_percent_20m"
"Hao2008_toddler.csv","word_type","aoa_percent_21m"
"Hao2008_toddler.csv","word_type","aoa_percent_22m"
"Hao2008_toddler.csv","word_type","aoa_percent_23m"
"Hao2008_toddler.csv","word_type","aoa_percent_24m"
"Hao2008_toddler.csv","word_type","aoa_percent_25m"
"Hao2008_toddler.csv","word_type","aoa_percent_26m"
"Hao2008_toddler.csv","word_type","aoa_percent_27m"
"Hao2008_toddler.csv","word_type","aoa_percent_28m"
"Hao2008_toddler.csv","word_type","aoa_percent_29m"
"Hao2008_toddler.csv","word_type","aoa_percent_30m"
"Hao2008_toddler.csv","word_chinese_simple","aoa_percent_17m"
"Hao2008_toddler.csv","word_chinese_simple","aoa_percent_18m"
"Hao2008_toddler.csv","word_chinese_simple","aoa_percent_19m"
"Hao2008_toddler.csv","word_chinese_simple","aoa_percent_20m"
"Hao2008_toddler.csv","word_chinese_simple","aoa_percent_21m"
"Hao2008_toddler.csv","word_chinese_simple","aoa_percent_22m"
"Hao2008_toddler.csv","word_chinese_simple","aoa_percent_23m"
"Hao2008_toddler.csv","word_chinese_simple","aoa_percent_24m"
"Hao2008_toddler.csv","word_chinese_simple","aoa_percent_25m"
"Hao2008_toddler.csv","word_chinese_simple","aoa_percent_26m"
"Hao2008_toddler.csv","word_chinese_simple","aoa_percent_27m"
"Hao2008_toddler.csv","word_chinese_simple","aoa_percent_28m"
"Hao2008_toddler.csv","word_chinese_simple","aoa_percent_29m"
"Hao2008_toddler.csv","word_chinese_simple","aoa_percent_30m"
"Hermans1994.csv","word_dutch","affective_mean"
"Hermans1994.csv","word_dutch","affective_sd"
"Hermans1994.csv","word_dutch","familiar_mean"
"Hermans1994.csv","word_dutch","familiar_sd"
"Hermans1994.csv","word_dutch","V6"
"Hinojosa2016a.csv","word_spanish","valence_mean"
"Hinojosa2016a.csv","word_spanish","valence_sd"
"Hinojosa2016a.csv","word_spanish","arousal_mean"
"Hinojosa2016a.csv","word_spanish","arousal_sd"
"Hinojosa2016a.csv","word_spanish","concrete_mean"
"Hinojosa2016a.csv","word_spanish","concrete_sd"
"Hinojosa2016a.csv","word_spanish","happiness_mean"
"Hinojosa2016a.csv","word_spanish","happiness_sd"
"Hinojosa2016a.csv","word_spanish","anger_mean"
"Hinojosa2016a.csv","word_spanish","anger_sd"
"Hinojosa2016a.csv","word_spanish","sad_mean"
"Hinojosa2016a.csv","word_spanish","sad_sd"
"Hinojosa2016a.csv","word_spanish","fear_mean"
"Hinojosa2016a.csv","word_spanish","fear_sd"
"Hinojosa2016a.csv","word_spanish","disgust_mean"
"Hinojosa2016a.csv","word_spanish","disgust_sd"
"Hinojosa2016b.csv","word_spanish","dominance_mean"
"Hinojosa2016b.csv","word_spanish","dominance_sd"
"Hinojosa2016b.csv","word_spanish","dominance_mean_female"
"Hinojosa2016b.csv","word_spanish","dominance_sd_female"
"Hinojosa2016b.csv","word_spanish","dominance_mean_male"
"Hinojosa2016b.csv","word_spanish","dominance_sd_male"
"Hinojosa2016b.csv","word_spanish","familiar_mean"
"Hinojosa2016b.csv","word_spanish","familiar_sd"
"Hinojosa2016b.csv","word_spanish","familiar_mean_female"
"Hinojosa2016b.csv","word_spanish","familiar_sd_female"
"Hinojosa2016b.csv","word_spanish","familiar_mean_male"
"Hinojosa2016b.csv","word_spanish","familiar_sd_male"
"Hinojosa2016b.csv","word_spanish","aoa_subjective_mean"
"Hinojosa2016b.csv","word_spanish","aoa_subjective_sd"
"Hinojosa2016b.csv","word_spanish","aoa_subjective_mean_female"
"Hinojosa2016b.csv","word_spanish","aoa_subjective_sd_female"
"Hinojosa2016b.csv","word_spanish","aoa_subjective_mean_male"
"Hinojosa2016b.csv","word_spanish","aoa_subjective_sd_male"
"Hinojosa2016b.csv","word_spanish","sensory_experience_mean"
"Hinojosa2016b.csv","word_spanish","sensory_experience_sd"
"Hinojosa2016b.csv","word_spanish","sensory_experience_mean_female"
"Hinojosa2016b.csv","word_spanish","sensory_experience_sd_female"
"Hinojosa2016b.csv","word_spanish","sensory_experience_mean_male"
"Hinojosa2016b.csv","word_spanish","sensory_experience_sd_male"
"Hinojosa2016b.csv","word_spanish","V27"
"Hinojosa2016b.csv","word_spanish","V28"
"Hinojosa2016b.csv","word_spanish","V29"
"Hunt1978.csv","word_english","imagine_mean_female"
"Hunt1978.csv","word_english","imagine_mean_male"
"Hunt1978.csv","word_english","imagine_mean"
"Imbir2015.csv","word_polish","pos"
"Imbir2015.csv","word_polish","length"
"Imbir2015.csv","word_polish","frequency"
"Imbir2015.csv","word_polish","valence_n"
"Imbir2015.csv","word_polish","valence_minimum"
"Imbir2015.csv","word_polish","valence_maximum"
"Imbir2015.csv","word_polish","valence_mean"
"Imbir2015.csv","word_polish","valence_sd"
"Imbir2015.csv","word_polish","valence_n_female"
"Imbir2015.csv","word_polish","valence_minimum_female"
"Imbir2015.csv","word_polish","valence_maximum_female"
"Imbir2015.csv","word_polish","valence_mean_female"
"Imbir2015.csv","word_polish","valence_sd_female"
"Imbir2015.csv","word_polish","valence_n_male"
"Imbir2015.csv","word_polish","valence_minimum_male"
"Imbir2015.csv","word_polish","valence_maximum_male"
"Imbir2015.csv","word_polish","valence_mean_male"
"Imbir2015.csv","word_polish","valence_sd_male"
"Imbir2015.csv","word_polish","arousal_n"
"Imbir2015.csv","word_polish","arousal_minimum"
"Imbir2015.csv","word_polish","arousal_maximum"
"Imbir2015.csv","word_polish","arousal_mean"
"Imbir2015.csv","word_polish","arousal_sd"
"Imbir2015.csv","word_polish","arousal_n_female"
"Imbir2015.csv","word_polish","arousal_minimum_female"
"Imbir2015.csv","word_polish","arousal_maximum_female"
"Imbir2015.csv","word_polish","arousal_mean_female"
"Imbir2015.csv","word_polish","arousal_sd_female"
"Imbir2015.csv","word_polish","arousal_n_male"
"Imbir2015.csv","word_polish","arousal_minimum_male"
"Imbir2015.csv","word_polish","arousal_maximum_male"
"Imbir2015.csv","word_polish","arousal_mean_male"
"Imbir2015.csv","word_polish","arousal_sd_male"
"Imbir2015.csv","word_polish","dominance_n"
"Imbir2015.csv","word_polish","dominance_minimum"
"Imbir2015.csv","word_polish","dominance_maximum"
"Imbir2015.csv","word_polish","dominance_mean"
"Imbir2015.csv","word_polish","dominance_sd"
"Imbir2015.csv","word_polish","dominance_n_female"
"Imbir2015.csv","word_polish","dominance_minimum_female"
"Imbir2015.csv","word_polish","dominance_maximum_female"
"Imbir2015.csv","word_polish","dominance_mean_female"
"Imbir2015.csv","word_polish","dominance_sd_female"
"Imbir2015.csv","word_polish","dominance_n_male"
"Imbir2015.csv","word_polish","dominance_minimum_male"
"Imbir2015.csv","word_polish","dominance_maximum_male"
"Imbir2015.csv","word_polish","dominance_mean_male"
"Imbir2015.csv","word_polish","dominance_sd_male"
"Imbir2015.csv","word_polish","origin_n"
"Imbir2015.csv","word_polish","origin_minimum"
"Imbir2015.csv","word_polish","origin_maximum"
"Imbir2015.csv","word_polish","origin_mean"
"Imbir2015.csv","word_polish","origin_sd"
"Imbir2015.csv","word_polish","origin_n_female"
"Imbir2015.csv","word_polish","origin_minimum_female"
"Imbir2015.csv","word_polish","origin_maximum_female"
"Imbir2015.csv","word_polish","origin_mean_female"
"Imbir2015.csv","word_polish","origin_sd_female"
"Imbir2015.csv","word_polish","origin_n_male"
"Imbir2015.csv","word_polish","origin_minimum_male"
"Imbir2015.csv","word_polish","origin_maximum_male"
"Imbir2015.csv","word_polish","origin_mean_male"
"Imbir2015.csv","word_polish","origin_sd_male"
"Imbir2015.csv","word_polish","significance_n"
"Imbir2015.csv","word_polish","significance_minimum"
"Imbir2015.csv","word_polish","significance_maximum"
"Imbir2015.csv","word_polish","significance_mean"
"Imbir2015.csv","word_polish","significance_sd"
"Imbir2015.csv","word_polish","significance_n_female"
"Imbir2015.csv","word_polish","significance_minimum_female"
"Imbir2015.csv","word_polish","significance_maximum_female"
"Imbir2015.csv","word_polish","significance_mean_female"
"Imbir2015.csv","word_polish","significance_sd_female"
"Imbir2015.csv","word_polish","significance_n_male"
"Imbir2015.csv","word_polish","significance_minimum_male"
"Imbir2015.csv","word_polish","significance_maximum_male"
"Imbir2015.csv","word_polish","significance_mean_male"
"Imbir2015.csv","word_polish","significance_sd_male"
"Imbir2015.csv","word_polish","source_n"
"Imbir2015.csv","word_polish","source_minimum"
"Imbir2015.csv","word_polish","source_maximum"
"Imbir2015.csv","word_polish","source_mean"
"Imbir2015.csv","word_polish","source_sd"
"Imbir2015.csv","word_polish","source_n_female"
"Imbir2015.csv","word_polish","source_minimum_female"
"Imbir2015.csv","word_polish","source_maximum_female"
"Imbir2015.csv","word_polish","source_mean_female"
"Imbir2015.csv","word_polish","source_sd_female"
"Imbir2015.csv","word_polish","source_n_male"
"Imbir2015.csv","word_polish","source_minimum_male"
"Imbir2015.csv","word_polish","source_maximum_male"
"Imbir2015.csv","word_polish","source_mean_male"
"Imbir2015.csv","word_polish","source_sd_male"
"Imbir2015.csv","word_polish","english_meanings_n"
"Imbir2015.csv","word_polish","anew_number"
"Imbir2015.csv","word_polish","anew_second_meaning_number"
"Imbir2015.csv","word_polish","anew_third_meaning_number"
"Izura2005.csv","word_spanish","typicality"
"Izura2005.csv","word_spanish","familiarity"
"Izura2005.csv","word_spanish","aoa_mean"
"Izura2005.csv","word_spanish","imagine_mean"
"Izura2005.csv","word_spanish","lexical_availability_mean"
"Izura2005.csv","word_spanish","frequency"
"Izura2005.csv","word_spanish","length"
"Izura2005.csv","word_spanish","type"
"Izura2012.csv","word_english_acronym","semantic_related_responses_percent"
"Izura2012.csv","word_english_acronym","voiced"
"Izura2012.csv","word_english_acronym","Am Atyp:3"
"Izura2012.csv","word_english_acronym","letters"
"Izura2012.csv","word_english_acronym","syllables"
"Izura2012.csv","word_english_acronym","phonemes"
"Izura2012.csv","word_english_acronym","orthographic_neighbors"
"Izura2012.csv","word_english_acronym","imagine_mean"
"Izura2012.csv","word_english_acronym","frequency_rate_mean"
"Izura2012.csv","word_english_acronym","frequency_log_google"
"Izura2012.csv","word_english_acronym","frequency_log_bing"
"Izura2012.csv","word_english_acronym","frequency_log_altavista"
"Izura2012.csv","word_english_acronym","aoa_mean"
"Izura2012.csv","word_english_acronym","frequency_bigram"
"Izura2012.csv","word_english_acronym","frequency_trigram"
"Izura2012.csv","word_english_phrase","semantic_related_responses_percent"
"Izura2012.csv","word_english_phrase","voiced"
"Izura2012.csv","word_english_phrase","Am Atyp:3"
"Izura2012.csv","word_english_phrase","letters"
"Izura2012.csv","word_english_phrase","syllables"
"Izura2012.csv","word_english_phrase","phonemes"
"Izura2012.csv","word_english_phrase","orthographic_neighbors"
"Izura2012.csv","word_english_phrase","imagine_mean"
"Izura2012.csv","word_english_phrase","frequency_rate_mean"
"Izura2012.csv","word_english_phrase","frequency_log_google"
"Izura2012.csv","word_english_phrase","frequency_log_bing"
"Izura2012.csv","word_english_phrase","frequency_log_altavista"
"Izura2012.csv","word_english_phrase","aoa_mean"
"Izura2012.csv","word_english_phrase","frequency_bigram"
"Izura2012.csv","word_english_phrase","frequency_trigram"
"Janschewitz2008.csv","word_english","rater"
"Janschewitz2008.csv","word_english","type"
"Janschewitz2008.csv","word_english","length"
"Janschewitz2008.csv","word_english","syllables"
"Janschewitz2008.csv","word_english","frequency_kf"
"Janschewitz2008.csv","word_english","valence_mean_anew"
"Janschewitz2008.csv","word_english","arousal_mean_anew"
"Janschewitz2008.csv","word_english","personal_use_mean"
"Janschewitz2008.csv","word_english","personal_use_sd"
"Janschewitz2008.csv","word_english","familiarity_mean"
"Janschewitz2008.csv","word_english","familiarity_sd"
"Janschewitz2008.csv","word_english","offensiveness_mean"
"Janschewitz2008.csv","word_english","offensiveness_sd"
"Janschewitz2008.csv","word_english","tabooness_mean"
"Janschewitz2008.csv","word_english","tabooness_sd"
"Janschewitz2008.csv","word_english","valence_mean"
"Janschewitz2008.csv","word_english","valence_sd"
"Janschewitz2008.csv","word_english","arousal_mean"
"Janschewitz2008.csv","word_english","arousal_sd"
"Janschewitz2008.csv","word_english","imagine_mean"
"Janschewitz2008.csv","word_english","imagine_sd"
"Janssen2011.csv","word_english","item_number"
"Janssen2011.csv","word_english","type"
"Janssen2011.csv","word_english","mame_agreement_h_mean"
"Janssen2011.csv","word_english","name_agreement_proportion"
"Janssen2011.csv","word_english","familiar_mean"
"Janssen2011.csv","word_english","familiar_sd"
"Janssen2011.csv","word_english","imagine_mean"
"Janssen2011.csv","word_english","imagine_sd"
"Janssen2011.csv","word_english","visual_complexity_mean"
"Janssen2011.csv","word_english","visual_complexity_sd"
"Janssen2011.csv","word_english","frequency_compound"
"Janssen2011.csv","word_english","frequency_lexeme1"
"Janssen2011.csv","word_english","frequency_lexeme2"
"Janssen2011.csv","word_english","rt_mean"
"Janssen2011.csv","word_english_celex","item_number"
"Janssen2011.csv","word_english_celex","type"
"Janssen2011.csv","word_english_celex","mame_agreement_h_mean"
"Janssen2011.csv","word_english_celex","name_agreement_proportion"
"Janssen2011.csv","word_english_celex","familiar_mean"
"Janssen2011.csv","word_english_celex","familiar_sd"
"Janssen2011.csv","word_english_celex","imagine_mean"
"Janssen2011.csv","word_english_celex","imagine_sd"
"Janssen2011.csv","word_english_celex","visual_complexity_mean"
"Janssen2011.csv","word_english_celex","visual_complexity_sd"
"Janssen2011.csv","word_english_celex","frequency_compound"
"Janssen2011.csv","word_english_celex","frequency_lexeme1"
"Janssen2011.csv","word_english_celex","frequency_lexeme2"
"Janssen2011.csv","word_english_celex","rt_mean"
"Jasmin2012.csv","word_dutch","arousal_mean"
"Jasmin2012.csv","word_dutch","arousal_sd"
"Jasmin2012.csv","word_dutch","concrete_mean"
"Jasmin2012.csv","word_dutch","concrete_sd"
"Jasmin2012.csv","word_dutch","dominance_mean"
"Jasmin2012.csv","word_dutch","dominance_sd"
"Jasmin2012.csv","word_dutch","imagine_mean"
"Jasmin2012.csv","word_dutch","imagine_sd"
"Jasmin2012.csv","word_dutch","valence_mean"
"Jasmin2012.csv","word_dutch","valence_sd"
"Johnston2010.csv","word_english_us","file_no"
"Johnston2010.csv","word_english_us","aoa_mean"
"Johnston2010.csv","word_english_us","p_n"
"Johnston2010.csv","word_english_us","familiarity_mean"
"Johnston2010.csv","word_english_us","familiarity_cond"
"Johnston2010.csv","word_english_us","comp"
"Johnston2010.csv","word_english_us","dom_valid"
"Johnston2010.csv","word_english_us","us_uk_match"
"Johnston2010.csv","word_english_us","raw_dom"
"Johnston2010.csv","word_english_us","dont_know"
"Johnston2010.csv","word_english_us","missing_name"
"Johnston2010.csv","word_english_us","raw_valid"
"Johnston2010.csv","word_english_us","total_miss"
"Johnston2010.csv","word_english_us","dom_total_miss"
"Johnston2010.csv","word_english_us","no_alternatives"
"Johnston2010.csv","word_english_us","h_statistic"
"Johnston2010.csv","word_english_us","cobuild_f"
"Johnston2010.csv","word_english_us","uk_name"
"Johnston2010.csv","word_english_us","length"
"Johnston2010.csv","word_english_us","naming_n"
"Johnston2010.csv","word_english_us","percent_na"
"Johnston2010.csv","word_english_us","percent_na_timed"
"Johnston2010.csv","word_english_us","frequency_celex_comb"
"Johnston2010.csv","word_english_us","frequency_celex_writ"
"Johnston2010.csv","word_english_us","frequency_celex_spoken"
"Johnston2010.csv","word_english_us","in"
"Johnston2010.csv","word_english_us","response1"
"Johnston2010.csv","word_english_us","response2"
"Johnston2010.csv","word_english_us","response3"
"Johnston2010.csv","word_english_us","response4"
"Johnston2010.csv","word_english_us","response5"
"Johnston2010.csv","word_english_us","response6"
"Johnston2010.csv","word_english_us","response7"
"Johnston2010.csv","word_english_us","response8"
"Johnston2010.csv","word_english_us","response9"
"Johnston2010.csv","word_english_us","response10"
"Johnston2010.csv","word_english_us","response11"
"Johnston2010.csv","word_english_us","response12"
"Johnston2010.csv","word_english_us","response13"
"Johnston2010.csv","word_english_us","response14"
"Johnston2010.csv","word_english_us","response15"
"Johnston2010.csv","word_english_us","response16"
"Johnston2010.csv","word_english_us","response17"
"Johnston2010.csv","word_english_us","response18"
"Johnston2010.csv","word_english_us","response19"
"Johnston2010.csv","word_english_us","response20"
"Johnston2010.csv","word_english_us","response21"
"Johnston2010.csv","word_english_us","response22"
"Johnston2010.csv","word_english_us","response23"
"Johnston2010.csv","word_english_us","response24"
"Johnston2010.csv","word_english_us","response25"
"Johnston2010.csv","word_english_us","rt_mean"
"Johnston2010.csv","word_english_us","rt_sd"
"Johnston2010.csv","word_english_us","rt_n"
"Johnston2010.csv","word_english_us","noresponse_n"
"Johnston2010.csv","word_english_us","voicekey_fail_n"
"Johnston2010.csv","word_english_us","environmental_n"
"Johnston2010.csv","word_english_us","dysfluency_n"
"Johnston2010.csv","word_english_us","time_out_n"
"Johnston2010.csv","word_english_us","pass_no_response_n"
"Johnston2010.csv","word_english_us","non_dominance_n"
"Johnston2010.csv","word_english_us","missing_data_n"
"Johnston2010.csv","word_english_gb","file_no"
"Johnston2010.csv","word_english_gb","aoa_mean"
"Johnston2010.csv","word_english_gb","p_n"
"Johnston2010.csv","word_english_gb","familiarity_mean"
"Johnston2010.csv","word_english_gb","familiarity_cond"
"Johnston2010.csv","word_english_gb","comp"
"Johnston2010.csv","word_english_gb","dom_valid"
"Johnston2010.csv","word_english_gb","us_uk_match"
"Johnston2010.csv","word_english_gb","raw_dom"
"Johnston2010.csv","word_english_gb","dont_know"
"Johnston2010.csv","word_english_gb","missing_name"
"Johnston2010.csv","word_english_gb","raw_valid"
"Johnston2010.csv","word_english_gb","total_miss"
"Johnston2010.csv","word_english_gb","dom_total_miss"
"Johnston2010.csv","word_english_gb","no_alternatives"
"Johnston2010.csv","word_english_gb","h_statistic"
"Johnston2010.csv","word_english_gb","cobuild_f"
"Johnston2010.csv","word_english_gb","uk_name"
"Johnston2010.csv","word_english_gb","length"
"Johnston2010.csv","word_english_gb","naming_n"
"Johnston2010.csv","word_english_gb","percent_na"
"Johnston2010.csv","word_english_gb","percent_na_timed"
"Johnston2010.csv","word_english_gb","frequency_celex_comb"
"Johnston2010.csv","word_english_gb","frequency_celex_writ"
"Johnston2010.csv","word_english_gb","frequency_celex_spoken"
"Johnston2010.csv","word_english_gb","in"
"Johnston2010.csv","word_english_gb","response1"
"Johnston2010.csv","word_english_gb","response2"
"Johnston2010.csv","word_english_gb","response3"
"Johnston2010.csv","word_english_gb","response4"
"Johnston2010.csv","word_english_gb","response5"
"Johnston2010.csv","word_english_gb","response6"
"Johnston2010.csv","word_english_gb","response7"
"Johnston2010.csv","word_english_gb","response8"
"Johnston2010.csv","word_english_gb","response9"
"Johnston2010.csv","word_english_gb","response10"
"Johnston2010.csv","word_english_gb","response11"
"Johnston2010.csv","word_english_gb","response12"
"Johnston2010.csv","word_english_gb","response13"
"Johnston2010.csv","word_english_gb","response14"
"Johnston2010.csv","word_english_gb","response15"
"Johnston2010.csv","word_english_gb","response16"
"Johnston2010.csv","word_english_gb","response17"
"Johnston2010.csv","word_english_gb","response18"
"Johnston2010.csv","word_english_gb","response19"
"Johnston2010.csv","word_english_gb","response20"
"Johnston2010.csv","word_english_gb","response21"
"Johnston2010.csv","word_english_gb","response22"
"Johnston2010.csv","word_english_gb","response23"
"Johnston2010.csv","word_english_gb","response24"
"Johnston2010.csv","word_english_gb","response25"
"Johnston2010.csv","word_english_gb","rt_mean"
"Johnston2010.csv","word_english_gb","rt_sd"
"Johnston2010.csv","word_english_gb","rt_n"
"Johnston2010.csv","word_english_gb","noresponse_n"
"Johnston2010.csv","word_english_gb","voicekey_fail_n"
"Johnston2010.csv","word_english_gb","environmental_n"
"Johnston2010.csv","word_english_gb","dysfluency_n"
"Johnston2010.csv","word_english_gb","time_out_n"
"Johnston2010.csv","word_english_gb","pass_no_response_n"
"Johnston2010.csv","word_english_gb","non_dominance_n"
"Johnston2010.csv","word_english_gb","missing_data_n"
"Juhasz2013.csv","word_english","sensory_mean"
"Juhasz2015.csv","word_english","length"
"Juhasz2015.csv","word_english","familiar_mean"
"Juhasz2015.csv","word_english","familiar_n"
"Juhasz2015.csv","word_english","aoa_subjective_mean"
"Juhasz2015.csv","word_english","aoa_subjective_n"
"Juhasz2015.csv","word_english","transparency_mean"
"Juhasz2015.csv","word_english","transparency_n"
"Juhasz2015.csv","word_english","lmd_mean"
"Juhasz2015.csv","word_english","lmd_n"
"Juhasz2015.csv","word_english","imagine_mean"
"Juhasz2015.csv","word_english","imagine_n"
"Juhasz2015.csv","word_english","ser_mean"
"Juhasz2015.csv","word_english","ser_n"
"Juhasz2015.csv","word_english","familiar_z"
"Juhasz2015.csv","word_english","aoa_zscore"
"Juhasz2015.csv","word_english","transparency_z"
"Juhasz2015.csv","word_english","lmd_zscore"
"Juhasz2015.csv","word_english","imagine_zscore"
"Juhasz2015.csv","word_english","ser_zscore"
"Kanske2010.csv","word_german","valence_mean"
"Kanske2010.csv","word_german","valence_sd"
"Kanske2010.csv","word_german","arousal_mean"
"Kanske2010.csv","word_german","arousal_sd"
"Kanske2010.csv","word_german","concrete_mean"
"Kanske2010.csv","word_german","concrete_sd"
"Kanske2010.csv","word_german","frequency"
"Kanske2010.csv","word_german","length"
"Kanske2010.csv","word_german","syllables"
"Kanske2010.csv","word_german","valence_mean_female"
"Kanske2010.csv","word_german","valence_sd_female"
"Kanske2010.csv","word_german","arousal_mean_female"
"Kanske2010.csv","word_german","arousal_sd_female"
"Kanske2010.csv","word_german","concrete_mean_female"
"Kanske2010.csv","word_german","concrete_sd_female"
"Kanske2010.csv","word_german","valence_mean_male"
"Kanske2010.csv","word_german","valence_sd_mean"
"Kanske2010.csv","word_german","arousal_mean_male"
"Kanske2010.csv","word_german","arousal_sd_mean"
"Kanske2010.csv","word_german","concrete_mean_male"
"Kanske2010.csv","word_german","concrete_sd_male"
"Kerr1991.csv","word_english","blind_sighted"
"Kerr1991.csv","word_english","familiar_mean"
"Kerr1991.csv","word_english","concrete_mean"
"Kerr1991.csv","word_english","meaningfulness_mean"
"Kerr1991.csv","word_english","imagine_mean"
"Kerr1991.csv","word_english","familiar_sd"
"Kerr1991.csv","word_english","concrete_sd"
"Kerr1991.csv","word_english","meaningfulness_sd"
"Kerr1991.csv","word_english","imagine_sd"
"Kerr1991.csv","word_english","visual_percent"
"Kerr1991.csv","word_english","auditory_percent"
"Kerr1991.csv","word_english","tactile_percent"
"Kerr1991.csv","word_english","taste_percent"
"Kerr1991.csv","word_english","spatial_percent"
"Kerr1991.csv","word_english","smell_percent"
"Kerr1991.csv","word_english","associates"
"Khanna2011_1.csv","word_english","item_number"
"Khanna2011_1.csv","word_english","definition_phrase"
"Khanna2011_1.csv","word_english","aoa_mean"
"Khanna2011_1.csv","word_english","rt_mean"
"Khanna2011_1.csv","word_english","rt_sd"
"Khanna2011_1.csv","word_english","item_zscore"
"Khanna2011_2.csv","word_english","item_number"
"Khanna2011_2.csv","word_english","set_number"
"Khanna2011_2.csv","word_english","dominance_definition"
"Khanna2011_2.csv","word_english","aoa_mean_dominance"
"Khanna2011_2.csv","word_english","subordinate_definition"
"Khanna2011_2.csv","word_english","aoa_mean_subordinate"
"Khanna2011_2.csv","word_english","rt_mean_ldt"
"Khanna2011_2.csv","word_english","rt_mean_naming"
"Khwaileh2018.csv","word_arabic_aralex","gender"
"Khwaileh2018.csv","word_arabic_aralex","animate_mean"
"Khwaileh2018.csv","word_arabic_aralex","reversiveness"
"Khwaileh2018.csv","word_arabic_aralex","syllables"
"Khwaileh2018.csv","word_arabic_aralex","phonemes"
"Khwaileh2018.csv","word_arabic_aralex","frequency_written"
"Khwaileh2018.csv","word_arabic_aralex","rt_mean"
"Khwaileh2018.csv","word_arabic_aralex","name_agreement_proportion"
"Khwaileh2018.csv","word_arabic_aralex","visualcomplexity_mean"
"Khwaileh2018.csv","word_arabic_aralex","visual_complexity_sd"
"Khwaileh2018.csv","word_arabic_aralex","image_agreement_mean"
"Khwaileh2018.csv","word_arabic_aralex","image_agreement_sd"
"Khwaileh2018.csv","word_arabic_aralex","aoa_mean"
"Khwaileh2018.csv","word_arabic_aralex","aoa_sd"
"Khwaileh2018.csv","word_arabic_aralex","imagine_mean"
"Khwaileh2018.csv","word_arabic_aralex","imagine_sd"
"Khwaileh2018.csv","word_arabic_aralex","familiar_mean"
"Khwaileh2018.csv","word_arabic_aralex","familiar_sd"
"Khwaileh2018.csv","word_arabic_aralex","rationality"
"Khwaileh2018.csv","word_arabic_aralex","initial_phoneme"
"Khwaileh2018.csv","word_arabic","gender"
"Khwaileh2018.csv","word_arabic","animate_mean"
"Khwaileh2018.csv","word_arabic","reversiveness"
"Khwaileh2018.csv","word_arabic","syllables"
"Khwaileh2018.csv","word_arabic","phonemes"
"Khwaileh2018.csv","word_arabic","frequency_written"
"Khwaileh2018.csv","word_arabic","rt_mean"
"Khwaileh2018.csv","word_arabic","name_agreement_proportion"
"Khwaileh2018.csv","word_arabic","visualcomplexity_mean"
"Khwaileh2018.csv","word_arabic","visual_complexity_sd"
"Khwaileh2018.csv","word_arabic","image_agreement_mean"
"Khwaileh2018.csv","word_arabic","image_agreement_sd"
"Khwaileh2018.csv","word_arabic","aoa_mean"
"Khwaileh2018.csv","word_arabic","aoa_sd"
"Khwaileh2018.csv","word_arabic","imagine_mean"
"Khwaileh2018.csv","word_arabic","imagine_sd"
"Khwaileh2018.csv","word_arabic","familiar_mean"
"Khwaileh2018.csv","word_arabic","familiar_sd"
"Khwaileh2018.csv","word_arabic","rationality"
"Khwaileh2018.csv","word_arabic","initial_phoneme"
"Khwaileh2018.csv","word_arabic_name_agreement","gender"
"Khwaileh2018.csv","word_arabic_name_agreement","animate_mean"
"Khwaileh2018.csv","word_arabic_name_agreement","reversiveness"
"Khwaileh2018.csv","word_arabic_name_agreement","syllables"
"Khwaileh2018.csv","word_arabic_name_agreement","phonemes"
"Khwaileh2018.csv","word_arabic_name_agreement","frequency_written"
"Khwaileh2018.csv","word_arabic_name_agreement","rt_mean"
"Khwaileh2018.csv","word_arabic_name_agreement","name_agreement_proportion"
"Khwaileh2018.csv","word_arabic_name_agreement","visualcomplexity_mean"
"Khwaileh2018.csv","word_arabic_name_agreement","visual_complexity_sd"
"Khwaileh2018.csv","word_arabic_name_agreement","image_agreement_mean"
"Khwaileh2018.csv","word_arabic_name_agreement","image_agreement_sd"
"Khwaileh2018.csv","word_arabic_name_agreement","aoa_mean"
"Khwaileh2018.csv","word_arabic_name_agreement","aoa_sd"
"Khwaileh2018.csv","word_arabic_name_agreement","imagine_mean"
"Khwaileh2018.csv","word_arabic_name_agreement","imagine_sd"
"Khwaileh2018.csv","word_arabic_name_agreement","familiar_mean"
"Khwaileh2018.csv","word_arabic_name_agreement","familiar_sd"
"Khwaileh2018.csv","word_arabic_name_agreement","rationality"
"Khwaileh2018.csv","word_arabic_name_agreement","initial_phoneme"
"Koper2016.csv","word_german","concrete_mean"
"Koper2016.csv","word_german","arousal_mean"
"Koper2016.csv","word_german","imagine_mean"
"Koper2016.csv","word_german","valence_mean"
"Kremer2011_de.csv","word_german_1","cosine"
"Kremer2011_de.csv","word_german_2","cosine"
"Kremer2011_it.csv","word_italian_1","cosine"
"Kremer2011_it.csv","word_italian_2","cosine"
"Kuperman2012.csv","word_english","occurrence_total"
"Kuperman2012.csv","word_english","occurrence_number"
"Kuperman2012.csv","word_english","frequency_pm"
"Kuperman2012.csv","word_english","aoa_mean"
"Kuperman2012.csv","word_english","aoa_sd"
"Kuperman2012.csv","word_english","known_percent"
"Lachaud2007.csv","word_french","meaning"
"Lachaud2007.csv","word_french","N"
"Lachaud2007.csv","word_french","aoa_mean"
"Lachaud2007.csv","word_french","aoa_min"
"Lachaud2007.csv","word_french","aoa_max"
"Lachaud2007.csv","word_french","aoa_sd"
"Lachaud2007.csv","word_french","aoa_certainty_mean"
"Lachaud2007.csv","word_french","aoa_certainty_min"
"Lachaud2007.csv","word_french","aoa_certainty_max"
"Lachaud2007.csv","word_french","aoa_certainty_sd"
"Lachaud2007.csv","word_french","familiar_mean"
"Lachaud2007.csv","word_french","familiar_min"
"Lachaud2007.csv","word_french","familiar_max"
"Lachaud2007.csv","word_french","familiar_sd"
"Leveau2012.csv","word_french","valence_mean"
"Leveau2012.csv","word_french","arousal_mean"
"Leveau2012.csv","word_french","valence_number"
"Leveau2012.csv","word_french","arousal_number"
"Leveau2012.csv","word_french","valence_mean_painchaud_2005"
"Leveau2012.csv","word_french","valence_mean_syssau_font_2005"
"Leveau2012.csv","word_french","valence_mean_bonin_etal_2003"
"Leveau2012.csv","word_french","valence_mean_messina_etal_1989"
"Leveau2012.csv","word_french","valence_mean_vikis_freiberg_1976"
"Leveau2012.csv","word_french","valence_mean_bradley_lang_1999"
"Leveau2012.csv","word_french","valence_mean_vo_al_2009"
"Leveau2012.csv","word_french","valence_mean_leleu_1987"
"Leveau2012.csv","word_french","valence_mean_zammuner_1998"
"Leveau2012.csv","word_french","valence_mean_eilola_havelka_2007"
"Leveau2012.csv","word_french","valence_mean_redondo_etal_2007"
"Leveau2012.csv","word_french","valence_mean_niedenthal_etal_2004"
"Leveau2012.csv","word_french","arousal_mean_bradley_lang_1999"
"Leveau2012.csv","word_french","arousal_mean_vo_al_2009"
"Leveau2012.csv","word_french","arousal_mean_leleu_1987"
"Leveau2012.csv","word_french","arousal_mean_eilola_havelka_2007"
"Leveau2012.csv","word_french","arousal_mean_redondo_etal_2007"
"Li2021.csv","word_chinese_traditional","number_exemplars"
"Li2021.csv","word_chinese_traditional","number_exemplars_90_coverage"
"Li2021.csv","word_chinese_traditional","coverage_90_percent"
"Li2021.csv","word_chinese_traditional","invalid_exemplars_percent"
"Li2021.csv","word_chinese_traditional","first_examplar_percent"
"Li2021.csv","word_chinese_traditional","familiarity_mean"
"Li2021.csv","word_chinese_traditional","familiarity_sd"
"Lind2015.csv","word_norwegian","pos"
"Lind2015.csv","word_norwegian","imagine_category"
"Lind2015.csv","word_norwegian","imagine_mean"
"Lind2015.csv","word_norwegian","aoa_subjective_category"
"Lind2015.csv","word_norwegian","aoa_subjective_mean"
"Lind2015.csv","word_norwegian","frequency_use_category"
"Lind2015.csv","word_norwegian","frequency_use"
"Lind2015.csv","word_norwegian","phonological_neighbors_category"
"Lind2015.csv","word_norwegian","phonological_neighbors_number"
"Lind2015.csv","word_norwegian","phonological_neighbors"
"Lind2015.csv","word_norwegian","letters"
"Lind2015.csv","word_norwegian","sounds"
"Lind2015.csv","word_norwegian","syllables"
"Lind2015.csv","word_norwegian","derivation"
"Lind2015.csv","word_norwegian","compound"
"Lind2015.csv","word_norwegian","first_sound_fricative"
"Lind2015.csv","word_norwegian","first_consonant_cluster"
"Lind2015.csv","word_norwegian","grammatical_gender"
"Lind2015.csv","word_norwegian","used_plural"
"Lind2015.csv","word_norwegian","mass_noun"
"Lind2015.csv","word_norwegian","valency"
"Lind2015.csv","word_norwegian","transitivity"
"Lind2015.csv","word_norwegian","multi_word_phrase"
"Liu2007.csv","word_chinese_simplified","age_of_learning"
"Liu2007.csv","word_chinese_simplified","aoa_mean"
"Liu2007.csv","word_chinese_simplified","concrete_mean"
"Liu2007.csv","word_chinese_simplified","familiar_mean"
"Liu2007.csv","word_chinese_simplified","imagine_mean"
"Liu2007.csv","word_pinyin","age_of_learning"
"Liu2007.csv","word_pinyin","aoa_mean"
"Liu2007.csv","word_pinyin","concrete_mean"
"Liu2007.csv","word_pinyin","familiar_mean"
"Liu2007.csv","word_pinyin","imagine_mean"
"Liu2025.csv","word_chinese_simplified","concrete_mean"
"Liu2025.csv","word_chinese_simplified","concrete_sd"
"Liu2025.csv","word_chinese_simplified","arousal_mean"
"Liu2025.csv","word_chinese_simplified","arousal_sd"
"Liu2025.csv","word_chinese_simplified","familiar_mean"
"Liu2025.csv","word_chinese_simplified","familiar_sd"
"Liu2025.csv","word_chinese_simplified","typicality_mean"
"Liu2025.csv","word_chinese_simplified","typicality_sd"
"Liu2025.csv","word_chinese_simplified","valence_mean"
"Liu2025.csv","word_chinese_simplified","valence_sd"
"Lotto2010.csv","word_italian","aoa_mean_lr"
"Lotto2010.csv","word_italian","aoa_mean_objective"
"Lotto2010.csv","word_italian","aoa_mean_subjective"
"Lotto2010.csv","word_italian","rt_mean"
"Lotto2010.csv","word_italian","typicality_mean"
"Lotto2010.csv","word_italian","familiar_mean"
"Lotto2010.csv","word_italian","frequency_o"
"Lotto2010.csv","word_italian","frequency_s"
"Lotto2010.csv","word_italian","length"
"Luniewska2015.csv","word_afrikaans","aoa_M_afrikaans"
"Luniewska2019_ar.csv","word_arabic","part"
"Luniewska2019_ar.csv","word_arabic","aoa_mean"
"Luniewska2019_ar.csv","word_arabic","language"
"Luniewska2019_ar.csv","word_arabic","phonemes"
"Luniewska2019_ar.csv","word_arabic","letters"
"Luniewska2019_ar.csv","word_arabic","compound_word"
"Luniewska2019_ar.csv","word_arabic","frequency"
"Luniewska2019_cs.csv","word_czech","part"
"Luniewska2019_cs.csv","word_czech","aoa_mean"
"Luniewska2019_cs.csv","word_czech","language"
"Luniewska2019_cs.csv","word_czech","phonemes"
"Luniewska2019_cs.csv","word_czech","letters"
"Luniewska2019_cs.csv","word_czech","compound_word"
"Luniewska2019_cs.csv","word_czech","frequency"
"Luniewska2019_en.csv","word_english","part"
"Luniewska2019_en.csv","word_english","aoa_mean"
"Luniewska2019_en.csv","word_english","language"
"Luniewska2019_en.csv","word_english","phonemes"
"Luniewska2019_en.csv","word_english","letters"
"Luniewska2019_en.csv","word_english","compound_word"
"Luniewska2019_en.csv","word_english","frequency"
"Luniewska2019_fa.csv","word_farsi","part"
"Luniewska2019_fa.csv","word_farsi","aoa_mean"
"Luniewska2019_fa.csv","word_farsi","language"
"Luniewska2019_fa.csv","word_farsi","phonemes"
"Luniewska2019_fa.csv","word_farsi","letters"
"Luniewska2019_fa.csv","word_farsi","compound_word"
"Luniewska2019_fa.csv","word_farsi","frequency"
"Luniewska2019_gd.csv","word_gaelic","part"
"Luniewska2019_gd.csv","word_gaelic","aoa_mean"
"Luniewska2019_gd.csv","word_gaelic","language"
"Luniewska2019_gd.csv","word_gaelic","phonemes"
"Luniewska2019_gd.csv","word_gaelic","letters"
"Luniewska2019_gd.csv","word_gaelic","compound_word"
"Luniewska2019_gd.csv","word_gaelic","frequency"
"Luniewska2019_hy.csv","word_armenian","part"
"Luniewska2019_hy.csv","word_armenian","aoa_mean"
"Luniewska2019_hy.csv","word_armenian","language"
"Luniewska2019_hy.csv","word_armenian","phonemes"
"Luniewska2019_hy.csv","word_armenian","letters"
"Luniewska2019_hy.csv","word_armenian","compound_word"
"Luniewska2019_hy.csv","word_armenian","frequency"
"Luniewska2019_ms.csv","word_malay","part"
"Luniewska2019_ms.csv","word_malay","aoa_mean"
"Luniewska2019_ms.csv","word_malay","language"
"Luniewska2019_ms.csv","word_malay","phonemes"
"Luniewska2019_ms.csv","word_malay","letters"
"Luniewska2019_ms.csv","word_malay","compound_word"
"Luniewska2019_ms.csv","word_malay","frequency"
"Lynott2020.csv","word_english","auditory_mean"
"Lynott2020.csv","word_english","gustatory_mean"
"Lynott2020.csv","word_english","haptic_mean"
"Lynott2020.csv","word_english","interoceptive_mean"
"Lynott2020.csv","word_english","olfactory_mean"
"Lynott2020.csv","word_english","visual_mean"
"Lynott2020.csv","word_english","foot_leg_mean"
"Lynott2020.csv","word_english","hand_arm_mean"
"Lynott2020.csv","word_english","head_mean"
"Lynott2020.csv","word_english","mouth_mean"
"Lynott2020.csv","word_english","torso_mean"
"Lynott2020.csv","word_english","auditory_sd"
"Lynott2020.csv","word_english","gustatory_sd"
"Lynott2020.csv","word_english","haptic_sd"
"Lynott2020.csv","word_english","interoceptive_sd"
"Lynott2020.csv","word_english","olfactory_sd"
"Lynott2020.csv","word_english","visual_sd"
"Lynott2020.csv","word_english","foot_leg_sd"
"Lynott2020.csv","word_english","hand_arm_sd"
"Lynott2020.csv","word_english","head_sd"
"Lynott2020.csv","word_english","mouth_sd"
"Lynott2020.csv","word_english","torso_sd"
"Lynott2020.csv","word_english","max_strength_perceptual"
"Lynott2020.csv","word_english","minkowski3_perceptual"
"Lynott2020.csv","word_english","exclusivity_perceptual"
"Lynott2020.csv","word_english","dominant_perceptual"
"Lynott2020.csv","word_english","max_strength_action"
"Lynott2020.csv","word_english","minkowski3_action"
"Lynott2020.csv","word_english","exclusivity_action"
"Lynott2020.csv","word_english","dominant_action"
"Lynott2020.csv","word_english","max_strength_sensorimotor"
"Lynott2020.csv","word_english","minkowski3_sensorimotor"
"Lynott2020.csv","word_english","exclusivity_sensorimotor"
"Lynott2020.csv","word_english","dominant_sensorimotor"
"Lynott2020.csv","word_english","n_known_perceptual"
"Lynott2020.csv","word_english","list_n_perceptual"
"Lynott2020.csv","word_english","percent_known_perceptual"
"Lynott2020.csv","word_english","n_known_action"
"Lynott2020.csv","word_english","list_n_action"
"Lynott2020.csv","word_english","percent_known_action"
"Lynott2020.csv","word_english","mean_age_perceptual"
"Lynott2020.csv","word_english","mean_age_action"
"Lynott2020.csv","word_english","list_num_perceptual"
"Lynott2020.csv","word_english","list_num_action"
"Manoiloff2010.csv","word_spanish","name_agreement_h_mean"
"Manoiloff2010.csv","word_spanish","name_agreement_proportion"
"Manoiloff2010.csv","word_spanish","familiar_mean"
"Manoiloff2010.csv","word_spanish","familiar_median"
"Manoiloff2010.csv","word_spanish","familiar_sd"
"Manoiloff2010.csv","word_spanish","imagine_mean"
"Manoiloff2010.csv","word_spanish","imagine_median"
"Manoiloff2010.csv","word_spanish","imagine_sd"
"Manoiloff2010.csv","word_spanish","visual_complexity_mean"
"Manoiloff2010.csv","word_spanish","visual_complexity_median"
"Manoiloff2010.csv","word_spanish","visual_complexity_sd"
"Manoiloff2010.csv","word_spanish","image_variability_mean"
"Manoiloff2010.csv","word_spanish","image_variability_median"
"Manoiloff2010.csv","word_spanish","image_variability_sd"
"Manoiloff2010.csv","word_spanish","aoa_mean"
"Manoiloff2010.csv","word_spanish","aoa_median"
"Manoiloff2010.csv","word_spanish","aoa_sd"
"Manoiloff2010.csv","word_association_h","name_agreement_h_mean"
"Manoiloff2010.csv","word_association_h","name_agreement_proportion"
"Manoiloff2010.csv","word_association_h","familiar_mean"
"Manoiloff2010.csv","word_association_h","familiar_median"
"Manoiloff2010.csv","word_association_h","familiar_sd"
"Manoiloff2010.csv","word_association_h","imagine_mean"
"Manoiloff2010.csv","word_association_h","imagine_median"
"Manoiloff2010.csv","word_association_h","imagine_sd"
"Manoiloff2010.csv","word_association_h","visual_complexity_mean"
"Manoiloff2010.csv","word_association_h","visual_complexity_median"
"Manoiloff2010.csv","word_association_h","visual_complexity_sd"
"Manoiloff2010.csv","word_association_h","image_variability_mean"
"Manoiloff2010.csv","word_association_h","image_variability_median"
"Manoiloff2010.csv","word_association_h","image_variability_sd"
"Manoiloff2010.csv","word_association_h","aoa_mean"
"Manoiloff2010.csv","word_association_h","aoa_median"
"Manoiloff2010.csv","word_association_h","aoa_sd"
"Manoiloff2010.csv","word_association_percent_mfn","name_agreement_h_mean"
"Manoiloff2010.csv","word_association_percent_mfn","name_agreement_proportion"
"Manoiloff2010.csv","word_association_percent_mfn","familiar_mean"
"Manoiloff2010.csv","word_association_percent_mfn","familiar_median"
"Manoiloff2010.csv","word_association_percent_mfn","familiar_sd"
"Manoiloff2010.csv","word_association_percent_mfn","imagine_mean"
"Manoiloff2010.csv","word_association_percent_mfn","imagine_median"
"Manoiloff2010.csv","word_association_percent_mfn","imagine_sd"
"Manoiloff2010.csv","word_association_percent_mfn","visual_complexity_mean"
"Manoiloff2010.csv","word_association_percent_mfn","visual_complexity_median"
"Manoiloff2010.csv","word_association_percent_mfn","visual_complexity_sd"
"Manoiloff2010.csv","word_association_percent_mfn","image_variability_mean"
"Manoiloff2010.csv","word_association_percent_mfn","image_variability_median"
"Manoiloff2010.csv","word_association_percent_mfn","image_variability_sd"
"Manoiloff2010.csv","word_association_percent_mfn","aoa_mean"
"Manoiloff2010.csv","word_association_percent_mfn","aoa_median"
"Manoiloff2010.csv","word_association_percent_mfn","aoa_sd"
"Manoiloff2010.csv","word_association","name_agreement_h_mean"
"Manoiloff2010.csv","word_association","name_agreement_proportion"
"Manoiloff2010.csv","word_association","familiar_mean"
"Manoiloff2010.csv","word_association","familiar_median"
"Manoiloff2010.csv","word_association","familiar_sd"
"Manoiloff2010.csv","word_association","imagine_mean"
"Manoiloff2010.csv","word_association","imagine_median"
"Manoiloff2010.csv","word_association","imagine_sd"
"Manoiloff2010.csv","word_association","visual_complexity_mean"
"Manoiloff2010.csv","word_association","visual_complexity_median"
"Manoiloff2010.csv","word_association","visual_complexity_sd"
"Manoiloff2010.csv","word_association","image_variability_mean"
"Manoiloff2010.csv","word_association","image_variability_median"
"Manoiloff2010.csv","word_association","image_variability_sd"
"Manoiloff2010.csv","word_association","aoa_mean"
"Manoiloff2010.csv","word_association","aoa_median"
"Manoiloff2010.csv","word_association","aoa_sd"
"Marques1997.csv","word_portuguese","typicality_mean"
"Marques1997.csv","word_portuguese","familiarity_mean_r"
"Marques1997.csv","word_portuguese","familiarity_mean_s"
"Marques2005.csv","word_portuguese","imagine_mean"
"Marques2005.csv","word_portuguese","concrete_mean"
"Marques2005.csv","word_portuguese","V4"
"Marques2005.csv","word_portuguese","V5"
"Marques2005.csv","word_portuguese","V6"
"Marques2005.csv","word_portuguese","V7"
"Marques2005.csv","word_portuguese","V8"
"Marques2005.csv","word_portuguese","V9"
"Marques2005.csv","word_portuguese","V10"
"Marques2005.csv","word_portuguese","V11"
"Marques2005.csv","word_portuguese","V12"
"Marques2005.csv","word_portuguese","V13"
"Marques2007.csv","word_portuguese","aoa_mean"
"Marques2007.csv","word_portuguese","aoa_sd"
"Marques2007.csv","word_portuguese","syllables"
"Marques2007.csv","word_portuguese","length"
"Marques2007.csv","word_portuguese","familiar_mean"
"Marques2007.csv","word_portuguese","frequency"
"Marques2007.csv","word_portuguese","frequency_log"
"Marques2007.csv","word_portuguese","concrete_mean"
"Marques2007.csv","word_portuguese","imagine_mean"
"Masterson1998.csv","word_english","frequency_kf"
"Masterson1998.csv","word_english","familiar_mean"
"Masterson1998.csv","word_english","familiar_sd"
"Masterson1998.csv","word_english","aoa_mean"
"Masterson1998.csv","word_english","aoa_sd"
"Masterson1998.csv","word_english","imagine_mean"
"Masterson1998.csv","word_english","imagine_sd"
"Masterson1998.csv","word_english","visual_complexity_mean"
"Masterson1998.csv","word_english","visual_complexity_sd"
"Masterson1998.csv","word_english","pos"
"Mochizuki2025.csv","word_japanese","item_number"
"Mochizuki2025.csv","word_japanese","pos"
"Mochizuki2025.csv","word_japanese","N_ratings"
"Mochizuki2025.csv","word_japanese","aoa_mean"
"Mochizuki2025.csv","word_japanese","aoa_sd"
"Mochizuki2025.csv","word_japanese","aoa_min"
"Mochizuki2025.csv","word_japanese","aoa_max"
"Monnier2014.csv","word_french","picture_source"
"Monnier2014.csv","word_french","picture_number"
"Monnier2014.csv","word_french","valence_mean_all"
"Monnier2014.csv","word_french","valence_sd_all"
"Monnier2014.csv","word_french","arousal_mean_all"
"Monnier2014.csv","word_french","arousal_sd_all"
"Monnier2014.csv","word_french","valence_mean_male"
"Monnier2014.csv","word_french","valence_sd_male"
"Monnier2014.csv","word_french","arousal_mean_male"
"Monnier2014.csv","word_french","arousal_sd_male"
"Monnier2014.csv","word_french","valence_mean_female"
"Monnier2014.csv","word_french","valence_sd_female"
"Monnier2014.csv","word_french","arousal_mean_female"
"Monnier2014.csv","word_french","arousal_sd_female"
"Monnier2014.csv","word_french","length"
"Monnier2014.csv","word_french","phonemes"
"Monnier2014.csv","word_french","syllables"
"Monnier2014.csv","word_french","pos"
"Monnier2014.csv","word_french","frequency_films"
"Monnier2014.csv","word_french","frequency_books"
"Monnier2014.csv","word_french","imagine_mean"
"Monnier2014.csv","word_french","bonin_et_al_2003"
"Monnier2014.csv","word_french","gilet_et_al_2012"
"Monnier2014.csv","word_french","niedenthal_et_al_2004"
"Monnier2014.csv","word_french","ric_et_al_2013"
"Monnier2014.csv","word_french","syssau_font_2005"
"Monnier2017.csv","word_french","picture_source"
"Monnier2017.csv","word_french","picture_number"
"Monnier2017.csv","word_french","valence_mean"
"Monnier2017.csv","word_french","valence_sd"
"Monnier2017.csv","word_french","arousal_mean"
"Monnier2017.csv","word_french","arousal_sd"
"Monnier2017.csv","word_french","valence_mean_male"
"Monnier2017.csv","word_french","valence_sd_male"
"Monnier2017.csv","word_french","arousal_mean_male"
"Monnier2017.csv","word_french","arousal_sd_male"
"Monnier2017.csv","word_french","valence_mean_female"
"Monnier2017.csv","word_french","valence_sd_female"
"Monnier2017.csv","word_french","arousal_mean_female"
"Monnier2017.csv","word_french","arousal_sd_female"
"Monnier2017.csv","word_french","letters"
"Monnier2017.csv","word_french","phonemes"
"Monnier2017.csv","word_french","syllabus"
"Monnier2017.csv","word_french","pos"
"Monnier2017.csv","word_french","frequency_film"
"Monnier2017.csv","word_french","frequency_books"
"Monnier2017.csv","word_french","imagine_mean"
"Monnier2017.csv","word_french","bonin2003"
"Monnier2017.csv","word_french","gilet2012"
"Monnier2017.csv","word_french","niedenthal2004"
"Monnier2017.csv","word_french","ric2013"
"Monnier2017.csv","word_french","syssau2005"
"Montefinese2013.csv","word_italian_1","cosine"
"Montefinese2013.csv","word_italian_2","cosine"
"Montefinese2014.csv","word_italian","anew_id"
"Montefinese2014.csv","word_italian","anew"
"Montefinese2014.csv","word_italian","pos"
"Montefinese2014.csv","word_italian","letters"
"Montefinese2014.csv","word_italian","frequency_colfis"
"Montefinese2014.csv","word_italian","frequency_log_colfis"
"Montefinese2014.csv","word_italian","frequecy_repub"
"Montefinese2014.csv","word_italian","log_frequency_repub"
"Montefinese2014.csv","word_italian","orthographic_neighbors"
"Montefinese2014.csv","word_italian","frequency_mean_orthographic_neighbors"
"Montefinese2014.csv","word_italian","N_familiar_imagine_concrete"
"Montefinese2014.csv","word_italian","familiar_mean"
"Montefinese2014.csv","word_italian","familiar_sd"
"Montefinese2014.csv","word_italian","imagine_mean"
"Montefinese2014.csv","word_italian","imagine_sd"
"Montefinese2014.csv","word_italian","concrete_mean"
"Montefinese2014.csv","word_italian","concrete_sd"
"Montefinese2014.csv","word_italian","N_valence_arousal_dominance"
"Montefinese2014.csv","word_italian","valence_mean"
"Montefinese2014.csv","word_italian","valence_sd"
"Montefinese2014.csv","word_italian","arousal_mean"
"Montefinese2014.csv","word_italian","arousal_sd"
"Montefinese2014.csv","word_italian","dominance_mean"
"Montefinese2014.csv","word_italian","dominance_sd"
"Montefinese2014.csv","word_italian","N_valence_arousal_dominance_female"
"Montefinese2014.csv","word_italian","valence_mean_female"
"Montefinese2014.csv","word_italian","valence_sd_female"
"Montefinese2014.csv","word_italian","arousal_mean_female"
"Montefinese2014.csv","word_italian","arousal_sd_female"
"Montefinese2014.csv","word_italian","dominance_mean_female"
"Montefinese2014.csv","word_italian","dominance_sd_female"
"Montefinese2014.csv","word_italian","N_valence_arousal_dominance_male"
"Montefinese2014.csv","word_italian","valence_mean_male"
"Montefinese2014.csv","word_italian","valence_sd_male"
"Montefinese2014.csv","word_italian","arousal_mean_male"
"Montefinese2014.csv","word_italian","arousal_sd_male"
"Montefinese2014.csv","word_italian","dominance_mean_male"
"Montefinese2014.csv","word_italian","dominance_sd_male"
"Montefinese2014.csv","word_italian","df_compare_gender"
"Montefinese2014.csv","word_italian","t_valence"
"Montefinese2014.csv","word_italian","p_valence"
"Montefinese2014.csv","word_italian","t_arousal"
"Montefinese2014.csv","word_italian","p_arousal"
"Montefinese2014.csv","word_italian","t_dominance"
"Montefinese2014.csv","word_italian","p_dominance"
"Montefinese2019.csv","word_italian","pos"
"Montefinese2019.csv","word_italian","aoa_mean"
"Montefinese2019.csv","word_italian","aoa_sd"
"Montefinese2019.csv","word_italian","letters"
"Montefinese2019.csv","word_italian","frequency_LaRepubblica"
"Montefinese2019.csv","word_italian","frequency_ItWaC"
"Montefinese2019.csv","word_italian","frequency_Subtlex"
"Montefinese2019.csv","word_italian","orthographic_neighbors"
"Montefinese2019.csv","word_italian","frequency_mean_orthographic_neighbors"
"Montefinese2019.csv","word_italian","frequency_max_orthographic_neighbors"
"Montefinese2019.csv","word_italian","old20_subtlex"
"Montefinese2023_en.csv","word_english","sentence_id"
"Montefinese2023_en.csv","word_english","pos"
"Montefinese2023_en.csv","word_english","index"
"Montefinese2023_en.csv","word_english","sentence_english"
"Montefinese2023_en.csv","word_english","concrete_mean"
"Montefinese2023_en.csv","word_english","concrete_sd"
"Montefinese2023_en.csv","word_english","wordnet_synset"
"Montefinese2023_en.csv","word_english","target_lexical_accessibility"
"Montefinese2023_en.csv","word_english","sentence_lexical_accessibility"
"Montefinese2023_en.csv","word_english","lexical_density"
"Montefinese2023_en.csv","word_english","sentence_length"
"Montefinese2023_en.csv","word_english","clauses"
"Montefinese2023_en.csv","word_english","mean_token_per_clause"
"Montefinese2023_en.csv","word_english","syntactic_tree_depth"
"Montefinese2023_it.csv","word_italian","sentence_id"
"Montefinese2023_it.csv","word_italian","pos"
"Montefinese2023_it.csv","word_italian","index"
"Montefinese2023_it.csv","word_italian","sentence_italian"
"Montefinese2023_it.csv","word_italian","concrete_mean"
"Montefinese2023_it.csv","word_italian","concrete_sd"
"Montefinese2023_it.csv","word_italian","wordnet_synset"
"Montefinese2023_it.csv","word_italian","target_lexical_accessibility"
"Montefinese2023_it.csv","word_italian","sentence_lexical_accessibility"
"Montefinese2023_it.csv","word_italian","lexical_density"
"Montefinese2023_it.csv","word_italian","sentence_length"
"Montefinese2023_it.csv","word_italian","clauses"
"Montefinese2023_it.csv","word_italian","mean_token_per_clause"
"Montefinese2023_it.csv","word_italian","syntactic_tree_depth"
"Moors2013.csv","word_dutch","valence_mean"
"Moors2013.csv","word_dutch","valence_sd"
"Moors2013.csv","word_dutch","valence_n"
"Moors2013.csv","word_dutch","arousal_mean"
"Moors2013.csv","word_dutch","arousal_sd"
"Moors2013.csv","word_dutch","arousal_n"
"Moors2013.csv","word_dutch","dominance_mean"
"Moors2013.csv","word_dutch","dominance_sd"
"Moors2013.csv","word_dutch","dominance_n"
"Moors2013.csv","word_dutch","aoa_mean"
"Moors2013.csv","word_dutch","aoa_sd"
"Moors2013.csv","word_dutch","aoa_n"
"Moors2013.csv","word_dutch","valence_mean_male"
"Moors2013.csv","word_dutch","valence_sd_male"
"Moors2013.csv","word_dutch","valence_n_male"
"Moors2013.csv","word_dutch","arousal_mean_male"
"Moors2013.csv","word_dutch","arousal_sd_male"
"Moors2013.csv","word_dutch","arousal_n_male"
"Moors2013.csv","word_dutch","dominance_mean_male"
"Moors2013.csv","word_dutch","dominance_sd_male"
"Moors2013.csv","word_dutch","dominance_n_male"
"Moors2013.csv","word_dutch","aoa_mean_male"
"Moors2013.csv","word_dutch","aoa_sd_male"
"Moors2013.csv","word_dutch","aoa_n_male"
"Moors2013.csv","word_dutch","valence_mean_male_female"
"Moors2013.csv","word_dutch","valence_sd_male_female"
"Moors2013.csv","word_dutch","valence_n_male_female"
"Moors2013.csv","word_dutch","arousal_mean_male_female"
"Moors2013.csv","word_dutch","arousal_sd_male_female"
"Moors2013.csv","word_dutch","arousal_n_male_female"
"Moors2013.csv","word_dutch","dominance_mean_male_female"
"Moors2013.csv","word_dutch","dominance_sd_male_female"
"Moors2013.csv","word_dutch","dominance_n_male_female"
"Moors2013.csv","word_dutch","aoa_mean_male_female"
"Moors2013.csv","word_dutch","aoa_sd_male_female"
"Moors2013.csv","word_dutch","aoa_n_male_female"
"Moors2013.csv","word_dutch","frequency_log10"
"Moors2013.csv","word_dutch","frequency"
"Moors2013.csv","word_dutch","length"
"Moors2013.csv","word_dutch","percent_n"
"Moors2013.csv","word_dutch","pos"
"Moreno-Martinez2012.csv","word_spanish","category"
"Moreno-Martinez2012.csv","word_spanish","aoa_mean"
"Moreno-Martinez2012.csv","word_spanish","aoa_sd"
"Moreno-Martinez2012.csv","word_spanish","familiar_mean"
"Moreno-Martinez2012.csv","word_spanish","familiar_sd"
"Moreno-Martinez2012.csv","word_spanish","manipulability_mean"
"Moreno-Martinez2012.csv","word_spanish","manipulability_sd"
"Moreno-Martinez2012.csv","word_spanish","typicality_mean"
"Moreno-Martinez2012.csv","word_spanish","typicality_sd"
"Moreno-Martinez2012.csv","word_spanish","visual_complexity_mean"
"Moreno-Martinez2012.csv","word_spanish","visual_complexity_sd"
"Moreno-Martinez2012.csv","word_spanish","name_agreement_proportion"
"Moreno-Martinez2012.csv","word_spanish","name_agreement_h"
"Moreno-Martinez2012.csv","word_spanish","name_agreement_percent_modal"
"Moreno-Martinez2012.csv","word_spanish","frequency_log"
"Moreno-Martinez2014.csv","word_spanish","semantic_category"
"Moreno-Martinez2014.csv","word_spanish","domain"
"Moreno-Martinez2014.csv","word_spanish","aoa_subjective_mean"
"Moreno-Martinez2014.csv","word_spanish","aoa_subjective_sd"
"Moreno-Martinez2014.csv","word_spanish","familiar_mean"
"Moreno-Martinez2014.csv","word_spanish","familiar_sd"
"Moreno-Martinez2014.csv","word_spanish","manip_mean"
"Moreno-Martinez2014.csv","word_spanish","manip_sd"
"Moreno-Martinez2014.csv","word_spanish","typicality_mean"
"Moreno-Martinez2014.csv","word_spanish","typicality_sd"
"Moreno-Martinez2014.csv","word_spanish","percent_total_36"
"Moreno-Martinez2014.csv","word_spanish","frequency_log"
"Moreno-Martinez2014.csv","word_spanish","frequency_espal"
"Moreno-Martinez2014.csv","word_spanish","frequency_crea"
"Moreno-Martinez2014.csv","word_spanish","frequency_cuetosetal_2012"
"Moreno-Martinez2014.csv","word_spanish","length"
"Moreno-Martinez2014.csv","word_spanish","syllables"
"Moreno-Martinez2014.csv","word_spanish","subjects"
"Morrow2005.csv","word_english","category"
"Morrow2005.csv","word_english","typicality_mean_older"
"Morrow2005.csv","word_english","typicality_sd_older"
"Morrow2005.csv","word_english","familiar_mean_older"
"Morrow2005.csv","word_english","familiar_sd_older"
"Morrow2005.csv","word_english","unknown_percent_older"
"Morrow2005.csv","word_english","frequency_mean_older"
"Morrow2005.csv","word_english","frequency_sd_older"
"Morrow2005.csv","word_english","visual_complexity_mean_older"
"Morrow2005.csv","word_english","visual_complexity_sd_older"
"Morrow2005.csv","word_english","imagine_mean_older"
"Morrow2005.csv","word_english","imagine_sd_older"
"Morrow2005.csv","word_english","aoa_mean_older"
"Morrow2005.csv","word_english","aoa_sd_older"
"Morrow2005.csv","word_english","...16"
"Morrow2005.csv","word_english","typicality_mean_younger"
"Morrow2005.csv","word_english","typicality_sd_younger"
"Morrow2005.csv","word_english","familiar_mean_younger"
"Morrow2005.csv","word_english","familiar_sd_younger"
"Morrow2005.csv","word_english","unknown_percent_younger"
"Morrow2005.csv","word_english","frequency_mean_younger"
"Morrow2005.csv","word_english","frequency_sd_younger"
"Morrow2005.csv","word_english","visual_complexity_mean_younger"
"Morrow2005.csv","word_english","visual_complexity_sd_younger"
"Morrow2005.csv","word_english","imagine_mean_younger"
"Morrow2005.csv","word_english","imagine_sd_younger"
"Morrow2005.csv","word_english","aoa_mean_younger"
"Morrow2005.csv","word_english","aoa_sd_younger"
"Navarrete2019.csv","word_italian","figure_name"
"Navarrete2019.csv","word_italian","category_english"
"Navarrete2019.csv","word_italian","category_italian"
"Navarrete2019.csv","word_italian","image_agreement_proportion"
"Navarrete2019.csv","word_italian","h"
"Navarrete2019.csv","word_italian","frequency"
"Navarrete2019.csv","word_italian","aoa_mean"
"Navarrete2019.csv","word_italian","aoa_sd"
"Navarrete2019.csv","word_italian","visual_complexity_mean"
"Navarrete2019.csv","word_italian","visual_complexity_sd"
"Navarrete2019.csv","word_italian","familiar_mean"
"Navarrete2019.csv","word_italian","familiar_sd"
"Navarrete2019.csv","word_italian","manipulability_mean"
"Navarrete2019.csv","word_italian","typicality_mean"
"Navarrete2019.csv","word_italian","typicality_sd"
"Navarrete2019.csv","word_italian","rt"
"Navarrete2019.csv","word_italian","rt_sd"
"Navarrete2019.csv","word_italian","rt_expected_names"
"Navarrete2019.csv","word_italian","V22"
"Nelson2004_2.csv","word_english_1","fsg"
"Nelson2004_2.csv","word_english_1","bsg"
"Nelson2004_2.csv","word_english_1","msg"
"Nelson2004_2.csv","word_english_1","osg"
"Nelson2004_2.csv","word_english_1","qss"
"Nelson2004_2.csv","word_english_1","qfr"
"Nelson2004_2.csv","word_english_1","qcon"
"Nelson2004_2.csv","word_english_1","qps"
"Nelson2004_2.csv","word_english_1","tss"
"Nelson2004_2.csv","word_english_1","tfr"
"Nelson2004_2.csv","word_english_1","tcon"
"Nelson2004_2.csv","word_english_1","tps"
"Nelson2004_2.csv","word_english_2","fsg"
"Nelson2004_2.csv","word_english_2","bsg"
"Nelson2004_2.csv","word_english_2","msg"
"Nelson2004_2.csv","word_english_2","osg"
"Nelson2004_2.csv","word_english_2","qss"
"Nelson2004_2.csv","word_english_2","qfr"
"Nelson2004_2.csv","word_english_2","qcon"
"Nelson2004_2.csv","word_english_2","qps"
"Nelson2004_2.csv","word_english_2","tss"
"Nelson2004_2.csv","word_english_2","tfr"
"Nelson2004_2.csv","word_english_2","tcon"
"Nelson2004_2.csv","word_english_2","tps"
"Nelson2004.csv","word_english","n"
"Nelson2004.csv","word_english","set_size"
"Nelson2004.csv","word_english","set_size_singles"
"Nelson2004.csv","word_english","frequency_kf"
"Nelson2004.csv","word_english","concrete_mean"
"Nelson2004.csv","word_english","homograph"
"Nelson2004.csv","word_english","pos"
"Nelson2004.csv","word_english","mean_connectivity"
"Nelson2004.csv","word_english","connectivity_strength"
"Nelson2004.csv","word_english","Resonance_Probability"
"Nelson2004.csv","word_english","resonance_strength"
"Nelson2004.csv","word_english","accessibility_index"
"Nelson2004.csv","word_english","non_responses"
"Nelson2004.csv","word_english","ending_stem_set_size"
"Nelson2004.csv","word_english","ending_stem_strength"
"Nelson2004.csv","word_english","beginning_stem_set_size"
"Nelson2004.csv","word_english","beginning_stem_strength"
"Nelson2004.csv","word_english","ending_fragment_cue"
"Nelson2004.csv","word_english","ending_fragment_set_size"
"Nelson2004.csv","word_english","ending_fragment_strength"
"Nelson2004.csv","word_english","beginning_fragment_cue"
"Nelson2004.csv","word_english","beginning_cue_set_size"
"Nelson2004.csv","word_english","beginning_cue_strength"
"Nishimoto2005.csv","word_japanese","imagine_mean"
"Nishimoto2005.csv","word_japanese","familiar_mean"
"Nishimoto2005.csv","word_japanese","aoa_mean"
"Nishimoto2005.csv","word_japanese_latin","imagine_mean"
"Nishimoto2005.csv","word_japanese_latin","familiar_mean"
"Nishimoto2005.csv","word_japanese_latin","aoa_mean"
"Nishimoto2012.csv","word_japanese_katana","snodgrass_concept"
"Nishimoto2012.csv","word_japanese_katana","snodgrass_id"
"Nishimoto2012.csv","word_japanese_katana","picture_type"
"Nishimoto2012.csv","word_japanese_katana","rt_mean_strict"
"Nishimoto2012.csv","word_japanese_katana","rt_mean_liberal"
"Nishimoto2012.csv","word_japanese_katana","name_agreement_percent_strict"
"Nishimoto2012.csv","word_japanese_katana","name_agreement_percent_liberal"
"Nishimoto2012.csv","word_japanese_katana","h"
"Nishimoto2012.csv","word_japanese_katana","name_agreement_percent_strict_untimed"
"Nishimoto2012.csv","word_japanese_katana","name_agreement_percent_liberal_untimed"
"Nishimoto2012.csv","word_japanese_katana","untimed_h"
"Nishimoto2012.csv","word_japanese_katana","imagine_mean"
"Nishimoto2012.csv","word_japanese_katana","vivid_mean"
"Nishimoto2012.csv","word_japanese_katana","image_agreement_mean"
"Nishimoto2012.csv","word_japanese_katana","image_variability_mean"
"Nishimoto2012.csv","word_japanese_katana","familiar_mean"
"Nishimoto2012.csv","word_japanese_katana","aoa_mean"
"Nishimoto2012.csv","word_japanese_katana","complexity_percent"
"Nishimoto2012.csv","word_japanese_katana","mora"
"Nishimoto2012.csv","word_japanese_romanized","snodgrass_concept"
"Nishimoto2012.csv","word_japanese_romanized","snodgrass_id"
"Nishimoto2012.csv","word_japanese_romanized","picture_type"
"Nishimoto2012.csv","word_japanese_romanized","rt_mean_strict"
"Nishimoto2012.csv","word_japanese_romanized","rt_mean_liberal"
"Nishimoto2012.csv","word_japanese_romanized","name_agreement_percent_strict"
"Nishimoto2012.csv","word_japanese_romanized","name_agreement_percent_liberal"
"Nishimoto2012.csv","word_japanese_romanized","h"
"Nishimoto2012.csv","word_japanese_romanized","name_agreement_percent_strict_untimed"
"Nishimoto2012.csv","word_japanese_romanized","name_agreement_percent_liberal_untimed"
"Nishimoto2012.csv","word_japanese_romanized","untimed_h"
"Nishimoto2012.csv","word_japanese_romanized","imagine_mean"
"Nishimoto2012.csv","word_japanese_romanized","vivid_mean"
"Nishimoto2012.csv","word_japanese_romanized","image_agreement_mean"
"Nishimoto2012.csv","word_japanese_romanized","image_variability_mean"
"Nishimoto2012.csv","word_japanese_romanized","familiar_mean"
"Nishimoto2012.csv","word_japanese_romanized","aoa_mean"
"Nishimoto2012.csv","word_japanese_romanized","complexity_percent"
"Nishimoto2012.csv","word_japanese_romanized","mora"
"Nishimoto2012.csv","word_japanese_katana_untimed","snodgrass_concept"
"Nishimoto2012.csv","word_japanese_katana_untimed","snodgrass_id"
"Nishimoto2012.csv","word_japanese_katana_untimed","picture_type"
"Nishimoto2012.csv","word_japanese_katana_untimed","rt_mean_strict"
"Nishimoto2012.csv","word_japanese_katana_untimed","rt_mean_liberal"
"Nishimoto2012.csv","word_japanese_katana_untimed","name_agreement_percent_strict"
"Nishimoto2012.csv","word_japanese_katana_untimed","name_agreement_percent_liberal"
"Nishimoto2012.csv","word_japanese_katana_untimed","h"
"Nishimoto2012.csv","word_japanese_katana_untimed","name_agreement_percent_strict_untimed"
"Nishimoto2012.csv","word_japanese_katana_untimed","name_agreement_percent_liberal_untimed"
"Nishimoto2012.csv","word_japanese_katana_untimed","untimed_h"
"Nishimoto2012.csv","word_japanese_katana_untimed","imagine_mean"
"Nishimoto2012.csv","word_japanese_katana_untimed","vivid_mean"
"Nishimoto2012.csv","word_japanese_katana_untimed","image_agreement_mean"
"Nishimoto2012.csv","word_japanese_katana_untimed","image_variability_mean"
"Nishimoto2012.csv","word_japanese_katana_untimed","familiar_mean"
"Nishimoto2012.csv","word_japanese_katana_untimed","aoa_mean"
"Nishimoto2012.csv","word_japanese_katana_untimed","complexity_percent"
"Nishimoto2012.csv","word_japanese_katana_untimed","mora"
"Nishimoto2012.csv","word_japanese_romanized_untimed","snodgrass_concept"
"Nishimoto2012.csv","word_japanese_romanized_untimed","snodgrass_id"
"Nishimoto2012.csv","word_japanese_romanized_untimed","picture_type"
"Nishimoto2012.csv","word_japanese_romanized_untimed","rt_mean_strict"
"Nishimoto2012.csv","word_japanese_romanized_untimed","rt_mean_liberal"
"Nishimoto2012.csv","word_japanese_romanized_untimed","name_agreement_percent_strict"
"Nishimoto2012.csv","word_japanese_romanized_untimed","name_agreement_percent_liberal"
"Nishimoto2012.csv","word_japanese_romanized_untimed","h"
"Nishimoto2012.csv","word_japanese_romanized_untimed","name_agreement_percent_strict_untimed"
"Nishimoto2012.csv","word_japanese_romanized_untimed","name_agreement_percent_liberal_untimed"
"Nishimoto2012.csv","word_japanese_romanized_untimed","untimed_h"
"Nishimoto2012.csv","word_japanese_romanized_untimed","imagine_mean"
"Nishimoto2012.csv","word_japanese_romanized_untimed","vivid_mean"
"Nishimoto2012.csv","word_japanese_romanized_untimed","image_agreement_mean"
"Nishimoto2012.csv","word_japanese_romanized_untimed","image_variability_mean"
"Nishimoto2012.csv","word_japanese_romanized_untimed","familiar_mean"
"Nishimoto2012.csv","word_japanese_romanized_untimed","aoa_mean"
"Nishimoto2012.csv","word_japanese_romanized_untimed","complexity_percent"
"Nishimoto2012.csv","word_japanese_romanized_untimed","mora"
"Ota2025.csv","word_japanese","item_number"
"Ota2025.csv","word_japanese","n_trial"
"Ota2025.csv","word_japanese","rt_mean"
"Ota2025.csv","word_japanese","rt_sd"
"Ota2025.csv","word_japanese","rt_se"
"Ota2025.csv","word_japanese","accuracy"
"Ota2025.csv","word_japanese","orthographic_neighborhood"
"Ota2025.csv","word_japanese","phonographic_neighborhood"
"Ota2025.csv","word_japanese","old20"
"Pexman2017.csv","word_english","version_num"
"Pexman2017.csv","word_english","block"
"Pexman2017.csv","word_english","rt_clean_mean"
"Pexman2017.csv","word_english","rtclean_sd"
"Pexman2017.csv","word_english","rt_clean_n"
"Pexman2017.csv","word_english","rt_clean_mean_zscore"
"Pexman2017.csv","word_english","rt_clean_sd_zscore"
"Pexman2017.csv","word_english","rt_clean_n_zscore"
"Pexman2017.csv","word_english","acc_prop"
"Pexman2017.csv","word_english","accuracy_n"
"Pexman2017.csv","word_english","concrete_mean"
"Pexman2017.csv","word_type","version_num"
"Pexman2017.csv","word_type","block"
"Pexman2017.csv","word_type","rt_clean_mean"
"Pexman2017.csv","word_type","rtclean_sd"
"Pexman2017.csv","word_type","rt_clean_n"
"Pexman2017.csv","word_type","rt_clean_mean_zscore"
"Pexman2017.csv","word_type","rt_clean_sd_zscore"
"Pexman2017.csv","word_type","rt_clean_n_zscore"
"Pexman2017.csv","word_type","acc_prop"
"Pexman2017.csv","word_type","accuracy_n"
"Pexman2017.csv","word_type","concrete_mean"
"Pexman2017.csv","word_id_unique","version_num"
"Pexman2017.csv","word_id_unique","block"
"Pexman2017.csv","word_id_unique","rt_clean_mean"
"Pexman2017.csv","word_id_unique","rtclean_sd"
"Pexman2017.csv","word_id_unique","rt_clean_n"
"Pexman2017.csv","word_id_unique","rt_clean_mean_zscore"
"Pexman2017.csv","word_id_unique","rt_clean_sd_zscore"
"Pexman2017.csv","word_id_unique","rt_clean_n_zscore"
"Pexman2017.csv","word_id_unique","acc_prop"
"Pexman2017.csv","word_id_unique","accuracy_n"
"Pexman2017.csv","word_id_unique","concrete_mean"
"Quadflieg2014.csv","word_french","translation_word_english"
"Quadflieg2014.csv","word_french","translation_word_german"
"Quadflieg2014.csv","word_french","pos"
"Quadflieg2014.csv","word_french","letters"
"Quadflieg2014.csv","word_french","syllables"
"Quadflieg2014.csv","word_french","frequency_films"
"Quadflieg2014.csv","word_french","frequency_books"
"Quadflieg2014.csv","word_french","humans_yes"
"Quadflieg2014.csv","word_french","humans_no"
"Quadflieg2014.csv","word_french","humans_n"
"Quadflieg2014.csv","word_french","human_difficulty"
"Quadflieg2014.csv","word_french","nonhumans_yes"
"Quadflieg2014.csv","word_french","nonhumans_no"
"Quadflieg2014.csv","word_french","nonhumans_n"
"Quadflieg2014.csv","word_french","nonhuman_difficulty"
"Quadflieg2014.csv","word_french","CATEGORY"
"Quadflieg2014.csv","word_french","concrete_mean"
"Quadflieg2014.csv","word_french","concrete_sd"
"Quadflieg2014.csv","word_french","concrete_n"
"Quadflieg2014.csv","word_french","concrete_difficulty"
"Quadflieg2014.csv","word_french","familiar_mean"
"Quadflieg2014.csv","word_french","familiar_sd"
"Quadflieg2014.csv","word_french","familiar_n"
"Quadflieg2014.csv","word_french","familiar_difficulty"
"Quadflieg2014.csv","word_french","intensity_mean"
"Quadflieg2014.csv","word_french","intensity_sd"
"Quadflieg2014.csv","word_french","intensity_difficulty"
"Quadflieg2014.csv","word_french","temporal_stability_mean"
"Quadflieg2014.csv","word_french","temporal_stability_sd"
"Quadflieg2014.csv","word_french","temporal_stability_n"
"Quadflieg2014.csv","word_french","temporal_stability_difficulty"
"Quadflieg2014.csv","word_french","valence_mean"
"Quadflieg2014.csv","word_french","valence_sd"
"Quadflieg2014.csv","word_french","valence_n"
"Quadflieg2014.csv","word_french","valence_difficulty"
"Quadflieg2014.csv","word_french","visibility_mean"
"Quadflieg2014.csv","word_french","visibility_sd"
"Quadflieg2014.csv","word_french","visibility_n"
"Quadflieg2014.csv","word_french","visibility_difficulty"
"Quadflieg2014.csv","word_french","V42"
"Quadflieg2014.csv","word_french","V43"
"Quadflieg2014.csv","word_french","V44"
"Quadflieg2014.csv","word_french","V45"
"Quadflieg2014.csv","word_french","V46"
"Quadflieg2014.csv","word_french","V47"
"Quadflieg2014.csv","word_french","V48"
"Quadflieg2014.csv","word_french","V49"
"Quadflieg2014.csv","word_french","V50"
"Quadflieg2014.csv","word_french","V51"
"Quadflieg2014.csv","word_french","V52"
"Quadflieg2014.csv","word_french","V53"
"Quadflieg2014.csv","word_french","V54"
"Quadflieg2014.csv","word_french","V55"
"Quadflieg2014.csv","word_french","V56"
"Quadflieg2014.csv","word_french","V57"
"Quadflieg2014.csv","word_french","V58"
"Quadflieg2014.csv","word_french","V59"
"Quadflieg2014.csv","word_french","V60"
"Quadflieg2014.csv","word_french","V61"
"Quadflieg2014.csv","word_french","V62"
"Quadflieg2014.csv","word_french","V63"
"Quadflieg2014.csv","word_french","V64"
"Quadflieg2014.csv","word_french","V65"
"Quadflieg2014.csv","word_french","V66"
"Quadflieg2014.csv","word_french","V67"
"Quadflieg2014.csv","word_french","V68"
"Quadflieg2014.csv","word_french","V69"
"Quadflieg2014.csv","word_french","V70"
"Quadflieg2014.csv","word_french","V71"
"Quadflieg2014.csv","word_french","V72"
"Quadflieg2014.csv","word_french","V73"
"Quadflieg2014.csv","word_french","V74"
"Quadflieg2014.csv","word_french","V75"
"Quadflieg2014.csv","word_french","V76"
"Quadflieg2014.csv","word_french","V77"
"Quadflieg2014.csv","word_french","V78"
"Quadflieg2014.csv","word_french","V79"
"Quadflieg2014.csv","word_french","V80"
"Quadflieg2014.csv","word_french","V81"
"Quadflieg2014.csv","word_french","V82"
"Quadflieg2014.csv","word_french","V83"
"Quadflieg2014.csv","word_french","V84"
"Quadflieg2014.csv","word_french","V85"
"Quadflieg2014.csv","word_french","V86"
"Quadflieg2014.csv","word_french","V87"
"Quadflieg2014.csv","word_french","V88"
"Quadflieg2014.csv","word_french","V89"
"Quadflieg2014.csv","word_french","V90"
"Quadflieg2014.csv","word_french","V91"
"Quadflieg2014.csv","word_french","V92"
"Quadflieg2014.csv","word_french","V93"
"Quadflieg2014.csv","word_french","V94"
"Quadflieg2014.csv","word_french","V95"
"Quadflieg2014.csv","word_french","V96"
"Quadflieg2014.csv","word_french","V97"
"Quadflieg2014.csv","word_french","V98"
"Quadflieg2014.csv","word_french","V99"
"Quadflieg2014.csv","word_french","V100"
"Quadflieg2014.csv","word_french","V101"
"Quadflieg2014.csv","word_french","V102"
"Quadflieg2014.csv","word_french","V103"
"Quadflieg2014.csv","word_french","V104"
"Quadflieg2014.csv","word_french","V105"
"Quadflieg2014.csv","word_french","V106"
"Quadflieg2014.csv","word_french","V107"
"Quadflieg2014.csv","word_french","V108"
"Quadflieg2014.csv","word_french","V109"
"Quadflieg2014.csv","word_french","V110"
"Quadflieg2014.csv","word_french","V111"
"Quadflieg2014.csv","word_french","V112"
"Quadflieg2014.csv","word_french","V113"
"Quadflieg2014.csv","word_french","V114"
"Quadflieg2014.csv","word_french","V115"
"Quadflieg2014.csv","word_french","V116"
"Quadflieg2014.csv","word_french","V117"
"Quadflieg2014.csv","word_french","V118"
"Quadflieg2014.csv","word_french","V119"
"Quadflieg2014.csv","word_french","V120"
"Quadflieg2014.csv","word_french","V121"
"Quadflieg2014.csv","word_french","V122"
"Quadflieg2014.csv","word_french","V123"
"Quadflieg2014.csv","word_french","V124"
"Quadflieg2014.csv","word_french","V125"
"Quadflieg2014.csv","word_french","V126"
"Quadflieg2014.csv","word_french","V127"
"Quadflieg2014.csv","word_french","V128"
"Quadflieg2014.csv","word_french","V129"
"Quadflieg2014.csv","word_french","V130"
"Quadflieg2014.csv","word_french","V131"
"Quadflieg2014.csv","word_french","V132"
"Quadflieg2014.csv","word_french","V133"
"Quadflieg2014.csv","word_french","V134"
"Quadflieg2014.csv","word_french","V135"
"Quadflieg2014.csv","word_french","V136"
"Quadflieg2014.csv","word_french","V137"
"Quadflieg2014.csv","word_french","V138"
"Quadflieg2014.csv","word_french","V139"
"Quadflieg2014.csv","word_french","V140"
"Quadflieg2014.csv","word_french","V141"
"Quadflieg2014.csv","word_french","V142"
"Quadflieg2014.csv","word_french","V143"
"Quadflieg2014.csv","word_french","V144"
"Quadflieg2014.csv","word_french","V145"
"Quadflieg2014.csv","word_french","V146"
"Quadflieg2014.csv","word_french","V147"
"Quadflieg2014.csv","word_french","V148"
"Quadflieg2014.csv","word_french","V149"
"Quadflieg2014.csv","word_french","V150"
"Quadflieg2014.csv","word_french","V151"
"Quadflieg2014.csv","word_french","V152"
"Quadflieg2014.csv","word_french","V153"
"Quadflieg2014.csv","word_french","V154"
"Quadflieg2014.csv","word_french","V155"
"Quadflieg2014.csv","word_french","V156"
"Quadflieg2014.csv","word_french","V157"
"Quadflieg2014.csv","word_french","V158"
"Quadflieg2014.csv","word_french","V159"
"Quadflieg2014.csv","word_french","V160"
"Quadflieg2014.csv","word_french","V161"
"Quadflieg2014.csv","word_french","V162"
"Quadflieg2014.csv","word_french","V163"
"Quadflieg2014.csv","word_french","V164"
"Quadflieg2014.csv","word_french","V165"
"Quadflieg2014.csv","word_french","V166"
"Quadflieg2014.csv","word_french","V167"
"Quadflieg2014.csv","word_french","V168"
"Quadflieg2014.csv","word_french","V169"
"Quadflieg2014.csv","word_french","V170"
"Quadflieg2014.csv","word_french","V171"
"Quadflieg2014.csv","word_french","V172"
"Quadflieg2014.csv","word_french","V173"
"Quadflieg2014.csv","word_french","V174"
"Quadflieg2014.csv","word_french","V175"
"Quadflieg2014.csv","word_french","V176"
"Quadflieg2014.csv","word_french","V177"
"Quadflieg2014.csv","word_french","V178"
"Quadflieg2014.csv","word_french","V179"
"Quadflieg2014.csv","word_french","V180"
"Quadflieg2014.csv","word_french","V181"
"Quadflieg2014.csv","word_french","V182"
"Quadflieg2014.csv","word_french","V183"
"Quadflieg2014.csv","word_french","V184"
"Quadflieg2014.csv","word_french","V185"
"Quadflieg2014.csv","word_french","V186"
"Quadflieg2014.csv","word_french","V187"
"Quadflieg2014.csv","word_french","V188"
"Quadflieg2014.csv","word_french","V189"
"Quadflieg2014.csv","word_french","V190"
"Quadflieg2014.csv","word_french","V191"
"Quadflieg2014.csv","word_french","V192"
"Quadflieg2014.csv","word_french","V193"
"Quadflieg2014.csv","word_french","V194"
"Quadflieg2014.csv","word_french","V195"
"Quadflieg2014.csv","word_french","V196"
"Quadflieg2014.csv","word_french","V197"
"Quadflieg2014.csv","word_french","V198"
"Quadflieg2014.csv","word_french","V199"
"Quadflieg2014.csv","word_french","V200"
"Quadflieg2014.csv","word_french","V201"
"Quadflieg2014.csv","word_french","V202"
"Quadflieg2014.csv","word_french","V203"
"Quadflieg2014.csv","word_french","V204"
"Quadflieg2014.csv","word_french","V205"
"Quadflieg2014.csv","word_french","V206"
"Quadflieg2014.csv","word_french","V207"
"Quadflieg2014.csv","word_french","V208"
"Quadflieg2014.csv","word_french","V209"
"Quadflieg2014.csv","word_french","V210"
"Quadflieg2014.csv","word_french","V211"
"Quadflieg2014.csv","word_french","V212"
"Quadflieg2014.csv","word_french","V213"
"Quadflieg2014.csv","word_french","V214"
"Quadflieg2014.csv","word_french","V215"
"Quadflieg2014.csv","word_french","V216"
"Quadflieg2014.csv","word_french","V217"
"Quadflieg2014.csv","word_french","V218"
"Quadflieg2014.csv","word_french","V219"
"Quadflieg2014.csv","word_french","V220"
"Quadflieg2014.csv","word_french","V221"
"Quadflieg2014.csv","word_french","V222"
"Quadflieg2014.csv","word_french","V223"
"Quadflieg2014.csv","word_french","V224"
"Quadflieg2014.csv","word_french","V225"
"Quadflieg2014.csv","word_french","V226"
"Quadflieg2014.csv","word_french","V227"
"Quadflieg2014.csv","word_french","V228"
"Quadflieg2014.csv","word_french","V229"
"Quadflieg2014.csv","word_french","V230"
"Quadflieg2014.csv","word_french","V231"
"Quadflieg2014.csv","word_french","V232"
"Quadflieg2014.csv","word_french","V233"
"Quadflieg2014.csv","word_french","V234"
"Quadflieg2014.csv","word_french","V235"
"Quadflieg2014.csv","word_french","V236"
"Quadflieg2014.csv","word_french","V237"
"Quadflieg2014.csv","word_french","V238"
"Quadflieg2014.csv","word_french","V239"
"Quadflieg2014.csv","word_french","V240"
"Quadflieg2014.csv","word_french","V241"
"Quadflieg2014.csv","word_french","V242"
"Quadflieg2014.csv","word_french","V243"
"Quadflieg2014.csv","word_french","V244"
"Quadflieg2014.csv","word_french","V245"
"Quadflieg2014.csv","word_french","V246"
"Quadflieg2014.csv","word_french","V247"
"Quadflieg2014.csv","word_french","V248"
"Quadflieg2014.csv","word_french","V249"
"Quadflieg2014.csv","word_french","V250"
"Quadflieg2014.csv","word_french","V251"
"Quadflieg2014.csv","word_french","V252"
"Quadflieg2014.csv","word_french","V253"
"Quadflieg2014.csv","word_french","V254"
"Quadflieg2014.csv","word_french","V255"
"Quadflieg2014.csv","word_french","V256"
"Quadflieg2014.csv","word_french","V257"
"Quadflieg2014.csv","word_french","V258"
"Quadflieg2014.csv","word_french","V259"
"Quadflieg2014.csv","word_french","V260"
"Quadflieg2014.csv","word_french","V261"
"Quadflieg2014.csv","word_french","V262"
"Quadflieg2014.csv","word_french","V263"
"Quadflieg2014.csv","word_french","V264"
"Quadflieg2014.csv","word_french","V265"
"Quadflieg2014.csv","word_french","V266"
"Quadflieg2014.csv","word_french","V267"
"Quadflieg2014.csv","word_french","V268"
"Quadflieg2014.csv","word_french","V269"
"Quadflieg2014.csv","word_french","V270"
"Quadflieg2014.csv","word_french","V271"
"Quadflieg2014.csv","word_french","V272"
"Quadflieg2014.csv","word_french","V273"
"Quadflieg2014.csv","word_french","V274"
"Quadflieg2014.csv","word_french","V275"
"Quadflieg2014.csv","word_french","V276"
"Quadflieg2014.csv","word_french","V277"
"Quadflieg2014.csv","word_french","V278"
"Quadflieg2014.csv","word_french","V279"
"Quadflieg2014.csv","word_french","V280"
"Quadflieg2014.csv","word_french","V281"
"Quadflieg2014.csv","word_french","V282"
"Quadflieg2014.csv","word_french","V283"
"Quadflieg2014.csv","word_french","V284"
"Quadflieg2014.csv","word_french","V285"
"Quadflieg2014.csv","word_french","V286"
"Quadflieg2014.csv","word_french","V287"
"Quadflieg2014.csv","word_french","V288"
"Quadflieg2014.csv","word_french","V289"
"Quadflieg2014.csv","word_french","V290"
"Quadflieg2014.csv","word_french","V291"
"Quadflieg2014.csv","word_french","V292"
"Quadflieg2014.csv","word_french","V293"
"Raman2014.csv","word_turkish","name_agreement_proportion"
"Raman2014.csv","word_turkish","image_agreement_mean"
"Raman2014.csv","word_turkish","image_agreement_sd"
"Raman2014.csv","word_turkish","familiar_mean_conceptual"
"Raman2014.csv","word_turkish","familiar_sd_conceptual"
"Raman2014.csv","word_turkish","aoa_mean"
"Raman2014.csv","word_turkish","aoa_sd"
"Raman2014.csv","word_turkish","visual_complexity_mean"
"Raman2014.csv","word_turkish","visual_complexity_sd"
"Raman2014.csv","word_turkish","syllables"
"Raman2014.csv","word_turkish","length"
"Raman2014.csv","word_turkish","frequency"
"Raman2014.csv","word_turkish","frequency_1"
"Raman2014.csv","word_turkish_modal","name_agreement_proportion"
"Raman2014.csv","word_turkish_modal","image_agreement_mean"
"Raman2014.csv","word_turkish_modal","image_agreement_sd"
"Raman2014.csv","word_turkish_modal","familiar_mean_conceptual"
"Raman2014.csv","word_turkish_modal","familiar_sd_conceptual"
"Raman2014.csv","word_turkish_modal","aoa_mean"
"Raman2014.csv","word_turkish_modal","aoa_sd"
"Raman2014.csv","word_turkish_modal","visual_complexity_mean"
"Raman2014.csv","word_turkish_modal","visual_complexity_sd"
"Raman2014.csv","word_turkish_modal","syllables"
"Raman2014.csv","word_turkish_modal","length"
"Raman2014.csv","word_turkish_modal","frequency"
"Raman2014.csv","word_turkish_modal","frequency_1"
"Rami2022.csv","word_arabic_moroccan","pos"
"Rami2022.csv","word_arabic_moroccan","visual_complexity_mean"
"Rami2022.csv","word_arabic_moroccan","visual_complexity_sd"
"Rami2022.csv","word_arabic_moroccan","aoa_mean"
"Rami2022.csv","word_arabic_moroccan","aoa_sd"
"Rami2022.csv","word_arabic_moroccan","imagine_mean"
"Rami2022.csv","word_arabic_moroccan","imagine_sd"
"Rami2022.csv","word_arabic_moroccan","V10"
"Rami2022.csv","word_arabic_moroccan","frequency_spoken_sd"
"Redondo2007.csv","word_italian","gramm_cat"
"Redondo2007.csv","word_italian","cfv"
"Redondo2007.csv","word_italian","imagine_mean"
"Redondo2007.csv","word_italian","imagine_sd"
"Redondo2007.csv","word_italian","cwfq"
"Redondo2007.csv","word_italian","ccfq"
"Redondo2007.csv","word_italian","cpfq"
"Redondo2007.csv","word_italian","awfq"
"Redondo2007.csv","word_italian","asfq"
"Redondo2007.csv","word_english","gramm_cat"
"Redondo2007.csv","word_english","cfv"
"Redondo2007.csv","word_english","imagine_mean"
"Redondo2007.csv","word_english","imagine_sd"
"Redondo2007.csv","word_english","cwfq"
"Redondo2007.csv","word_english","ccfq"
"Redondo2007.csv","word_english","cpfq"
"Redondo2007.csv","word_english","awfq"
"Redondo2007.csv","word_english","asfq"
"Riegel2015.csv","word_polish","n_men"
"Riegel2015.csv","word_polish","n_women"
"Riegel2015.csv","word_polish","n_all"
"Riegel2015.csv","word_polish","valence_mean_men"
"Riegel2015.csv","word_polish","valence_mean_women"
"Riegel2015.csv","word_polish","valence_mean_all"
"Riegel2015.csv","word_polish","valence_sd_men"
"Riegel2015.csv","word_polish","valence_sd_women"
"Riegel2015.csv","word_polish","valence_sd_all"
"Riegel2015.csv","word_polish","arousal_mean_men"
"Riegel2015.csv","word_polish","arousal_mean_women"
"Riegel2015.csv","word_polish","arousal_mean_all"
"Riegel2015.csv","word_polish","arousal_sd_men"
"Riegel2015.csv","word_polish","arousal_sd_women"
"Riegel2015.csv","word_polish","arousal_sd_all"
"Riegel2015.csv","word_polish","imagine_mean_men"
"Riegel2015.csv","word_polish","imagine_mean_women"
"Riegel2015.csv","word_polish","imagine_mean_all"
"Riegel2015.csv","word_polish","imagine_sd_men"
"Riegel2015.csv","word_polish","imagine_sd_women"
"Riegel2015.csv","word_polish","imagine_sd_all"
"Riegel2015.csv","word_polish","frequency"
"Riegel2015.csv","word_polish","length"
"Riegel2015.csv","word_polish","gram"
"Riegel2015.csv","word_polish","frequency_subtlex_pl"
"Riegel2015.csv","word_polish","frequency_subtlex_pl_cd"
"Riegel2015.csv","word_polish","frequency_subtlex_pl_zipf"
"Riegel2015.csv","word_polish","frequency_subtlex_pl_avg_zipf_frequency_sn"
"Rinaldi2004.csv","word_italian","pos"
"Rinaldi2004.csv","word_italian","percent_cfv"
"Rinaldi2004.csv","word_italian","imagine_mean"
"Rinaldi2004.csv","word_italian","imagine_sd"
"Rinaldi2004.csv","word_italian","frequency_cw"
"Rinaldi2004.csv","word_italian","frequency_cc"
"Rinaldi2004.csv","word_italian","frequency_cp"
"Rinaldi2004.csv","word_italian","frequency_aw"
"Rinaldi2004.csv","word_italian","frequency_as"
"Rocklage2018.csv","word_english","valence_mean"
"Rocklage2018.csv","word_english","extremity_mean"
"Rocklage2018.csv","word_english","wmotionality_mean"
"Rocklage2018.csv","word_english","valence_sd"
"Rocklage2018.csv","word_english","extremity_sd"
"Rocklage2018.csv","word_english","emotionality_sd"
"Roest2017.csv","word_dutch","translation_word_english"
"Roest2017.csv","word_dutch","arousal_mean"
"Roest2017.csv","word_dutch","arousal_sd"
"Roest2017.csv","word_dutch","valence_mean"
"Roest2017.csv","word_dutch","valence_sd"
"Roest2017.csv","word_dutch","taboo_mean"
"Roest2017.csv","word_dutch","taboo_sd"
"Roest2017.csv","word_dutch","taboo_personal_mean"
"Roest2017.csv","word_dutch","taboo_personal_sd"
"Roest2017.csv","word_dutch","insulting_mean"
"Roest2017.csv","word_dutch","insulting_sd"
"Roest2017.csv","word_dutch","letters"
"Roest2017.csv","word_dutch","syllables"
"Roest2017.csv","word_dutch","frequency_pm"
"Roest2017.csv","word_dutch","frequency_log10pm"
"Roest2017.csv","word_dutch","zipf"
"Roest2017.csv","word_dutch","pos"
"Roest2017.csv","word_dutch","category"
"Roest2017.csv","word_dutch","type"
"Roest2017.csv","word_dutch","valence_mean_moors"
"Roest2017.csv","word_dutch","arousal_mean_moors"
"Roest2017.csv","word_dutch","arousal_mean_women"
"Roest2017.csv","word_dutch","arousal_sd_women"
"Roest2017.csv","word_dutch","valence_mean_women"
"Roest2017.csv","word_dutch","valence_sd_women"
"Roest2017.csv","word_dutch","taboo_mean_women"
"Roest2017.csv","word_dutch","taboo_sd_women"
"Roest2017.csv","word_dutch","taboo_personal_mean_women"
"Roest2017.csv","word_dutch","taboo_personal_sd_women"
"Roest2017.csv","word_dutch","insulting_mean_women"
"Roest2017.csv","word_dutch","insulting_sd_women"
"Roest2017.csv","word_dutch","arousal_mean_men"
"Roest2017.csv","word_dutch","arousal_sd_men"
"Roest2017.csv","word_dutch","valence_mean_men"
"Roest2017.csv","word_dutch","valence_sd_men"
"Roest2017.csv","word_dutch","taboo_mean_men"
"Roest2017.csv","word_dutch","taboo_sd_men"
"Roest2017.csv","word_dutch","taboo_personal_mean_men"
"Roest2017.csv","word_dutch","taboo_personal_sd_men"
"Roest2017.csv","word_dutch","insulting_mean_men"
"Roest2017.csv","word_dutch","insulting_sd_men"
"Roest2017.csv","word_dutch","arousal_mean_religious"
"Roest2017.csv","word_dutch","arousal_sd_religious"
"Roest2017.csv","word_dutch","valence_mean_religious"
"Roest2017.csv","word_dutch","valence_sd_religious"
"Roest2017.csv","word_dutch","taboo_mean_religious"
"Roest2017.csv","word_dutch","taboo_sd_religious"
"Roest2017.csv","word_dutch","taboo_personal_mean_religious"
"Roest2017.csv","word_dutch","taboo_personal_sd_religious"
"Roest2017.csv","word_dutch","insulting_mean_religious"
"Roest2017.csv","word_dutch","insulting_sd_religious"
"Roest2017.csv","word_dutch","arousal_mean_nonreligious"
"Roest2017.csv","word_dutch","arousal_sd_nonreligious"
"Roest2017.csv","word_dutch","valence_mean_nonreligious"
"Roest2017.csv","word_dutch","valence_sd_nonreligious"
"Roest2017.csv","word_dutch","taboo_mean_nonreligious"
"Roest2017.csv","word_dutch","taboo_sd_nonreligious"
"Roest2017.csv","word_dutch","taboo_personal_mean_nonreligious"
"Roest2017.csv","word_dutch","taboo_personal_sd_nonreligious"
"Roest2017.csv","word_dutch","insulting_mean_nonreligious"
"Roest2017.csv","word_dutch","insulting_sd_nonreligious"
"Rogic2013.csv","word_croatian","familiar_mean"
"Rogic2013.csv","word_croatian","familiar_sd"
"Rogic2013.csv","word_croatian","visual_complexity_mean"
"Rogic2013.csv","word_croatian","visual_complexity_sd"
"Rogic2013.csv","word_croatian","naming_latency_mean"
"Rogic2013.csv","word_croatian","naming_latency_sd"
"Russell1970.csv","word_german","semantic_category"
"Russell1970.csv","word_german","exemplar_generation_n_20"
"Russell1970.csv","word_german","exemplar_generation_prop"
"Russell1970.csv","word_german","typicality_mean"
"Russell1970.csv","word_german","typicality_sd"
"Russell1970.csv","word_german","aoa_mean"
"Russell1970.csv","word_german","aoa_sd"
"Russell1970.csv","word_german","familiar_mean"
"Russell1970.csv","word_german","familiar_sd"
"Russell1970.csv","word_german","frequency"
"Russell1970.csv","word_german","frequency_log"
"Russell1970.csv","word_german","phonemes"
"Russell1970.csv","word_german","syllables"
"Russell1970.csv","word_english","semantic_category"
"Russell1970.csv","word_english","exemplar_generation_n_20"
"Russell1970.csv","word_english","exemplar_generation_prop"
"Russell1970.csv","word_english","typicality_mean"
"Russell1970.csv","word_english","typicality_sd"
"Russell1970.csv","word_english","aoa_mean"
"Russell1970.csv","word_english","aoa_sd"
"Russell1970.csv","word_english","familiar_mean"
"Russell1970.csv","word_english","familiar_sd"
"Russell1970.csv","word_english","frequency"
"Russell1970.csv","word_english","frequency_log"
"Russell1970.csv","word_english","phonemes"
"Russell1970.csv","word_english","syllables"
"Ruts2004.csv","word_dutch","category"
"Ruts2004.csv","word_dutch","aoa_n"
"Ruts2004.csv","word_dutch","aoa_mean"
"Ruts2004.csv","word_dutch","aoa_sd"
"Ruts2004.csv","word_dutch","percent_known"
"Ruts2004.csv","word_dutch","source"
"Ruts2004.csv","word_dutch","frequency_logcelex"
"Salmon2010.csv","word_english","category"
"Salmon2010.csv","word_english","familiar_group"
"Salmon2010.csv","word_english","expected_familiar_group"
"Salmon2010.csv","word_english","aoa_subjective_group"
"Salmon2010.csv","word_english","expected_aoa_s_group"
"Salmon2010.csv","word_english","manip_group"
"Salmon2010.csv","word_english","expected_manip_group"
"Salmon2010.csv","word_english","familiar_n_fma"
"Salmon2010.csv","word_english","familiar_mean_fma"
"Salmon2010.csv","word_english","familiar_sd_fma"
"Salmon2010.csv","word_english","familiar_n_afm"
"Salmon2010.csv","word_english","familiar_mean_afm"
"Salmon2010.csv","word_english","familiar_sd_afm"
"Salmon2010.csv","word_english","familiar_n_maf"
"Salmon2010.csv","word_english","familiar_mean_maf"
"Salmon2010.csv","word_english","familiar_sd_maf"
"Salmon2010.csv","word_english","familiar_n"
"Salmon2010.csv","word_english","familiar_mean"
"Salmon2010.csv","word_english","familiar_sd"
"Salmon2010.csv","word_english","aoa_subjective_n_afm"
"Salmon2010.csv","word_english","aoa_subjective_mean_afm"
"Salmon2010.csv","word_english","aoa_subjective_sd_afm"
"Salmon2010.csv","word_english","aoa_subjective_n_maf"
"Salmon2010.csv","word_english","aoa_subjective_mean_maf"
"Salmon2010.csv","word_english","aoa_subjective_sd_maf"
"Salmon2010.csv","word_english","aoa_subjective_n_fma"
"Salmon2010.csv","word_english","aoa_subjective_mean_fma"
"Salmon2010.csv","word_english","aoa_subjective_sd_fma"
"Salmon2010.csv","word_english","aoa_subjective_n"
"Salmon2010.csv","word_english","aoa_subjective_mean"
"Salmon2010.csv","word_english","aoa_subjective_sd"
"Salmon2010.csv","word_english","manip1_n_maf"
"Salmon2010.csv","word_english","manip1_mean_maf"
"Salmon2010.csv","word_english","manip1_sd_maf"
"Salmon2010.csv","word_english","manip1_n_fma"
"Salmon2010.csv","word_english","manip1_mean_fma"
"Salmon2010.csv","word_english","manip1_sd_fma"
"Salmon2010.csv","word_english","manip1_n_afm"
"Salmon2010.csv","word_english","manip1_mean_afm"
"Salmon2010.csv","word_english","manip1_sd_afm"
"Salmon2010.csv","word_english","manip1_n"
"Salmon2010.csv","word_english","manip1_mean"
"Salmon2010.csv","word_english","manip1_sd"
"Salmon2010.csv","word_english","manip2_n_maf"
"Salmon2010.csv","word_english","manip2_mean_maf"
"Salmon2010.csv","word_english","manip2_sd_maf"
"Salmon2010.csv","word_english","manip2_n_fma"
"Salmon2010.csv","word_english","manip2_mean_fma"
"Salmon2010.csv","word_english","manip2_sd_fma"
"Salmon2010.csv","word_english","manip2_n_afm"
"Salmon2010.csv","word_english","manip2_mean_afm"
"Salmon2010.csv","word_english","manip2_sd_afm"
"Salmon2010.csv","word_english","manip2_n"
"Salmon2010.csv","word_english","manip2_mean"
"Salmon2010.csv","word_english","manip2_sd"
"Salmon2010.csv","word_english","familiar_practice_n"
"Salmon2010.csv","word_english","familiar_practice_mean"
"Salmon2010.csv","word_english","familiar_practice_sd"
"Salmon2010.csv","word_english","aoa_subjective_practice_n"
"Salmon2010.csv","word_english","aoa_subjective_practice_mean"
"Salmon2010.csv","word_english","aoa_subjective_practice_sd"
"Salmon2010.csv","word_english","manip1_practice_n"
"Salmon2010.csv","word_english","manip1_practice_mean"
"Salmon2010.csv","word_english","manip1_practice_sd"
"Salmon2010.csv","word_english","manip2_practice_nn"
"Salmon2010.csv","word_english","manip2_practice_mean"
"Salmon2010.csv","word_english","manip2_practice_sd"
"Schauenburg2015.csv","word_german","pos"
"Schauenburg2015.csv","word_german","semantic_category"
"Schauenburg2015.csv","word_german","valence_mean"
"Schauenburg2015.csv","word_german","valence_se"
"Schauenburg2015.csv","word_german","valence_sd"
"Schauenburg2015.csv","word_german","valence_n"
"Schauenburg2015.csv","word_german","arousal_mean"
"Schauenburg2015.csv","word_german","arousal_se"
"Schauenburg2015.csv","word_german","arousal_sd"
"Schauenburg2015.csv","word_german","arousal_n"
"Schauenburg2015.csv","word_german","potency_mean"
"Schauenburg2015.csv","word_german","potency_se"
"Schauenburg2015.csv","word_german","potency_sd"
"Schauenburg2015.csv","word_german","potency_n"
"Schauenburg2015.csv","word_german","authority_mean"
"Schauenburg2015.csv","word_german","authority_se"
"Schauenburg2015.csv","word_german","authority_sd"
"Schauenburg2015.csv","word_german","authority_n"
"Schauenburg2015.csv","word_german","community_mean"
"Schauenburg2015.csv","word_german","community_se"
"Schauenburg2015.csv","word_german","community_sd"
"Schauenburg2015.csv","word_german","community_n"
"Schauenburg2015.csv","word_german","cluster"
"Schauenburg2015.csv","word_german","frequency_leipzig"
"Schauenburg2015.csv","word_german","frequency_subtlex"
"Schauenburg2015.csv","word_german","frequency_celex"
"Schauenburg2015.csv","word_german","orthographic_n_celex"
"Schauenburg2015.csv","word_german","orthographic_n_sum_celex"
"Schauenburg2015.csv","word_german","fhn_celex"
"Schauenburg2015.csv","word_german","frequency_dlex_abs"
"Schauenburg2015.csv","word_german","frequency_dlex_norm"
"Schauenburg2015.csv","word_german","orthographic_n_dlex"
"Schauenburg2015.csv","word_german","orthographic_n_sum_dlex"
"Schauenburg2015.csv","word_german","fhn_dlex"
"Schauenburg2015.csv","word_german","frequency_zipf"
"Schauenburg2015.csv","word_german","syllables"
"Schauenburg2015.csv","word_german","length"
"Schmidtke2014.csv","word_german","valence_mean"
"Schmidtke2014.csv","word_german","valence_sd"
"Schmidtke2014.csv","word_german","arousal_mean_anew"
"Schmidtke2014.csv","word_german","arousal_sd_anew"
"Schmidtke2014.csv","word_german","arousal_mean_bawl"
"Schmidtke2014.csv","word_german","arousal_sd_bawl"
"Schmidtke2014.csv","word_german","dominance_mean"
"Schmidtke2014.csv","word_german","dominance_sd"
"Schmidtke2014.csv","word_german","pot_mean"
"Schmidtke2014.csv","word_german","pot_sd"
"Schmidtke2014.csv","word_german","imagine_mean"
"Schmidtke2014.csv","word_german","imagine_sd"
"Schmidtke2014.csv","word_german","frequency_leipzig"
"Schmidtke2014.csv","word_german","frequence_subtlex"
"Schmidtke2014.csv","word_german","length"
"Schmidtke2014.csv","word_german","syllables"
"Schmidtke2014.csv","word_german","n_orth"
"Schmidtke2014.csv","word_german","hfn"
"Schmidtke2014.csv","word_german","nf_maximum"
"Schmidtke2014.csv","word_german","f_sum"
"Schmidtke2014.csv","word_english","valence_mean"
"Schmidtke2014.csv","word_english","valence_sd"
"Schmidtke2014.csv","word_english","arousal_mean_anew"
"Schmidtke2014.csv","word_english","arousal_sd_anew"
"Schmidtke2014.csv","word_english","arousal_mean_bawl"
"Schmidtke2014.csv","word_english","arousal_sd_bawl"
"Schmidtke2014.csv","word_english","dominance_mean"
"Schmidtke2014.csv","word_english","dominance_sd"
"Schmidtke2014.csv","word_english","pot_mean"
"Schmidtke2014.csv","word_english","pot_sd"
"Schmidtke2014.csv","word_english","imagine_mean"
"Schmidtke2014.csv","word_english","imagine_sd"
"Schmidtke2014.csv","word_english","frequency_leipzig"
"Schmidtke2014.csv","word_english","frequence_subtlex"
"Schmidtke2014.csv","word_english","length"
"Schmidtke2014.csv","word_english","syllables"
"Schmidtke2014.csv","word_english","n_orth"
"Schmidtke2014.csv","word_english","hfn"
"Schmidtke2014.csv","word_english","nf_maximum"
"Schmidtke2014.csv","word_english","f_sum"
"Schmidtke2014.csv","word_number","valence_mean"
"Schmidtke2014.csv","word_number","valence_sd"
"Schmidtke2014.csv","word_number","arousal_mean_anew"
"Schmidtke2014.csv","word_number","arousal_sd_anew"
"Schmidtke2014.csv","word_number","arousal_mean_bawl"
"Schmidtke2014.csv","word_number","arousal_sd_bawl"
"Schmidtke2014.csv","word_number","dominance_mean"
"Schmidtke2014.csv","word_number","dominance_sd"
"Schmidtke2014.csv","word_number","pot_mean"
"Schmidtke2014.csv","word_number","pot_sd"
"Schmidtke2014.csv","word_number","imagine_mean"
"Schmidtke2014.csv","word_number","imagine_sd"
"Schmidtke2014.csv","word_number","frequency_leipzig"
"Schmidtke2014.csv","word_number","frequence_subtlex"
"Schmidtke2014.csv","word_number","length"
"Schmidtke2014.csv","word_number","syllables"
"Schmidtke2014.csv","word_number","n_orth"
"Schmidtke2014.csv","word_number","hfn"
"Schmidtke2014.csv","word_number","nf_maximum"
"Schmidtke2014.csv","word_number","f_sum"
"Schmidtke2014.csv","word_class","valence_mean"
"Schmidtke2014.csv","word_class","valence_sd"
"Schmidtke2014.csv","word_class","arousal_mean_anew"
"Schmidtke2014.csv","word_class","arousal_sd_anew"
"Schmidtke2014.csv","word_class","arousal_mean_bawl"
"Schmidtke2014.csv","word_class","arousal_sd_bawl"
"Schmidtke2014.csv","word_class","dominance_mean"
"Schmidtke2014.csv","word_class","dominance_sd"
"Schmidtke2014.csv","word_class","pot_mean"
"Schmidtke2014.csv","word_class","pot_sd"
"Schmidtke2014.csv","word_class","imagine_mean"
"Schmidtke2014.csv","word_class","imagine_sd"
"Schmidtke2014.csv","word_class","frequency_leipzig"
"Schmidtke2014.csv","word_class","frequence_subtlex"
"Schmidtke2014.csv","word_class","length"
"Schmidtke2014.csv","word_class","syllables"
"Schmidtke2014.csv","word_class","n_orth"
"Schmidtke2014.csv","word_class","hfn"
"Schmidtke2014.csv","word_class","nf_maximum"
"Schmidtke2014.csv","word_class","f_sum"
"Schock2012.csv","word_english","aoa_mean"
"Schock2012.csv","word_english","rt_mean"
"Schock2012.csv","word_english","aoa_sd"
"Schock2012.csv","word_english","rt_sd"
"Schwitter2004.csv","word_french","source"
"Schwitter2004.csv","word_french","name_agreement_proportion"
"Schwitter2004.csv","word_french","image_agreement_mean"
"Schwitter2004.csv","word_french","image_agreement_sd"
"Schwitter2004.csv","word_french","aoa_mean"
"Schwitter2004.csv","word_french","aoa_sd"
"Schwitter2004.csv","word_french","visualcomplexity_mean"
"Schwitter2004.csv","word_french","visual_complexity_sd"
"Schwitter2004.csv","word_french","familiar_mean"
"Schwitter2004.csv","word_french","familiar_sd"
"Schwitter2004.csv","word_french","image_variability_mean"
"Schwitter2004.csv","word_french","image_variability_sd"
"Schwitter2004.csv","word_french","frequency"
"Schwitter2004.csv","word_french","rt_mean"
"Shao2016.csv","word_dutch","counter"
"Shao2016.csv","word_dutch","image_name"
"Shao2016.csv","word_dutch","objective_vc"
"Shao2016.csv","word_dutch","subjective_vc"
"Shao2016.csv","word_dutch","image_agreement_mean"
"Shao2016.csv","word_dutch","imagine_mean"
"Shao2016.csv","word_dutch","proportion"
"Shao2016.csv","word_dutch","h_statistic"
"Shao2016.csv","word_dutch","aoa_mean"
"Shao2016.csv","word_dutch","frequency_log"
"Shao2016.csv","word_dutch","familiar_mean"
"Shao2016.csv","word_dutch","length"
"Shao2016.csv","word_dutch","syllables"
"Shao2016.csv","word_dutch","naming_rt"
"Shao2016.csv","word_dutch_dominance","counter"
"Shao2016.csv","word_dutch_dominance","image_name"
"Shao2016.csv","word_dutch_dominance","objective_vc"
"Shao2016.csv","word_dutch_dominance","subjective_vc"
"Shao2016.csv","word_dutch_dominance","image_agreement_mean"
"Shao2016.csv","word_dutch_dominance","imagine_mean"
"Shao2016.csv","word_dutch_dominance","proportion"
"Shao2016.csv","word_dutch_dominance","h_statistic"
"Shao2016.csv","word_dutch_dominance","aoa_mean"
"Shao2016.csv","word_dutch_dominance","frequency_log"
"Shao2016.csv","word_dutch_dominance","familiar_mean"
"Shao2016.csv","word_dutch_dominance","length"
"Shao2016.csv","word_dutch_dominance","syllables"
"Shao2016.csv","word_dutch_dominance","naming_rt"
"Silverstein1968.csv","word_english","frequency_lorge"
"Silverstein1968.csv","word_english","association_women_mean"
"Silverstein1968.csv","word_english","association_men_mean"
"Silverstein1968.csv","word_english","pleasantness_women_mean"
"Silverstein1968.csv","word_english","pleasantness_men_mean"
"Snodgrass1980.csv","word_english","name_agreement_h"
"Snodgrass1980.csv","word_english","name_agreement_percent"
"Snodgrass1980.csv","word_english","image_agreement_h"
"Snodgrass1980.csv","word_english","image_agreement_percent"
"Snodgrass1980.csv","word_english","familiar_mean"
"Snodgrass1980.csv","word_english","familiar_sd"
"Snodgrass1980.csv","word_english","complexity_mean"
"Snodgrass1980.csv","word_english","complexity_sd"
"Snodgrass1980.csv","word_english","frequency_kf"
"Snodgrass1980.csv","word_english","aoa_mean"
"Snodgrass1996.csv","word_english","aoa_mean"
"Snodgrass1996.csv","word_english","percent_correct_strict"
"Snodgrass1996.csv","word_english","percent_correct_relaxed"
"Snodgrass1996.csv","word_english","rt_mean_exp1"
"Snodgrass1996.csv","word_english","rt_mean_exp2"
"Snodgrass1996.csv","word_english","quintile_exp1"
"Soares2012.csv","word_spanish","valence_mean"
"Soares2012.csv","word_spanish","valence_sd"
"Soares2012.csv","word_spanish","valence_mean_women"
"Soares2012.csv","word_spanish","valence_sd_women"
"Soares2012.csv","word_spanish","valence_mean_men"
"Soares2012.csv","word_spanish","valence_sd_men"
"Soares2012.csv","word_spanish","arousal_mean"
"Soares2012.csv","word_spanish","arousal_sd"
"Soares2012.csv","word_spanish","arousal_mean_women"
"Soares2012.csv","word_spanish","arousal_sd_women"
"Soares2012.csv","word_spanish","arousal_mean_men"
"Soares2012.csv","word_spanish","arousal_sd_men"
"Soares2012.csv","word_spanish","dominance_mean"
"Soares2012.csv","word_spanish","dominance_sd"
"Soares2012.csv","word_spanish","dominance_mean_women"
"Soares2012.csv","word_spanish","dominance_sd_women"
"Soares2012.csv","word_spanish","dominance_mean_men"
"Soares2012.csv","word_spanish","dominance_sd_men"
"Soares2017.csv","word_spanish","imagine_mean"
"Soares2017.csv","word_spanish","imagine_sd"
"Soares2017.csv","word_spanish","concrete_mean"
"Soares2017.csv","word_spanish","concrete_sd"
"Soares2017.csv","word_spanish","frequency_s_mean"
"Soares2017.csv","word_spanish","frequency_s_sd"
"Soares2017.csv","word_spanish","length"
"Soares2017.csv","word_spanish","syllables"
"Soares2017.csv","word_spanish","syllabic_structure"
"Soares2017.csv","word_spanish","part_speech"
"Soares2017.csv","word_spanish","wordform_per_million_frequency"
"Soares2017.csv","word_spanish","wordform_per_million_frequency_log10"
"Soares2017.csv","word_spanish","frequency_zipf"
"Soares2017.csv","word_spanish","orthographic_neighborhood_size"
"Soares2017.csv","word_spanish","orthographic_levenshtein_distance"
"Speed2017.csv","word_dutch","arousal_mean"
"Speed2017.csv","word_dutch","dominance_mean"
"Speed2017.csv","word_dutch","valence_mean"
"Speed2017.csv","word_dutch","modality"
"Spreen1966.csv","word_english","specificity_mean"
"Spreen1966.csv","word_english","concrete_mean"
"Spreen1966.csv","word_english","meaningfulness_mean"
"Stadthagen-Gonzalez2006.csv","word_english","aoa_mean_years"
"Stadthagen-Gonzalez2006.csv","word_english","aoa_mean_100_700"
"Stadthagen-Gonzalez2006.csv","word_english","imagine_mean"
"Stadthagen-Gonzalez2006.csv","word_english","familiar_mean"
"Stadthagen-Gonzalez2017.csv","word_spanish","valence_mean"
"Stadthagen-Gonzalez2017.csv","word_spanish","valence_sd"
"Stadthagen-Gonzalez2017.csv","word_spanish","valence_percent_raters"
"Stadthagen-Gonzalez2017.csv","word_spanish","arousal_mean"
"Stadthagen-Gonzalez2017.csv","word_spanish","arousal_sd"
"Stadthagen-Gonzalez2017.csv","word_spanish","arousal_percent_raters"
"Stadthagen-Gonzalez2017a.csv","word_spanish","few_raters"
"Stadthagen-Gonzalez2017a.csv","word_spanish","happiness_mean"
"Stadthagen-Gonzalez2017a.csv","word_spanish","happiness_sd"
"Stadthagen-Gonzalez2017a.csv","word_spanish","happiness_percent_raters"
"Stadthagen-Gonzalez2017a.csv","word_spanish","disgust_mean"
"Stadthagen-Gonzalez2017a.csv","word_spanish","disgust_sd"
"Stadthagen-Gonzalez2017a.csv","word_spanish","disgust_percent_raters"
"Stadthagen-Gonzalez2017a.csv","word_spanish","anger_mean"
"Stadthagen-Gonzalez2017a.csv","word_spanish","anger_sd"
"Stadthagen-Gonzalez2017a.csv","word_spanish","anger_percent_raters"
"Stadthagen-Gonzalez2017a.csv","word_spanish","fear_mean"
"Stadthagen-Gonzalez2017a.csv","word_spanish","fear_sd"
"Stadthagen-Gonzalez2017a.csv","word_spanish","fear_percent_raters"
"Stadthagen-Gonzalez2017a.csv","word_spanish","sad_mean"
"Stadthagen-Gonzalez2017a.csv","word_spanish","sad_sd"
"Stadthagen-Gonzalez2017a.csv","word_spanish","sad_percent_raters"
"Stadthagen-Gonzalez2017a.csv","word_spanish","valence_mean"
"Stadthagen-Gonzalez2017a.csv","word_spanish","valence_sd"
"Stadthagen-Gonzalez2017a.csv","word_spanish","valence_percent_raters"
"Stadthagen-Gonzalez2017a.csv","word_spanish","arousal_mean"
"Stadthagen-Gonzalez2017a.csv","word_spanish","arousal_sd"
"Stadthagen-Gonzalez2017a.csv","word_spanish","arousal_percent_raters"
"Stadthagen-Gonzalez2017a.csv","word_spanish","pos_dominance"
"Stadthagen-Gonzalez2017a.csv","word_spanish","pos_dominance_prop"
"Stration1975.csv","word_english","aoa_mean"
"Stration1975.csv","word_english","aoa_sd"
"Stration1975.csv","word_english","imagine_mean"
"Stration1975.csv","word_english","imagine_sd"
"Stration1975.csv","word_english","familiar_mean"
"Stration1975.csv","word_english","familiar_sd"
"Stration1975.csv","word_english","meaningfulness_mean"
"Stration1975.csv","word_english","meaningfulness_sd"
"Su2023.csv","word_chinese_traditional","aoa_mean"
"Su2023.csv","word_chinese_traditional","familiar_mean"
"Su2023.csv","word_chinese_traditional","imagine_mean"
"Su2023.csv","word_chinese_traditional","concrete_mean"
"Su2023.csv","word_chinese_traditional","semantic_radical_trans_mean"
"Su2023.csv","word_chinese_traditional","frequency_log"
"Su2023.csv","word_chinese_traditional","number_stroke"
"Su2023.csv","word_chinese_traditional","#_word_formed"
"Su2023.csv","word_chinese_traditional","number_homophose"
"Su2023.csv","word_chinese_traditional","number_meanings"
"Su2023.csv","word_chinese_traditional","aoa_raw"
"Su2023.csv","word_chinese_traditional","familiar_raw"
"Su2023.csv","word_chinese_traditional","imagine_raw"
"Su2023.csv","word_chinese_traditional","concrete_raw"
"Su2023.csv","word_chinese_traditional","semantic_radical_trans_raw"
"Surprenant1999.csv","word_english","frequency_kf"
"Surprenant1999.csv","word_english","familiar_mean"
"Surprenant1999.csv","word_english","familiar_sd"
"Surprenant1999.csv","word_english","pronounce_mean"
"Surprenant1999.csv","word_english","pronounce_sd"
"Syssau2009.csv","word_french","emotional_source"
"Syssau2009.csv","word_french","picture_source"
"Syssau2009.csv","word_french","picture_number"
"Syssau2009.csv","word_french","age_rating"
"Syssau2009.csv","word_french","negative_percent_5_years"
"Syssau2009.csv","word_french","negative_percent_girls_5_years"
"Syssau2009.csv","word_french","negative_percent_boys_5_years"
"Syssau2009.csv","word_french","neutral_percent_5_years"
"Syssau2009.csv","word_french","neutral_percent_girls_5_years"
"Syssau2009.csv","word_french","neutral_percent_boys_5_years"
"Syssau2009.csv","word_french","positive_percent_5_years"
"Syssau2009.csv","word_french","positive_percent_girls_5_years"
"Syssau2009.csv","word_french","positive_percent_boys_5_years"
"Syssau2009.csv","word_french","negative_percent_7_years"
"Syssau2009.csv","word_french","negative_percent_girls_7_years"
"Syssau2009.csv","word_french","negative_percent_boys_7_years"
"Syssau2009.csv","word_french","neutral_percent_7_years"
"Syssau2009.csv","word_french","neutral_percent_girls_7_years"
"Syssau2009.csv","word_french","neutral_percent_boys_7_years"
"Syssau2009.csv","word_french","positive_percent_7_years"
"Syssau2009.csv","word_french","positive_percent_girls_7_years"
"Syssau2009.csv","word_french","positive_percent_boys_7_years"
"Syssau2009.csv","word_french","negative_percent_9_years"
"Syssau2009.csv","word_french","negative_percent_girls_9_years"
"Syssau2009.csv","word_french","negative_percent_boys_9_years"
"Syssau2009.csv","word_french","neutral_percent_9_years"
"Syssau2009.csv","word_french","neutral_percent_girls_9_years"
"Syssau2009.csv","word_french","neutral_percent_boys_9_years"
"Syssau2009.csv","word_french","positive_percent_9_years"
"Syssau2009.csv","word_french","positive_percent_girls_9_years"
"Syssau2009.csv","word_french","positive_percent_boys_9_years"
"Syssau2009.csv","word_french","negative_percent_adults"
"Syssau2009.csv","word_french","neutral_percent_adults"
"Syssau2009.csv","word_french","positive_percent_adults"
"Syssau2009.csv","word_french","valence_mean"
"Syssau2009.csv","word_french","valence_sd"
"Torrance2018_bg.csv","word_bulgarian","image_number"
"Torrance2018_bg.csv","word_bulgarian","mc_response_percent_correct"
"Torrance2018_bg.csv","word_bulgarian","mc_name_percent_correct"
"Torrance2018_bg.csv","word_bulgarian","name_h"
"Torrance2018_bg.csv","word_bulgarian","spell_percent_correct"
"Torrance2018_bg.csv","word_bulgarian","spell_h"
"Torrance2018_bg.csv","word_bulgarian","proportion_null_response"
"Torrance2018_bg.csv","word_bulgarian","rt_mean"
"Torrance2018_bg.csv","word_bulgarian","rt_sd"
"Torrance2018_bg.csv","word_bulgarian","rt_q25"
"Torrance2018_bg.csv","word_bulgarian","rt_median"
"Torrance2018_bg.csv","word_bulgarian","rt_q75"
"Torrance2018_bg.csv","word_bulgarian","mean_interkeypressinterval_mean_"
"Torrance2018_bg.csv","word_bulgarian","mean_interkeypressinterval_sd"
"Torrance2018_bg.csv","word_bulgarian","mean_interkeypressinterval_q25"
"Torrance2018_bg.csv","word_bulgarian","mean_interkeypressinterval_median"
"Torrance2018_bg.csv","word_bulgarian","mean_interkeypressinterval_q75"
"Torrance2018_bg.csv","word_bulgarian","rt_commonname_mean"
"Torrance2018_bg.csv","word_bulgarian","rt_commonname_sd"
"Torrance2018_bg.csv","word_bulgarian","rt_commonname_q25"
"Torrance2018_bg.csv","word_bulgarian","rt_commonname_median"
"Torrance2018_bg.csv","word_bulgarian","rt_commonname_q75"
"Torrance2018_bg.csv","word_bulgarian","mean_interkeypressintervalcommonname_mean_"
"Torrance2018_bg.csv","word_bulgarian","mean_interkeypressintervalcommonname_sd"
"Torrance2018_bg.csv","word_bulgarian","mean_interkeypressintervalcommonname_q25"
"Torrance2018_bg.csv","word_bulgarian","mean_interkeypressintervalcommonname_median"
"Torrance2018_bg.csv","word_bulgarian","mean_interkeypressintervalcommonname_q75"
"Torrance2018_bg.csv","word_bulgarian","alt_names"
"Torrance2018_bg.csv","word_bulgarian","alt_spells"
"Torrance2018_bg.csv","word_bulgarian","image_filesize"
"Torrance2018_bg.csv","word_bulgarian","familiar_mean"
"Torrance2018_bg.csv","word_bulgarian","complexity_mean"
"Torrance2018_bg.csv","word_bulgarian","matchimage_mean"
"Torrance2018_bg.csv","word_bulgarian","length"
"Torrance2018_bg.csv","word_bulgarian","mc_response_wdlen"
"Torrance2018_de.csv","word_german","image_number"
"Torrance2018_de.csv","word_german","mc_response_percent_correct"
"Torrance2018_de.csv","word_german","mc_name_percent_correct"
"Torrance2018_de.csv","word_german","name_h"
"Torrance2018_de.csv","word_german","spell_percent_correct"
"Torrance2018_de.csv","word_german","spell_h"
"Torrance2018_de.csv","word_german","proportion_null_response"
"Torrance2018_de.csv","word_german","rt_mean"
"Torrance2018_de.csv","word_german","rt_sd"
"Torrance2018_de.csv","word_german","rt_q25"
"Torrance2018_de.csv","word_german","rt_median"
"Torrance2018_de.csv","word_german","rt_q75"
"Torrance2018_de.csv","word_german","mean_interkeypressinterval_mean_"
"Torrance2018_de.csv","word_german","mean_interkeypressinterval_sd"
"Torrance2018_de.csv","word_german","mean_interkeypressinterval_q25"
"Torrance2018_de.csv","word_german","mean_interkeypressinterval_median"
"Torrance2018_de.csv","word_german","mean_interkeypressinterval_q75"
"Torrance2018_de.csv","word_german","rt_commonname_mean"
"Torrance2018_de.csv","word_german","rt_commonname_sd"
"Torrance2018_de.csv","word_german","rt_commonname_q25"
"Torrance2018_de.csv","word_german","rt_commonname_median"
"Torrance2018_de.csv","word_german","rt_commonname_q75"
"Torrance2018_de.csv","word_german","mean_interkeypressintervalcommonname_mean_"
"Torrance2018_de.csv","word_german","mean_interkeypressintervalcommonname_sd"
"Torrance2018_de.csv","word_german","mean_interkeypressintervalcommonname_q25"
"Torrance2018_de.csv","word_german","mean_interkeypressintervalcommonname_median"
"Torrance2018_de.csv","word_german","mean_interkeypressintervalcommonname_q75"
"Torrance2018_de.csv","word_german","alt_names"
"Torrance2018_de.csv","word_german","alt_spells"
"Torrance2018_de.csv","word_german","image_filesize"
"Torrance2018_de.csv","word_german","familiar_mean"
"Torrance2018_de.csv","word_german","complexity_mean"
"Torrance2018_de.csv","word_german","matchimage_mean"
"Torrance2018_de.csv","word_german","length"
"Torrance2018_de.csv","word_german","mc_response_wdlen"
"Torrance2018_el.csv","word_greek","image_number"
"Torrance2018_el.csv","word_greek","mc_response_percent_correct"
"Torrance2018_el.csv","word_greek","mc_name_percent_correct"
"Torrance2018_el.csv","word_greek","name_h"
"Torrance2018_el.csv","word_greek","spell_percent_correct"
"Torrance2018_el.csv","word_greek","spell_h"
"Torrance2018_el.csv","word_greek","proportion_null_response"
"Torrance2018_el.csv","word_greek","rt_mean"
"Torrance2018_el.csv","word_greek","rt_sd"
"Torrance2018_el.csv","word_greek","rt_q25"
"Torrance2018_el.csv","word_greek","rt_median"
"Torrance2018_el.csv","word_greek","rt_q75"
"Torrance2018_el.csv","word_greek","mean_interkeypressinterval_mean_"
"Torrance2018_el.csv","word_greek","mean_interkeypressinterval_sd"
"Torrance2018_el.csv","word_greek","mean_interkeypressinterval_q25"
"Torrance2018_el.csv","word_greek","mean_interkeypressinterval_median"
"Torrance2018_el.csv","word_greek","mean_interkeypressinterval_q75"
"Torrance2018_el.csv","word_greek","rt_commonname_mean"
"Torrance2018_el.csv","word_greek","rt_commonname_sd"
"Torrance2018_el.csv","word_greek","rt_commonname_q25"
"Torrance2018_el.csv","word_greek","rt_commonname_median"
"Torrance2018_el.csv","word_greek","rt_commonname_q75"
"Torrance2018_el.csv","word_greek","mean_interkeypressintervalcommonname_mean_"
"Torrance2018_el.csv","word_greek","mean_interkeypressintervalcommonname_sd"
"Torrance2018_el.csv","word_greek","mean_interkeypressintervalcommonname_q25"
"Torrance2018_el.csv","word_greek","mean_interkeypressintervalcommonname_median"
"Torrance2018_el.csv","word_greek","mean_interkeypressintervalcommonname_q75"
"Torrance2018_el.csv","word_greek","alt_names"
"Torrance2018_el.csv","word_greek","alt_spells"
"Torrance2018_el.csv","word_greek","image_filesize"
"Torrance2018_el.csv","word_greek","familiar_mean"
"Torrance2018_el.csv","word_greek","complexity_mean"
"Torrance2018_el.csv","word_greek","matchimage_mean"
"Torrance2018_el.csv","word_greek","length"
"Torrance2018_el.csv","word_greek","mc_response_wdlen"
"Torrance2018_en.csv","word_english","image_number"
"Torrance2018_en.csv","word_english","mc_response_percent_correct"
"Torrance2018_en.csv","word_english","mc_name_percent_correct"
"Torrance2018_en.csv","word_english","name_h"
"Torrance2018_en.csv","word_english","spell_percent_correct"
"Torrance2018_en.csv","word_english","spell_h"
"Torrance2018_en.csv","word_english","proportion_null_response"
"Torrance2018_en.csv","word_english","rt_mean"
"Torrance2018_en.csv","word_english","rt_sd"
"Torrance2018_en.csv","word_english","rt_q25"
"Torrance2018_en.csv","word_english","rt_median"
"Torrance2018_en.csv","word_english","rt_q75"
"Torrance2018_en.csv","word_english","mean_interkeypressinterval_mean_"
"Torrance2018_en.csv","word_english","mean_interkeypressinterval_sd"
"Torrance2018_en.csv","word_english","mean_interkeypressinterval_q25"
"Torrance2018_en.csv","word_english","mean_interkeypressinterval_median"
"Torrance2018_en.csv","word_english","mean_interkeypressinterval_q75"
"Torrance2018_en.csv","word_english","rt_commonname_mean"
"Torrance2018_en.csv","word_english","rt_commonname_sd"
"Torrance2018_en.csv","word_english","rt_commonname_q25"
"Torrance2018_en.csv","word_english","rt_commonname_median"
"Torrance2018_en.csv","word_english","rt_commonname_q75"
"Torrance2018_en.csv","word_english","mean_interkeypressintervalcommonname_mean_"
"Torrance2018_en.csv","word_english","mean_interkeypressintervalcommonname_sd"
"Torrance2018_en.csv","word_english","mean_interkeypressintervalcommonname_q25"
"Torrance2018_en.csv","word_english","mean_interkeypressintervalcommonname_median"
"Torrance2018_en.csv","word_english","mean_interkeypressintervalcommonname_q75"
"Torrance2018_en.csv","word_english","alt_names"
"Torrance2018_en.csv","word_english","alt_spells"
"Torrance2018_en.csv","word_english","image_filesize"
"Torrance2018_en.csv","word_english","familiar_mean"
"Torrance2018_en.csv","word_english","complexity_mean"
"Torrance2018_en.csv","word_english","matchimage_mean"
"Torrance2018_en.csv","word_english","length"
"Torrance2018_en.csv","word_english","mc_response_wdlen"
"Torrance2018_es.csv","word_spanish","image_number"
"Torrance2018_es.csv","word_spanish","mc_response_percent_correct"
"Torrance2018_es.csv","word_spanish","mc_name_percent_correct"
"Torrance2018_es.csv","word_spanish","name_h"
"Torrance2018_es.csv","word_spanish","spell_percent_correct"
"Torrance2018_es.csv","word_spanish","spell_h"
"Torrance2018_es.csv","word_spanish","proportion_null_response"
"Torrance2018_es.csv","word_spanish","rt_mean"
"Torrance2018_es.csv","word_spanish","rt_sd"
"Torrance2018_es.csv","word_spanish","rt_q25"
"Torrance2018_es.csv","word_spanish","rt_median"
"Torrance2018_es.csv","word_spanish","rt_q75"
"Torrance2018_es.csv","word_spanish","mean_interkeypressinterval_mean_"
"Torrance2018_es.csv","word_spanish","mean_interkeypressinterval_sd"
"Torrance2018_es.csv","word_spanish","mean_interkeypressinterval_q25"
"Torrance2018_es.csv","word_spanish","mean_interkeypressinterval_median"
"Torrance2018_es.csv","word_spanish","mean_interkeypressinterval_q75"
"Torrance2018_es.csv","word_spanish","rt_commonname_mean"
"Torrance2018_es.csv","word_spanish","rt_commonname_sd"
"Torrance2018_es.csv","word_spanish","rt_commonname_q25"
"Torrance2018_es.csv","word_spanish","rt_commonname_median"
"Torrance2018_es.csv","word_spanish","rt_commonname_q75"
"Torrance2018_es.csv","word_spanish","mean_interkeypressintervalcommonname_mean_"
"Torrance2018_es.csv","word_spanish","mean_interkeypressintervalcommonname_sd"
"Torrance2018_es.csv","word_spanish","mean_interkeypressintervalcommonname_q25"
"Torrance2018_es.csv","word_spanish","mean_interkeypressintervalcommonname_median"
"Torrance2018_es.csv","word_spanish","mean_interkeypressintervalcommonname_q75"
"Torrance2018_es.csv","word_spanish","alt_names"
"Torrance2018_es.csv","word_spanish","alt_spells"
"Torrance2018_es.csv","word_spanish","image_filesize"
"Torrance2018_es.csv","word_spanish","familiar_mean"
"Torrance2018_es.csv","word_spanish","complexity_mean"
"Torrance2018_es.csv","word_spanish","matchimage_mean"
"Torrance2018_es.csv","word_spanish","length"
"Torrance2018_es.csv","word_spanish","mc_response_wdlen"
"Torrance2018_fi.csv","word_finnish","image_number"
"Torrance2018_fi.csv","word_finnish","mc_response_percent_correct"
"Torrance2018_fi.csv","word_finnish","mc_name_percent_correct"
"Torrance2018_fi.csv","word_finnish","name_h"
"Torrance2018_fi.csv","word_finnish","spell_percent_correct"
"Torrance2018_fi.csv","word_finnish","spell_h"
"Torrance2018_fi.csv","word_finnish","proportion_null_response"
"Torrance2018_fi.csv","word_finnish","rt_mean"
"Torrance2018_fi.csv","word_finnish","rt_sd"
"Torrance2018_fi.csv","word_finnish","rt_q25"
"Torrance2018_fi.csv","word_finnish","rt_median"
"Torrance2018_fi.csv","word_finnish","rt_q75"
"Torrance2018_fi.csv","word_finnish","mean_interkeypressinterval_mean_"
"Torrance2018_fi.csv","word_finnish","mean_interkeypressinterval_sd"
"Torrance2018_fi.csv","word_finnish","mean_interkeypressinterval_q25"
"Torrance2018_fi.csv","word_finnish","mean_interkeypressinterval_median"
"Torrance2018_fi.csv","word_finnish","mean_interkeypressinterval_q75"
"Torrance2018_fi.csv","word_finnish","rt_commonname_mean"
"Torrance2018_fi.csv","word_finnish","rt_commonname_sd"
"Torrance2018_fi.csv","word_finnish","rt_commonname_q25"
"Torrance2018_fi.csv","word_finnish","rt_commonname_median"
"Torrance2018_fi.csv","word_finnish","rt_commonname_q75"
"Torrance2018_fi.csv","word_finnish","mean_interkeypressintervalcommonname_mean_"
"Torrance2018_fi.csv","word_finnish","mean_interkeypressintervalcommonname_sd"
"Torrance2018_fi.csv","word_finnish","mean_interkeypressintervalcommonname_q25"
"Torrance2018_fi.csv","word_finnish","mean_interkeypressintervalcommonname_median"
"Torrance2018_fi.csv","word_finnish","mean_interkeypressintervalcommonname_q75"
"Torrance2018_fi.csv","word_finnish","alt_names"
"Torrance2018_fi.csv","word_finnish","alt_spells"
"Torrance2018_fi.csv","word_finnish","image_filesize"
"Torrance2018_fi.csv","word_finnish","familiar_mean"
"Torrance2018_fi.csv","word_finnish","complexity_mean"
"Torrance2018_fi.csv","word_finnish","matchimage_mean"
"Torrance2018_fi.csv","word_finnish","length"
"Torrance2018_fi.csv","word_finnish","mc_response_wdlen"
"Torrance2018_fr.csv","word_french","image_number"
"Torrance2018_fr.csv","word_french","mc_response_percent_correct"
"Torrance2018_fr.csv","word_french","mc_name_percent_correct"
"Torrance2018_fr.csv","word_french","name_h"
"Torrance2018_fr.csv","word_french","spell_percent_correct"
"Torrance2018_fr.csv","word_french","spell_h"
"Torrance2018_fr.csv","word_french","proportion_null_response"
"Torrance2018_fr.csv","word_french","rt_mean"
"Torrance2018_fr.csv","word_french","rt_sd"
"Torrance2018_fr.csv","word_french","rt_q25"
"Torrance2018_fr.csv","word_french","rt_median"
"Torrance2018_fr.csv","word_french","rt_q75"
"Torrance2018_fr.csv","word_french","mean_interkeypressinterval_mean_"
"Torrance2018_fr.csv","word_french","mean_interkeypressinterval_sd"
"Torrance2018_fr.csv","word_french","mean_interkeypressinterval_q25"
"Torrance2018_fr.csv","word_french","mean_interkeypressinterval_median"
"Torrance2018_fr.csv","word_french","mean_interkeypressinterval_q75"
"Torrance2018_fr.csv","word_french","rt_commonname_mean"
"Torrance2018_fr.csv","word_french","rt_commonname_sd"
"Torrance2018_fr.csv","word_french","rt_commonname_q25"
"Torrance2018_fr.csv","word_french","rt_commonname_median"
"Torrance2018_fr.csv","word_french","rt_commonname_q75"
"Torrance2018_fr.csv","word_french","mean_interkeypressintervalcommonname_mean_"
"Torrance2018_fr.csv","word_french","mean_interkeypressintervalcommonname_sd"
"Torrance2018_fr.csv","word_french","mean_interkeypressintervalcommonname_q25"
"Torrance2018_fr.csv","word_french","mean_interkeypressintervalcommonname_median"
"Torrance2018_fr.csv","word_french","mean_interkeypressintervalcommonname_q75"
"Torrance2018_fr.csv","word_french","alt_names"
"Torrance2018_fr.csv","word_french","alt_spells"
"Torrance2018_fr.csv","word_french","image_filesize"
"Torrance2018_fr.csv","word_french","familiar_mean"
"Torrance2018_fr.csv","word_french","complexity_mean"
"Torrance2018_fr.csv","word_french","matchimage_mean"
"Torrance2018_fr.csv","word_french","length"
"Torrance2018_fr.csv","word_french","mc_response_wdlen"
"Torrance2018_is.csv","word_icelandic","image_number"
"Torrance2018_is.csv","word_icelandic","mc_response_percent_correct"
"Torrance2018_is.csv","word_icelandic","mc_name_percent_correct"
"Torrance2018_is.csv","word_icelandic","name_h"
"Torrance2018_is.csv","word_icelandic","spell_percent_correct"
"Torrance2018_is.csv","word_icelandic","spell_h"
"Torrance2018_is.csv","word_icelandic","proportion_null_response"
"Torrance2018_is.csv","word_icelandic","rt_mean"
"Torrance2018_is.csv","word_icelandic","rt_sd"
"Torrance2018_is.csv","word_icelandic","rt_q25"
"Torrance2018_is.csv","word_icelandic","rt_median"
"Torrance2018_is.csv","word_icelandic","rt_q75"
"Torrance2018_is.csv","word_icelandic","mean_interkeypressinterval_mean_"
"Torrance2018_is.csv","word_icelandic","mean_interkeypressinterval_sd"
"Torrance2018_is.csv","word_icelandic","mean_interkeypressinterval_q25"
"Torrance2018_is.csv","word_icelandic","mean_interkeypressinterval_median"
"Torrance2018_is.csv","word_icelandic","mean_interkeypressinterval_q75"
"Torrance2018_is.csv","word_icelandic","rt_commonname_mean"
"Torrance2018_is.csv","word_icelandic","rt_commonname_sd"
"Torrance2018_is.csv","word_icelandic","rt_commonname_q25"
"Torrance2018_is.csv","word_icelandic","rt_commonname_median"
"Torrance2018_is.csv","word_icelandic","rt_commonname_q75"
"Torrance2018_is.csv","word_icelandic","mean_interkeypressintervalcommonname_mean_"
"Torrance2018_is.csv","word_icelandic","mean_interkeypressintervalcommonname_sd"
"Torrance2018_is.csv","word_icelandic","mean_interkeypressintervalcommonname_q25"
"Torrance2018_is.csv","word_icelandic","mean_interkeypressintervalcommonname_median"
"Torrance2018_is.csv","word_icelandic","mean_interkeypressintervalcommonname_q75"
"Torrance2018_is.csv","word_icelandic","alt_names"
"Torrance2018_is.csv","word_icelandic","alt_spells"
"Torrance2018_is.csv","word_icelandic","image_filesize"
"Torrance2018_is.csv","word_icelandic","familiar_mean"
"Torrance2018_is.csv","word_icelandic","complexity_mean"
"Torrance2018_is.csv","word_icelandic","matchimage_mean"
"Torrance2018_is.csv","word_icelandic","length"
"Torrance2018_is.csv","word_icelandic","mc_response_wdlen"
"Torrance2018_it.csv","word_italian","image_number"
"Torrance2018_it.csv","word_italian","mc_response_percent_correct"
"Torrance2018_it.csv","word_italian","mc_name_percent_correct"
"Torrance2018_it.csv","word_italian","name_h"
"Torrance2018_it.csv","word_italian","spell_percent_correct"
"Torrance2018_it.csv","word_italian","spell_h"
"Torrance2018_it.csv","word_italian","proportion_null_response"
"Torrance2018_it.csv","word_italian","rt_mean"
"Torrance2018_it.csv","word_italian","rt_sd"
"Torrance2018_it.csv","word_italian","rt_q25"
"Torrance2018_it.csv","word_italian","rt_median"
"Torrance2018_it.csv","word_italian","rt_q75"
"Torrance2018_it.csv","word_italian","mean_interkeypressinterval_mean_"
"Torrance2018_it.csv","word_italian","mean_interkeypressinterval_sd"
"Torrance2018_it.csv","word_italian","mean_interkeypressinterval_q25"
"Torrance2018_it.csv","word_italian","mean_interkeypressinterval_median"
"Torrance2018_it.csv","word_italian","mean_interkeypressinterval_q75"
"Torrance2018_it.csv","word_italian","rt_commonname_mean"
"Torrance2018_it.csv","word_italian","rt_commonname_sd"
"Torrance2018_it.csv","word_italian","rt_commonname_q25"
"Torrance2018_it.csv","word_italian","rt_commonname_median"
"Torrance2018_it.csv","word_italian","rt_commonname_q75"
"Torrance2018_it.csv","word_italian","mean_interkeypressintervalcommonname_mean_"
"Torrance2018_it.csv","word_italian","mean_interkeypressintervalcommonname_sd"
"Torrance2018_it.csv","word_italian","mean_interkeypressintervalcommonname_q25"
"Torrance2018_it.csv","word_italian","mean_interkeypressintervalcommonname_median"
"Torrance2018_it.csv","word_italian","mean_interkeypressintervalcommonname_q75"
"Torrance2018_it.csv","word_italian","alt_names"
"Torrance2018_it.csv","word_italian","alt_spells"
"Torrance2018_it.csv","word_italian","image_filesize"
"Torrance2018_it.csv","word_italian","familiar_mean"
"Torrance2018_it.csv","word_italian","complexity_mean"
"Torrance2018_it.csv","word_italian","matchimage_mean"
"Torrance2018_it.csv","word_italian","length"
"Torrance2018_it.csv","word_italian","mc_response_wdlen"
"Torrance2018_nl.csv","word_dutch","image_number"
"Torrance2018_nl.csv","word_dutch","mc_response_percent_correct"
"Torrance2018_nl.csv","word_dutch","mc_name_percent_correct"
"Torrance2018_nl.csv","word_dutch","name_h"
"Torrance2018_nl.csv","word_dutch","spell_percent_correct"
"Torrance2018_nl.csv","word_dutch","spell_h"
"Torrance2018_nl.csv","word_dutch","proportion_null_response"
"Torrance2018_nl.csv","word_dutch","rt_mean"
"Torrance2018_nl.csv","word_dutch","rt_sd"
"Torrance2018_nl.csv","word_dutch","rt_q25"
"Torrance2018_nl.csv","word_dutch","rt_median"
"Torrance2018_nl.csv","word_dutch","rt_q75"
"Torrance2018_nl.csv","word_dutch","mean_interkeypressinterval_mean_"
"Torrance2018_nl.csv","word_dutch","mean_interkeypressinterval_sd"
"Torrance2018_nl.csv","word_dutch","mean_interkeypressinterval_q25"
"Torrance2018_nl.csv","word_dutch","mean_interkeypressinterval_median"
"Torrance2018_nl.csv","word_dutch","mean_interkeypressinterval_q75"
"Torrance2018_nl.csv","word_dutch","rt_commonname_mean"
"Torrance2018_nl.csv","word_dutch","rt_commonname_sd"
"Torrance2018_nl.csv","word_dutch","rt_commonname_q25"
"Torrance2018_nl.csv","word_dutch","rt_commonname_median"
"Torrance2018_nl.csv","word_dutch","rt_commonname_q75"
"Torrance2018_nl.csv","word_dutch","mean_interkeypressintervalcommonname_mean_"
"Torrance2018_nl.csv","word_dutch","mean_interkeypressintervalcommonname_sd"
"Torrance2018_nl.csv","word_dutch","mean_interkeypressintervalcommonname_q25"
"Torrance2018_nl.csv","word_dutch","mean_interkeypressintervalcommonname_median"
"Torrance2018_nl.csv","word_dutch","mean_interkeypressintervalcommonname_q75"
"Torrance2018_nl.csv","word_dutch","alt_names"
"Torrance2018_nl.csv","word_dutch","alt_spells"
"Torrance2018_nl.csv","word_dutch","image_filesize"
"Torrance2018_nl.csv","word_dutch","familiar_mean"
"Torrance2018_nl.csv","word_dutch","complexity_mean"
"Torrance2018_nl.csv","word_dutch","matchimage_mean"
"Torrance2018_nl.csv","word_dutch","length"
"Torrance2018_nl.csv","word_dutch","mc_response_wdlen"
"Torrance2018_no.csv","word_norwegian","image_number"
"Torrance2018_no.csv","word_norwegian","mc_response_percent_correct"
"Torrance2018_no.csv","word_norwegian","mc_name_percent_correct"
"Torrance2018_no.csv","word_norwegian","name_h"
"Torrance2018_no.csv","word_norwegian","spell_percent_correct"
"Torrance2018_no.csv","word_norwegian","spell_h"
"Torrance2018_no.csv","word_norwegian","proportion_null_response"
"Torrance2018_no.csv","word_norwegian","rt_mean"
"Torrance2018_no.csv","word_norwegian","rt_sd"
"Torrance2018_no.csv","word_norwegian","rt_q25"
"Torrance2018_no.csv","word_norwegian","rt_median"
"Torrance2018_no.csv","word_norwegian","rt_q75"
"Torrance2018_no.csv","word_norwegian","mean_interkeypressinterval_mean_"
"Torrance2018_no.csv","word_norwegian","mean_interkeypressinterval_sd"
"Torrance2018_no.csv","word_norwegian","mean_interkeypressinterval_q25"
"Torrance2018_no.csv","word_norwegian","mean_interkeypressinterval_median"
"Torrance2018_no.csv","word_norwegian","mean_interkeypressinterval_q75"
"Torrance2018_no.csv","word_norwegian","rt_commonname_mean"
"Torrance2018_no.csv","word_norwegian","rt_commonname_sd"
"Torrance2018_no.csv","word_norwegian","rt_commonname_q25"
"Torrance2018_no.csv","word_norwegian","rt_commonname_median"
"Torrance2018_no.csv","word_norwegian","rt_commonname_q75"
"Torrance2018_no.csv","word_norwegian","mean_interkeypressintervalcommonname_mean_"
"Torrance2018_no.csv","word_norwegian","mean_interkeypressintervalcommonname_sd"
"Torrance2018_no.csv","word_norwegian","mean_interkeypressintervalcommonname_q25"
"Torrance2018_no.csv","word_norwegian","mean_interkeypressintervalcommonname_median"
"Torrance2018_no.csv","word_norwegian","mean_interkeypressintervalcommonname_q75"
"Torrance2018_no.csv","word_norwegian","alt_names"
"Torrance2018_no.csv","word_norwegian","alt_spells"
"Torrance2018_no.csv","word_norwegian","image_filesize"
"Torrance2018_no.csv","word_norwegian","familiar_mean"
"Torrance2018_no.csv","word_norwegian","complexity_mean"
"Torrance2018_no.csv","word_norwegian","matchimage_mean"
"Torrance2018_no.csv","word_norwegian","length"
"Torrance2018_no.csv","word_norwegian","mc_response_wdlen"
"Torrance2018_pt.csv","word_portuguese","image_number"
"Torrance2018_pt.csv","word_portuguese","mc_response_percent_correct"
"Torrance2018_pt.csv","word_portuguese","mc_name_percent_correct"
"Torrance2018_pt.csv","word_portuguese","name_h"
"Torrance2018_pt.csv","word_portuguese","spell_percent_correct"
"Torrance2018_pt.csv","word_portuguese","spell_h"
"Torrance2018_pt.csv","word_portuguese","proportion_null_response"
"Torrance2018_pt.csv","word_portuguese","rt_mean"
"Torrance2018_pt.csv","word_portuguese","rt_sd"
"Torrance2018_pt.csv","word_portuguese","rt_q25"
"Torrance2018_pt.csv","word_portuguese","rt_median"
"Torrance2018_pt.csv","word_portuguese","rt_q75"
"Torrance2018_pt.csv","word_portuguese","mean_interkeypressinterval_mean_"
"Torrance2018_pt.csv","word_portuguese","mean_interkeypressinterval_sd"
"Torrance2018_pt.csv","word_portuguese","mean_interkeypressinterval_q25"
"Torrance2018_pt.csv","word_portuguese","mean_interkeypressinterval_median"
"Torrance2018_pt.csv","word_portuguese","mean_interkeypressinterval_q75"
"Torrance2018_pt.csv","word_portuguese","rt_commonname_mean"
"Torrance2018_pt.csv","word_portuguese","rt_commonname_sd"
"Torrance2018_pt.csv","word_portuguese","rt_commonname_q25"
"Torrance2018_pt.csv","word_portuguese","rt_commonname_median"
"Torrance2018_pt.csv","word_portuguese","rt_commonname_q75"
"Torrance2018_pt.csv","word_portuguese","mean_interkeypressintervalcommonname_mean_"
"Torrance2018_pt.csv","word_portuguese","mean_interkeypressintervalcommonname_sd"
"Torrance2018_pt.csv","word_portuguese","mean_interkeypressintervalcommonname_q25"
"Torrance2018_pt.csv","word_portuguese","mean_interkeypressintervalcommonname_median"
"Torrance2018_pt.csv","word_portuguese","mean_interkeypressintervalcommonname_q75"
"Torrance2018_pt.csv","word_portuguese","alt_names"
"Torrance2018_pt.csv","word_portuguese","alt_spells"
"Torrance2018_pt.csv","word_portuguese","image_filesize"
"Torrance2018_pt.csv","word_portuguese","familiar_mean"
"Torrance2018_pt.csv","word_portuguese","complexity_mean"
"Torrance2018_pt.csv","word_portuguese","matchimage_mean"
"Torrance2018_pt.csv","word_portuguese","length"
"Torrance2018_pt.csv","word_portuguese","mc_response_wdlen"
"Torrance2018_ru.csv","word_russian","image_number"
"Torrance2018_ru.csv","word_russian","mc_response_percent_correct"
"Torrance2018_ru.csv","word_russian","mc_name_percent_correct"
"Torrance2018_ru.csv","word_russian","name_h"
"Torrance2018_ru.csv","word_russian","spell_percent_correct"
"Torrance2018_ru.csv","word_russian","spell_h"
"Torrance2018_ru.csv","word_russian","proportion_null_response"
"Torrance2018_ru.csv","word_russian","rt_mean"
"Torrance2018_ru.csv","word_russian","rt_sd"
"Torrance2018_ru.csv","word_russian","rt_q25"
"Torrance2018_ru.csv","word_russian","rt_median"
"Torrance2018_ru.csv","word_russian","rt_q75"
"Torrance2018_ru.csv","word_russian","mean_interkeypressinterval_mean_"
"Torrance2018_ru.csv","word_russian","mean_interkeypressinterval_sd"
"Torrance2018_ru.csv","word_russian","mean_interkeypressinterval_q25"
"Torrance2018_ru.csv","word_russian","mean_interkeypressinterval_median"
"Torrance2018_ru.csv","word_russian","mean_interkeypressinterval_q75"
"Torrance2018_ru.csv","word_russian","rt_commonname_mean"
"Torrance2018_ru.csv","word_russian","rt_commonname_sd"
"Torrance2018_ru.csv","word_russian","rt_commonname_q25"
"Torrance2018_ru.csv","word_russian","rt_commonname_median"
"Torrance2018_ru.csv","word_russian","rt_commonname_q75"
"Torrance2018_ru.csv","word_russian","mean_interkeypressintervalcommonname_mean_"
"Torrance2018_ru.csv","word_russian","mean_interkeypressintervalcommonname_sd"
"Torrance2018_ru.csv","word_russian","mean_interkeypressintervalcommonname_q25"
"Torrance2018_ru.csv","word_russian","mean_interkeypressintervalcommonname_median"
"Torrance2018_ru.csv","word_russian","mean_interkeypressintervalcommonname_q75"
"Torrance2018_ru.csv","word_russian","alt_names"
"Torrance2018_ru.csv","word_russian","alt_spells"
"Torrance2018_ru.csv","word_russian","image_filesize"
"Torrance2018_ru.csv","word_russian","familiar_mean"
"Torrance2018_ru.csv","word_russian","complexity_mean"
"Torrance2018_ru.csv","word_russian","matchimage_mean"
"Torrance2018_ru.csv","word_russian","length"
"Torrance2018_ru.csv","word_russian","mc_response_wdlen"
"Torrance2018_sr.csv","word_serbian","image_number"
"Torrance2018_sr.csv","word_serbian","mc_response_percent_correct"
"Torrance2018_sr.csv","word_serbian","mc_name_percent_correct"
"Torrance2018_sr.csv","word_serbian","name_h"
"Torrance2018_sr.csv","word_serbian","spell_percent_correct"
"Torrance2018_sr.csv","word_serbian","spell_h"
"Torrance2018_sr.csv","word_serbian","proportion_null_response"
"Torrance2018_sr.csv","word_serbian","rt_mean"
"Torrance2018_sr.csv","word_serbian","rt_sd"
"Torrance2018_sr.csv","word_serbian","rt_q25"
"Torrance2018_sr.csv","word_serbian","rt_median"
"Torrance2018_sr.csv","word_serbian","rt_q75"
"Torrance2018_sr.csv","word_serbian","mean_interkeypressinterval_mean_"
"Torrance2018_sr.csv","word_serbian","mean_interkeypressinterval_sd"
"Torrance2018_sr.csv","word_serbian","mean_interkeypressinterval_q25"
"Torrance2018_sr.csv","word_serbian","mean_interkeypressinterval_median"
"Torrance2018_sr.csv","word_serbian","mean_interkeypressinterval_q75"
"Torrance2018_sr.csv","word_serbian","rt_commonname_mean"
"Torrance2018_sr.csv","word_serbian","rt_commonname_sd"
"Torrance2018_sr.csv","word_serbian","rt_commonname_q25"
"Torrance2018_sr.csv","word_serbian","rt_commonname_median"
"Torrance2018_sr.csv","word_serbian","rt_commonname_q75"
"Torrance2018_sr.csv","word_serbian","mean_interkeypressintervalcommonname_mean_"
"Torrance2018_sr.csv","word_serbian","mean_interkeypressintervalcommonname_sd"
"Torrance2018_sr.csv","word_serbian","mean_interkeypressintervalcommonname_q25"
"Torrance2018_sr.csv","word_serbian","mean_interkeypressintervalcommonname_median"
"Torrance2018_sr.csv","word_serbian","mean_interkeypressintervalcommonname_q75"
"Torrance2018_sr.csv","word_serbian","alt_names"
"Torrance2018_sr.csv","word_serbian","alt_spells"
"Torrance2018_sr.csv","word_serbian","image_filesize"
"Torrance2018_sr.csv","word_serbian","familiar_mean"
"Torrance2018_sr.csv","word_serbian","complexity_mean"
"Torrance2018_sr.csv","word_serbian","matchimage_mean"
"Torrance2018_sr.csv","word_serbian","length"
"Torrance2018_sr.csv","word_serbian","mc_response_wdlen"
"Tsaparina2011.csv","word_russian","name_agreement_h"
"Tsaparina2011.csv","word_russian","name_agreement_proportion"
"Tsaparina2011.csv","word_russian","image_agreement_mean"
"Tsaparina2011.csv","word_russian","image_agreement_sd"
"Tsaparina2011.csv","word_russian","familiar_mean"
"Tsaparina2011.csv","word_russian","familiar_sd"
"Tsaparina2011.csv","word_russian","aoa_mean"
"Tsaparina2011.csv","word_russian","aoa_sd"
"Tsaparina2011.csv","word_russian","imagine_mean"
"Tsaparina2011.csv","word_russian","imagine_sd"
"Tsaparina2011.csv","word_russian","visual_complexity_mean"
"Tsaparina2011.csv","word_russian","length"
"Tsaparina2011.csv","word_russian","syllables"
"Tsaparina2011.csv","word_russian","phonemes"
"Tsaparina2011.csv","word_russian","frequency_mean"
"Tsaparina2011.csv","word_russian","lexical_code_1_prop"
"Tsaparina2011.csv","word_russian","lexical_code_2_prop"
"Tsaparina2011.csv","word_russian","lexical_code_3_prop"
"Tsaparina2011.csv","word_russian","lexical_code_4_prop"
"Tsaparina2011.csv","word_russian_name","name_agreement_h"
"Tsaparina2011.csv","word_russian_name","name_agreement_proportion"
"Tsaparina2011.csv","word_russian_name","image_agreement_mean"
"Tsaparina2011.csv","word_russian_name","image_agreement_sd"
"Tsaparina2011.csv","word_russian_name","familiar_mean"
"Tsaparina2011.csv","word_russian_name","familiar_sd"
"Tsaparina2011.csv","word_russian_name","aoa_mean"
"Tsaparina2011.csv","word_russian_name","aoa_sd"
"Tsaparina2011.csv","word_russian_name","imagine_mean"
"Tsaparina2011.csv","word_russian_name","imagine_sd"
"Tsaparina2011.csv","word_russian_name","visual_complexity_mean"
"Tsaparina2011.csv","word_russian_name","length"
"Tsaparina2011.csv","word_russian_name","syllables"
"Tsaparina2011.csv","word_russian_name","phonemes"
"Tsaparina2011.csv","word_russian_name","frequency_mean"
"Tsaparina2011.csv","word_russian_name","lexical_code_1_prop"
"Tsaparina2011.csv","word_russian_name","lexical_code_2_prop"
"Tsaparina2011.csv","word_russian_name","lexical_code_3_prop"
"Tsaparina2011.csv","word_russian_name","lexical_code_4_prop"
"Valueva2025.csv","word_russian","pos"
"Valueva2025.csv","word_russian","n"
"Valueva2025.csv","word_russian","valid_n"
"Valueva2025.csv","word_russian","percent_known"
"Valueva2025.csv","word_russian","aoa_mean"
"Valueva2025.csv","word_russian","aoa_sd"
"Valueva2025.csv","word_russian","frequency"
"Valueva2025.csv","word_russian","frequency_zipf"
"Valueva2025.csv","word_russian","concrete_mean_grigoriev2022"
"Valueva2025.csv","word_russian","concrete_soloviev2022_1000"
"Valueva2025.csv","word_russian","concrete_mean_soloviev2022_500"
"Valueva2025.csv","word_russian","imagine_mean_grigoriev2009"
"Valueva2025.csv","word_russian","imagine_mean_tsaparina2011"
"Valueva2025.csv","word_russian","imagine_mean_pashneva2014"
"Valueva2025.csv","word_russian","imagine_mean_akinina2014"
"Valueva2025.csv","word_russian","familiar_mean_tsaparina2011"
"Valueva2025.csv","word_russian","familiar_mean_grigoriev2010"
"Valueva2025.csv","word_russian","familiar_mean_pashneva2014"
"Vo2009.csv","word_german","pos"
"Vo2009.csv","word_german","valence_mean"
"Vo2009.csv","word_german","valence_sd"
"Vo2009.csv","word_german","arousal_mean"
"Vo2009.csv","word_german","arousal_sd"
"Vo2009.csv","word_german","imagine_mean"
"Vo2009.csv","word_german","imagine_sd"
"Vo2009.csv","word_german","length"
"Vo2009.csv","word_german","phonemes"
"Vo2009.csv","word_german","syllables"
"Vo2009.csv","word_german","frequency_1mil"
"Vo2009.csv","word_german","n"
"Vo2009.csv","word_german","fn"
"Vo2009.csv","word_german","hfn"
"Vo2009.csv","word_german","fhfn"
"Vo2009.csv","word_german","bigmean_token"
"Vo2009.csv","word_german","account"
"Walker1970.csv","word_english","imagine_mean"
"Walker1970.csv","word_english","imagine_sd"
"Walker1970.csv","word_english","source"
"Walley1992.csv","word_english","os_mp"
"Walley1992.csv","word_english","category"
"Walley1992.csv","word_english","aoa_adult_mean"
"Walley1992.csv","word_english","aoa_adult_sd"
"Walley1992.csv","word_english","aoa_older_mean"
"Walley1992.csv","word_english","aoa_older_sd"
"Walley1992.csv","word_english","aoa_young_mean"
"Walley1992.csv","word_english","aoa_young_sd"
"Walley1992.csv","word_english","imagine_mean"
"Walley1992.csv","word_english","imagine_sd"
"Walley1992.csv","word_english","frequency_kol"
"Walley1992.csv","word_english","frequency_kf"
"Warriner2013.csv","word_english","valence_mean"
"Warriner2013.csv","word_english","valence_sd"
"Warriner2013.csv","word_english","valence_n"
"Warriner2013.csv","word_english","arousal_mean"
"Warriner2013.csv","word_english","arousal_sd"
"Warriner2013.csv","word_english","arousal_n"
"Warriner2013.csv","word_english","dominance_mean"
"Warriner2013.csv","word_english","dominance_sd"
"Warriner2013.csv","word_english","dominance_n"
"Warriner2013.csv","word_english","valence_mean_male"
"Warriner2013.csv","word_english","valence_sd_male"
"Warriner2013.csv","word_english","valence_n_male"
"Warriner2013.csv","word_english","valence_mean_female"
"Warriner2013.csv","word_english","valence_sd_female"
"Warriner2013.csv","word_english","valence_n_female"
"Warriner2013.csv","word_english","arousal_mean_male"
"Warriner2013.csv","word_english","arousal_sd_male"
"Warriner2013.csv","word_english","arousal_n_male"
"Warriner2013.csv","word_english","arousal_mean_female"
"Warriner2013.csv","word_english","arousal_sd_female"
"Warriner2013.csv","word_english","arousal_n_female"
"Warriner2013.csv","word_english","dominance_mean_male"
"Warriner2013.csv","word_english","dominance_sd_male"
"Warriner2013.csv","word_english","dominance_n_male"
"Warriner2013.csv","word_english","dominance_mean_female"
"Warriner2013.csv","word_english","dominance_sd_female"
"Warriner2013.csv","word_english","dominance_n_female"
"Warriner2013.csv","word_english","valence_mean_young"
"Warriner2013.csv","word_english","valence_sd_young"
"Warriner2013.csv","word_english","valence_n_young"
"Warriner2013.csv","word_english","valence_mean_old"
"Warriner2013.csv","word_english","valence_sd_old"
"Warriner2013.csv","word_english","valence_n_old"
"Warriner2013.csv","word_english","arousal_mean_young"
"Warriner2013.csv","word_english","arousal_sd_young"
"Warriner2013.csv","word_english","arousal_n_young"
"Warriner2013.csv","word_english","arousal_mean_old"
"Warriner2013.csv","word_english","arousal_sd_old"
"Warriner2013.csv","word_english","arousal_n_old"
"Warriner2013.csv","word_english","dominance_mean_young"
"Warriner2013.csv","word_english","dominance_sd_young"
"Warriner2013.csv","word_english","dominance_n_young"
"Warriner2013.csv","word_english","dominance_mean_old"
"Warriner2013.csv","word_english","dominance_sd_old"
"Warriner2013.csv","word_english","dominance_n_old"
"Warriner2013.csv","word_english","valence_mean_low_education"
"Warriner2013.csv","word_english","valence_sd_low_education"
"Warriner2013.csv","word_english","valence_n_low_education"
"Warriner2013.csv","word_english","valence_mean_high_education"
"Warriner2013.csv","word_english","valence_sd_high_education"
"Warriner2013.csv","word_english","valence_n_high_education"
"Warriner2013.csv","word_english","arousal_mean_low_education"
"Warriner2013.csv","word_english","arousal_sd_low_education"
"Warriner2013.csv","word_english","arousal_n_low_education"
"Warriner2013.csv","word_english","arousal_mean_high_education"
"Warriner2013.csv","word_english","arousal_sd_high_education"
"Warriner2013.csv","word_english","arousal_n_high_education"
"Warriner2013.csv","word_english","dominance_mean_low_education"
"Warriner2013.csv","word_english","dominance_sd_low_education"
"Warriner2013.csv","word_english","dominance_n_low_education"
"Warriner2013.csv","word_english","dominance_mean_high_education"
"Warriner2013.csv","word_english","dominance_sd_high_education"
"Warriner2013.csv","word_english","dominance_n_high_education"
"Weekes2007.csv","word_chinese_pinyin","syllables"
"Weekes2007.csv","word_chinese_pinyin","name_agreement_h_mean"
"Weekes2007.csv","word_chinese_pinyin","name_agreement_proportion"
"Weekes2007.csv","word_chinese_pinyin","concept_agreement_percent"
"Weekes2007.csv","word_chinese_pinyin","familiar_mean"
"Weekes2007.csv","word_chinese_pinyin","imagine_mean"
"Weekes2007.csv","word_chinese_pinyin","visual_complexity_mean"
"Weekes2007.csv","word_chinese_pinyin","aoa_mean_subjective"
"Weekes2007.csv","word_chinese_pinyin","frequency"
"Weekes2007.csv","word_chinese_pinyin","rt_mean_exp1"
"Weekes2007.csv","word_chinese_pinyin","rt_mean_exp2"
"Weekes2007.csv","word_chinese_pinyin","alt"
"Weekes2007.csv","word_chinese_simplified","syllables"
"Weekes2007.csv","word_chinese_simplified","name_agreement_h_mean"
"Weekes2007.csv","word_chinese_simplified","name_agreement_proportion"
"Weekes2007.csv","word_chinese_simplified","concept_agreement_percent"
"Weekes2007.csv","word_chinese_simplified","familiar_mean"
"Weekes2007.csv","word_chinese_simplified","imagine_mean"
"Weekes2007.csv","word_chinese_simplified","visual_complexity_mean"
"Weekes2007.csv","word_chinese_simplified","aoa_mean_subjective"
"Weekes2007.csv","word_chinese_simplified","frequency"
"Weekes2007.csv","word_chinese_simplified","rt_mean_exp1"
"Weekes2007.csv","word_chinese_simplified","rt_mean_exp2"
"Weekes2007.csv","word_chinese_simplified","alt"
"Whalen1994.csv","word_english","name_rank"
"Whalen1994.csv","word_english","familiar_mean_name"
"Whalen1994.csv","word_english","familiar_sd_name"
"Whalen1994.csv","word_english","familiar_mean"
"Whalen1994.csv","word_english","familiar_sd"
"Whalen1994.csv","word_rank","name_rank"
"Whalen1994.csv","word_rank","familiar_mean_name"
"Whalen1994.csv","word_rank","familiar_sd_name"
"Whalen1994.csv","word_rank","familiar_mean"
"Whalen1994.csv","word_rank","familiar_sd"
"Wolna2023.csv","word_polish_target","sheet"
"Wolna2023.csv","word_polish_target","picture_file_name"
"Wolna2023.csv","word_polish_target","rt_mean"
"Wolna2023.csv","word_polish_target","rt_sd"
"Wolna2023.csv","word_polish_target","number_types"
"Wolna2023.csv","word_polish_target","max"
"Wolna2023.csv","word_polish_target","n"
"Wolna2023.csv","word_polish_target","h"
"Wolna2023.csv","word_polish_target","h_norm"
"Wolna2023.csv","word_polish_target","name_agreement_percent"
"Wolna2023.csv","word_polish_target","aoa_mean"
"Wolna2023.csv","word_polish_target","frequency_lemma"
"Wolna2023.csv","word_polish_target","frequency_lemma_log"
"Wolna2023.csv","word_polish_target","complexity_index_n"
"Wolna2023.csv","word_polish_target","complexity_index"
"Wolna2023.csv","word_polish_target","imagine_mean"
"Wolna2023.csv","word_polish_target","goodness_depiction"
"Wolna2023.csv","word_polish_target","image_agreement_mean"
"Wolna2023.csv","word_polish_target","familiarity_image_mean"
"Wolna2023.csv","word_polish_answer","sheet"
"Wolna2023.csv","word_polish_answer","picture_file_name"
"Wolna2023.csv","word_polish_answer","rt_mean"
"Wolna2023.csv","word_polish_answer","rt_sd"
"Wolna2023.csv","word_polish_answer","number_types"
"Wolna2023.csv","word_polish_answer","max"
"Wolna2023.csv","word_polish_answer","n"
"Wolna2023.csv","word_polish_answer","h"
"Wolna2023.csv","word_polish_answer","h_norm"
"Wolna2023.csv","word_polish_answer","name_agreement_percent"
"Wolna2023.csv","word_polish_answer","aoa_mean"
"Wolna2023.csv","word_polish_answer","frequency_lemma"
"Wolna2023.csv","word_polish_answer","frequency_lemma_log"
"Wolna2023.csv","word_polish_answer","complexity_index_n"
"Wolna2023.csv","word_polish_answer","complexity_index"
"Wolna2023.csv","word_polish_answer","imagine_mean"
"Wolna2023.csv","word_polish_answer","goodness_depiction"
"Wolna2023.csv","word_polish_answer","image_agreement_mean"
"Wolna2023.csv","word_polish_answer","familiarity_image_mean"
"Xu2021.csv","word_chinese_simplified","aoa_mean"
"Xu2021.csv","word_chinese_simplified","aoa_sd"
"Xu2021.csv","word_chinese_simplified","ratings_n"
"Xu2021.csv","word_chinese_simplified","percent_male"
"Xu2021.csv","word_chinese_simplified","percent_female"
"Xu2021.csv","word_chinese_simplified","age_maximum"
"Xu2021.csv","word_chinese_simplified","age_minimum"
"Xu2021.csv","word_chinese_simplified","education_maximum"
"Xu2021.csv","word_chinese_simplified","education_minimum"
"Yao2017.csv","word_chinese_simplified","valence_mean"
"Yao2017.csv","word_chinese_simplified","valence_sd"
"Yao2017.csv","word_chinese_simplified","arousal_mean"
"Yao2017.csv","word_chinese_simplified","arousal_sd"
"Yao2017.csv","word_chinese_simplified","concrete_mean"
"Yao2017.csv","word_chinese_simplified","concrete_sd"
"Yao2017.csv","word_chinese_simplified","familiar_mean"
"Yao2017.csv","word_chinese_simplified","familiar_sd"
"Yao2017.csv","word_chinese_simplified","imagine_mean"
"Yao2017.csv","word_chinese_simplified","imagine_sd"
"Yao2017.csv","word_chinese_simplified","avaliability_mean"
"Yao2017.csv","word_chinese_simplified","avaliability_sd"
"Yao2017.csv","word_chinese_simplified","rt_mean"
"Yao2017.csv","word_chinese_simplified","rt_sd"
"Yao2017.csv","word_chinese_simplified","accuracy_mean"
"Yao2017.csv","word_chinese_simplified","accuracy_sd"
"Yee2017.csv","word_chinese_simplified","valence_mean"
"Yee2017.csv","word_chinese_simplified","valence_sd"
"Yee2017.csv","word_chinese_simplified","arousal_mean"
"Yee2017.csv","word_chinese_simplified","arousal_sd"
"Yee2017.csv","word_chinese_simplified","familiar_mean"
"Yee2017.csv","word_chinese_simplified","familiar_sd"
"Yee2017.csv","word_chinese_simplified","concrete_mean"
"Yee2017.csv","word_chinese_simplified","concrete_sd"
"Yee2017.csv","word_chinese_simplified","imagine_mean"
"Yee2017.csv","word_chinese_simplified","imagine_sd"
"Yee2017.csv","word_chinese_simplified","frequency_words_per_million"
"Yee2017.csv","word_chinese_simplified","frequency_log"
"Yee2017.csv","word_chinese_simplified","frequency_zipf"
"Yee2017.csv","word_chinese_simplified","strokes_1st_character_n"
"Yee2017.csv","word_chinese_simplified","strokes_2nd_character_n"
"Yee2017.csv","word_chinese_simplified","strokes_total_n"
"Yoon2004.csv","word_english","picture_number"
"Yoon2004.csv","word_english","equivalence"
"Yoon2004.csv","word_english","culture"
"Yoon2004.csv","word_english","age"
"Yoon2004.csv","word_english","n"
"Yoon2004.csv","word_english","familiar_mean"
"Yoon2004.csv","word_english","familiar_sd"
"Yoon2004.csv","word_english","name_agreement_h"
"Yoon2004.csv","word_english","name_agreement_proportion"
"Yoon2004.csv","word_english","concept_agreement_percent"
"Yoon2004.csv","word_english","name_responses_and_raw_frequency_counts"
