task,item,recorded_responses,list_open,expected_responses,still_needed
aoa,dvd,29,FALSE,35,TRUE
aoa,НЛО,30,FALSE,35,TRUE
aoa,абсолютно,30,TRUE,35,TRUE
aoa,абсурдний,34,FALSE,35,TRUE
aoa,аварія,35,FALSE,35,FALSE
aoa,автобус,33,FALSE,35,TRUE
aoa,автограф,32,FALSE,35,TRUE
aoa,автор,55,TRUE,35,FALSE
aoa,агент,33,FALSE,35,TRUE
aoa,агентство,34,FALSE,35,TRUE
aoa,адміністративний,46,TRUE,35,FALSE
aoa,адміністрація,38,FALSE,35,FALSE
aoa,адреналін,35,FALSE,35,FALSE
aoa,адреса,47,TRUE,35,FALSE
aoa,аеропорт,29,TRUE,35,TRUE
aoa,азартні ігри,28,FALSE,35,TRUE
aoa,акт,28,FALSE,35,TRUE
aoa,активний,32,FALSE,35,TRUE
aoa,активувати,53,TRUE,35,FALSE
aoa,актор,27,FALSE,35,TRUE
aoa,акула,35,FALSE,35,FALSE
aoa,акцент,29,FALSE,35,TRUE
aoa,алея,34,FALSE,35,TRUE
aoa,алкоголь,33,FALSE,35,TRUE
aoa,алмаз,34,FALSE,35,TRUE
aoa,альбом,28,FALSE,35,TRUE
aoa,альфа,35,FALSE,35,FALSE
aoa,алібі,32,FALSE,35,TRUE
aoa,аматорський,32,FALSE,35,TRUE
aoa,америка,28,FALSE,35,TRUE
aoa,аналогічний,30,FALSE,35,TRUE
aoa,аналіз,33,FALSE,35,TRUE
aoa,аналітик,32,FALSE,35,TRUE
aoa,анархія,28,FALSE,35,TRUE
aoa,анатомія,28,FALSE,35,TRUE
aoa,ангел,34,FALSE,35,TRUE
aoa,англійська мова,32,FALSE,35,TRUE
aoa,анонімний,33,FALSE,35,TRUE
aoa,антидот,34,FALSE,35,TRUE
aoa,апетитний,32,FALSE,35,TRUE
aoa,арена,54,TRUE,35,FALSE
aoa,арешт,32,FALSE,35,TRUE
aoa,армія,38,FALSE,35,FALSE
aoa,арсенал,33,FALSE,35,TRUE
aoa,артерія,48,TRUE,35,FALSE
aoa,артефакт,29,FALSE,35,TRUE
aoa,артилерія,28,FALSE,35,TRUE
aoa,архітектор,34,FALSE,35,TRUE
aoa,аспірин,46,TRUE,35,FALSE
aoa,астронавт,23,FALSE,35,TRUE
aoa,атакувати,31,FALSE,35,TRUE
aoa,атлантичний,29,TRUE,35,TRUE
aoa,атмосфера,38,FALSE,35,FALSE
aoa,атомний,35,FALSE,35,FALSE
aoa,аудиторія,31,TRUE,35,TRUE
aoa,аукціон,33,FALSE,35,TRUE
aoa,аутопсія,38,FALSE,35,FALSE
aoa,африка,33,FALSE,35,TRUE
aoa,бабуся,34,FALSE,35,TRUE
aoa,бавовна,33,FALSE,35,TRUE
aoa,багатий,35,FALSE,35,FALSE
aoa,багатство,39,FALSE,35,FALSE
aoa,бажання,29,FALSE,35,TRUE
aoa,база,36,FALSE,35,FALSE
aoa,базовий,28,FALSE,35,TRUE
aoa,баланс,31,TRUE,35,TRUE
aoa,банан,32,FALSE,35,TRUE
aoa,банда,34,FALSE,35,TRUE
aoa,банківський,29,TRUE,35,TRUE
aoa,банкір,31,FALSE,35,TRUE
aoa,бар,33,FALSE,35,TRUE
aoa,барон,35,FALSE,35,FALSE
aoa,баскетбол,39,FALSE,35,FALSE
aoa,батальйон,33,FALSE,35,TRUE
aoa,батько,36,FALSE,35,FALSE
aoa,бачення,30,FALSE,35,TRUE
aoa,башта,48,TRUE,35,FALSE
aoa,бджола,27,FALSE,35,TRUE
aoa,безвідповідальний,32,FALSE,35,TRUE
aoa,безкорисливий,29,FALSE,35,TRUE
aoa,безпека,28,FALSE,35,TRUE
aoa,безпечний,28,FALSE,35,TRUE
aoa,безпорадний,36,FALSE,35,FALSE
aoa,безпосередньо,27,FALSE,35,TRUE
aoa,безсилий,34,FALSE,35,TRUE
aoa,безцінний,28,FALSE,35,TRUE
aoa,бейсбол,30,TRUE,35,TRUE
aoa,бекон,35,FALSE,35,FALSE
aoa,бетмен,29,FALSE,35,TRUE
aoa,бетон,33,FALSE,35,TRUE
aoa,битва,34,FALSE,35,TRUE
aoa,благодійність,35,FALSE,35,FALSE
aoa,благородний,28,FALSE,35,TRUE
aoa,близький,36,FALSE,35,FALSE
aoa,близько,30,FALSE,35,TRUE
aoa,блиск,31,FALSE,35,TRUE
aoa,блискавка,41,FALSE,35,FALSE
aoa,бог,34,FALSE,35,TRUE
aoa,боже,30,FALSE,35,TRUE
aoa,божевілля,28,TRUE,35,TRUE
aoa,божевільний,35,FALSE,35,FALSE
aoa,божественний,46,TRUE,35,FALSE
aoa,бойовий,47,TRUE,35,FALSE
aoa,бомба,41,FALSE,35,FALSE
aoa,бонус,36,FALSE,35,FALSE
aoa,борг,33,FALSE,35,TRUE
aoa,борода,30,FALSE,35,TRUE
aoa,боронити,46,TRUE,35,FALSE
aoa,боротися,35,FALSE,35,FALSE
aoa,борошно,38,FALSE,35,FALSE
aoa,бос,35,FALSE,35,FALSE
aoa,бостон,52,TRUE,35,FALSE
aoa,браво,29,TRUE,35,TRUE
aoa,брат,34,FALSE,35,TRUE
aoa,брехня,28,FALSE,35,TRUE
aoa,брехун,33,FALSE,35,TRUE
aoa,броня,34,FALSE,35,TRUE
aoa,бруд,32,FALSE,35,TRUE
aoa,брудний,28,FALSE,35,TRUE
aoa,брудь,29,FALSE,35,TRUE
aoa,брутальний,34,FALSE,35,TRUE
aoa,будинок,35,FALSE,35,FALSE
aoa,будувати,32,FALSE,35,TRUE
aoa,будівельний,33,FALSE,35,TRUE
aoa,будівля,29,TRUE,35,TRUE
aoa,буква,34,FALSE,35,TRUE
aoa,буквально,48,TRUE,35,FALSE
aoa,бутерброд,28,FALSE,35,TRUE
aoa,бюджет,39,FALSE,35,FALSE
aoa,бібліотека,34,FALSE,35,TRUE
aoa,біблія,30,FALSE,35,TRUE
aoa,бігти,28,FALSE,35,TRUE
aoa,бідний,40,FALSE,35,FALSE
aoa,бідність,52,TRUE,35,FALSE
aoa,біженець,38,FALSE,35,FALSE
aoa,біженця,30,FALSE,35,TRUE
aoa,бізнес,34,FALSE,35,TRUE
aoa,бій,29,FALSE,35,TRUE
aoa,білий,41,FALSE,35,FALSE
aoa,білка,40,FALSE,35,FALSE
aoa,білок,47,TRUE,35,FALSE
aoa,біль,34,FALSE,35,TRUE
aoa,більше,32,FALSE,35,TRUE
aoa,більшість,48,TRUE,35,FALSE
aoa,біологічний,39,FALSE,35,FALSE
aoa,біологія,48,TRUE,35,FALSE
aoa,в'язниця,34,FALSE,35,TRUE
aoa,вага,44,TRUE,35,FALSE
aoa,вагіна,24,FALSE,35,TRUE
aoa,вагітність,47,TRUE,35,FALSE
aoa,важкий,38,FALSE,35,FALSE
aoa,важливий,34,FALSE,35,TRUE
aoa,важливість,32,TRUE,35,TRUE
aoa,вакцина,35,FALSE,35,FALSE
aoa,валіза,28,TRUE,35,TRUE
aoa,вампір,33,FALSE,35,TRUE
aoa,ванна кімната,35,FALSE,35,FALSE
aoa,вантаж,29,TRUE,35,TRUE
aoa,вантажівка,34,FALSE,35,TRUE
aoa,ваніль,47,TRUE,35,FALSE
aoa,вартість,53,TRUE,35,FALSE
aoa,ватсон,34,FALSE,35,TRUE
aoa,ваше високість,28,FALSE,35,TRUE
aoa,вашингтон,35,FALSE,35,FALSE
aoa,вбивство,34,FALSE,35,TRUE
aoa,вбивця,27,FALSE,35,TRUE
aoa,вводити,28,TRUE,35,TRUE
aoa,ввічливий,55,TRUE,35,FALSE
aoa,вгору,27,FALSE,35,TRUE
aoa,вдова,35,FALSE,35,FALSE
aoa,вдячний,31,TRUE,35,TRUE
aoa,вдячність,29,FALSE,35,TRUE
aoa,ведмедь,28,FALSE,35,TRUE
aoa,ведмідь,30,TRUE,35,TRUE
aoa,великий,30,TRUE,35,TRUE
aoa,великий палець,33,FALSE,35,TRUE
aoa,величезний,28,FALSE,35,TRUE
aoa,величність,33,FALSE,35,TRUE
aoa,вена,30,FALSE,35,TRUE
aoa,венера,34,FALSE,35,TRUE
aoa,вентиляція,37,FALSE,35,FALSE
aoa,вересень,32,FALSE,35,TRUE
aoa,вертоліт,38,FALSE,35,FALSE
aoa,верхній,36,FALSE,35,FALSE
aoa,вершина,36,FALSE,35,FALSE
aoa,весна,27,FALSE,35,TRUE
aoa,весілля,28,FALSE,35,TRUE
aoa,вечір,35,FALSE,35,FALSE
aoa,вже,29,FALSE,35,TRUE
aoa,взуття,35,FALSE,35,FALSE
aoa,вибирати,32,FALSE,35,TRUE
aoa,виборець,36,FALSE,35,FALSE
aoa,вибори,39,FALSE,35,FALSE
aoa,виборця,25,FALSE,35,TRUE
aoa,вибух,32,TRUE,35,TRUE
aoa,вибухнути,38,FALSE,35,FALSE
aoa,вибуховий,34,FALSE,35,TRUE
aoa,вибір,32,FALSE,35,TRUE
aoa,вивчати,45,TRUE,35,FALSE
aoa,вивчення,34,FALSE,35,TRUE
aoa,вигнати,32,TRUE,35,TRUE
aoa,виграти,32,FALSE,35,TRUE
aoa,видалити,29,TRUE,35,TRUE
aoa,вижити,30,TRUE,35,TRUE
aoa,визнавати,29,TRUE,35,TRUE
aoa,визначення,32,FALSE,35,TRUE
aoa,викладач,30,FALSE,35,TRUE
aoa,виклик,33,FALSE,35,TRUE
aoa,виконання,29,FALSE,35,TRUE
aoa,використання,28,FALSE,35,TRUE
aoa,викрадати,34,FALSE,35,TRUE
aoa,викрадач,46,TRUE,35,FALSE
aoa,викуп,39,FALSE,35,FALSE
aoa,вилка,34,FALSE,35,TRUE
aoa,виловити,31,FALSE,35,TRUE
aoa,виникнути,33,FALSE,35,TRUE
aoa,винищувач,33,FALSE,35,TRUE
aoa,винний,25,FALSE,35,TRUE
aoa,винним,35,FALSE,35,FALSE
aoa,вино,29,FALSE,35,TRUE
aoa,виноробство,34,FALSE,35,TRUE
aoa,винятковий,32,FALSE,35,TRUE
aoa,випадково,36,FALSE,35,FALSE
aoa,виправдання,29,FALSE,35,TRUE
aoa,виправляти,33,FALSE,35,TRUE
aoa,випромінювання,39,FALSE,35,FALSE
aoa,випускник,54,TRUE,35,FALSE
aoa,виробляти,34,FALSE,35,TRUE
aoa,виробник,33,FALSE,35,TRUE
aoa,виробництво,28,FALSE,35,TRUE
aoa,висловлювати,34,FALSE,35,TRUE
aoa,висновок,28,TRUE,35,TRUE
aoa,високий,28,FALSE,35,TRUE
aoa,високість,34,FALSE,35,TRUE
aoa,висота,30,FALSE,35,TRUE
aoa,виставка,36,FALSE,35,FALSE
aoa,виступ,34,FALSE,35,TRUE
aoa,висячий,40,FALSE,35,FALSE
aoa,витратити,25,FALSE,35,TRUE
aoa,витрачати,31,FALSE,35,TRUE
aoa,вихід,28,FALSE,35,TRUE
aoa,вказувати,52,TRUE,35,FALSE
aoa,влада,27,FALSE,35,TRUE
aoa,власник,28,FALSE,35,TRUE
aoa,внизу,30,TRUE,35,TRUE
aoa,внутрішній,29,FALSE,35,TRUE
aoa,вовк,34,FALSE,35,TRUE
aoa,вогонь,29,FALSE,35,TRUE
aoa,водити,39,FALSE,35,FALSE
aoa,водневий,29,FALSE,35,TRUE
aoa,водій,36,FALSE,35,FALSE
aoa,волонтер,32,FALSE,35,TRUE
aoa,волосся,47,TRUE,35,FALSE
aoa,ворог,33,FALSE,35,TRUE
aoa,ворота,33,FALSE,35,TRUE
aoa,воїн,29,FALSE,35,TRUE
aoa,вплив,55,TRUE,35,FALSE
aoa,вправа,34,FALSE,35,TRUE
aoa,вражати,32,FALSE,35,TRUE
aoa,вражаючий,34,FALSE,35,TRUE
aoa,враження,34,FALSE,35,TRUE
aoa,всередині,29,FALSE,35,TRUE
aoa,всесвіт,34,FALSE,35,TRUE
aoa,вставляти,28,FALSE,35,TRUE
aoa,втекти,24,FALSE,35,TRUE
aoa,втеча,55,TRUE,35,FALSE
aoa,втомився,24,FALSE,35,TRUE
aoa,втомлений,27,TRUE,35,TRUE
aoa,вторгнення,52,TRUE,35,FALSE
aoa,вторинний,31,FALSE,35,TRUE
aoa,втікач,34,FALSE,35,TRUE
aoa,вугілля,31,FALSE,35,TRUE
aoa,вузький,52,TRUE,35,FALSE
aoa,вулиця,34,FALSE,35,TRUE
aoa,вухо,48,TRUE,35,FALSE
aoa,вхід,25,FALSE,35,TRUE
aoa,вчений,33,FALSE,35,TRUE
aoa,вчитель,24,FALSE,35,TRUE
aoa,вчора,28,FALSE,35,TRUE
aoa,вівторок,33,FALSE,35,TRUE
aoa,від'їзд,33,FALSE,35,TRUE
aoa,відбиток,30,TRUE,35,TRUE
aoa,відбиток пальця,30,TRUE,35,TRUE
aoa,відданість,47,TRUE,35,FALSE
aoa,віддаю перевагу,28,FALSE,35,TRUE
aoa,відділ,34,FALSE,35,TRUE
aoa,відеоролик,39,FALSE,35,FALSE
aoa,відкриття,32,FALSE,35,TRUE
aoa,відмовляти,31,FALSE,35,TRUE
aoa,відмовлятися,36,FALSE,35,FALSE
aoa,відмінний,30,TRUE,35,TRUE
aoa,відновлювати,31,FALSE,35,TRUE
aoa,відносини,34,FALSE,35,TRUE
aoa,відносна,27,FALSE,35,TRUE
aoa,відносний,35,FALSE,35,FALSE
aoa,відомий,29,FALSE,35,TRUE
aoa,відповідальність,33,FALSE,35,TRUE
aoa,відповідати,38,FALSE,35,FALSE
aoa,відпочинок,29,FALSE,35,TRUE
aoa,відправити,25,FALSE,35,TRUE
aoa,відставка,35,FALSE,35,FALSE
aoa,відстань,28,FALSE,35,TRUE
aoa,відсутність,30,FALSE,35,TRUE
aoa,відходи,48,TRUE,35,FALSE
aoa,відчинено,33,FALSE,35,TRUE
aoa,відчуття,26,FALSE,35,TRUE
aoa,відьма,35,FALSE,35,FALSE
aoa,відїзд,29,FALSE,35,TRUE
aoa,війна,29,FALSE,35,TRUE
aoa,військовий,32,FALSE,35,TRUE
aoa,вікно,33,FALSE,35,TRUE
aoa,віл,32,FALSE,35,TRUE
aoa,вільний,34,FALSE,35,TRUE
aoa,вільно,29,FALSE,35,TRUE
aoa,віра,46,TRUE,35,FALSE
aoa,вірити,32,FALSE,35,TRUE
aoa,вірний,36,FALSE,35,FALSE
aoa,вірність,28,FALSE,35,TRUE
aoa,вірогідність,37,FALSE,35,FALSE
aoa,вірулентний,24,FALSE,35,TRUE
aoa,вірус,31,TRUE,35,TRUE
aoa,віскі,33,FALSE,35,TRUE
aoa,вітамін,34,FALSE,35,TRUE
aoa,вітати,46,TRUE,35,FALSE
aoa,вітаю,28,FALSE,35,TRUE
aoa,вітер,35,FALSE,35,FALSE
aoa,вітрило,51,TRUE,35,FALSE
aoa,вічний,36,FALSE,35,FALSE
aoa,гавань,34,FALSE,35,TRUE
aoa,газ,34,FALSE,35,TRUE
aoa,газета,32,FALSE,35,TRUE
aoa,галактика,36,FALSE,35,FALSE
aoa,галерея,35,FALSE,35,FALSE
aoa,галузь,33,FALSE,35,TRUE
aoa,галюкування,35,FALSE,35,FALSE
aoa,галюцинації,24,FALSE,35,TRUE
aoa,гаманець,32,FALSE,35,TRUE
aoa,гамбургер,34,FALSE,35,TRUE
aoa,гараж,34,FALSE,35,TRUE
aoa,гаразд,30,FALSE,35,TRUE
aoa,гарантія,33,FALSE,35,TRUE
aoa,гармонія,30,FALSE,35,TRUE
aoa,гарний,35,FALSE,35,FALSE
aoa,гарячий,31,TRUE,35,TRUE
aoa,гвинтівка,39,FALSE,35,FALSE
aoa,гей,33,FALSE,35,TRUE
aoa,генератор,35,FALSE,35,FALSE
aoa,геніальний,34,FALSE,35,TRUE
aoa,герой,49,TRUE,35,FALSE
aoa,героїн,29,FALSE,35,TRUE
aoa,глобальний,28,FALSE,35,TRUE
aoa,глухий,32,FALSE,35,TRUE
aoa,гнів,28,FALSE,35,TRUE
aoa,гніздо,28,FALSE,35,TRUE
aoa,годувати,29,FALSE,35,TRUE
aoa,голий,33,FALSE,35,TRUE
aoa,голка,27,FALSE,35,TRUE
aoa,голод,36,FALSE,35,FALSE
aoa,голодний,44,TRUE,35,FALSE
aoa,голос,31,TRUE,35,TRUE
aoa,голосувати,36,FALSE,35,FALSE
aoa,гольф,35,FALSE,35,FALSE
aoa,гонка,39,FALSE,35,FALSE
aoa,гора,27,FALSE,35,TRUE
aoa,гордий,33,FALSE,35,TRUE
aoa,гордість,33,FALSE,35,TRUE
aoa,горила,31,FALSE,35,TRUE
aoa,горилла,28,FALSE,35,TRUE
aoa,горло,48,TRUE,35,FALSE
aoa,гормон,32,FALSE,35,TRUE
aoa,горілка,51,TRUE,35,FALSE
aoa,господи,27,FALSE,35,TRUE
aoa,господиня,36,FALSE,35,FALSE
aoa,гостинність,29,FALSE,35,TRUE
aoa,готель,31,FALSE,35,TRUE
aoa,готовий,26,TRUE,35,TRUE
aoa,готувати,34,FALSE,35,TRUE
aoa,готівка,35,FALSE,35,FALSE
aoa,гра,54,TRUE,35,FALSE
aoa,грабувати,34,FALSE,35,TRUE
aoa,гравець,27,FALSE,35,TRUE
aoa,гральний,35,FALSE,35,FALSE
aoa,грам,29,FALSE,35,TRUE
aoa,гран,30,FALSE,35,TRUE
aoa,грати,35,FALSE,35,FALSE
aoa,графиня,35,FALSE,35,FALSE
aoa,грецький,37,FALSE,35,FALSE
aoa,грип,32,FALSE,35,TRUE
aoa,гроші,28,FALSE,35,TRUE
aoa,грудень,29,FALSE,35,TRUE
aoa,груди,36,FALSE,35,FALSE
aoa,група,54,TRUE,35,FALSE
aoa,грім,40,FALSE,35,FALSE
aoa,гріх,46,TRUE,35,FALSE
aoa,губа,32,FALSE,35,TRUE
aoa,губернатор,33,FALSE,35,TRUE
aoa,гусак,27,FALSE,35,TRUE
aoa,гідний,32,FALSE,35,TRUE
aoa,гідність,33,FALSE,35,TRUE
aoa,гітара,51,TRUE,35,FALSE
aoa,давати,33,FALSE,35,TRUE
aoa,далеко,35,FALSE,35,FALSE
aoa,дані,36,FALSE,35,FALSE
aoa,дар,32,FALSE,35,TRUE
aoa,дати,24,FALSE,35,TRUE
aoa,датчик,33,FALSE,35,TRUE
aoa,два,31,TRUE,35,TRUE
aoa,двері,34,FALSE,35,TRUE
aoa,двигун,33,FALSE,35,TRUE
aoa,двійник,33,FALSE,35,TRUE
aoa,декан,38,FALSE,35,FALSE
aoa,делікатний,36,FALSE,35,FALSE
aoa,демократія,51,TRUE,35,FALSE
aoa,демонстрація,33,FALSE,35,TRUE
aoa,день народження,30,FALSE,35,TRUE
aoa,депресія,34,FALSE,35,TRUE
aoa,дерева,34,FALSE,35,TRUE
aoa,дерево,24,FALSE,35,TRUE
aoa,держава,37,FALSE,35,FALSE
aoa,десерт,29,TRUE,35,TRUE
aoa,десь,29,FALSE,35,TRUE
aoa,десятиліття,28,FALSE,35,TRUE
aoa,детектив,38,FALSE,35,FALSE
aoa,детермінація,31,TRUE,35,TRUE
aoa,детонатор,37,FALSE,35,FALSE
aoa,дешевий,40,FALSE,35,FALSE
aoa,деінде,29,FALSE,35,TRUE
aoa,джаз,29,FALSE,35,TRUE
aoa,джерело,30,TRUE,35,TRUE
aoa,джип,34,FALSE,35,TRUE
aoa,джульєтта,36,FALSE,35,FALSE
aoa,джунглі,34,FALSE,35,TRUE
aoa,дзеркало,31,FALSE,35,TRUE
aoa,диван,32,FALSE,35,TRUE
aoa,дивитися,37,FALSE,35,FALSE
aoa,дивний,32,FALSE,35,TRUE
aoa,дивовижний,28,TRUE,35,TRUE
aoa,дивовижно,22,FALSE,35,TRUE
aoa,дим,53,TRUE,35,FALSE
aoa,динаміт,29,TRUE,35,TRUE
aoa,династія,30,TRUE,35,TRUE
aoa,диплом,33,FALSE,35,TRUE
aoa,директор,41,FALSE,35,FALSE
aoa,дитина,33,FALSE,35,TRUE
aoa,дитинство,51,TRUE,35,FALSE
aoa,диявол,30,FALSE,35,TRUE
aoa,дна,38,FALSE,35,FALSE
aoa,дно,30,FALSE,35,TRUE
aoa,до побачення,33,FALSE,35,TRUE
aoa,добре,23,FALSE,35,TRUE
aoa,добрий,31,FALSE,35,TRUE
aoa,добровільно,27,FALSE,35,TRUE
aoa,довгий,30,FALSE,35,TRUE
aoa,довго,40,FALSE,35,FALSE
aoa,довжина,33,TRUE,35,TRUE
aoa,довідка,34,FALSE,35,TRUE
aoa,довіра,31,TRUE,35,TRUE
aoa,договір,39,FALSE,35,FALSE
aoa,додатковий,34,FALSE,35,TRUE
aoa,доза,29,TRUE,35,TRUE
aoa,дозвольте,29,FALSE,35,TRUE
aoa,дозволяти,33,FALSE,35,TRUE
aoa,дозволяє,34,FALSE,35,TRUE
aoa,дозвіл,29,FALSE,35,TRUE
aoa,доказ,55,TRUE,35,FALSE
aoa,докази,29,FALSE,35,TRUE
aoa,доктор,27,FALSE,35,TRUE
aoa,документ,29,FALSE,35,TRUE
aoa,долар,28,TRUE,35,TRUE
aoa,долина,30,FALSE,35,TRUE
aoa,доля,40,FALSE,35,FALSE
aoa,доповідь,36,FALSE,35,FALSE
aoa,допомагати,31,FALSE,35,TRUE
aoa,допомога,36,FALSE,35,FALSE
aoa,допоміг,27,FALSE,35,TRUE
aoa,дорога,34,FALSE,35,TRUE
aoa,дорогий,27,FALSE,35,TRUE
aoa,дорослий,35,FALSE,35,FALSE
aoa,доріжка,33,FALSE,35,TRUE
aoa,досвід,34,FALSE,35,TRUE
aoa,досить,45,TRUE,35,FALSE
aoa,досконалий,31,FALSE,35,TRUE
aoa,дослідження,31,TRUE,35,TRUE
aoa,досліджувати,29,FALSE,35,TRUE
aoa,дослідник,33,FALSE,35,TRUE
aoa,достатньо,31,TRUE,35,TRUE
aoa,досягати успіху,31,FALSE,35,TRUE
aoa,дотепний,28,FALSE,35,TRUE
aoa,дотепність,33,FALSE,35,TRUE
aoa,дохід,27,FALSE,35,TRUE
aoa,дочка,44,TRUE,35,FALSE
aoa,дощ,34,FALSE,35,TRUE
aoa,дракон,34,FALSE,35,TRUE
aoa,драма,32,FALSE,35,TRUE
aoa,драматичний,46,TRUE,35,FALSE
aoa,друг,33,FALSE,35,TRUE
aoa,другий,46,TRUE,35,FALSE
aoa,дружба,37,FALSE,35,FALSE
aoa,дружина,27,FALSE,35,TRUE
aoa,дружній,29,FALSE,35,TRUE
aoa,дряпати,27,FALSE,35,TRUE
aoa,дрібний,28,FALSE,35,TRUE
aoa,дрімати,31,TRUE,35,TRUE
aoa,дріт,37,FALSE,35,FALSE
aoa,дуже,28,FALSE,35,TRUE
aoa,думати,33,FALSE,35,TRUE
aoa,думка,28,FALSE,35,TRUE
aoa,дурень,38,FALSE,35,FALSE
aoa,дурний,33,FALSE,35,TRUE
aoa,дурість,29,FALSE,35,TRUE
aoa,дух,32,FALSE,35,TRUE
aoa,духовка,32,FALSE,35,TRUE
aoa,душ,38,FALSE,35,FALSE
aoa,душа,29,FALSE,35,TRUE
aoa,дядько,29,FALSE,35,TRUE
aoa,діамант,28,FALSE,35,TRUE
aoa,діарея,35,FALSE,35,FALSE
aoa,дівчата,46,TRUE,35,FALSE
aoa,дівчина,28,FALSE,35,TRUE
aoa,дідусь,33,FALSE,35,TRUE
aoa,дінг,28,FALSE,35,TRUE
aoa,діяльність,33,FALSE,35,TRUE
aoa,еволюція,32,FALSE,35,TRUE
aoa,егоїстичний,32,FALSE,35,TRUE
aoa,екран,29,TRUE,35,TRUE
aoa,експеримент,28,FALSE,35,TRUE
aoa,експерт,35,FALSE,35,FALSE
aoa,екіпаж,34,FALSE,35,TRUE
aoa,елегантний,30,TRUE,35,TRUE
aoa,електрика,30,FALSE,35,TRUE
aoa,електричний,29,FALSE,35,TRUE
aoa,елемент,29,FALSE,35,TRUE
aoa,емоційний,34,FALSE,35,TRUE
aoa,енергія,28,FALSE,35,TRUE
aoa,ентузіазм,34,FALSE,35,TRUE
aoa,епідемія,38,FALSE,35,FALSE
aoa,епізод,31,TRUE,35,TRUE
aoa,ескорт,39,FALSE,35,FALSE
aoa,ефект,30,TRUE,35,TRUE
aoa,ефективний,34,FALSE,35,TRUE
aoa,жаба,41,FALSE,35,FALSE
aoa,жалкий,38,FALSE,35,FALSE
aoa,жалюгідний,34,FALSE,35,TRUE
aoa,жарт,40,FALSE,35,FALSE
aoa,жах,30,TRUE,35,TRUE
aoa,жахливий,33,FALSE,35,TRUE
aoa,жертва,38,FALSE,35,FALSE
aoa,жест,39,FALSE,35,FALSE
aoa,живий,45,TRUE,35,FALSE
aoa,живопис,34,FALSE,35,TRUE
aoa,жити,31,FALSE,35,TRUE
aoa,жовтень,29,FALSE,35,TRUE
aoa,жовтий,33,FALSE,35,TRUE
aoa,жорсткий,33,FALSE,35,TRUE
aoa,жорстокий,46,TRUE,35,FALSE
aoa,жорстокість,35,FALSE,35,FALSE
aoa,жувати,53,TRUE,35,FALSE
aoa,журнал,34,FALSE,35,TRUE
aoa,журналіст,27,FALSE,35,TRUE
aoa,журналістика,34,FALSE,35,TRUE
aoa,жінка,28,TRUE,35,TRUE
aoa,жіночий,44,TRUE,35,FALSE
aoa,з,47,TRUE,35,FALSE
aoa,забавний,36,FALSE,35,FALSE
aoa,забезпечити,23,FALSE,35,TRUE
aoa,заборонений,33,FALSE,35,TRUE
aoa,забороняти,33,FALSE,35,TRUE
aoa,забруднення,30,FALSE,35,TRUE
aoa,забути,27,FALSE,35,TRUE
aoa,заважати,45,TRUE,35,FALSE
aoa,завантажувати,32,TRUE,35,TRUE
aoa,завдання,29,FALSE,35,TRUE
aoa,завжди,34,FALSE,35,TRUE
aoa,завиток,32,FALSE,35,TRUE
aoa,завод,30,TRUE,35,TRUE
aoa,завтра,32,FALSE,35,TRUE
aoa,загалом,36,FALSE,35,FALSE
aoa,загальний,29,FALSE,35,TRUE
aoa,заголовок,45,TRUE,35,FALSE
aoa,загоюватися,33,FALSE,35,TRUE
aoa,задишка,25,FALSE,35,TRUE
aoa,задниця,29,FALSE,35,TRUE
aoa,задоволений,47,TRUE,35,FALSE
aoa,задоволення,29,FALSE,35,TRUE
aoa,зазвичай,39,FALSE,35,FALSE
aoa,закон,27,FALSE,35,TRUE
aoa,законний,35,FALSE,35,FALSE
aoa,закритий,29,FALSE,35,TRUE
aoa,закриття,28,FALSE,35,TRUE
aoa,закуска,46,TRUE,35,FALSE
aoa,закінчити,47,TRUE,35,FALSE
aoa,залишати,33,FALSE,35,TRUE
aoa,залишаються,29,FALSE,35,TRUE
aoa,залишити,24,FALSE,35,TRUE
aoa,залучати,40,FALSE,35,FALSE
aoa,залізо,32,FALSE,35,TRUE
aoa,замикання,34,FALSE,35,TRUE
aoa,замк,28,FALSE,35,TRUE
aoa,замкнений,35,FALSE,35,FALSE
aoa,замку,34,FALSE,35,TRUE
aoa,замок,28,FALSE,35,TRUE
aoa,заморожувати,35,FALSE,35,FALSE
aoa,заморозити,23,FALSE,35,TRUE
aoa,замінити,54,TRUE,35,FALSE
aoa,замінник,29,FALSE,35,TRUE
aoa,занепокоєння,33,FALSE,35,TRUE
aoa,занурений,49,TRUE,35,FALSE
aoa,запам'ятати,35,FALSE,35,FALSE
aoa,запах,31,TRUE,35,TRUE
aoa,записування,34,FALSE,35,TRUE
aoa,запит,27,TRUE,35,TRUE
aoa,запитай,29,FALSE,35,TRUE
aoa,запитання,32,FALSE,35,TRUE
aoa,запитувати,27,TRUE,35,TRUE
aoa,заповідник,31,TRUE,35,TRUE
aoa,запропонувати,24,FALSE,35,TRUE
aoa,запустити,35,FALSE,35,FALSE
aoa,зараз,34,FALSE,35,TRUE
aoa,зарозумілість,35,FALSE,35,FALSE
aoa,зарплата,39,FALSE,35,FALSE
aoa,заручення,31,FALSE,35,TRUE
aoa,заручниця,29,TRUE,35,TRUE
aoa,заслуговувати,32,FALSE,35,TRUE
aoa,застосовувати,28,FALSE,35,TRUE
aoa,затвердження,32,FALSE,35,TRUE
aoa,затверджувати,35,FALSE,35,FALSE
aoa,зателефонувати,36,FALSE,35,FALSE
aoa,затока,44,TRUE,35,FALSE
aoa,захворювання,29,TRUE,35,TRUE
aoa,захистити,24,FALSE,35,TRUE
aoa,захищати,34,FALSE,35,TRUE
aoa,захоплюватися,27,FALSE,35,TRUE
aoa,захоплюючий,48,TRUE,35,FALSE
aoa,захід,30,FALSE,35,TRUE
aoa,захід сонця,34,FALSE,35,TRUE
aoa,західний,36,FALSE,35,FALSE
aoa,зачинено,31,FALSE,35,TRUE
aoa,заява,28,FALSE,35,TRUE
aoa,зберегти,29,FALSE,35,TRUE
aoa,зберігати,30,TRUE,35,TRUE
aoa,збирати,35,FALSE,35,FALSE
aoa,збройна складова,29,FALSE,35,TRUE
aoa,зброю,33,FALSE,35,TRUE
aoa,зброя,52,TRUE,35,FALSE
aoa,збуджений,34,FALSE,35,TRUE
aoa,збільшити,35,FALSE,35,FALSE
aoa,звичайний,34,FALSE,35,TRUE
aoa,звук,27,FALSE,35,TRUE
aoa,звязок,28,FALSE,35,TRUE
aoa,звільнення,35,FALSE,35,FALSE
aoa,звір,35,FALSE,35,FALSE
aoa,здатність,30,FALSE,35,TRUE
aoa,здобич,39,FALSE,35,FALSE
aoa,здоров'я,55,FALSE,35,FALSE
aoa,здоровий,53,TRUE,35,FALSE
aoa,здравствуйте,32,FALSE,35,TRUE
aoa,зелений,33,FALSE,35,TRUE
aoa,землетрус,40,FALSE,35,FALSE
aoa,земля,35,FALSE,35,FALSE
aoa,зерно,31,FALSE,35,TRUE
aoa,ззаду,35,FALSE,35,FALSE
aoa,зима,29,FALSE,35,TRUE
aoa,зйомка,33,FALSE,35,TRUE
aoa,злий,46,TRUE,35,FALSE
aoa,зло,33,FALSE,35,TRUE
aoa,зловмисник,30,TRUE,35,TRUE
aoa,злодій,37,FALSE,35,FALSE
aoa,злочин,28,FALSE,35,TRUE
aoa,злочинність,38,FALSE,35,FALSE
aoa,змагання,27,FALSE,35,TRUE
aoa,змови,25,FALSE,35,TRUE
aoa,зміна,47,TRUE,35,FALSE
aoa,зміст,29,FALSE,35,TRUE
aoa,змія,28,FALSE,35,TRUE
aoa,знав,28,FALSE,35,TRUE
aoa,знайти,27,FALSE,35,TRUE
aoa,знак,27,FALSE,35,TRUE
aoa,знаменитий,40,FALSE,35,FALSE
aoa,знаменитість,28,FALSE,35,TRUE
aoa,знання,45,TRUE,35,FALSE
aoa,знаряддя,28,FALSE,35,TRUE
aoa,знаходження,30,TRUE,35,TRUE
aoa,значок,28,FALSE,35,TRUE
aoa,знаю,28,FALSE,35,TRUE
aoa,зникнення,28,FALSE,35,TRUE
aoa,зовнішній,32,FALSE,35,TRUE
aoa,зола,35,FALSE,35,FALSE
aoa,золотий,47,TRUE,35,FALSE
aoa,зомбі,29,FALSE,35,TRUE
aoa,зона,34,FALSE,35,TRUE
aoa,зонд,33,FALSE,35,TRUE
aoa,зоопарк,31,FALSE,35,TRUE
aoa,зосереджувати,35,FALSE,35,FALSE
aoa,зрадник,35,FALSE,35,FALSE
aoa,зрештою,32,FALSE,35,TRUE
aoa,зробити,27,FALSE,35,TRUE
aoa,зрозуміти,35,FALSE,35,FALSE
aoa,зручний,48,TRUE,35,FALSE
aoa,зрідка,32,FALSE,35,TRUE
aoa,зубний,32,FALSE,35,TRUE
aoa,зупинитися,23,FALSE,35,TRUE
aoa,зустрітися,28,FALSE,35,TRUE
aoa,зустріч,33,FALSE,35,TRUE
aoa,зустрічатися,34,FALSE,35,TRUE
aoa,зєднання,29,FALSE,35,TRUE
aoa,зізнатися,28,FALSE,35,TRUE
aoa,зірка,34,FALSE,35,TRUE
aoa,ймовірно,33,FALSE,35,TRUE
aoa,йога,33,FALSE,35,TRUE
aoa,йти,31,FALSE,35,TRUE
aoa,кабель,28,FALSE,35,TRUE
aoa,кабіна,33,FALSE,35,TRUE
aoa,кабінет,33,FALSE,35,TRUE
aoa,кава,35,FALSE,35,FALSE
aoa,кавалерія,38,FALSE,35,FALSE
aoa,календар,35,FALSE,35,FALSE
aoa,калібр,44,TRUE,35,FALSE
aoa,камеру,33,FALSE,35,TRUE
aoa,кампанія,45,TRUE,35,FALSE
aoa,камінь,52,TRUE,35,FALSE
aoa,канал,32,FALSE,35,TRUE
aoa,кандидат,34,FALSE,35,TRUE
aoa,канцлер,33,FALSE,35,TRUE
aoa,капелюх,38,FALSE,35,FALSE
aoa,каплиця,45,TRUE,35,FALSE
aoa,капсула,31,FALSE,35,TRUE
aoa,капітал,35,FALSE,35,FALSE
aoa,капіталізм,46,TRUE,35,FALSE
aoa,капітан,40,FALSE,35,FALSE
aoa,кар'єра,36,FALSE,35,FALSE
aoa,карати,28,FALSE,35,TRUE
aoa,кардинал,27,FALSE,35,TRUE
aoa,карнавал,32,FALSE,35,TRUE
aoa,карта,40,FALSE,35,FALSE
aoa,картель,33,FALSE,35,TRUE
aoa,картина,28,TRUE,35,TRUE
aoa,картопля,29,FALSE,35,TRUE
aoa,католицький,47,TRUE,35,FALSE
aoa,катування,48,TRUE,35,FALSE
aoa,кафедра,33,FALSE,35,TRUE
aoa,качка,37,FALSE,35,FALSE
aoa,кашель,34,FALSE,35,TRUE
aoa,квартал,35,FALSE,35,FALSE
aoa,квартира,32,FALSE,35,TRUE
aoa,квиток,55,TRUE,35,FALSE
aoa,квітка,32,FALSE,35,TRUE
aoa,кемпінг,27,FALSE,35,TRUE
aoa,керівник,36,FALSE,35,FALSE
aoa,кесар,40,FALSE,35,FALSE
aoa,кетчуп,33,FALSE,35,TRUE
aoa,килимок,34,FALSE,35,TRUE
aoa,кисень,54,TRUE,35,FALSE
aoa,кишеню,29,FALSE,35,TRUE
aoa,кишеня,35,FALSE,35,FALSE
aoa,клан,53,TRUE,35,FALSE
aoa,клапан,28,FALSE,35,TRUE
aoa,клас,29,FALSE,35,TRUE
aoa,класичний,55,TRUE,35,FALSE
aoa,клуб,34,FALSE,35,TRUE
aoa,ключ,28,FALSE,35,TRUE
aoa,клянуся,23,FALSE,35,TRUE
aoa,клятва,35,FALSE,35,FALSE
aoa,клініка,34,FALSE,35,TRUE
aoa,клітина,44,TRUE,35,FALSE
aoa,клієнт,31,FALSE,35,TRUE
aoa,кмітливий,34,FALSE,35,TRUE
aoa,книга,34,FALSE,35,TRUE
aoa,кнопок,35,FALSE,35,FALSE
aoa,князь,40,FALSE,35,FALSE
aoa,ковбой,23,FALSE,35,TRUE
aoa,ковбойський,28,TRUE,35,TRUE
aoa,ковдра,33,FALSE,35,TRUE
aoa,ковток,29,TRUE,35,TRUE
aoa,кодекс,36,FALSE,35,FALSE
aoa,кокаїн,47,TRUE,35,FALSE
aoa,кола,34,FALSE,35,TRUE
aoa,колапс,25,FALSE,35,TRUE
aoa,колега,35,FALSE,35,FALSE
aoa,коледж,34,FALSE,35,TRUE
aoa,колекціонувати,38,FALSE,35,FALSE
aoa,коли-небудь,34,FALSE,35,TRUE
aoa,колонія,33,FALSE,35,TRUE
aoa,коліна,31,FALSE,35,TRUE
aoa,команда,33,FALSE,35,TRUE
aoa,командир,29,FALSE,35,TRUE
aoa,командування,32,FALSE,35,TRUE
aoa,командувач,32,FALSE,35,TRUE
aoa,комах,30,FALSE,35,TRUE
aoa,комаха,34,FALSE,35,TRUE
aoa,комедія,31,TRUE,35,TRUE
aoa,коментар,34,FALSE,35,TRUE
aoa,комерційний,28,FALSE,35,TRUE
aoa,комп'ютер,39,FALSE,35,FALSE
aoa,компанія,47,TRUE,35,FALSE
aoa,компас,37,FALSE,35,FALSE
aoa,комплімент,46,TRUE,35,FALSE
aoa,комуніст,27,FALSE,35,TRUE
aoa,комісар,38,FALSE,35,FALSE
aoa,комісія,46,TRUE,35,FALSE
aoa,комітет,47,TRUE,35,FALSE
aoa,конверт,33,FALSE,35,TRUE
aoa,конкуренція,34,FALSE,35,TRUE
aoa,консервативний,47,TRUE,35,FALSE
aoa,конституція,28,FALSE,35,TRUE
aoa,консультація,37,FALSE,35,FALSE
aoa,консультувати,33,FALSE,35,TRUE
aoa,контакт,35,FALSE,35,FALSE
aoa,контроль,30,FALSE,35,TRUE
aoa,конференція,39,FALSE,35,FALSE
aoa,конфлікт,34,FALSE,35,TRUE
aoa,конфіденційність,34,FALSE,35,TRUE
aoa,концентрат,29,FALSE,35,TRUE
aoa,концепція,30,FALSE,35,TRUE
aoa,концерт,29,FALSE,35,TRUE
aoa,коньяк,49,TRUE,35,FALSE
aoa,копати,28,FALSE,35,TRUE
aoa,копіювати,30,FALSE,35,TRUE
aoa,корабель,31,FALSE,35,TRUE
aoa,корисне,29,FALSE,35,TRUE
aoa,корисний,33,FALSE,35,TRUE
aoa,кориця,30,TRUE,35,TRUE
aoa,коричневий,27,FALSE,35,TRUE
aoa,корми,27,FALSE,35,TRUE
aoa,коробка,37,FALSE,35,FALSE
aoa,корова,34,FALSE,35,TRUE
aoa,королева,33,FALSE,35,TRUE
aoa,короля,45,TRUE,35,FALSE
aoa,королівство,32,FALSE,35,TRUE
aoa,королівський,36,FALSE,35,FALSE
aoa,корона,35,FALSE,35,FALSE
aoa,короткий,39,FALSE,35,FALSE
aoa,корпорація,34,FALSE,35,TRUE
aoa,космонавт,29,FALSE,35,TRUE
aoa,коханець,34,FALSE,35,TRUE
aoa,коханий,25,FALSE,35,TRUE
aoa,кошик,41,FALSE,35,FALSE
aoa,кошмар,30,FALSE,35,TRUE
aoa,коштовність,27,FALSE,35,TRUE
aoa,краватка,27,FALSE,35,TRUE
aoa,крадіжка,35,FALSE,35,FALSE
aoa,крамниця,32,FALSE,35,TRUE
aoa,краса,45,TRUE,35,FALSE
aoa,красти,30,FALSE,35,TRUE
aoa,країна,29,FALSE,35,TRUE
aoa,кредит,40,FALSE,35,FALSE
aoa,крем,34,FALSE,35,TRUE
aoa,криза,40,FALSE,35,FALSE
aoa,кримінальний,31,FALSE,35,TRUE
aoa,критичний,28,TRUE,35,TRUE
aoa,кришка,41,FALSE,35,FALSE
aoa,кров,40,FALSE,35,FALSE
aoa,кролик,28,FALSE,35,TRUE
aoa,круглий,33,FALSE,35,TRUE
aoa,крутити,31,FALSE,35,TRUE
aoa,кузен,33,FALSE,35,TRUE
aoa,культура,55,TRUE,35,FALSE
aoa,куля,30,FALSE,35,TRUE
aoa,купець,24,FALSE,35,TRUE
aoa,купити,28,FALSE,35,TRUE
aoa,купувати,34,FALSE,35,TRUE
aoa,курка,27,FALSE,35,TRUE
aoa,куртка,48,TRUE,35,FALSE
aoa,курятина,27,FALSE,35,TRUE
aoa,кут,36,FALSE,35,FALSE
aoa,кущ,35,FALSE,35,FALSE
aoa,кілограм,34,FALSE,35,TRUE
aoa,кілометр,30,FALSE,35,TRUE
aoa,кількість,35,FALSE,35,FALSE
aoa,кільце,47,TRUE,35,FALSE
aoa,кімната,29,FALSE,35,TRUE
aoa,кінець,28,TRUE,35,TRUE
aoa,кінотеатр,33,FALSE,35,TRUE
aoa,кінь,34,FALSE,35,TRUE
aoa,кістка,28,FALSE,35,TRUE
aoa,кішка,32,FALSE,35,TRUE
aoa,лазанья,28,FALSE,35,TRUE
aoa,лампа,29,FALSE,35,TRUE
aoa,ланцюг,33,FALSE,35,TRUE
aoa,лев,32,FALSE,35,TRUE
aoa,легенда,34,FALSE,35,TRUE
aoa,легкий,37,FALSE,35,FALSE
aoa,легко,29,FALSE,35,TRUE
aoa,легіон,29,FALSE,35,TRUE
aoa,леді,51,TRUE,35,FALSE
aoa,лежати,30,TRUE,35,TRUE
aoa,лейтенант,34,TRUE,35,TRUE
aoa,лекція,36,FALSE,35,FALSE
aoa,лесбійський,33,FALSE,35,TRUE
aoa,лестити,36,FALSE,35,FALSE
aoa,лизати,47,TRUE,35,FALSE
aoa,лимонад,30,FALSE,35,TRUE
aoa,липень,31,FALSE,35,TRUE
aoa,лисиця,40,FALSE,35,FALSE
aoa,лист,22,FALSE,35,TRUE
aoa,листопад,39,FALSE,35,FALSE
aoa,лихоманка,27,TRUE,35,TRUE
aoa,лобстер,38,FALSE,35,FALSE
aoa,ложка,37,FALSE,35,FALSE
aoa,лопатись,32,FALSE,35,TRUE
aoa,лорд,34,FALSE,35,TRUE
aoa,лояльний,38,FALSE,35,FALSE
aoa,лояльність,31,FALSE,35,TRUE
aoa,любов,35,FALSE,35,FALSE
aoa,люди,35,FALSE,35,FALSE
aoa,людина,30,FALSE,35,TRUE
aoa,людський,41,FALSE,35,FALSE
aoa,лють,31,FALSE,35,TRUE
aoa,лякати,34,FALSE,35,TRUE
aoa,лялька,47,TRUE,35,FALSE
aoa,ліберальний,32,FALSE,35,TRUE
aoa,ліворуч,33,FALSE,35,TRUE
aoa,ліга,36,FALSE,35,FALSE
aoa,лідер,38,FALSE,35,FALSE
aoa,ліжка,46,TRUE,35,FALSE
aoa,лікарня,29,TRUE,35,TRUE
aoa,ліки,38,FALSE,35,FALSE
aoa,лікування,33,FALSE,35,TRUE
aoa,лімузин,28,FALSE,35,TRUE
aoa,лін,36,FALSE,35,FALSE
aoa,ліс,46,TRUE,35,FALSE
aoa,літати,36,FALSE,35,FALSE
aoa,література,35,FALSE,35,FALSE
aoa,літній,30,TRUE,35,TRUE
aoa,літо,29,FALSE,35,TRUE
aoa,м'яз,29,TRUE,35,TRUE
aoa,м'який,35,FALSE,35,FALSE
aoa,м'ясо,34,FALSE,35,TRUE
aoa,мабуть,32,FALSE,35,TRUE
aoa,мавпа,32,FALSE,35,TRUE
aoa,магазин,28,FALSE,35,TRUE
aoa,магнітний,36,FALSE,35,FALSE
aoa,магія,33,FALSE,35,TRUE
aoa,майбутнє,36,FALSE,35,FALSE
aoa,майно,33,FALSE,35,TRUE
aoa,майонез,29,FALSE,35,TRUE
aoa,максимальний,29,TRUE,35,TRUE
aoa,малий,37,FALSE,35,FALSE
aoa,мало,36,FALSE,35,FALSE
aoa,малювати,34,FALSE,35,TRUE
aoa,маля,34,FALSE,35,TRUE
aoa,мама,28,FALSE,35,TRUE
aoa,маніпулювати,34,FALSE,35,TRUE
aoa,марафон,45,TRUE,35,FALSE
aoa,марка,29,FALSE,35,TRUE
aoa,маркетинг,41,FALSE,35,FALSE
aoa,марний,28,FALSE,35,TRUE
aoa,марс,45,TRUE,35,FALSE
aoa,маршрут,34,FALSE,35,TRUE
aoa,масаж,34,FALSE,35,TRUE
aoa,масло,30,FALSE,35,TRUE
aoa,математика,35,FALSE,35,FALSE
aoa,матерія,28,FALSE,35,TRUE
aoa,матрос,32,TRUE,35,TRUE
aoa,матч,31,FALSE,35,TRUE
aoa,мафія,26,FALSE,35,TRUE
aoa,машина,47,TRUE,35,FALSE
aoa,мед,38,FALSE,35,FALSE
aoa,медаль,33,FALSE,35,TRUE
aoa,медальйон,36,FALSE,35,FALSE
aoa,медичний,29,FALSE,35,TRUE
aoa,менеджер,24,FALSE,35,TRUE
aoa,менеджмент,28,FALSE,35,TRUE
aoa,мера,35,FALSE,35,FALSE
aoa,мережа,27,FALSE,35,TRUE
aoa,мертвий,47,TRUE,35,FALSE
aoa,мета,22,FALSE,35,TRUE
aoa,металевий,34,FALSE,35,TRUE
aoa,метелик,54,TRUE,35,FALSE
aoa,метод,29,FALSE,35,TRUE
aoa,метр,45,TRUE,35,FALSE
aoa,механічний,36,FALSE,35,FALSE
aoa,меч,34,FALSE,35,TRUE
aoa,милий,29,FALSE,35,TRUE
aoa,милосердя,34,FALSE,35,TRUE
aoa,миля,33,FALSE,35,TRUE
aoa,минуле,40,FALSE,35,FALSE
aoa,мистецтво,39,FALSE,35,FALSE
aoa,мити,35,FALSE,35,FALSE
aoa,миша,35,FALSE,35,FALSE
aoa,мовчазний,40,FALSE,35,FALSE
aoa,мовчання,35,FALSE,35,FALSE
aoa,могила,34,FALSE,35,TRUE
aoa,модель,35,FALSE,35,FALSE
aoa,модний,30,TRUE,35,TRUE
aoa,може бути,33,FALSE,35,TRUE
aoa,можливість,29,FALSE,35,TRUE
aoa,мозковий,24,FALSE,35,TRUE
aoa,мозок,35,FALSE,35,FALSE
aoa,мокрий,33,FALSE,35,TRUE
aoa,молодий,33,FALSE,35,TRUE
aoa,молодший,35,FALSE,35,FALSE
aoa,молодь,35,FALSE,35,FALSE
aoa,молоток,40,FALSE,35,FALSE
aoa,молочний,31,FALSE,35,TRUE
aoa,монастир,36,FALSE,35,FALSE
aoa,монах,33,FALSE,35,TRUE
aoa,монстр,27,TRUE,35,TRUE
aoa,монтаж,34,FALSE,35,TRUE
aoa,монітор,34,FALSE,35,TRUE
aoa,море,45,TRUE,35,FALSE
aoa,морський,31,FALSE,35,TRUE
aoa,морфін,31,TRUE,35,TRUE
aoa,мотель,33,FALSE,35,TRUE
aoa,мотив,27,FALSE,35,TRUE
aoa,моторошний,33,FALSE,35,TRUE
aoa,мотузка,30,TRUE,35,TRUE
aoa,мрія,29,TRUE,35,TRUE
aoa,мужність,34,FALSE,35,TRUE
aoa,музей,30,FALSE,35,TRUE
aoa,музика,28,FALSE,35,TRUE
aoa,музикант,28,FALSE,35,TRUE
aoa,мурашка,27,FALSE,35,TRUE
aoa,мутація,50,TRUE,35,FALSE
aoa,мучити,34,FALSE,35,TRUE
aoa,мязи,23,FALSE,35,TRUE
aoa,міжнародний,32,FALSE,35,TRUE
aoa,мікроскоп,35,FALSE,35,FALSE
aoa,мікрофон,28,FALSE,35,TRUE
aoa,мільйон,39,FALSE,35,FALSE
aoa,мільйонер,34,FALSE,35,TRUE
aoa,мільярд,35,FALSE,35,FALSE
aoa,мін,36,FALSE,35,FALSE
aoa,мінус,34,FALSE,35,TRUE
aoa,мінімальний,28,FALSE,35,TRUE
aoa,міністерство,28,FALSE,35,TRUE
aoa,міністр,27,FALSE,35,TRUE
aoa,міст,45,TRUE,35,FALSE
aoa,містити,34,FALSE,35,TRUE
aoa,містить,28,FALSE,35,TRUE
aoa,місто,28,FALSE,35,TRUE
aoa,місце,35,FALSE,35,FALSE
aoa,місцевий,29,TRUE,35,TRUE
aoa,місяць,38,FALSE,35,FALSE
aoa,місячний,53,TRUE,35,FALSE
aoa,місія,31,FALSE,35,TRUE
aoa,міф,39,FALSE,35,FALSE
aoa,міцний,35,FALSE,35,FALSE
aoa,міцно,33,FALSE,35,TRUE
aoa,міць,34,FALSE,35,TRUE
aoa,мішок,30,TRUE,35,TRUE
aoa,навантаження,39,FALSE,35,FALSE
aoa,навколо,29,FALSE,35,TRUE
aoa,навмисно,28,TRUE,35,TRUE
aoa,навпаки,28,FALSE,35,TRUE
aoa,навчати,28,FALSE,35,TRUE
aoa,навчатися,28,FALSE,35,TRUE
aoa,навігація,39,FALSE,35,FALSE
aoa,нагорода,33,FALSE,35,TRUE
aoa,надавати,27,FALSE,35,TRUE
aoa,надзвичайний,29,FALSE,35,TRUE
aoa,надзвичайно,31,FALSE,35,TRUE
aoa,надихати,34,FALSE,35,TRUE
aoa,надмірність,28,FALSE,35,TRUE
aoa,надприродливий,36,FALSE,35,FALSE
aoa,надсилати,33,TRUE,35,TRUE
aoa,надія,29,FALSE,35,TRUE
aoa,назавжди,28,FALSE,35,TRUE
aoa,назва,34,FALSE,35,TRUE
aoa,назовні,34,FALSE,35,TRUE
aoa,наймання,33,FALSE,35,TRUE
aoa,налякати,39,FALSE,35,FALSE
aoa,намисто,30,FALSE,35,TRUE
aoa,намір,34,FALSE,35,TRUE
aoa,наміри,23,FALSE,35,TRUE
aoa,написання,34,FALSE,35,TRUE
aoa,наречена,31,FALSE,35,TRUE
aoa,наречений,28,FALSE,35,TRUE
aoa,нарешті,34,FALSE,35,TRUE
aoa,наркотики,28,FALSE,35,TRUE
aoa,народ,32,FALSE,35,TRUE
aoa,народження,35,FALSE,35,FALSE
aoa,населення,28,FALSE,35,TRUE
aoa,насос,48,TRUE,35,FALSE
aoa,насправді,31,FALSE,35,TRUE
aoa,натовп,51,TRUE,35,FALSE
aoa,натхнення,49,TRUE,35,FALSE
aoa,наука,27,FALSE,35,TRUE
aoa,національний,33,FALSE,35,TRUE
aoa,нація,23,FALSE,35,TRUE
aoa,наємник,33,FALSE,35,TRUE
aoa,наївний,33,FALSE,35,TRUE
aoa,небезпека,39,FALSE,35,FALSE
aoa,небезпечний,36,FALSE,35,FALSE
aoa,небесний,27,FALSE,35,TRUE
aoa,небо,33,FALSE,35,TRUE
aoa,невдаха,27,FALSE,35,TRUE
aoa,невеликий,23,FALSE,35,TRUE
aoa,невинний,54,TRUE,35,FALSE
aoa,невідомий,34,FALSE,35,TRUE
aoa,негативний,28,FALSE,35,TRUE
aoa,недооцінювати,30,FALSE,35,TRUE
aoa,неділя,29,FALSE,35,TRUE
aoa,незаконний,36,FALSE,35,FALSE
aoa,незаконно,23,FALSE,35,TRUE
aoa,незвичайний,46,TRUE,35,FALSE
aoa,нездатний,35,FALSE,35,FALSE
aoa,нездатність,27,FALSE,35,TRUE
aoa,нездоровий,36,FALSE,35,FALSE
aoa,незнання,34,FALSE,35,TRUE
aoa,незручний,37,FALSE,35,FALSE
aoa,неможливий,34,FALSE,35,TRUE
aoa,ненависть,36,FALSE,35,FALSE
aoa,необхідний,32,FALSE,35,TRUE
aoa,необхідно,28,FALSE,35,TRUE
aoa,неправедність,33,FALSE,35,TRUE
aoa,неправильний,35,FALSE,35,FALSE
aoa,неприємний,30,TRUE,35,TRUE
aoa,неприємність,34,FALSE,35,TRUE
aoa,нервовий,29,FALSE,35,TRUE
aoa,нерозумний,38,FALSE,35,FALSE
aoa,несподівано,35,FALSE,35,FALSE
aoa,несправедливість,29,FALSE,35,TRUE
aoa,нещасний,32,FALSE,35,TRUE
aoa,нещастя,43,TRUE,35,FALSE
aoa,нещодавно,32,FALSE,35,TRUE
aoa,нижній,30,TRUE,35,TRUE
aoa,нижче,24,FALSE,35,TRUE
aoa,низький,29,FALSE,35,TRUE
aoa,нирка,27,TRUE,35,TRUE
aoa,нобель,29,FALSE,35,TRUE
aoa,нова,32,FALSE,35,TRUE
aoa,новини,47,TRUE,35,FALSE
aoa,нормальний,42,FALSE,35,FALSE
aoa,нормально,34,FALSE,35,TRUE
aoa,нос,31,TRUE,35,TRUE
aoa,нудота,29,FALSE,35,TRUE
aoa,няня,32,FALSE,35,TRUE
aoa,нігтя,29,FALSE,35,TRUE
aoa,ніж,34,FALSE,35,TRUE
aoa,ніжний,34,FALSE,35,TRUE
aoa,ніколи,31,FALSE,35,TRUE
aoa,нікчемний,36,FALSE,35,FALSE
aoa,ніндзя,28,FALSE,35,TRUE
aoa,ніс,27,FALSE,35,TRUE
aoa,ніч,28,FALSE,35,TRUE
aoa,ніщо,40,FALSE,35,FALSE
aoa,об'єкт,65,FALSE,35,FALSE
aoa,обвинувачення,36,FALSE,35,FALSE
aoa,обговорення,33,FALSE,35,TRUE
aoa,обертати,29,FALSE,35,TRUE
aoa,обирати,34,FALSE,35,TRUE
aoa,обладнання,36,FALSE,35,FALSE
aoa,обладнувати,33,FALSE,35,TRUE
aoa,обнажена скульптура,28,FALSE,35,TRUE
aoa,обов'язок,34,FALSE,35,TRUE
aoa,ображати,34,FALSE,35,TRUE
aoa,образливість,47,TRUE,35,FALSE
aoa,обслуговування,31,FALSE,35,TRUE
aoa,обстеження,36,FALSE,35,FALSE
aoa,обід,32,TRUE,35,TRUE
aoa,обіймати,37,FALSE,35,FALSE
aoa,обіцянка,34,FALSE,35,TRUE
aoa,огидний,33,TRUE,35,TRUE
aoa,огляд,28,FALSE,35,TRUE
aoa,оглянути,28,FALSE,35,TRUE
aoa,оголений,34,FALSE,35,TRUE
aoa,один,27,FALSE,35,TRUE
aoa,одиночний,28,FALSE,35,TRUE
aoa,одкровення,33,FALSE,35,TRUE
aoa,одружений,46,TRUE,35,FALSE
aoa,ожерелье,29,FALSE,35,TRUE
aoa,озеро,33,FALSE,35,TRUE
aoa,океан,29,FALSE,35,TRUE
aoa,око,45,TRUE,35,FALSE
aoa,округ,33,FALSE,35,TRUE
aoa,окуляри,45,TRUE,35,FALSE
aoa,оновити,33,FALSE,35,TRUE
aoa,онук,28,FALSE,35,TRUE
aoa,оперативний,36,FALSE,35,FALSE
aoa,опис,29,FALSE,35,TRUE
aoa,описувати,31,FALSE,35,TRUE
aoa,опонент,32,FALSE,35,TRUE
aoa,оптимістичний,27,FALSE,35,TRUE
aoa,опівдні,33,FALSE,35,TRUE
aoa,опівночі,30,FALSE,35,TRUE
aoa,опір,38,FALSE,35,FALSE
aoa,орбіта,32,FALSE,35,TRUE
aoa,оргазм,35,FALSE,35,FALSE
aoa,організувати,27,FALSE,35,TRUE
aoa,орендар,38,FALSE,35,FALSE
aoa,орендатор,29,FALSE,35,TRUE
aoa,орендодавець,32,FALSE,35,TRUE
aoa,оренду,28,FALSE,35,TRUE
aoa,орендувати,32,FALSE,35,TRUE
aoa,оригінальний,37,FALSE,35,FALSE
aoa,оркестр,36,FALSE,35,FALSE
aoa,освіта,28,FALSE,35,TRUE
aoa,осел,34,FALSE,35,TRUE
aoa,ослик,25,FALSE,35,TRUE
aoa,особистий,38,FALSE,35,FALSE
aoa,особистість,46,TRUE,35,FALSE
aoa,особливий,34,FALSE,35,TRUE
aoa,остання,32,FALSE,35,TRUE
aoa,останній,34,FALSE,35,TRUE
aoa,остаточний,34,FALSE,35,TRUE
aoa,осінь,29,FALSE,35,TRUE
aoa,отворити,39,FALSE,35,FALSE
aoa,отрута,29,FALSE,35,TRUE
aoa,офіс,33,FALSE,35,TRUE
aoa,офіціант,32,FALSE,35,TRUE
aoa,офіціантка,34,FALSE,35,TRUE
aoa,офіційний,28,FALSE,35,TRUE
aoa,офіційно,29,FALSE,35,TRUE
aoa,охоронець,49,TRUE,35,FALSE
aoa,оцінка,35,FALSE,35,FALSE
aoa,оцінювати,32,FALSE,35,TRUE
aoa,очевидно,39,FALSE,35,FALSE
aoa,очікувати,27,FALSE,35,TRUE
aoa,п'яний,32,FALSE,35,TRUE
aoa,паб,34,FALSE,35,TRUE
aoa,павук,47,TRUE,35,FALSE
aoa,павутина,27,FALSE,35,TRUE
aoa,пагорб,32,TRUE,35,TRUE
aoa,падіння,34,FALSE,35,TRUE
aoa,пакет,48,TRUE,35,FALSE
aoa,палац,35,FALSE,35,FALSE
aoa,палець,31,FALSE,35,TRUE
aoa,паливо,39,FALSE,35,FALSE
aoa,палиця,28,FALSE,35,TRUE
aoa,палуба,35,FALSE,35,FALSE
aoa,пам'ятник,65,FALSE,35,FALSE
aoa,памятай,22,FALSE,35,TRUE
aoa,папа,35,FALSE,35,FALSE
aoa,папір,53,TRUE,35,FALSE
aoa,параграф,34,FALSE,35,TRUE
aoa,параметр,47,TRUE,35,FALSE
aoa,паранормальний,33,FALSE,35,TRUE
aoa,параноїд,29,FALSE,35,TRUE
aoa,параноїдальний,38,FALSE,35,FALSE
aoa,паркан,34,FALSE,35,TRUE
aoa,парламент,34,FALSE,35,TRUE
aoa,пароль,32,FALSE,35,TRUE
aoa,партія,31,FALSE,35,TRUE
aoa,парфуми,27,FALSE,35,TRUE
aoa,пасажирський,34,FALSE,35,TRUE
aoa,паспорт,33,FALSE,35,TRUE
aoa,пастка,37,FALSE,35,FALSE
aoa,патруль,27,FALSE,35,TRUE
aoa,пацюк,39,FALSE,35,FALSE
aoa,пекло,29,FALSE,35,TRUE
aoa,пенсія,34,FALSE,35,TRUE
aoa,пеніс,29,FALSE,35,TRUE
aoa,первинний,35,FALSE,35,FALSE
aoa,перебування,39,FALSE,35,FALSE
aoa,перебільшувати,36,FALSE,35,FALSE
aoa,передавач,45,TRUE,35,FALSE
aoa,передача,36,FALSE,35,FALSE
aoa,перемога,32,FALSE,35,TRUE
aoa,переможець,27,FALSE,35,TRUE
aoa,переміститися,28,FALSE,35,TRUE
aoa,перерва,44,TRUE,35,FALSE
aoa,перерву,29,FALSE,35,TRUE
aoa,переривати,38,FALSE,35,FALSE
aoa,переслідувати,36,FALSE,35,FALSE
aoa,перешкода,31,FALSE,35,TRUE
aoa,периметр,35,FALSE,35,FALSE
aoa,перспективний,34,FALSE,35,TRUE
aoa,період,33,TRUE,35,TRUE
aoa,печатка,33,FALSE,35,TRUE
aoa,печінка,30,FALSE,35,TRUE
aoa,пиво,33,FALSE,35,TRUE
aoa,пил,47,TRUE,35,FALSE
aoa,пильний,32,FALSE,35,TRUE
aoa,писати,34,FALSE,35,TRUE
aoa,письменник,34,FALSE,35,TRUE
aoa,письмо,29,FALSE,35,TRUE
aoa,пити,35,FALSE,35,FALSE
aoa,плавати,28,FALSE,35,TRUE
aoa,план,23,FALSE,35,TRUE
aoa,планета,36,FALSE,35,FALSE
aoa,планування,29,FALSE,35,TRUE
aoa,планувати,38,FALSE,35,FALSE
aoa,планшети,28,FALSE,35,TRUE
aoa,пластик,37,FALSE,35,FALSE
aoa,пластина,28,FALSE,35,TRUE
aoa,платформа,47,TRUE,35,FALSE
aoa,плейбой,33,FALSE,35,TRUE
aoa,племінник,34,FALSE,35,TRUE
aoa,плече,36,FALSE,35,FALSE
aoa,площа,30,FALSE,35,TRUE
aoa,плюс,37,FALSE,35,FALSE
aoa,пляжний,40,FALSE,35,FALSE
aoa,пляшка,29,FALSE,35,TRUE
aoa,плітки,46,TRUE,35,FALSE
aoa,пов'язувати,36,FALSE,35,FALSE
aoa,повага,32,FALSE,35,TRUE
aoa,повертатися,38,FALSE,35,FALSE
aoa,поверхня,34,FALSE,35,TRUE
aoa,повний,28,FALSE,35,TRUE
aoa,повністю,29,FALSE,35,TRUE
aoa,поворот,28,FALSE,35,TRUE
aoa,повідомлення,52,TRUE,35,FALSE
aoa,повідомляти,34,FALSE,35,TRUE
aoa,повільний,34,FALSE,35,TRUE
aoa,повільно,33,FALSE,35,TRUE
aoa,повітря,35,FALSE,35,FALSE
aoa,поганий,34,FALSE,35,TRUE
aoa,погано,24,FALSE,35,TRUE
aoa,погляд,31,FALSE,35,TRUE
aoa,пограбування,35,FALSE,35,FALSE
aoa,подвійне,30,FALSE,35,TRUE
aoa,подвійний,35,FALSE,35,FALSE
aoa,подивитися,35,FALSE,35,FALSE
aoa,подяка,36,FALSE,35,FALSE
aoa,подія,27,FALSE,35,TRUE
aoa,поема,33,FALSE,35,TRUE
aoa,поет,33,FALSE,35,TRUE
aoa,пожежа,34,FALSE,35,TRUE
aoa,пожертвування,29,FALSE,35,TRUE
aoa,позбавлення волі,38,FALSE,35,FALSE
aoa,позитивний,32,TRUE,35,TRUE
aoa,позиція,39,FALSE,35,FALSE
aoa,показувати,38,FALSE,35,FALSE
aoa,покер,44,TRUE,35,FALSE
aoa,покладати,45,TRUE,35,FALSE
aoa,покоївка,31,FALSE,35,TRUE
aoa,покривати,36,FALSE,35,FALSE
aoa,покупець,32,FALSE,35,TRUE
aoa,поле бою,28,FALSE,35,TRUE
aoa,полк,39,FALSE,35,FALSE
aoa,полковник,30,FALSE,35,TRUE
aoa,половина,29,FALSE,35,TRUE
aoa,полум'я,46,TRUE,35,FALSE
aoa,полуниця,37,FALSE,35,FALSE
aoa,польоту,24,FALSE,35,TRUE
aoa,полювання,32,FALSE,35,TRUE
aoa,поліпшення,34,FALSE,35,TRUE
aoa,політ,32,FALSE,35,TRUE
aoa,політик,32,FALSE,35,TRUE
aoa,політика,34,FALSE,35,TRUE
aoa,політичний,31,FALSE,35,TRUE
aoa,помада,39,FALSE,35,FALSE
aoa,помаранчевий,29,FALSE,35,TRUE
aoa,померти,35,FALSE,35,FALSE
aoa,помилка,43,TRUE,35,FALSE
aoa,помилковий,40,FALSE,35,FALSE
aoa,помститися,32,FALSE,35,TRUE
aoa,помідор,45,TRUE,35,FALSE
aoa,помічник,47,TRUE,35,FALSE
aoa,понеділок,47,TRUE,35,FALSE
aoa,попит,35,FALSE,35,FALSE
aoa,попряма,47,TRUE,35,FALSE
aoa,популярний,27,FALSE,35,TRUE
aoa,поради,24,FALSE,35,TRUE
aoa,порадити,28,FALSE,35,TRUE
aoa,поразка,34,FALSE,35,TRUE
aoa,порно,32,FALSE,35,TRUE
aoa,порожній,38,FALSE,35,FALSE
aoa,порох,47,TRUE,35,FALSE
aoa,портал,27,FALSE,35,TRUE
aoa,портфель,29,FALSE,35,TRUE
aoa,порядок,29,FALSE,35,TRUE
aoa,порятунок,33,FALSE,35,TRUE
aoa,посадка,32,FALSE,35,TRUE
aoa,посла,34,FALSE,35,TRUE
aoa,посмішка,24,FALSE,35,TRUE
aoa,посольство,28,FALSE,35,TRUE
aoa,постріл,39,FALSE,35,FALSE
aoa,постійно,52,TRUE,35,FALSE
aoa,потворний,37,FALSE,35,FALSE
aoa,потенціал,27,FALSE,35,TRUE
aoa,потреба,46,TRUE,35,FALSE
aoa,потрійний,34,FALSE,35,TRUE
aoa,потужність,35,FALSE,35,FALSE
aoa,потяг,35,FALSE,35,FALSE
aoa,потік,35,FALSE,35,FALSE
aoa,похибка,40,FALSE,35,FALSE
aoa,поховати,38,FALSE,35,FALSE
aoa,похоронний,45,TRUE,35,FALSE
aoa,поцілунок,33,FALSE,35,TRUE
aoa,почути,29,FALSE,35,TRUE
aoa,пошта,40,FALSE,35,FALSE
aoa,пошук,29,FALSE,35,TRUE
aoa,пояснення,27,FALSE,35,TRUE
aoa,поєднання,34,FALSE,35,TRUE
aoa,поїзд,24,FALSE,35,TRUE
aoa,правда,25,FALSE,35,TRUE
aoa,правдоподібний,29,FALSE,35,TRUE
aoa,правий,38,FALSE,35,FALSE
aoa,правила,33,FALSE,35,TRUE
aoa,правило,27,FALSE,35,TRUE
aoa,правильний,40,FALSE,35,FALSE
aoa,практика,48,TRUE,35,FALSE
aoa,практично,40,FALSE,35,FALSE
aoa,прапор,34,FALSE,35,TRUE
aoa,працювати,34,FALSE,35,TRUE
aoa,праця,36,FALSE,35,FALSE
aoa,предмет,39,FALSE,35,FALSE
aoa,президент,34,FALSE,35,TRUE
aoa,прекрасна,29,FALSE,35,TRUE
aoa,прес,34,FALSE,35,TRUE
aoa,престол,31,TRUE,35,TRUE
aoa,прибути,32,FALSE,35,TRUE
aoa,прибуток,28,FALSE,35,TRUE
aoa,прибуття,29,FALSE,35,TRUE
aoa,привабливий,34,FALSE,35,TRUE
aoa,приватний,27,FALSE,35,TRUE
aoa,привід,29,FALSE,35,TRUE
aoa,привілей,30,TRUE,35,TRUE
aoa,привітання,23,FALSE,35,TRUE
aoa,привітати,33,FALSE,35,TRUE
aoa,приз,46,TRUE,35,FALSE
aoa,призначення,34,FALSE,35,TRUE
aoa,прийди,28,FALSE,35,TRUE
aoa,приймати,33,FALSE,35,TRUE
aoa,прийом,48,TRUE,35,FALSE
aoa,приклад,35,FALSE,35,FALSE
aoa,прилад,28,FALSE,35,TRUE
aoa,приманка,50,TRUE,35,FALSE
aoa,приносити,40,FALSE,35,FALSE
aoa,принцеса,46,TRUE,35,FALSE
aoa,припущення,29,FALSE,35,TRUE
aoa,природний,39,FALSE,35,FALSE
aoa,природно,28,FALSE,35,TRUE
aoa,пристойний,37,FALSE,35,FALSE
aoa,пристрасть,28,FALSE,35,TRUE
aoa,присутність,27,FALSE,35,TRUE
aoa,присягати,31,FALSE,35,TRUE
aoa,притулок,31,FALSE,35,TRUE
aoa,приховати,23,FALSE,35,TRUE
aoa,приходити,40,FALSE,35,FALSE
aoa,причеп,24,FALSE,35,TRUE
aoa,причина,47,TRUE,35,FALSE
aoa,причіп,33,FALSE,35,TRUE
aoa,приємний,48,TRUE,35,FALSE
aoa,про,38,FALSE,35,FALSE
aoa,проблема,41,FALSE,35,FALSE
aoa,провал,35,FALSE,35,FALSE
aoa,програвець,29,FALSE,35,TRUE
aoa,програма,33,FALSE,35,TRUE
aoa,програмне забезпечення,29,TRUE,35,TRUE
aoa,прогрес,32,FALSE,35,TRUE
aoa,прогулянка,29,FALSE,35,TRUE
aoa,продавати,29,TRUE,35,TRUE
aoa,продавець,28,FALSE,35,TRUE
aoa,продаж,34,FALSE,35,TRUE
aoa,продовжувати,34,FALSE,35,TRUE
aoa,продовжуйте,28,FALSE,35,TRUE
aoa,продукт,31,FALSE,35,TRUE
aoa,продукти,32,FALSE,35,TRUE
aoa,продуктивність,34,FALSE,35,TRUE
aoa,продукція,29,FALSE,35,TRUE
aoa,проект,34,FALSE,35,TRUE
aoa,прокляття,34,FALSE,35,TRUE
aoa,проковтнути,30,FALSE,35,TRUE
aoa,прокурор,36,FALSE,35,FALSE
aoa,проповідь,35,FALSE,35,FALSE
aoa,пропозиція,35,FALSE,35,FALSE
aoa,пропонувати,33,FALSE,35,TRUE
aoa,проспект,28,FALSE,35,TRUE
aoa,простий,31,FALSE,35,TRUE
aoa,просто,29,FALSE,35,TRUE
aoa,протест,28,FALSE,35,TRUE
aoa,протистояти,28,FALSE,35,TRUE
aoa,протокол,29,FALSE,35,TRUE
aoa,прототип,30,FALSE,35,TRUE
aoa,професор,31,FALSE,35,TRUE
aoa,професійний,35,FALSE,35,FALSE
aoa,професіонал,29,FALSE,35,TRUE
aoa,профіль,46,TRUE,35,FALSE
aoa,прохолодний,33,FALSE,35,TRUE
aoa,процедура,29,FALSE,35,TRUE
aoa,процес,33,FALSE,35,TRUE
aoa,прощати,47,TRUE,35,FALSE
aoa,прощення,44,TRUE,35,FALSE
aoa,прямий,33,FALSE,35,TRUE
aoa,прізвище,34,FALSE,35,TRUE
aoa,псевдонім,46,TRUE,35,FALSE
aoa,психологічна,28,FALSE,35,TRUE
aoa,психологічний,47,TRUE,35,FALSE
aoa,психологія,30,TRUE,35,TRUE
aoa,психічний,33,FALSE,35,TRUE
aoa,птах,33,FALSE,35,TRUE
aoa,пульс,32,FALSE,35,TRUE
aoa,пустеля,30,TRUE,35,TRUE
aoa,пухлина,30,FALSE,35,TRUE
aoa,піаніно,31,FALSE,35,TRUE
aoa,південний,45,TRUE,35,FALSE
aoa,північний,33,FALSE,35,TRUE
aoa,підводний човен,28,FALSE,35,TRUE
aoa,підготовка,28,FALSE,35,TRUE
aoa,підготувати,37,FALSE,35,FALSE
aoa,підйом,33,FALSE,35,TRUE
aoa,підключення,36,FALSE,35,FALSE
aoa,підлога,29,FALSE,35,TRUE
aoa,підлітковий,32,FALSE,35,TRUE
aoa,підліток,32,FALSE,35,TRUE
aoa,підозрювати,33,FALSE,35,TRUE
aoa,підпис,28,FALSE,35,TRUE
aoa,підприємець,33,FALSE,35,TRUE
aoa,підробка,32,TRUE,35,TRUE
aoa,підрозділ,29,TRUE,35,TRUE
aoa,підсумок,45,TRUE,35,FALSE
aoa,підтвердження,35,FALSE,35,FALSE
aoa,підтверджувати,36,FALSE,35,FALSE
aoa,підтвердити,25,FALSE,35,TRUE
aoa,підтримка,34,FALSE,35,TRUE
aoa,підтримувати,30,FALSE,35,TRUE
aoa,пізно,37,FALSE,35,FALSE
aoa,пікнік,51,TRUE,35,FALSE
aoa,пілот,32,TRUE,35,TRUE
aoa,пінг,33,FALSE,35,TRUE
aoa,піраміда,33,FALSE,35,TRUE
aoa,пірат,29,FALSE,35,TRUE
aoa,піратський,33,FALSE,35,TRUE
aoa,пісня,33,FALSE,35,TRUE
aoa,пісок,27,FALSE,35,TRUE
aoa,пістолет,30,FALSE,35,TRUE
aoa,піхва,35,FALSE,35,FALSE
aoa,піч,36,FALSE,35,FALSE
aoa,раб,35,FALSE,35,FALSE
aoa,равлик,37,FALSE,35,FALSE
aoa,радар,28,FALSE,35,TRUE
aoa,радіо,29,FALSE,35,TRUE
aoa,радість,32,FALSE,35,TRUE
aoa,радіус,28,FALSE,35,TRUE
aoa,рай,39,FALSE,35,FALSE
aoa,район,35,FALSE,35,FALSE
aoa,рак,39,FALSE,35,FALSE
aoa,ракета,38,FALSE,35,FALSE
aoa,ракетний,45,TRUE,35,FALSE
aoa,раковина,47,TRUE,35,FALSE
aoa,рана,35,FALSE,35,FALSE
aoa,рано,37,FALSE,35,FALSE
aoa,ранок,47,TRUE,35,FALSE
aoa,раноподібний,31,FALSE,35,TRUE
aoa,раптом,33,FALSE,35,TRUE
aoa,расист,29,FALSE,35,TRUE
aoa,рахувати,34,FALSE,35,TRUE
aoa,реагувати,35,FALSE,35,FALSE
aoa,реактор,28,FALSE,35,TRUE
aoa,реальний,29,FALSE,35,TRUE
aoa,реальність,34,FALSE,35,TRUE
aoa,реалістичний,32,FALSE,35,TRUE
aoa,ревнивий,52,TRUE,35,FALSE
aoa,регіональний,34,FALSE,35,TRUE
aoa,резолюція,28,FALSE,35,TRUE
aoa,результат,36,FALSE,35,FALSE
aoa,реклама,28,FALSE,35,TRUE
aoa,рекомендувати,47,TRUE,35,FALSE
aoa,рекорд,34,FALSE,35,TRUE
aoa,релігія,30,FALSE,35,TRUE
aoa,ремонт,32,FALSE,35,TRUE
aoa,репортер,34,FALSE,35,TRUE
aoa,репутація,46,TRUE,35,FALSE
aoa,ресторан,29,FALSE,35,TRUE
aoa,речення,36,FALSE,35,FALSE
aoa,ржавий,29,FALSE,35,TRUE
aoa,риба,28,FALSE,35,TRUE
aoa,риболовля,33,FALSE,35,TRUE
aoa,ризик,32,FALSE,35,TRUE
aoa,ризикований,48,TRUE,35,FALSE
aoa,ризиковано,30,FALSE,35,TRUE
aoa,рим,45,TRUE,35,FALSE
aoa,римський,35,FALSE,35,FALSE
aoa,ритм,33,FALSE,35,TRUE
aoa,ритуальний,29,FALSE,35,TRUE
aoa,робити,48,TRUE,35,FALSE
aoa,робот,34,FALSE,35,TRUE
aoa,робота,30,FALSE,35,TRUE
aoa,робітник,36,FALSE,35,FALSE
aoa,рог,29,FALSE,35,TRUE
aoa,родео,27,FALSE,35,TRUE
aoa,родитель,36,FALSE,35,FALSE
aoa,розбити,38,FALSE,35,FALSE
aoa,розвал,29,TRUE,35,TRUE
aoa,розвиток,34,FALSE,35,TRUE
aoa,розглядати,34,FALSE,35,TRUE
aoa,розглянути,28,FALSE,35,TRUE
aoa,розділ,28,TRUE,35,TRUE
aoa,розклад,33,FALSE,35,TRUE
aoa,розлучення,34,FALSE,35,TRUE
aoa,розмова,30,FALSE,35,TRUE
aoa,розмовляти,37,FALSE,35,FALSE
aoa,розмір,35,FALSE,35,FALSE
aoa,розповідати,34,FALSE,35,TRUE
aoa,розраховувати,34,FALSE,35,TRUE
aoa,розрахувати,28,FALSE,35,TRUE
aoa,розрив,33,FALSE,35,TRUE
aoa,розрізати,31,FALSE,35,TRUE
aoa,розслідувати,32,TRUE,35,TRUE
aoa,розташування,34,FALSE,35,TRUE
aoa,розтопити,30,TRUE,35,TRUE
aoa,розумний,30,TRUE,35,TRUE
aoa,розчарування,44,TRUE,35,FALSE
aoa,рок,31,FALSE,35,TRUE
aoa,ром,38,FALSE,35,FALSE
aoa,романтичний,33,FALSE,35,TRUE
aoa,ромео,29,TRUE,35,TRUE
aoa,рослина,31,FALSE,35,TRUE
aoa,рот,37,FALSE,35,FALSE
aoa,ругула,28,FALSE,35,TRUE
aoa,руйнування,30,FALSE,35,TRUE
aoa,рухатися,34,FALSE,35,TRUE
aoa,ручка,36,FALSE,35,FALSE
aoa,ручний,38,FALSE,35,FALSE
aoa,рушник,28,FALSE,35,TRUE
aoa,рятівник,34,FALSE,35,TRUE
aoa,рівномірний,40,FALSE,35,FALSE
aoa,ріг,35,FALSE,35,FALSE
aoa,рідина,39,FALSE,35,FALSE
aoa,рідко,29,FALSE,35,TRUE
aoa,різдво,30,FALSE,35,TRUE
aoa,різдвяний,33,FALSE,35,TRUE
aoa,різні,29,FALSE,35,TRUE
aoa,річка,32,FALSE,35,TRUE
aoa,річниця,24,FALSE,35,TRUE
aoa,саботаж,35,FALSE,35,FALSE
aoa,салат,32,FALSE,35,TRUE
aoa,самогубство,29,FALSE,35,TRUE
aoa,самотній,38,FALSE,35,FALSE
aoa,самурай,34,FALSE,35,TRUE
aoa,самураї,30,FALSE,35,TRUE
aoa,сантиметр,35,FALSE,35,FALSE
aoa,свинина,36,FALSE,35,FALSE
aoa,свиня,28,FALSE,35,TRUE
aoa,свисток,34,FALSE,35,TRUE
aoa,свобода,29,TRUE,35,TRUE
aoa,свято,37,FALSE,35,FALSE
aoa,священик,38,FALSE,35,FALSE
aoa,свідка,27,FALSE,35,TRUE
aoa,свідок,38,FALSE,35,FALSE
aoa,свідчення,34,FALSE,35,TRUE
aoa,свіжий,35,FALSE,35,FALSE
aoa,світ,28,FALSE,35,TRUE
aoa,світанок,32,FALSE,35,TRUE
aoa,свічка,34,FALSE,35,TRUE
aoa,сейф,46,TRUE,35,FALSE
aoa,секретар,33,FALSE,35,TRUE
aoa,секретний,33,FALSE,35,TRUE
aoa,сексуальний,47,TRUE,35,FALSE
aoa,село,27,FALSE,35,TRUE
aoa,семінар,29,TRUE,35,TRUE
aoa,сенат,29,FALSE,35,TRUE
aoa,сенатор,47,TRUE,35,FALSE
aoa,сенс,34,FALSE,35,TRUE
aoa,сенсаційний,28,FALSE,35,TRUE
aoa,середовище,28,FALSE,35,TRUE
aoa,сержант,29,FALSE,35,TRUE
aoa,сертифікат,25,FALSE,35,TRUE
aoa,серія,28,FALSE,35,TRUE
aoa,сестра,35,FALSE,35,FALSE
aoa,сеча,33,FALSE,35,TRUE
aoa,сигара,35,FALSE,35,FALSE
aoa,сигарета,29,FALSE,35,TRUE
aoa,сигнал,35,FALSE,35,FALSE
aoa,сигналізація,35,FALSE,35,FALSE
aoa,сидіти,35,FALSE,35,FALSE
aoa,сила,34,FALSE,35,TRUE
aoa,сильний,29,FALSE,35,TRUE
aoa,сильно,39,FALSE,35,FALSE
aoa,символ,28,FALSE,35,TRUE
aoa,симптом,30,FALSE,35,TRUE
aoa,син,47,TRUE,35,FALSE
aoa,синдром,34,FALSE,35,TRUE
aoa,синяк,34,FALSE,35,TRUE
aoa,синій,28,FALSE,35,TRUE
aoa,сир,30,FALSE,35,TRUE
aoa,сиріт,33,FALSE,35,TRUE
aoa,система,32,FALSE,35,TRUE
aoa,ситуація,34,FALSE,35,TRUE
aoa,сказати,30,FALSE,35,TRUE
aoa,скандал,36,FALSE,35,FALSE
aoa,скарб,29,FALSE,35,TRUE
aoa,скарбниця,32,FALSE,35,TRUE
aoa,скарга,30,FALSE,35,TRUE
aoa,склянка,46,TRUE,35,FALSE
aoa,скорочувати,35,FALSE,35,FALSE
aoa,скромний,34,FALSE,35,TRUE
aoa,слабкий,30,TRUE,35,TRUE
aoa,слава,30,FALSE,35,TRUE
aoa,славний,36,FALSE,35,FALSE
aoa,словник,34,FALSE,35,TRUE
aoa,слово,39,FALSE,35,FALSE
aoa,слуга,35,FALSE,35,FALSE
aoa,служба,35,FALSE,35,FALSE
aoa,слух,31,FALSE,35,TRUE
aoa,слухайте,30,FALSE,35,TRUE
aoa,слухати,28,FALSE,35,TRUE
aoa,слідувати,29,FALSE,35,TRUE
aoa,сліпий,32,FALSE,35,TRUE
aoa,смак,28,FALSE,35,TRUE
aoa,смачний,35,FALSE,35,FALSE
aoa,смертельний,34,FALSE,35,TRUE
aoa,смерть,29,FALSE,35,TRUE
aoa,смоктати,28,FALSE,35,TRUE
aoa,смійся,29,FALSE,35,TRUE
aoa,сміття,41,FALSE,35,FALSE
aoa,смішний,29,TRUE,35,TRUE
aoa,сміятися,36,FALSE,35,FALSE
aoa,снайпер,27,FALSE,35,TRUE
aoa,сніг,36,FALSE,35,FALSE
aoa,снід,35,FALSE,35,FALSE
aoa,сніданок,32,FALSE,35,TRUE
aoa,собака,34,FALSE,35,TRUE
aoa,сода,32,FALSE,35,TRUE
aoa,солдат,31,FALSE,35,TRUE
aoa,солодкий,31,TRUE,35,TRUE
aoa,сонце,38,FALSE,35,FALSE
aoa,сонячна,29,FALSE,35,TRUE
aoa,сонячний,29,TRUE,35,TRUE
aoa,сорочка,28,FALSE,35,TRUE
aoa,сортувати,36,FALSE,35,FALSE
aoa,соус,28,FALSE,35,TRUE
aoa,спагетті,28,TRUE,35,TRUE
aoa,спадщина,34,FALSE,35,TRUE
aoa,спальня,29,FALSE,35,TRUE
aoa,спантеличеність,38,FALSE,35,FALSE
aoa,спасибі,34,FALSE,35,TRUE
aoa,спаситель,24,FALSE,35,TRUE
aoa,спати,31,FALSE,35,TRUE
aoa,сперечатися,28,FALSE,35,TRUE
aoa,спеціальний,29,FALSE,35,TRUE
aoa,спеціаліст,27,FALSE,35,TRUE
aoa,спинальний,29,FALSE,35,TRUE
aoa,сповіщення,38,FALSE,35,FALSE
aoa,спокійний,39,FALSE,35,FALSE
aoa,спокійно,46,TRUE,35,FALSE
aoa,спорт,34,FALSE,35,TRUE
aoa,спостереження,46,TRUE,35,FALSE
aoa,спочатку,28,FALSE,35,TRUE
aoa,справедливий,24,FALSE,35,TRUE
aoa,справедливість,33,FALSE,35,TRUE
aoa,справжній,28,TRUE,35,TRUE
aoa,спрага,46,TRUE,35,FALSE
aoa,спроба,30,TRUE,35,TRUE
aoa,спробувати,35,FALSE,35,FALSE
aoa,співак,33,FALSE,35,TRUE
aoa,співчувати,36,FALSE,35,FALSE
aoa,співчуття,30,FALSE,35,TRUE
aoa,спідниця,27,TRUE,35,TRUE
aoa,спілкування,39,FALSE,35,FALSE
aoa,спільнота,34,FALSE,35,TRUE
aoa,срібло,45,TRUE,35,FALSE
aoa,ставлення,30,FALSE,35,TRUE
aoa,стадіон,38,FALSE,35,FALSE
aoa,сталь,45,TRUE,35,FALSE
aoa,стандартний,49,TRUE,35,FALSE
aoa,станція,48,TRUE,35,FALSE
aoa,старий,34,FALSE,35,TRUE
aoa,старший,48,TRUE,35,FALSE
aoa,статися,30,TRUE,35,TRUE
aoa,стаття,47,TRUE,35,FALSE
aoa,статус,37,FALSE,35,FALSE
aoa,статуя,46,TRUE,35,FALSE
aoa,створення,39,FALSE,35,FALSE
aoa,створювати,37,FALSE,35,FALSE
aoa,створіння,33,FALSE,35,TRUE
aoa,стиль,34,FALSE,35,TRUE
aoa,сто,39,FALSE,35,FALSE
aoa,столиця,25,FALSE,35,TRUE
aoa,століття,28,TRUE,35,TRUE
aoa,стоп,35,FALSE,35,FALSE
aoa,стоянка,27,FALSE,35,TRUE
aoa,стояти,37,FALSE,35,FALSE
aoa,страждання,30,TRUE,35,TRUE
aoa,страждати,34,FALSE,35,TRUE
aoa,страйк,45,TRUE,35,FALSE
aoa,стратегія,41,FALSE,35,FALSE
aoa,страх,36,FALSE,35,FALSE
aoa,страшний,34,FALSE,35,TRUE
aoa,стрес,34,FALSE,35,TRUE
aoa,стрибок,32,FALSE,35,TRUE
aoa,стриманий,32,FALSE,35,TRUE
aoa,структура,34,FALSE,35,TRUE
aoa,струм,32,FALSE,35,TRUE
aoa,стрілянину,30,FALSE,35,TRUE
aoa,студент,33,FALSE,35,TRUE
aoa,стурбований,35,FALSE,35,FALSE
aoa,стіл,41,FALSE,35,FALSE
aoa,стілець,29,FALSE,35,TRUE
aoa,стіна,36,FALSE,35,FALSE
aoa,субота,32,FALSE,35,TRUE
aoa,суддя,24,FALSE,35,TRUE
aoa,судити,36,FALSE,35,FALSE
aoa,судно,38,FALSE,35,FALSE
aoa,судовий,30,TRUE,35,TRUE
aoa,судовий процес,33,FALSE,35,TRUE
aoa,сукня,32,FALSE,35,TRUE
aoa,сума,33,FALSE,35,TRUE
aoa,сумний,30,TRUE,35,TRUE
aoa,сумно,29,FALSE,35,TRUE
aoa,сумніватися,34,FALSE,35,TRUE
aoa,сумніви,30,FALSE,35,TRUE
aoa,суміш,30,FALSE,35,TRUE
aoa,суп,38,FALSE,35,FALSE
aoa,суперечка,45,TRUE,35,FALSE
aoa,супермен,39,FALSE,35,FALSE
aoa,супроводжувати,31,FALSE,35,TRUE
aoa,супротив,28,FALSE,35,TRUE
aoa,супутник,29,FALSE,35,TRUE
aoa,суспільство,34,FALSE,35,TRUE
aoa,сухий,55,TRUE,35,FALSE
aoa,сучасний,33,FALSE,35,TRUE
aoa,схвалення,28,FALSE,35,TRUE
aoa,сховатися,48,TRUE,35,FALSE
aoa,схопи,23,FALSE,35,TRUE
aoa,східний,28,FALSE,35,TRUE
aoa,сьогодні,47,TRUE,35,FALSE
aoa,сюрприз,34,FALSE,35,TRUE
aoa,сік,40,FALSE,35,FALSE
aoa,сім'я,62,FALSE,35,FALSE
aoa,таблетка,33,FALSE,35,TRUE
aoa,таблиця,34,FALSE,35,TRUE
aoa,табір,46,TRUE,35,FALSE
aoa,таймер,27,FALSE,35,TRUE
aoa,так,31,FALSE,35,TRUE
aoa,таксі,35,FALSE,35,FALSE
aoa,талант,48,TRUE,35,FALSE
aoa,там,28,FALSE,35,TRUE
aoa,танець,28,FALSE,35,TRUE
aoa,танк,31,FALSE,35,TRUE
aoa,танцювати,35,FALSE,35,FALSE
aoa,танцівниця,28,TRUE,35,TRUE
aoa,тарілка,47,TRUE,35,FALSE
aoa,тато,28,FALSE,35,TRUE
aoa,татуювання,35,FALSE,35,FALSE
aoa,таємниця,33,FALSE,35,TRUE
aoa,тварина,38,FALSE,35,FALSE
aoa,тверда,30,FALSE,35,TRUE
aoa,тверезий,34,FALSE,35,TRUE
aoa,творчість,29,TRUE,35,TRUE
aoa,театр,31,FALSE,35,TRUE
aoa,текст,39,FALSE,35,FALSE
aoa,телебачення,32,FALSE,35,TRUE
aoa,телеграма,47,TRUE,35,FALSE
aoa,телескоп,33,FALSE,35,TRUE
aoa,телефон,31,FALSE,35,TRUE
aoa,темний,37,FALSE,35,FALSE
aoa,температура,28,FALSE,35,TRUE
aoa,темрява,33,FALSE,35,TRUE
aoa,теніс,45,TRUE,35,FALSE
aoa,теорія,32,FALSE,35,TRUE
aoa,тепер,23,FALSE,35,TRUE
aoa,теплий,47,TRUE,35,FALSE
aoa,тепло,45,TRUE,35,FALSE
aoa,терапія,36,FALSE,35,FALSE
aoa,термінал,33,FALSE,35,TRUE
aoa,терміновий,33,FALSE,35,TRUE
aoa,терпіння,35,FALSE,35,FALSE
aoa,тестування,29,TRUE,35,TRUE
aoa,технологія,33,FALSE,35,TRUE
aoa,техніка,48,TRUE,35,FALSE
aoa,технічний,45,TRUE,35,FALSE
aoa,тиждень,45,TRUE,35,FALSE
aoa,типовий,29,FALSE,35,TRUE
aoa,тиск,45,TRUE,35,FALSE
aoa,тисяча,33,FALSE,35,TRUE
aoa,тихо,24,FALSE,35,TRUE
aoa,тихоокеанський,32,FALSE,35,TRUE
aoa,тканина,41,FALSE,35,FALSE
aoa,товстий,46,TRUE,35,FALSE
aoa,тонкий,38,FALSE,35,FALSE
aoa,торговець,39,FALSE,35,FALSE
aoa,торнадо,33,FALSE,35,TRUE
aoa,торт,29,FALSE,35,TRUE
aoa,тост,34,FALSE,35,TRUE
aoa,точка,29,FALSE,35,TRUE
aoa,травма,34,FALSE,35,TRUE
aoa,трагічний,36,FALSE,35,FALSE
aoa,традиційний,34,FALSE,35,TRUE
aoa,традиційні,27,FALSE,35,TRUE
aoa,транспортне засіб,28,FALSE,35,TRUE
aoa,транспортний засіб,35,FALSE,35,FALSE
aoa,тренер,35,FALSE,35,FALSE
aoa,третій,39,FALSE,35,FALSE
aoa,три,48,TRUE,35,FALSE
aoa,тригер,36,FALSE,35,FALSE
aoa,трикутник,33,FALSE,35,TRUE
aoa,тройний,28,FALSE,35,TRUE
aoa,трофей,28,FALSE,35,TRUE
aoa,труна,32,FALSE,35,TRUE
aoa,труп,30,FALSE,35,TRUE
aoa,трюк,33,FALSE,35,TRUE
aoa,тріщина,44,TRUE,35,FALSE
aoa,туалет,46,TRUE,35,FALSE
aoa,туга,34,FALSE,35,TRUE
aoa,туман,45,TRUE,35,FALSE
aoa,тунель,29,FALSE,35,TRUE
aoa,тунец,23,FALSE,35,TRUE
aoa,тунець,32,FALSE,35,TRUE
aoa,турбота,35,FALSE,35,FALSE
aoa,турбувати,37,FALSE,35,FALSE
aoa,турбуватися,23,FALSE,35,TRUE
aoa,турбується,24,FALSE,35,TRUE
aoa,турист,33,FALSE,35,TRUE
aoa,турнір,34,FALSE,35,TRUE
aoa,тут,28,FALSE,35,TRUE
aoa,тютюн,34,FALSE,35,TRUE
aoa,тягнути,33,FALSE,35,TRUE
aoa,тіло,38,FALSE,35,FALSE
aoa,тінь,31,FALSE,35,TRUE
aoa,убивця,34,FALSE,35,TRUE
aoa,убити,34,FALSE,35,TRUE
aoa,увага,48,TRUE,35,FALSE
aoa,уважність,49,TRUE,35,FALSE
aoa,увязнений,30,FALSE,35,TRUE
aoa,увязнення,29,FALSE,35,TRUE
aoa,угода,29,FALSE,35,TRUE
aoa,угоду,40,FALSE,35,FALSE
aoa,ударити,33,FALSE,35,TRUE
aoa,узбережжі,32,FALSE,35,TRUE
aoa,університет,46,TRUE,35,FALSE
aoa,унікальний,37,FALSE,35,FALSE
aoa,упертий,46,TRUE,35,FALSE
aoa,управляти,32,TRUE,35,TRUE
aoa,ураган,33,FALSE,35,TRUE
aoa,уряд,33,FALSE,35,TRUE
aoa,урятувати,34,FALSE,35,TRUE
aoa,усвідомлювати,28,TRUE,35,TRUE
aoa,усмішка,33,FALSE,35,TRUE
aoa,успадковувати,27,FALSE,35,TRUE
aoa,успіх,29,TRUE,35,TRUE
aoa,усунути,47,TRUE,35,FALSE
aoa,утонув,28,FALSE,35,TRUE
aoa,утримувати,35,FALSE,35,FALSE
aoa,уява,38,FALSE,35,FALSE
aoa,фабрика,24,FALSE,35,TRUE
aoa,фаза,35,FALSE,35,FALSE
aoa,факс,28,TRUE,35,TRUE
aoa,фактично,39,FALSE,35,FALSE
aoa,фактор,34,FALSE,35,TRUE
aoa,фальшиве,28,FALSE,35,TRUE
aoa,фантазія,46,TRUE,35,FALSE
aoa,фантастичний,35,FALSE,35,FALSE
aoa,фантастично,24,FALSE,35,TRUE
aoa,фарба,29,FALSE,35,TRUE
aoa,фарбувати,46,TRUE,35,FALSE
aoa,фатальний,27,FALSE,35,TRUE
aoa,фатум,34,FALSE,35,TRUE
aoa,федеральний,47,TRUE,35,FALSE
aoa,федерація,29,FALSE,35,TRUE
aoa,феномен,28,FALSE,35,TRUE
aoa,фермер,29,FALSE,35,TRUE
aoa,фестиваль,38,FALSE,35,FALSE
aoa,флот,32,FALSE,35,TRUE
aoa,форма,29,FALSE,35,TRUE
aoa,фотограф,38,FALSE,35,FALSE
aoa,фотографія,47,TRUE,35,FALSE
aoa,фрагмент,28,TRUE,35,TRUE
aoa,фраза,39,FALSE,35,FALSE
aoa,французький,32,FALSE,35,TRUE
aoa,фронт,39,FALSE,35,FALSE
aoa,фрукти,34,FALSE,35,TRUE
aoa,функціональний,29,TRUE,35,TRUE
aoa,фунт,30,TRUE,35,TRUE
aoa,фургон,40,FALSE,35,FALSE
aoa,футбол,46,TRUE,35,FALSE
aoa,фізика,46,TRUE,35,FALSE
aoa,фізична,24,FALSE,35,TRUE
aoa,фізичний,39,FALSE,35,FALSE
aoa,філософія,32,FALSE,35,TRUE
aoa,фільм,41,FALSE,35,FALSE
aoa,фінансовий,33,FALSE,35,TRUE
aoa,фінансово,35,FALSE,35,FALSE
aoa,фінансування,46,TRUE,35,FALSE
aoa,фірма,32,FALSE,35,TRUE
aoa,хабар,33,FALSE,35,TRUE
aoa,хаос,33,FALSE,35,TRUE
aoa,хапати,33,FALSE,35,TRUE
aoa,характер,33,FALSE,35,TRUE
aoa,хвилина,44,TRUE,35,FALSE
aoa,хворий,29,FALSE,35,TRUE
aoa,хвороба,30,FALSE,35,TRUE
aoa,хижак,34,FALSE,35,TRUE
aoa,хлопче,24,FALSE,35,TRUE
aoa,хлопчик,45,TRUE,35,FALSE
aoa,хлопчики,37,FALSE,35,FALSE
aoa,хліб,28,FALSE,35,TRUE
aoa,хмара,36,FALSE,35,FALSE
aoa,хобі,35,FALSE,35,FALSE
aoa,холодний,34,FALSE,35,TRUE
aoa,хоробрий,33,FALSE,35,TRUE
aoa,храм,29,FALSE,35,TRUE
aoa,хребетний,35,FALSE,35,FALSE
aoa,християнин,28,TRUE,35,TRUE
aoa,художник,29,FALSE,35,TRUE
aoa,хустка,33,FALSE,35,TRUE
aoa,хімічний,30,FALSE,35,TRUE
aoa,хімія,32,FALSE,35,TRUE
aoa,хірург,27,FALSE,35,TRUE
aoa,хірургія,38,FALSE,35,FALSE
aoa,цвинтар,27,FALSE,35,TRUE
aoa,цвях,46,TRUE,35,FALSE
aoa,цезарь,28,FALSE,35,TRUE
aoa,цемент,28,FALSE,35,TRUE
aoa,церебральний,39,FALSE,35,FALSE
aoa,церемонія,46,TRUE,35,FALSE
aoa,церква,30,FALSE,35,TRUE
aoa,цибуля,29,FALSE,35,TRUE
aoa,цивільне,24,FALSE,35,TRUE
aoa,цивільний,30,TRUE,35,TRUE
aoa,цивілізація,53,TRUE,35,FALSE
aoa,цинічний,47,TRUE,35,FALSE
aoa,цирк,35,FALSE,35,FALSE
aoa,цифри,29,FALSE,35,TRUE
aoa,цукор,52,TRUE,35,FALSE
aoa,цікавий,27,FALSE,35,TRUE
aoa,ціна,29,TRUE,35,TRUE
aoa,цінний,35,FALSE,35,FALSE
aoa,цінні,28,FALSE,35,TRUE
aoa,чарівний,33,FALSE,35,TRUE
aoa,чарівник,35,FALSE,35,FALSE
aoa,чарівність,40,FALSE,35,FALSE
aoa,часник,27,FALSE,35,TRUE
aoa,частка,36,FALSE,35,FALSE
aoa,часто,46,TRUE,35,FALSE
aoa,частота,31,FALSE,35,TRUE
aoa,чаша,38,FALSE,35,FALSE
aoa,чашка,36,FALSE,35,FALSE
aoa,чекати,45,TRUE,35,FALSE
aoa,чемпіон,29,FALSE,35,TRUE
aoa,чемпіонат,48,TRUE,35,FALSE
aoa,черв'як,37,FALSE,35,FALSE
aoa,червень,29,FALSE,35,TRUE
aoa,червоний,46,TRUE,35,FALSE
aoa,черевний,29,TRUE,35,TRUE
aoa,череп,30,TRUE,35,TRUE
aoa,черепаха,45,TRUE,35,FALSE
aoa,чесний,39,FALSE,35,FALSE
aoa,чесність,30,FALSE,35,TRUE
aoa,честь,38,FALSE,35,FALSE
aoa,четвертий,40,FALSE,35,FALSE
aoa,число,30,TRUE,35,TRUE
aoa,чистий,28,FALSE,35,TRUE
aoa,читання,28,FALSE,35,TRUE
aoa,читати,31,FALSE,35,TRUE
aoa,член,32,FALSE,35,TRUE
aoa,човен,34,FALSE,35,TRUE
aoa,чоловік,31,FALSE,35,TRUE
aoa,чоловічий,28,FALSE,35,TRUE
aoa,чорний,35,FALSE,35,FALSE
aoa,чотири,39,FALSE,35,FALSE
aoa,чувак,33,FALSE,35,TRUE
aoa,чудовий,52,TRUE,35,FALSE
aoa,чудово,30,FALSE,35,TRUE
aoa,чужий,29,TRUE,35,TRUE
aoa,чума,35,FALSE,35,FALSE
aoa,чутливий,49,TRUE,35,FALSE
aoa,чіп,39,FALSE,35,FALSE
aoa,чітко,35,FALSE,35,FALSE
aoa,шампанське,30,FALSE,35,TRUE
aoa,шанс,51,TRUE,35,FALSE
aoa,шантаж,28,FALSE,35,TRUE
aoa,шар,35,FALSE,35,FALSE
aoa,шафа,28,FALSE,35,TRUE
aoa,шахрайство,32,FALSE,35,TRUE
aoa,швидка допомога,28,FALSE,35,TRUE
aoa,швидкий,34,FALSE,35,TRUE
aoa,швидко,34,FALSE,35,TRUE
aoa,швидкість,28,TRUE,35,TRUE
aoa,шериф,33,FALSE,35,TRUE
aoa,шерлок,29,FALSE,35,TRUE
aoa,шеф-кухар,45,TRUE,35,FALSE
aoa,шийка,33,FALSE,35,TRUE
aoa,широкий,34,FALSE,35,TRUE
aoa,шия,28,FALSE,35,TRUE
aoa,школа,29,FALSE,35,TRUE
aoa,школу,31,TRUE,35,TRUE
aoa,шкіра,30,FALSE,35,TRUE
aoa,шланг,29,FALSE,35,TRUE
aoa,шлунок,32,FALSE,35,TRUE
aoa,шлюб,33,FALSE,35,TRUE
aoa,шматок,31,FALSE,35,TRUE
aoa,шовк,38,FALSE,35,FALSE
aoa,шоколад,29,FALSE,35,TRUE
aoa,шолом,32,FALSE,35,TRUE
aoa,шосе,32,FALSE,35,TRUE
aoa,шпигун,35,FALSE,35,FALSE
aoa,шпигунство,31,FALSE,35,TRUE
aoa,шприц,29,FALSE,35,TRUE
aoa,шрам,37,FALSE,35,FALSE
aoa,штаб-квартира,31,FALSE,35,TRUE
aoa,штабквартира,30,FALSE,35,TRUE
aoa,штовхати,33,FALSE,35,TRUE
aoa,штраф,33,FALSE,35,TRUE
aoa,штурм,29,TRUE,35,TRUE
aoa,штучний,34,FALSE,35,TRUE
aoa,шум,45,TRUE,35,FALSE
aoa,шутер,27,TRUE,35,TRUE
aoa,щасливий,38,FALSE,35,FALSE
aoa,ще,35,FALSE,35,FALSE
aoa,щедрий,34,FALSE,35,TRUE
aoa,щелепа,29,FALSE,35,TRUE
aoa,щит,29,FALSE,35,TRUE
aoa,що,28,FALSE,35,TRUE
aoa,що саме,33,FALSE,35,TRUE
aoa,що це,30,FALSE,35,TRUE
aoa,щодня,28,FALSE,35,TRUE
aoa,щока,46,TRUE,35,FALSE
aoa,щось,31,FALSE,35,TRUE
aoa,щотижня,31,FALSE,35,TRUE
aoa,щур,30,FALSE,35,TRUE
aoa,ювілей,30,TRUE,35,TRUE
aoa,юридичний,28,FALSE,35,TRUE
aoa,юрисдикція,29,TRUE,35,TRUE
aoa,юрист,33,FALSE,35,TRUE
aoa,яблучний,39,FALSE,35,FALSE
aoa,явище,39,FALSE,35,FALSE
aoa,ядерна,28,FALSE,35,TRUE
aoa,ядерний,37,FALSE,35,FALSE
aoa,яйце,27,FALSE,35,TRUE
aoa,якор,49,TRUE,35,FALSE
aoa,якість,32,FALSE,35,TRUE
aoa,ярмарок,38,FALSE,35,FALSE
aoa,яскравий,39,FALSE,35,FALSE
aoa,ясно,29,FALSE,35,TRUE
aoa,ящірка,45,TRUE,35,FALSE
aoa,єдиний,37,FALSE,35,FALSE
aoa,єпископ,34,FALSE,35,TRUE
aoa,ігла,29,FALSE,35,TRUE
aoa,іграшка,48,TRUE,35,FALSE
aoa,ідеальний,41,FALSE,35,FALSE
aoa,ідеально,27,FALSE,35,TRUE
aoa,ідея,33,FALSE,35,TRUE
aoa,ідіот,38,FALSE,35,FALSE
aoa,ілюзія,35,FALSE,35,FALSE
aoa,імператор,29,FALSE,35,TRUE
aoa,імперська,25,FALSE,35,TRUE
aoa,імперський,33,FALSE,35,TRUE
aoa,імперія,30,FALSE,35,TRUE
aoa,ін'єкція,30,FALSE,35,TRUE
aoa,інвестор,28,FALSE,35,TRUE
aoa,інвестувати,43,TRUE,35,FALSE
aoa,індивідуальний,35,FALSE,35,FALSE
aoa,індичка,47,TRUE,35,FALSE
aoa,інженер,50,TRUE,35,FALSE
aoa,іноді,51,TRUE,35,FALSE
aoa,інспектор,35,FALSE,35,FALSE
aoa,інспекція,31,FALSE,35,TRUE
aoa,інстинкт,46,TRUE,35,FALSE
aoa,інструмент,47,TRUE,35,FALSE
aoa,інтернет,33,FALSE,35,TRUE
aoa,інтимний,37,FALSE,35,FALSE
aoa,інтуїція,34,FALSE,35,TRUE
aoa,інфекція,32,FALSE,35,TRUE
aoa,інформатор,40,FALSE,35,FALSE
aoa,інформація,28,TRUE,35,TRUE
aoa,інформувати,28,FALSE,35,TRUE
aoa,інцидент,38,FALSE,35,FALSE
aoa,інший,39,FALSE,35,FALSE
aoa,іржавий,34,FALSE,35,TRUE
aoa,іронічний,31,FALSE,35,TRUE
aoa,іронія,35,FALSE,35,FALSE
aoa,їжа,30,TRUE,35,TRUE
aoa,їздити,38,FALSE,35,FALSE
aoa,їсти,29,FALSE,35,TRUE
arousal,ufo,31,FALSE,35,TRUE
arousal,НЛО,32,FALSE,35,TRUE
arousal,абсолютно,32,FALSE,35,TRUE
arousal,абсурдний,33,FALSE,35,TRUE
arousal,аварія,32,FALSE,35,TRUE
arousal,автобус,32,FALSE,35,TRUE
arousal,автограф,33,FALSE,35,TRUE
arousal,автомобіль,31,FALSE,35,TRUE
arousal,автор,54,TRUE,35,FALSE
arousal,агент,31,FALSE,35,TRUE
arousal,агентство,32,FALSE,35,TRUE
arousal,адміністративний,35,FALSE,35,FALSE
arousal,адміністрація,30,FALSE,35,TRUE
arousal,адреналін,31,FALSE,35,TRUE
arousal,адреса,43,FALSE,35,FALSE
arousal,аеропорт,32,FALSE,35,TRUE
arousal,азартні ігри,31,FALSE,35,TRUE
arousal,акт,35,FALSE,35,FALSE
arousal,активний,24,TRUE,35,TRUE
arousal,активувати,24,TRUE,35,TRUE
arousal,актор,31,FALSE,35,TRUE
arousal,акула,41,FALSE,35,FALSE
arousal,акцент,34,FALSE,35,TRUE
arousal,алея,43,FALSE,35,FALSE
arousal,алкоголь,33,FALSE,35,TRUE
arousal,алмаз,32,FALSE,35,TRUE
arousal,альбом,31,FALSE,35,TRUE
arousal,альфа,32,FALSE,35,TRUE
arousal,алібі,33,FALSE,35,TRUE
arousal,аматорський,30,FALSE,35,TRUE
arousal,америка,32,FALSE,35,TRUE
arousal,аналогічний,32,FALSE,35,TRUE
arousal,аналіз,31,FALSE,35,TRUE
arousal,аналітик,35,FALSE,35,FALSE
arousal,анархія,41,FALSE,35,FALSE
arousal,анатомія,34,FALSE,35,TRUE
arousal,ангел,32,FALSE,35,TRUE
arousal,англійська,42,FALSE,35,FALSE
arousal,англійська мова,30,FALSE,35,TRUE
arousal,анонімний,36,FALSE,35,FALSE
arousal,антидот,43,FALSE,35,FALSE
arousal,апетитний,30,FALSE,35,TRUE
arousal,арена,33,FALSE,35,TRUE
arousal,арешт,34,FALSE,35,TRUE
arousal,армія,31,FALSE,35,TRUE
arousal,арсенал,51,TRUE,35,FALSE
arousal,артерія,36,FALSE,35,FALSE
arousal,артефакт,24,TRUE,35,TRUE
arousal,артилерія,33,FALSE,35,TRUE
arousal,архітектор,30,FALSE,35,TRUE
arousal,аспірин,41,FALSE,35,FALSE
arousal,атакувати,31,FALSE,35,TRUE
arousal,атлантичний,42,FALSE,35,FALSE
arousal,атмосфера,31,FALSE,35,TRUE
arousal,атомний,31,FALSE,35,TRUE
arousal,аудиторія,42,FALSE,35,FALSE
arousal,аукціон,30,FALSE,35,TRUE
arousal,аутопсія,37,FALSE,35,FALSE
arousal,африка,33,FALSE,35,TRUE
arousal,бабуся,33,FALSE,35,TRUE
arousal,бавовна,30,FALSE,35,TRUE
arousal,багатий,42,FALSE,35,FALSE
arousal,багатство,31,FALSE,35,TRUE
arousal,бажання,43,FALSE,35,FALSE
arousal,база,33,FALSE,35,TRUE
arousal,баланс,43,FALSE,35,FALSE
arousal,банан,32,FALSE,35,TRUE
arousal,банда,31,FALSE,35,TRUE
arousal,банківський,32,FALSE,35,TRUE
arousal,банківські послуги,30,FALSE,35,TRUE
arousal,банкір,36,FALSE,35,FALSE
arousal,бар,31,FALSE,35,TRUE
arousal,барон,31,FALSE,35,TRUE
arousal,баскетбол,42,FALSE,35,FALSE
arousal,батальйон,31,FALSE,35,TRUE
arousal,батько,31,FALSE,35,TRUE
arousal,бачення,32,FALSE,35,TRUE
arousal,башта,33,FALSE,35,TRUE
arousal,бджола,33,FALSE,35,TRUE
arousal,безвідповідальний,32,FALSE,35,TRUE
arousal,безпека,42,FALSE,35,FALSE
arousal,безпечний,33,FALSE,35,TRUE
arousal,безпечно,31,FALSE,35,TRUE
arousal,безпорадний,31,FALSE,35,TRUE
arousal,безпосередньо,34,FALSE,35,TRUE
arousal,безсилий,32,FALSE,35,TRUE
arousal,бейсбол,42,FALSE,35,FALSE
arousal,бекон,32,FALSE,35,TRUE
arousal,бетмен,33,FALSE,35,TRUE
arousal,бетон,32,FALSE,35,TRUE
arousal,битва,31,FALSE,35,TRUE
arousal,благодійність,52,TRUE,35,FALSE
arousal,благородний,30,FALSE,35,TRUE
arousal,близький,33,FALSE,35,TRUE
arousal,близько,24,TRUE,35,TRUE
arousal,блиск,31,FALSE,35,TRUE
arousal,блискавка,30,FALSE,35,TRUE
arousal,бог,54,TRUE,35,FALSE
arousal,божевілля,53,TRUE,35,FALSE
arousal,божевільний,35,FALSE,35,FALSE
arousal,божественний,33,FALSE,35,TRUE
arousal,бойовий,31,FALSE,35,TRUE
arousal,бойовик,31,FALSE,35,TRUE
arousal,бомба,31,FALSE,35,TRUE
arousal,бонус,52,TRUE,35,FALSE
arousal,борг,24,TRUE,35,TRUE
arousal,борода,43,FALSE,35,FALSE
arousal,боронити,33,FALSE,35,TRUE
arousal,боротися,32,FALSE,35,TRUE
arousal,борошно,31,FALSE,35,TRUE
arousal,бос,30,FALSE,35,TRUE
arousal,бостон,43,FALSE,35,FALSE
arousal,браво,34,FALSE,35,TRUE
arousal,брат,53,TRUE,35,FALSE
arousal,брехун,32,FALSE,35,TRUE
arousal,броня,53,TRUE,35,FALSE
arousal,бруд,32,FALSE,35,TRUE
arousal,брудний,31,FALSE,35,TRUE
arousal,брутальний,32,FALSE,35,TRUE
arousal,будинок,30,FALSE,35,TRUE
arousal,будувати,35,FALSE,35,FALSE
arousal,будівельний,24,TRUE,35,TRUE
arousal,будівля,33,FALSE,35,TRUE
arousal,буква,52,TRUE,35,FALSE
arousal,буквально,30,FALSE,35,TRUE
arousal,бутерброд,33,FALSE,35,TRUE
arousal,бюджет,32,FALSE,35,TRUE
arousal,бібліотека,33,FALSE,35,TRUE
arousal,біблія,32,FALSE,35,TRUE
arousal,бігти,30,FALSE,35,TRUE
arousal,бідний,42,FALSE,35,FALSE
arousal,бідність,42,FALSE,35,FALSE
arousal,біженець,32,FALSE,35,TRUE
arousal,бізнес,31,FALSE,35,TRUE
arousal,білий,43,FALSE,35,FALSE
arousal,білка,30,FALSE,35,TRUE
arousal,білки,42,FALSE,35,FALSE
arousal,білок,31,FALSE,35,TRUE
arousal,біль,32,FALSE,35,TRUE
arousal,більше,53,TRUE,35,FALSE
arousal,більшість,31,FALSE,35,TRUE
arousal,біологічний,23,TRUE,35,TRUE
arousal,біологія,32,FALSE,35,TRUE
arousal,в'язниця,30,FALSE,35,TRUE
arousal,вага,53,TRUE,35,FALSE
arousal,вагітність,34,FALSE,35,TRUE
arousal,важкий,53,TRUE,35,FALSE
arousal,важливе,42,FALSE,35,FALSE
arousal,важливий,53,TRUE,35,FALSE
arousal,важливість,43,FALSE,35,FALSE
arousal,вакцина,31,FALSE,35,TRUE
arousal,вакцинація,43,FALSE,35,FALSE
arousal,валіза,31,FALSE,35,TRUE
arousal,вампір,31,FALSE,35,TRUE
arousal,ванна кімната,32,FALSE,35,TRUE
arousal,вантаж,31,FALSE,35,TRUE
arousal,вантажівка,31,FALSE,35,TRUE
arousal,ваніль,33,FALSE,35,TRUE
arousal,вартість,34,FALSE,35,TRUE
arousal,ватсон,33,FALSE,35,TRUE
arousal,ваше величність,43,FALSE,35,FALSE
arousal,вашингтон,30,FALSE,35,TRUE
arousal,вбивство,43,FALSE,35,FALSE
arousal,вбивця,31,FALSE,35,TRUE
arousal,вводити,34,FALSE,35,TRUE
arousal,ввічливий,31,FALSE,35,TRUE
arousal,вгору,32,FALSE,35,TRUE
arousal,вдова,33,FALSE,35,TRUE
arousal,вдячний,32,FALSE,35,TRUE
arousal,ведмідь,31,FALSE,35,TRUE
arousal,вежа,31,FALSE,35,TRUE
arousal,великий,32,FALSE,35,TRUE
arousal,великий палець,32,FALSE,35,TRUE
arousal,величезний,30,FALSE,35,TRUE
arousal,величність,35,FALSE,35,FALSE
arousal,вена,54,TRUE,35,FALSE
arousal,венера,53,TRUE,35,FALSE
arousal,вентиляція,33,FALSE,35,TRUE
arousal,вересень,32,FALSE,35,TRUE
arousal,вертоліт,30,FALSE,35,TRUE
arousal,верхній,31,FALSE,35,TRUE
arousal,вершина,24,TRUE,35,TRUE
arousal,весна,31,FALSE,35,TRUE
arousal,весілля,43,FALSE,35,FALSE
arousal,вечір,31,FALSE,35,TRUE
arousal,вже,31,FALSE,35,TRUE
arousal,взуття,36,FALSE,35,FALSE
arousal,вибирати,33,FALSE,35,TRUE
arousal,виборець,32,FALSE,35,TRUE
arousal,вибори,32,FALSE,35,TRUE
arousal,вибух,31,FALSE,35,TRUE
arousal,вибухнути,32,FALSE,35,TRUE
arousal,вибуховий,30,FALSE,35,TRUE
arousal,вибір,32,FALSE,35,TRUE
arousal,вивчати,52,TRUE,35,FALSE
arousal,вивчення,31,FALSE,35,TRUE
arousal,вигнати,30,FALSE,35,TRUE
arousal,виграти,30,FALSE,35,TRUE
arousal,видалити,31,FALSE,35,TRUE
arousal,вижити,30,FALSE,35,TRUE
arousal,визнавати,30,FALSE,35,TRUE
arousal,визначення,30,FALSE,35,TRUE
arousal,викладач,32,FALSE,35,TRUE
arousal,виклик,30,FALSE,35,TRUE
arousal,виконання,33,FALSE,35,TRUE
arousal,використання,31,FALSE,35,TRUE
arousal,викрадати,32,FALSE,35,TRUE
arousal,викрадач,35,FALSE,35,FALSE
arousal,викуп,31,FALSE,35,TRUE
arousal,вилка,30,FALSE,35,TRUE
arousal,виловити,30,FALSE,35,TRUE
arousal,виникнути,31,FALSE,35,TRUE
arousal,винищувач,32,FALSE,35,TRUE
arousal,винним,31,FALSE,35,TRUE
arousal,виноробство,35,FALSE,35,FALSE
arousal,винятковий,53,TRUE,35,FALSE
arousal,виняткові,31,FALSE,35,TRUE
arousal,випадково,31,FALSE,35,TRUE
arousal,виправдання,42,FALSE,35,FALSE
arousal,виправляти,30,FALSE,35,TRUE
arousal,випромінювання,35,FALSE,35,FALSE
arousal,випускник,31,FALSE,35,TRUE
arousal,виробляти,31,FALSE,35,TRUE
arousal,виробник,32,FALSE,35,TRUE
arousal,виробництво,33,FALSE,35,TRUE
arousal,висловлювати,32,FALSE,35,TRUE
arousal,висновок,31,FALSE,35,TRUE
arousal,високий,32,FALSE,35,TRUE
arousal,високість,30,FALSE,35,TRUE
arousal,висота,30,FALSE,35,TRUE
arousal,виставка,42,FALSE,35,FALSE
arousal,виступ,34,FALSE,35,TRUE
arousal,висячий,32,FALSE,35,TRUE
arousal,витрачати,32,FALSE,35,TRUE
arousal,вихід,33,FALSE,35,TRUE
arousal,вишуканий,31,FALSE,35,TRUE
arousal,вказувати,31,FALSE,35,TRUE
arousal,вкрасти,30,FALSE,35,TRUE
arousal,влада,31,FALSE,35,TRUE
arousal,власник,36,FALSE,35,FALSE
arousal,власність,30,FALSE,35,TRUE
arousal,внизу,33,FALSE,35,TRUE
arousal,внутрішня,42,FALSE,35,FALSE
arousal,внутрішній,31,FALSE,35,TRUE
arousal,вовк,42,FALSE,35,FALSE
arousal,водити,33,FALSE,35,TRUE
arousal,водневий,32,FALSE,35,TRUE
arousal,водій,33,FALSE,35,TRUE
arousal,волонтер,34,FALSE,35,TRUE
arousal,волосся,31,FALSE,35,TRUE
arousal,ворог,30,FALSE,35,TRUE
arousal,ворота,32,FALSE,35,TRUE
arousal,воїн,42,FALSE,35,FALSE
arousal,впертий,42,FALSE,35,FALSE
arousal,вплив,34,FALSE,35,TRUE
arousal,вправа,32,FALSE,35,TRUE
arousal,вражати,31,FALSE,35,TRUE
arousal,вражаючий,32,FALSE,35,TRUE
arousal,враження,33,FALSE,35,TRUE
arousal,всередині,30,FALSE,35,TRUE
arousal,всесвіт,31,FALSE,35,TRUE
arousal,вставити,31,FALSE,35,TRUE
arousal,вставляти,33,FALSE,35,TRUE
arousal,втеча,30,FALSE,35,TRUE
arousal,втомлений,29,FALSE,35,TRUE
arousal,вторгнення,34,FALSE,35,TRUE
arousal,вторинний,30,FALSE,35,TRUE
arousal,втікач,33,FALSE,35,TRUE
arousal,вугілля,36,FALSE,35,FALSE
arousal,вузький,34,FALSE,35,TRUE
arousal,вулиця,32,FALSE,35,TRUE
arousal,вухо,31,FALSE,35,TRUE
arousal,вчений,52,TRUE,35,FALSE
arousal,вчора,30,FALSE,35,TRUE
arousal,вівторок,31,FALSE,35,TRUE
arousal,від'їзд,52,TRUE,35,FALSE
arousal,відбиток,30,FALSE,35,TRUE
arousal,відбиток пальця,33,FALSE,35,TRUE
arousal,відданість,30,FALSE,35,TRUE
arousal,віддаю перевагу,31,FALSE,35,TRUE
arousal,відділ,37,FALSE,35,FALSE
arousal,відеоролик,32,FALSE,35,TRUE
arousal,відкриття,33,FALSE,35,TRUE
arousal,відмовитись,43,FALSE,35,FALSE
arousal,відмовляти,36,FALSE,35,FALSE
arousal,відмовлятися,35,FALSE,35,FALSE
arousal,відмінний,31,FALSE,35,TRUE
arousal,відновлювати,31,FALSE,35,TRUE
arousal,відносини,33,FALSE,35,TRUE
arousal,відносний,32,FALSE,35,TRUE
arousal,відповідальність,31,FALSE,35,TRUE
arousal,відповідати,31,FALSE,35,TRUE
arousal,відпочинок,42,FALSE,35,FALSE
arousal,відставка,34,FALSE,35,TRUE
arousal,відстань,53,TRUE,35,FALSE
arousal,відсутність,31,FALSE,35,TRUE
arousal,відходи,31,FALSE,35,TRUE
arousal,відчинено,54,TRUE,35,FALSE
arousal,відчуття,33,FALSE,35,TRUE
arousal,відьма,34,FALSE,35,TRUE
arousal,війна,35,FALSE,35,FALSE
arousal,військовий,35,FALSE,35,FALSE
arousal,вікно,41,FALSE,35,FALSE
arousal,віл,31,FALSE,35,TRUE
arousal,вільний,36,FALSE,35,FALSE
arousal,вільно,31,FALSE,35,TRUE
arousal,віра,42,FALSE,35,FALSE
arousal,вірити,31,FALSE,35,TRUE
arousal,вірний,36,FALSE,35,FALSE
arousal,вірність,31,FALSE,35,TRUE
arousal,вірогідність,53,TRUE,35,FALSE
arousal,вірус,31,FALSE,35,TRUE
arousal,віскі,41,FALSE,35,FALSE
arousal,вітамін,52,TRUE,35,FALSE
arousal,вітати,33,FALSE,35,TRUE
arousal,вітаю,31,FALSE,35,TRUE
arousal,вітер,30,FALSE,35,TRUE
arousal,вітрило,32,FALSE,35,TRUE
arousal,вічний,30,FALSE,35,TRUE
arousal,гавань,43,FALSE,35,FALSE
arousal,газ,33,FALSE,35,TRUE
arousal,газета,30,FALSE,35,TRUE
arousal,галактика,30,FALSE,35,TRUE
arousal,галерея,24,TRUE,35,TRUE
arousal,галузь,52,TRUE,35,FALSE
arousal,галюкування,24,TRUE,35,TRUE
arousal,гаманець,35,FALSE,35,FALSE
arousal,гамбургер,33,FALSE,35,TRUE
arousal,гараж,31,FALSE,35,TRUE
arousal,гаразд,31,FALSE,35,TRUE
arousal,гарантія,32,FALSE,35,TRUE
arousal,гармонія,31,FALSE,35,TRUE
arousal,гарний,30,FALSE,35,TRUE
arousal,гарячий,53,TRUE,35,FALSE
arousal,гвинтівка,31,FALSE,35,TRUE
arousal,гей,30,FALSE,35,TRUE
arousal,генератор,32,FALSE,35,TRUE
arousal,геніальний,53,TRUE,35,FALSE
arousal,геній,31,FALSE,35,TRUE
arousal,герой,34,FALSE,35,TRUE
arousal,героїн,30,FALSE,35,TRUE
arousal,глобальний,33,FALSE,35,TRUE
arousal,глухий,32,FALSE,35,TRUE
arousal,глухі,42,FALSE,35,FALSE
arousal,гнів,36,FALSE,35,FALSE
arousal,гніздо,34,FALSE,35,TRUE
arousal,годувати,36,FALSE,35,FALSE
arousal,голий,32,FALSE,35,TRUE
arousal,голка,33,FALSE,35,TRUE
arousal,голод,30,FALSE,35,TRUE
arousal,голодний,52,TRUE,35,FALSE
arousal,голос,31,FALSE,35,TRUE
arousal,голосувати,31,FALSE,35,TRUE
arousal,гольф,30,FALSE,35,TRUE
arousal,гонка,30,FALSE,35,TRUE
arousal,гора,30,FALSE,35,TRUE
arousal,гордий,30,FALSE,35,TRUE
arousal,гордість,30,FALSE,35,TRUE
arousal,горила,35,FALSE,35,FALSE
arousal,горло,34,FALSE,35,TRUE
arousal,гормон,54,TRUE,35,FALSE
arousal,горілка,30,FALSE,35,TRUE
arousal,господиня,32,FALSE,35,TRUE
arousal,гостинність,33,FALSE,35,TRUE
arousal,готель,42,FALSE,35,FALSE
arousal,готовий,32,FALSE,35,TRUE
arousal,готувати,32,FALSE,35,TRUE
arousal,готівка,31,FALSE,35,TRUE
arousal,гра,30,FALSE,35,TRUE
arousal,грабувати,32,FALSE,35,TRUE
arousal,гравець,42,FALSE,35,FALSE
arousal,гральний,30,FALSE,35,TRUE
arousal,грам,31,FALSE,35,TRUE
arousal,гран,31,FALSE,35,TRUE
arousal,грати,31,FALSE,35,TRUE
arousal,графиня,32,FALSE,35,TRUE
arousal,грецький,36,FALSE,35,FALSE
arousal,грип,30,FALSE,35,TRUE
arousal,гроші,24,TRUE,35,TRUE
arousal,грудень,33,FALSE,35,TRUE
arousal,груди,30,FALSE,35,TRUE
arousal,група,43,FALSE,35,FALSE
arousal,грім,31,FALSE,35,TRUE
arousal,гріх,31,FALSE,35,TRUE
arousal,губа,31,FALSE,35,TRUE
arousal,губернатор,34,FALSE,35,TRUE
arousal,гусак,33,FALSE,35,TRUE
arousal,гідний,33,FALSE,35,TRUE
arousal,гідність,30,FALSE,35,TRUE
arousal,гітара,32,FALSE,35,TRUE
arousal,давати,32,FALSE,35,TRUE
arousal,далеко,31,FALSE,35,TRUE
arousal,дані,32,FALSE,35,TRUE
arousal,дар,34,FALSE,35,TRUE
arousal,датчик,36,FALSE,35,FALSE
arousal,два,32,FALSE,35,TRUE
arousal,двері,33,FALSE,35,TRUE
arousal,двигун,35,FALSE,35,FALSE
arousal,двоє,31,FALSE,35,TRUE
arousal,двійник,31,FALSE,35,TRUE
arousal,декан,36,FALSE,35,FALSE
arousal,делікатний,24,TRUE,35,TRUE
arousal,демократія,44,FALSE,35,FALSE
arousal,демонстрація,31,FALSE,35,TRUE
arousal,депресія,33,FALSE,35,TRUE
arousal,дерева,30,FALSE,35,TRUE
arousal,держава,33,FALSE,35,TRUE
arousal,десерт,32,FALSE,35,TRUE
arousal,десь,31,FALSE,35,TRUE
arousal,десятиліття,31,FALSE,35,TRUE
arousal,детектив,32,FALSE,35,TRUE
arousal,детермінація,33,FALSE,35,TRUE
arousal,детонатор,31,FALSE,35,TRUE
arousal,дешевий,30,FALSE,35,TRUE
arousal,деінде,32,FALSE,35,TRUE
arousal,джаз,33,FALSE,35,TRUE
arousal,джерело,31,FALSE,35,TRUE
arousal,джип,24,TRUE,35,TRUE
arousal,джульєтта,33,FALSE,35,TRUE
arousal,джунглі,31,FALSE,35,TRUE
arousal,дзеркало,35,FALSE,35,FALSE
arousal,диван,31,FALSE,35,TRUE
arousal,дивитися,31,FALSE,35,TRUE
arousal,дивний,24,TRUE,35,TRUE
arousal,дивно,31,FALSE,35,TRUE
arousal,дивовижний,31,FALSE,35,TRUE
arousal,дим,32,FALSE,35,TRUE
arousal,динаміт,31,FALSE,35,TRUE
arousal,династія,31,FALSE,35,TRUE
arousal,диплом,31,FALSE,35,TRUE
arousal,директор,32,FALSE,35,TRUE
arousal,дитина,31,FALSE,35,TRUE
arousal,дитинство,41,FALSE,35,FALSE
arousal,дитя,44,FALSE,35,FALSE
arousal,диявол,30,FALSE,35,TRUE
arousal,дна,30,FALSE,35,TRUE
arousal,днк,31,FALSE,35,TRUE
arousal,дно,31,FALSE,35,TRUE
arousal,до побачення,33,FALSE,35,TRUE
arousal,добрий,32,FALSE,35,TRUE
arousal,добровільно,31,FALSE,35,TRUE
arousal,довго,33,FALSE,35,TRUE
arousal,довжина,53,TRUE,35,FALSE
arousal,довідка,33,FALSE,35,TRUE
arousal,довіра,30,FALSE,35,TRUE
arousal,договір,32,FALSE,35,TRUE
arousal,додатковий,30,FALSE,35,TRUE
arousal,додатково,42,FALSE,35,FALSE
arousal,доза,32,FALSE,35,TRUE
arousal,дозволити,31,FALSE,35,TRUE
arousal,дозвольте,42,FALSE,35,FALSE
arousal,дозволяти,31,FALSE,35,TRUE
arousal,дозволяє,34,FALSE,35,TRUE
arousal,дозвіл,32,FALSE,35,TRUE
arousal,доказ,33,FALSE,35,TRUE
arousal,докази,24,TRUE,35,TRUE
arousal,доктор,37,FALSE,35,FALSE
arousal,документ,32,FALSE,35,TRUE
arousal,долар,32,FALSE,35,TRUE
arousal,долина,53,TRUE,35,FALSE
arousal,доля,31,FALSE,35,TRUE
arousal,доповідь,33,FALSE,35,TRUE
arousal,допомагати,32,FALSE,35,TRUE
arousal,допомога,32,FALSE,35,TRUE
arousal,дорога,35,FALSE,35,FALSE
arousal,дорогий,24,TRUE,35,TRUE
arousal,дорослий,53,TRUE,35,FALSE
arousal,доріжка,33,FALSE,35,TRUE
arousal,досвід,35,FALSE,35,FALSE
arousal,досить,43,FALSE,35,FALSE
arousal,досконалий,34,FALSE,35,TRUE
arousal,дослідження,32,FALSE,35,TRUE
arousal,дослідник,30,FALSE,35,TRUE
arousal,достатньо,32,FALSE,35,TRUE
arousal,досягати успіху,32,FALSE,35,TRUE
arousal,дотепний,43,FALSE,35,FALSE
arousal,дотепність,52,TRUE,35,FALSE
arousal,дохід,30,FALSE,35,TRUE
arousal,дочка,52,TRUE,35,FALSE
arousal,дощ,52,TRUE,35,FALSE
arousal,дракон,31,FALSE,35,TRUE
arousal,драма,31,FALSE,35,TRUE
arousal,драматичний,43,FALSE,35,FALSE
arousal,друг,34,FALSE,35,TRUE
arousal,другий,53,TRUE,35,FALSE
arousal,дружба,34,FALSE,35,TRUE
arousal,дружина,33,FALSE,35,TRUE
arousal,дружній,32,FALSE,35,TRUE
arousal,дряпати,35,FALSE,35,FALSE
arousal,дрібний,32,FALSE,35,TRUE
arousal,дрімати,30,FALSE,35,TRUE
arousal,дріт,52,TRUE,35,FALSE
arousal,дуже,31,FALSE,35,TRUE
arousal,думати,31,FALSE,35,TRUE
arousal,думка,36,FALSE,35,FALSE
arousal,дурень,32,FALSE,35,TRUE
arousal,дурний,31,FALSE,35,TRUE
arousal,дурість,32,FALSE,35,TRUE
arousal,дух,30,FALSE,35,TRUE
arousal,духовка,30,FALSE,35,TRUE
arousal,душ,32,FALSE,35,TRUE
arousal,душа,34,FALSE,35,TRUE
arousal,дядько,42,FALSE,35,FALSE
arousal,діарея,31,FALSE,35,TRUE
arousal,дівчата,31,FALSE,35,TRUE
arousal,дівчина,30,FALSE,35,TRUE
arousal,дідусь,52,TRUE,35,FALSE
arousal,діяльність,53,TRUE,35,FALSE
arousal,еволюція,52,TRUE,35,FALSE
arousal,егоїстичний,33,FALSE,35,TRUE
arousal,екран,52,TRUE,35,FALSE
arousal,експеримент,42,FALSE,35,FALSE
arousal,експерт,32,FALSE,35,TRUE
arousal,екіпаж,30,FALSE,35,TRUE
arousal,елегантний,34,FALSE,35,TRUE
arousal,електрика,31,FALSE,35,TRUE
arousal,електричний,53,TRUE,35,FALSE
arousal,елемент,31,FALSE,35,TRUE
arousal,емоційний,31,FALSE,35,TRUE
arousal,енергія,32,FALSE,35,TRUE
arousal,ентузіазм,36,FALSE,35,FALSE
arousal,епідемія,31,FALSE,35,TRUE
arousal,епізод,31,FALSE,35,TRUE
arousal,ескорт,43,FALSE,35,FALSE
arousal,ефект,36,FALSE,35,FALSE
arousal,ефективний,31,FALSE,35,TRUE
arousal,жаба,32,FALSE,35,TRUE
arousal,жалкий,34,FALSE,35,TRUE
arousal,жалюгідний,32,FALSE,35,TRUE
arousal,жарт,34,FALSE,35,TRUE
arousal,жах,32,FALSE,35,TRUE
arousal,жахливий,53,TRUE,35,FALSE
arousal,жертва,31,FALSE,35,TRUE
arousal,жест,31,FALSE,35,TRUE
arousal,живий,30,FALSE,35,TRUE
arousal,живопис,32,FALSE,35,TRUE
arousal,жити,30,FALSE,35,TRUE
arousal,жовтень,31,FALSE,35,TRUE
arousal,жовтий,33,FALSE,35,TRUE
arousal,жорсткий,30,FALSE,35,TRUE
arousal,жорстокий,35,FALSE,35,FALSE
arousal,жорстокість,31,FALSE,35,TRUE
arousal,жувати,32,FALSE,35,TRUE
arousal,журнал,31,FALSE,35,TRUE
arousal,журналіст,52,TRUE,35,FALSE
arousal,журналістика,30,FALSE,35,TRUE
arousal,жінка,33,FALSE,35,TRUE
arousal,жіночий,32,FALSE,35,TRUE
arousal,з,30,FALSE,35,TRUE
arousal,забавний,24,TRUE,35,TRUE
arousal,заборонений,33,FALSE,35,TRUE
arousal,заборонено,31,FALSE,35,TRUE
arousal,заборонити,31,FALSE,35,TRUE
arousal,забороняти,32,FALSE,35,TRUE
arousal,забруднення,43,FALSE,35,FALSE
arousal,забути,53,TRUE,35,FALSE
arousal,заважати,31,FALSE,35,TRUE
arousal,завантажувати,30,FALSE,35,TRUE
arousal,завдання,35,FALSE,35,FALSE
arousal,завжди,42,FALSE,35,FALSE
arousal,завиток,34,FALSE,35,TRUE
arousal,завод,53,TRUE,35,FALSE
arousal,завтра,42,FALSE,35,FALSE
arousal,загалом,30,FALSE,35,TRUE
arousal,загальний,31,FALSE,35,TRUE
arousal,заголовок,33,FALSE,35,TRUE
arousal,загоюватися,31,FALSE,35,TRUE
arousal,задишка,31,FALSE,35,TRUE
arousal,задоволений,31,FALSE,35,TRUE
arousal,задоволення,31,FALSE,35,TRUE
arousal,зазвичай,33,FALSE,35,TRUE
arousal,закон,33,FALSE,35,TRUE
arousal,законний,32,FALSE,35,TRUE
arousal,закрита книга,30,FALSE,35,TRUE
arousal,закрито,30,FALSE,35,TRUE
arousal,закриття,33,FALSE,35,TRUE
arousal,закуска,36,FALSE,35,FALSE
arousal,закінчити,31,FALSE,35,TRUE
arousal,залишати,32,FALSE,35,TRUE
arousal,залишаються,42,FALSE,35,FALSE
arousal,залучати,30,FALSE,35,TRUE
arousal,залізо,31,FALSE,35,TRUE
arousal,замикання,35,FALSE,35,FALSE
arousal,замкнений,32,FALSE,35,TRUE
arousal,замку,31,FALSE,35,TRUE
arousal,замок,35,FALSE,35,FALSE
arousal,заморожувати,33,FALSE,35,TRUE
arousal,замінити,30,FALSE,35,TRUE
arousal,замінник,30,FALSE,35,TRUE
arousal,занепокоєння,33,FALSE,35,TRUE
arousal,занурений,34,FALSE,35,TRUE
arousal,запам'ятати,32,FALSE,35,TRUE
arousal,запах,35,FALSE,35,FALSE
arousal,записування,30,FALSE,35,TRUE
arousal,запит,53,TRUE,35,FALSE
arousal,запитай,41,FALSE,35,FALSE
arousal,запитання,31,FALSE,35,TRUE
arousal,запитувати,31,FALSE,35,TRUE
arousal,заповідник,31,FALSE,35,TRUE
arousal,запропонувати,43,FALSE,35,FALSE
arousal,запустити,32,FALSE,35,TRUE
arousal,зараз,32,FALSE,35,TRUE
arousal,зарозумілість,24,TRUE,35,TRUE
arousal,зарплата,31,FALSE,35,TRUE
arousal,заручення,34,FALSE,35,TRUE
arousal,заручниця,31,FALSE,35,TRUE
arousal,заслуговувати,53,TRUE,35,FALSE
arousal,застосовувати,31,FALSE,35,TRUE
arousal,затвердження,31,FALSE,35,TRUE
arousal,затверджувати,31,FALSE,35,TRUE
arousal,зателефонувати,52,TRUE,35,FALSE
arousal,затока,31,FALSE,35,TRUE
arousal,захворювання,37,FALSE,35,FALSE
arousal,захищати,31,FALSE,35,TRUE
arousal,захоплюватися,30,FALSE,35,TRUE
arousal,захоплюючий,36,FALSE,35,FALSE
arousal,захід сонця,36,FALSE,35,FALSE
arousal,західний,30,FALSE,35,TRUE
arousal,зачинено,30,FALSE,35,TRUE
arousal,заява,30,FALSE,35,TRUE
arousal,зберігати,33,FALSE,35,TRUE
arousal,збирати,30,FALSE,35,TRUE
arousal,зброю,31,FALSE,35,TRUE
arousal,зброя,31,FALSE,35,TRUE
arousal,збуджений,30,FALSE,35,TRUE
arousal,збільшити,33,FALSE,35,TRUE
arousal,звичайний,30,FALSE,35,TRUE
arousal,звук,30,FALSE,35,TRUE
arousal,звільнення,30,FALSE,35,TRUE
arousal,звір,35,FALSE,35,FALSE
arousal,звіт,31,FALSE,35,TRUE
arousal,здатність,31,FALSE,35,TRUE
arousal,здобич,32,FALSE,35,TRUE
arousal,здоров'я,32,FALSE,35,TRUE
arousal,здоровий,30,FALSE,35,TRUE
arousal,здравствуйте,30,FALSE,35,TRUE
arousal,зелений,32,FALSE,35,TRUE
arousal,землетрус,33,FALSE,35,TRUE
arousal,земля,32,FALSE,35,TRUE
arousal,зерно,33,FALSE,35,TRUE
arousal,ззаду,32,FALSE,35,TRUE
arousal,зима,24,TRUE,35,TRUE
arousal,зйомка,30,FALSE,35,TRUE
arousal,злий,30,FALSE,35,TRUE
arousal,зло,24,TRUE,35,TRUE
arousal,зловмисник,31,FALSE,35,TRUE
arousal,злодій,33,FALSE,35,TRUE
arousal,злочин,42,FALSE,35,FALSE
arousal,злочинний,42,FALSE,35,FALSE
arousal,злочинність,36,FALSE,35,FALSE
arousal,злість,31,FALSE,35,TRUE
arousal,змагання,32,FALSE,35,TRUE
arousal,змови,30,FALSE,35,TRUE
arousal,зміна,52,TRUE,35,FALSE
arousal,зміст,30,FALSE,35,TRUE
arousal,змія,36,FALSE,35,FALSE
arousal,знав,24,TRUE,35,TRUE
arousal,знайти,31,FALSE,35,TRUE
arousal,знак,36,FALSE,35,FALSE
arousal,знаменитий,24,TRUE,35,TRUE
arousal,знаменитість,34,FALSE,35,TRUE
arousal,знання,42,FALSE,35,FALSE
arousal,знаряддя,31,FALSE,35,TRUE
arousal,знаходження,31,FALSE,35,TRUE
arousal,значок,30,FALSE,35,TRUE
arousal,зникнення,41,FALSE,35,FALSE
arousal,зовні,43,FALSE,35,FALSE
arousal,зовнішній,31,FALSE,35,TRUE
arousal,зола,32,FALSE,35,TRUE
arousal,золотий,30,FALSE,35,TRUE
arousal,зомбі,31,FALSE,35,TRUE
arousal,зона,32,FALSE,35,TRUE
arousal,зонд,35,FALSE,35,FALSE
arousal,зоопарк,36,FALSE,35,FALSE
arousal,зосереджувати,30,FALSE,35,TRUE
arousal,зрадник,33,FALSE,35,TRUE
arousal,зрештою,30,FALSE,35,TRUE
arousal,зрозуміти,33,FALSE,35,TRUE
arousal,зручний,24,TRUE,35,TRUE
arousal,зрідка,31,FALSE,35,TRUE
arousal,зубний,31,FALSE,35,TRUE
arousal,зустріч,42,FALSE,35,FALSE
arousal,зустрічатися,32,FALSE,35,TRUE
arousal,зєднання,41,FALSE,35,FALSE
arousal,зізнатися,32,FALSE,35,TRUE
arousal,зірка,31,FALSE,35,TRUE
arousal,ймовірно,24,TRUE,35,TRUE
arousal,йога,32,FALSE,35,TRUE
arousal,йти,31,FALSE,35,TRUE
arousal,кабель,32,FALSE,35,TRUE
arousal,кабіна,36,FALSE,35,FALSE
arousal,кабінет,33,FALSE,35,TRUE
arousal,кава,31,FALSE,35,TRUE
arousal,кавалерія,53,TRUE,35,FALSE
arousal,календар,53,TRUE,35,FALSE
arousal,калібр,36,FALSE,35,FALSE
arousal,камеру,36,FALSE,35,FALSE
arousal,кампанія,44,FALSE,35,FALSE
arousal,камінь,32,FALSE,35,TRUE
arousal,канал,30,FALSE,35,TRUE
arousal,кандидат,31,FALSE,35,TRUE
arousal,канцлер,33,FALSE,35,TRUE
arousal,капелюх,41,FALSE,35,FALSE
arousal,каплиця,33,FALSE,35,TRUE
arousal,капсула,31,FALSE,35,TRUE
arousal,капітал,32,FALSE,35,TRUE
arousal,капіталізм,31,FALSE,35,TRUE
arousal,капітан,30,FALSE,35,TRUE
arousal,кар'єра,31,FALSE,35,TRUE
arousal,карати,54,TRUE,35,FALSE
arousal,кардинал,35,FALSE,35,FALSE
arousal,карнавал,34,FALSE,35,TRUE
arousal,карта,33,FALSE,35,TRUE
arousal,картель,35,FALSE,35,FALSE
arousal,картина,30,FALSE,35,TRUE
arousal,картопля,33,FALSE,35,TRUE
arousal,католицький,30,FALSE,35,TRUE
arousal,катування,31,FALSE,35,TRUE
arousal,кафедра,32,FALSE,35,TRUE
arousal,качка,32,FALSE,35,TRUE
arousal,кашель,31,FALSE,35,TRUE
arousal,квартал,30,FALSE,35,TRUE
arousal,квартира,33,FALSE,35,TRUE
arousal,квиток,33,FALSE,35,TRUE
arousal,квітка,41,FALSE,35,FALSE
arousal,кемпінг,34,FALSE,35,TRUE
arousal,керівник,37,FALSE,35,FALSE
arousal,кесар,31,FALSE,35,TRUE
arousal,кетчуп,33,FALSE,35,TRUE
arousal,килимок,37,FALSE,35,FALSE
arousal,кисень,33,FALSE,35,TRUE
arousal,кишеню,31,FALSE,35,TRUE
arousal,кишеня,32,FALSE,35,TRUE
arousal,клан,53,TRUE,35,FALSE
arousal,клапан,30,FALSE,35,TRUE
arousal,клас,53,TRUE,35,FALSE
arousal,класичний,37,FALSE,35,FALSE
arousal,клуб,32,FALSE,35,TRUE
arousal,ключ,33,FALSE,35,TRUE
arousal,клятва,32,FALSE,35,TRUE
arousal,клініка,35,FALSE,35,FALSE
arousal,клітина,30,FALSE,35,TRUE
arousal,клієнт,32,FALSE,35,TRUE
arousal,кмітливий,30,FALSE,35,TRUE
arousal,книга,31,FALSE,35,TRUE
arousal,кнопок,33,FALSE,35,TRUE
arousal,князь,24,TRUE,35,TRUE
arousal,ковбойський,31,FALSE,35,TRUE
arousal,ковдра,53,TRUE,35,FALSE
arousal,ковток,30,FALSE,35,TRUE
arousal,кодекс,32,FALSE,35,TRUE
arousal,кокаїн,32,FALSE,35,TRUE
arousal,кола,33,FALSE,35,TRUE
arousal,колега,30,FALSE,35,TRUE
arousal,коледж,32,FALSE,35,TRUE
arousal,колекціонувати,30,FALSE,35,TRUE
arousal,коли-небудь,34,FALSE,35,TRUE
arousal,колонія,32,FALSE,35,TRUE
arousal,коліна,32,FALSE,35,TRUE
arousal,команда,32,FALSE,35,TRUE
arousal,командування,36,FALSE,35,FALSE
arousal,командувач,52,TRUE,35,FALSE
arousal,комаха,30,FALSE,35,TRUE
arousal,комедія,31,FALSE,35,TRUE
arousal,коментар,31,FALSE,35,TRUE
arousal,комерційний,31,FALSE,35,TRUE
arousal,комп'ютер,73,FALSE,35,FALSE
arousal,компанія,32,FALSE,35,TRUE
arousal,компас,32,FALSE,35,TRUE
arousal,комплімент,34,FALSE,35,TRUE
arousal,комунікація,30,FALSE,35,TRUE
arousal,комуніст,32,FALSE,35,TRUE
arousal,комісар,32,FALSE,35,TRUE
arousal,комісія,43,FALSE,35,FALSE
arousal,комітет,31,FALSE,35,TRUE
arousal,конверт,31,FALSE,35,TRUE
arousal,конкуренція,32,FALSE,35,TRUE
arousal,консервативний,33,FALSE,35,TRUE
arousal,конституція,35,FALSE,35,FALSE
arousal,консультація,33,FALSE,35,TRUE
arousal,консультувати,33,FALSE,35,TRUE
arousal,контакт,32,FALSE,35,TRUE
arousal,контроль,31,FALSE,35,TRUE
arousal,конференція,31,FALSE,35,TRUE
arousal,конфлікт,35,FALSE,35,FALSE
arousal,конфіденційність,24,TRUE,35,TRUE
arousal,концентрат,31,FALSE,35,TRUE
arousal,концепція,31,FALSE,35,TRUE
arousal,концерт,35,FALSE,35,FALSE
arousal,коньяк,53,TRUE,35,FALSE
arousal,копати,30,FALSE,35,TRUE
arousal,копіювати,35,FALSE,35,FALSE
arousal,корабель,43,FALSE,35,FALSE
arousal,корисний,31,FALSE,35,TRUE
arousal,кориця,31,FALSE,35,TRUE
arousal,коричневий,33,FALSE,35,TRUE
arousal,коробка,24,TRUE,35,TRUE
arousal,корова,31,FALSE,35,TRUE
arousal,королева,30,FALSE,35,TRUE
arousal,короля,30,FALSE,35,TRUE
arousal,королівство,42,FALSE,35,FALSE
arousal,королівська,31,FALSE,35,TRUE
arousal,королівський,31,FALSE,35,TRUE
arousal,корона,31,FALSE,35,TRUE
arousal,короткий,31,FALSE,35,TRUE
arousal,корпорація,53,TRUE,35,FALSE
arousal,космонавт,35,FALSE,35,FALSE
arousal,коханець,34,FALSE,35,TRUE
arousal,коханий,42,FALSE,35,FALSE
arousal,кошик,31,FALSE,35,TRUE
arousal,кошмар,31,FALSE,35,TRUE
arousal,коштовність,30,FALSE,35,TRUE
arousal,краватка,32,FALSE,35,TRUE
arousal,крадіжка,24,TRUE,35,TRUE
arousal,крамниця,30,FALSE,35,TRUE
arousal,краса,32,FALSE,35,TRUE
arousal,красти,31,FALSE,35,TRUE
arousal,країна,31,FALSE,35,TRUE
arousal,кредит,30,FALSE,35,TRUE
arousal,крем,42,FALSE,35,FALSE
arousal,криза,34,FALSE,35,TRUE
arousal,кримінальний,32,FALSE,35,TRUE
arousal,критичний,30,FALSE,35,TRUE
arousal,кришка,33,FALSE,35,TRUE
arousal,кров,31,FALSE,35,TRUE
arousal,кролик,31,FALSE,35,TRUE
arousal,круглий,35,FALSE,35,FALSE
arousal,крутити,31,FALSE,35,TRUE
arousal,кузен,30,FALSE,35,TRUE
arousal,культура,31,FALSE,35,TRUE
arousal,куля,53,TRUE,35,FALSE
arousal,купувати,30,FALSE,35,TRUE
arousal,куртка,32,FALSE,35,TRUE
arousal,курятина,33,FALSE,35,TRUE
arousal,кут,24,TRUE,35,TRUE
arousal,кущ,32,FALSE,35,TRUE
arousal,кілограм,31,FALSE,35,TRUE
arousal,кілометр,31,FALSE,35,TRUE
arousal,кількість,31,FALSE,35,TRUE
arousal,кільце,32,FALSE,35,TRUE
arousal,кімната,32,FALSE,35,TRUE
arousal,кінець,34,FALSE,35,TRUE
arousal,кінотеатр,35,FALSE,35,FALSE
arousal,кінь,33,FALSE,35,TRUE
arousal,кістка,36,FALSE,35,FALSE
arousal,кішка,23,TRUE,35,TRUE
arousal,лазанья,33,FALSE,35,TRUE
arousal,лампа,42,FALSE,35,FALSE
arousal,ланцюг,32,FALSE,35,TRUE
arousal,лев,42,FALSE,35,FALSE
arousal,легенда,35,FALSE,35,FALSE
arousal,легкий,33,FALSE,35,TRUE
arousal,легко,42,FALSE,35,FALSE
arousal,легіон,54,TRUE,35,FALSE
arousal,леді,31,FALSE,35,TRUE
arousal,лежати,34,FALSE,35,TRUE
arousal,лежить,31,FALSE,35,TRUE
arousal,лейтенант,31,FALSE,35,TRUE
arousal,лекція,32,FALSE,35,TRUE
arousal,лесбійський,31,FALSE,35,TRUE
arousal,лестити,33,FALSE,35,TRUE
arousal,лизати,24,TRUE,35,TRUE
arousal,лимонад,31,FALSE,35,TRUE
arousal,липень,33,FALSE,35,TRUE
arousal,лисиця,31,FALSE,35,TRUE
arousal,лист,42,FALSE,35,FALSE
arousal,листопад,30,FALSE,35,TRUE
arousal,лихоманка,37,FALSE,35,FALSE
arousal,лобстер,42,FALSE,35,FALSE
arousal,ложка,31,FALSE,35,TRUE
arousal,лопатись,31,FALSE,35,TRUE
arousal,лорд,33,FALSE,35,TRUE
arousal,лояльний,31,FALSE,35,TRUE
arousal,лояльність,31,FALSE,35,TRUE
arousal,любов,24,TRUE,35,TRUE
arousal,люди,30,FALSE,35,TRUE
arousal,людина,35,FALSE,35,FALSE
arousal,людський,31,FALSE,35,TRUE
arousal,лють,31,FALSE,35,TRUE
arousal,лякати,31,FALSE,35,TRUE
arousal,лялька,42,FALSE,35,FALSE
arousal,ліберальний,34,FALSE,35,TRUE
arousal,ліворуч,32,FALSE,35,TRUE
arousal,ліга,32,FALSE,35,TRUE
arousal,лідер,34,FALSE,35,TRUE
arousal,ліжка,31,FALSE,35,TRUE
arousal,лікарня,42,FALSE,35,FALSE
arousal,ліки,33,FALSE,35,TRUE
arousal,лікування,33,FALSE,35,TRUE
arousal,лімузин,31,FALSE,35,TRUE
arousal,лін,31,FALSE,35,TRUE
arousal,ліс,32,FALSE,35,TRUE
arousal,літати,31,FALSE,35,TRUE
arousal,література,30,FALSE,35,TRUE
arousal,літній,33,FALSE,35,TRUE
arousal,м'яз,33,FALSE,35,TRUE
arousal,м'який,30,FALSE,35,TRUE
arousal,м'ясо,32,FALSE,35,TRUE
arousal,мабуть,33,FALSE,35,TRUE
arousal,мавпа,31,FALSE,35,TRUE
arousal,магазин,35,FALSE,35,FALSE
arousal,магнітний,32,FALSE,35,TRUE
arousal,магія,30,FALSE,35,TRUE
arousal,майбутнє,43,FALSE,35,FALSE
arousal,майно,35,FALSE,35,FALSE
arousal,майонез,32,FALSE,35,TRUE
arousal,максимальний,32,FALSE,35,TRUE
arousal,малий,32,FALSE,35,TRUE
arousal,мало,32,FALSE,35,TRUE
arousal,малювати,33,FALSE,35,TRUE
arousal,маля,33,FALSE,35,TRUE
arousal,мама,32,FALSE,35,TRUE
arousal,маніпулювати,33,FALSE,35,TRUE
arousal,марафон,30,FALSE,35,TRUE
arousal,марка,35,FALSE,35,FALSE
arousal,маркетинг,31,FALSE,35,TRUE
arousal,марний,31,FALSE,35,TRUE
arousal,марс,32,FALSE,35,TRUE
arousal,маршрут,30,FALSE,35,TRUE
arousal,масаж,35,FALSE,35,FALSE
arousal,масло,42,FALSE,35,FALSE
arousal,математика,44,FALSE,35,FALSE
arousal,матерія,33,FALSE,35,TRUE
arousal,мати,43,FALSE,35,FALSE
arousal,матрос,30,FALSE,35,TRUE
arousal,матч,24,TRUE,35,TRUE
arousal,мафія,32,FALSE,35,TRUE
arousal,машина,52,TRUE,35,FALSE
arousal,мед,24,TRUE,35,TRUE
arousal,медаль,34,FALSE,35,TRUE
arousal,медальйон,31,FALSE,35,TRUE
arousal,медичний,31,FALSE,35,TRUE
arousal,менеджмент,35,FALSE,35,FALSE
arousal,мер,43,FALSE,35,FALSE
arousal,мера,31,FALSE,35,TRUE
arousal,мережа,35,FALSE,35,FALSE
arousal,мертвий,30,FALSE,35,TRUE
arousal,метал,43,FALSE,35,FALSE
arousal,металевий,30,FALSE,35,TRUE
arousal,метелик,31,FALSE,35,TRUE
arousal,метод,32,FALSE,35,TRUE
arousal,метр,30,FALSE,35,TRUE
arousal,механічний,30,FALSE,35,TRUE
arousal,меч,31,FALSE,35,TRUE
arousal,милий,31,FALSE,35,TRUE
arousal,милосердя,30,FALSE,35,TRUE
arousal,миля,31,FALSE,35,TRUE
arousal,минуле,32,FALSE,35,TRUE
arousal,мистецтво,33,FALSE,35,TRUE
arousal,мити,42,FALSE,35,FALSE
arousal,миша,31,FALSE,35,TRUE
arousal,мовчазний,53,TRUE,35,FALSE
arousal,мовчання,33,FALSE,35,TRUE
arousal,могила,36,FALSE,35,FALSE
arousal,модель,53,TRUE,35,FALSE
arousal,модний,30,FALSE,35,TRUE
arousal,може бути,34,FALSE,35,TRUE
arousal,можливість,30,FALSE,35,TRUE
arousal,мозок,31,FALSE,35,TRUE
arousal,мокрий,30,FALSE,35,TRUE
arousal,молодий,35,FALSE,35,FALSE
arousal,молодший,51,TRUE,35,FALSE
arousal,молодь,34,FALSE,35,TRUE
arousal,молоко,31,FALSE,35,TRUE
arousal,молоток,36,FALSE,35,FALSE
arousal,молочний,31,FALSE,35,TRUE
arousal,монастир,32,FALSE,35,TRUE
arousal,монах,31,FALSE,35,TRUE
arousal,монстр,31,FALSE,35,TRUE
arousal,монтаж,31,FALSE,35,TRUE
arousal,монітор,24,TRUE,35,TRUE
arousal,море,32,FALSE,35,TRUE
arousal,морський,31,FALSE,35,TRUE
arousal,морфін,31,FALSE,35,TRUE
arousal,мотель,31,FALSE,35,TRUE
arousal,мотив,31,FALSE,35,TRUE
arousal,моторошний,31,FALSE,35,TRUE
arousal,мотузка,31,FALSE,35,TRUE
arousal,мрія,30,FALSE,35,TRUE
arousal,мужність,30,FALSE,35,TRUE
arousal,музей,31,FALSE,35,TRUE
arousal,музика,32,FALSE,35,TRUE
arousal,музикант,33,FALSE,35,TRUE
arousal,мурашка,30,FALSE,35,TRUE
arousal,мутація,36,FALSE,35,FALSE
arousal,мучити,31,FALSE,35,TRUE
arousal,міжнародний,36,FALSE,35,FALSE
arousal,мікроскоп,43,FALSE,35,FALSE
arousal,мікрофон,32,FALSE,35,TRUE
arousal,мільйон,30,FALSE,35,TRUE
arousal,мільйонер,31,FALSE,35,TRUE
arousal,мільярд,53,TRUE,35,FALSE
arousal,мін,31,FALSE,35,TRUE
arousal,мінус,36,FALSE,35,FALSE
arousal,мінімальний,30,FALSE,35,TRUE
arousal,міністерство,36,FALSE,35,FALSE
arousal,міністр,31,FALSE,35,TRUE
arousal,міст,41,FALSE,35,FALSE
arousal,містити,37,FALSE,35,FALSE
arousal,місто,30,FALSE,35,TRUE
arousal,місце,30,FALSE,35,TRUE
arousal,місцевий,32,FALSE,35,TRUE
arousal,місяць,33,FALSE,35,TRUE
arousal,місячний,43,FALSE,35,FALSE
arousal,місія,31,FALSE,35,TRUE
arousal,міф,30,FALSE,35,TRUE
arousal,міцний,31,FALSE,35,TRUE
arousal,міцно,30,FALSE,35,TRUE
arousal,міць,36,FALSE,35,FALSE
arousal,мішок,32,FALSE,35,TRUE
arousal,навантаження,34,FALSE,35,TRUE
arousal,навколо,31,FALSE,35,TRUE
arousal,навмисно,30,FALSE,35,TRUE
arousal,навпаки,32,FALSE,35,TRUE
arousal,навчати,52,TRUE,35,FALSE
arousal,навчатися,35,FALSE,35,FALSE
arousal,навігація,31,FALSE,35,TRUE
arousal,нагорода,37,FALSE,35,FALSE
arousal,надавати,31,FALSE,35,TRUE
arousal,надзвичайний,32,FALSE,35,TRUE
arousal,надзвичайно,24,TRUE,35,TRUE
arousal,надихати,30,FALSE,35,TRUE
arousal,надприродливий,31,FALSE,35,TRUE
arousal,надсилати,31,FALSE,35,TRUE
arousal,надія,30,FALSE,35,TRUE
arousal,назавжди,32,FALSE,35,TRUE
arousal,назад,42,FALSE,35,FALSE
arousal,назва,32,FALSE,35,TRUE
arousal,назовні,33,FALSE,35,TRUE
arousal,наймання,32,FALSE,35,TRUE
arousal,налякати,43,FALSE,35,FALSE
arousal,намисто,35,FALSE,35,FALSE
arousal,намір,31,FALSE,35,TRUE
arousal,написання,32,FALSE,35,TRUE
arousal,наречена,53,TRUE,35,FALSE
arousal,наречений,41,FALSE,35,FALSE
arousal,нарешті,32,FALSE,35,TRUE
arousal,наркотики,31,FALSE,35,TRUE
arousal,народ,31,FALSE,35,TRUE
arousal,народження,34,FALSE,35,TRUE
arousal,населення,53,TRUE,35,FALSE
arousal,насос,31,FALSE,35,TRUE
arousal,насправді,35,FALSE,35,FALSE
arousal,натовп,33,FALSE,35,TRUE
arousal,натхнення,31,FALSE,35,TRUE
arousal,наука,34,FALSE,35,TRUE
arousal,національний,24,TRUE,35,TRUE
arousal,наємник,53,TRUE,35,FALSE
arousal,наївний,30,FALSE,35,TRUE
arousal,не в змозі,41,FALSE,35,FALSE
arousal,не помітно,42,FALSE,35,FALSE
arousal,небезпека,43,FALSE,35,FALSE
arousal,небезпечний,35,FALSE,35,FALSE
arousal,небесний,53,TRUE,35,FALSE
arousal,небо,43,FALSE,35,FALSE
arousal,невдаха,34,FALSE,35,TRUE
arousal,невеликі,43,FALSE,35,FALSE
arousal,невинний,32,FALSE,35,TRUE
arousal,невідомий,30,FALSE,35,TRUE
arousal,негативний,42,FALSE,35,FALSE
arousal,недооцінювати,32,FALSE,35,TRUE
arousal,неділя,43,FALSE,35,FALSE
arousal,незаконний,33,FALSE,35,TRUE
arousal,незвичайний,32,FALSE,35,TRUE
arousal,нездатний,33,FALSE,35,TRUE
arousal,нездатність,33,FALSE,35,TRUE
arousal,нездоровий,31,FALSE,35,TRUE
arousal,незнання,24,TRUE,35,TRUE
arousal,незручний,33,FALSE,35,TRUE
arousal,неможливий,53,TRUE,35,FALSE
arousal,неможливо,41,FALSE,35,FALSE
arousal,ненависть,42,FALSE,35,FALSE
arousal,необхідний,30,FALSE,35,TRUE
arousal,неправедність,30,FALSE,35,TRUE
arousal,неправильний,34,FALSE,35,TRUE
arousal,неприємний,34,FALSE,35,TRUE
arousal,неприємність,32,FALSE,35,TRUE
arousal,нервовий,33,FALSE,35,TRUE
arousal,нерозумний,32,FALSE,35,TRUE
arousal,несподівано,31,FALSE,35,TRUE
arousal,несправедливість,35,FALSE,35,FALSE
arousal,нещасний,31,FALSE,35,TRUE
arousal,нещастя,31,FALSE,35,TRUE
arousal,нещодавно,34,FALSE,35,TRUE
arousal,нижній,53,TRUE,35,FALSE
arousal,низький,31,FALSE,35,TRUE
arousal,нирка,30,FALSE,35,TRUE
arousal,нирки,42,FALSE,35,FALSE
arousal,нова,52,TRUE,35,FALSE
arousal,новини,36,FALSE,35,FALSE
arousal,нормальний,34,FALSE,35,TRUE
arousal,нормально,42,FALSE,35,FALSE
arousal,нос,30,FALSE,35,TRUE
arousal,нудота,30,FALSE,35,TRUE
arousal,няня,32,FALSE,35,TRUE
arousal,ніж,53,TRUE,35,FALSE
arousal,ніжний,34,FALSE,35,TRUE
arousal,ніколи,36,FALSE,35,FALSE
arousal,нікчемний,33,FALSE,35,TRUE
arousal,ніндзя,35,FALSE,35,FALSE
arousal,ніч,42,FALSE,35,FALSE
arousal,ніщо,32,FALSE,35,TRUE
arousal,об'єкт,32,FALSE,35,TRUE
arousal,обвинувачення,36,FALSE,35,FALSE
arousal,обговорення,30,FALSE,35,TRUE
arousal,обирати,33,FALSE,35,TRUE
arousal,обкладинка,42,FALSE,35,FALSE
arousal,обладнання,42,FALSE,35,FALSE
arousal,обладнувати,37,FALSE,35,FALSE
arousal,обов'язок,32,FALSE,35,TRUE
arousal,ображати,30,FALSE,35,TRUE
arousal,образливість,32,FALSE,35,TRUE
arousal,обслуговування,31,FALSE,35,TRUE
arousal,обстеження,30,FALSE,35,TRUE
arousal,обід,43,FALSE,35,FALSE
arousal,обіймати,24,TRUE,35,TRUE
arousal,обійми,42,FALSE,35,FALSE
arousal,обіцянка,53,TRUE,35,FALSE
arousal,обґрунтування,31,FALSE,35,TRUE
arousal,огидний,33,FALSE,35,TRUE
arousal,оголений,33,FALSE,35,TRUE
arousal,огорожа,41,FALSE,35,FALSE
arousal,один,32,FALSE,35,TRUE
arousal,одиночний,52,TRUE,35,FALSE
arousal,одкровення,31,FALSE,35,TRUE
arousal,одружений,34,FALSE,35,TRUE
arousal,озеро,31,FALSE,35,TRUE
arousal,океан,31,FALSE,35,TRUE
arousal,око,34,FALSE,35,TRUE
arousal,округ,31,FALSE,35,TRUE
arousal,окуляри,52,TRUE,35,FALSE
arousal,оновити,34,FALSE,35,TRUE
arousal,онук,35,FALSE,35,FALSE
arousal,оперативний,34,FALSE,35,TRUE
arousal,опис,42,FALSE,35,FALSE
arousal,описати,31,FALSE,35,TRUE
arousal,описувати,32,FALSE,35,TRUE
arousal,опонент,31,FALSE,35,TRUE
arousal,оптимістичний,31,FALSE,35,TRUE
arousal,опівдні,32,FALSE,35,TRUE
arousal,опівночі,53,TRUE,35,FALSE
arousal,опір,32,FALSE,35,TRUE
arousal,орбіта,42,FALSE,35,FALSE
arousal,оргазм,31,FALSE,35,TRUE
arousal,організувати,29,FALSE,35,TRUE
arousal,орендар,32,FALSE,35,TRUE
arousal,орендодавець,30,FALSE,35,TRUE
arousal,орендувати,33,FALSE,35,TRUE
arousal,оригінал,43,FALSE,35,FALSE
arousal,оригінальний,32,FALSE,35,TRUE
arousal,оркестр,32,FALSE,35,TRUE
arousal,освіта,32,FALSE,35,TRUE
arousal,осел,32,FALSE,35,TRUE
arousal,особистий,30,FALSE,35,TRUE
arousal,особистість,33,FALSE,35,TRUE
arousal,особливий,30,FALSE,35,TRUE
arousal,остання,32,FALSE,35,TRUE
arousal,останній,30,FALSE,35,TRUE
arousal,остаточний,31,FALSE,35,TRUE
arousal,осінь,33,FALSE,35,TRUE
arousal,отворити,52,TRUE,35,FALSE
arousal,отрута,31,FALSE,35,TRUE
arousal,офіс,31,FALSE,35,TRUE
arousal,офіціант,43,FALSE,35,FALSE
arousal,офіціантка,31,FALSE,35,TRUE
arousal,офіційний,31,FALSE,35,TRUE
arousal,офіційно,31,FALSE,35,TRUE
arousal,охоронець,34,FALSE,35,TRUE
arousal,оцінка,32,FALSE,35,TRUE
arousal,оцінювати,33,FALSE,35,TRUE
arousal,очевидно,31,FALSE,35,TRUE
arousal,очікувати,30,FALSE,35,TRUE
arousal,п'яний,34,FALSE,35,TRUE
arousal,паб,32,FALSE,35,TRUE
arousal,павук,33,FALSE,35,TRUE
arousal,павутина,31,FALSE,35,TRUE
arousal,пагорб,30,FALSE,35,TRUE
arousal,падіння,53,TRUE,35,FALSE
arousal,пакет,30,FALSE,35,TRUE
arousal,палац,32,FALSE,35,TRUE
arousal,палець,35,FALSE,35,FALSE
arousal,паливо,32,FALSE,35,TRUE
arousal,палиця,31,FALSE,35,TRUE
arousal,палуба,33,FALSE,35,TRUE
arousal,пам'ятник,33,FALSE,35,TRUE
arousal,памятай,31,FALSE,35,TRUE
arousal,паніка,42,FALSE,35,FALSE
arousal,папа,30,FALSE,35,TRUE
arousal,папір,30,FALSE,35,TRUE
arousal,параграф,30,FALSE,35,TRUE
arousal,параметр,32,FALSE,35,TRUE
arousal,паранормальний,36,FALSE,35,FALSE
arousal,параноїдальний,54,TRUE,35,FALSE
arousal,паркан,53,TRUE,35,FALSE
arousal,парламент,32,FALSE,35,TRUE
arousal,пароль,53,TRUE,35,FALSE
arousal,партія,30,FALSE,35,TRUE
arousal,парфуми,33,FALSE,35,TRUE
arousal,пасажирський,52,TRUE,35,FALSE
arousal,паспорт,30,FALSE,35,TRUE
arousal,пастка,32,FALSE,35,TRUE
arousal,патруль,32,FALSE,35,TRUE
arousal,пацюк,30,FALSE,35,TRUE
arousal,пекер,31,FALSE,35,TRUE
arousal,пекло,31,FALSE,35,TRUE
arousal,пенсія,30,FALSE,35,TRUE
arousal,пеніс,42,FALSE,35,FALSE
arousal,первинний,32,FALSE,35,TRUE
arousal,перебування,32,FALSE,35,TRUE
arousal,перебільшувати,42,FALSE,35,FALSE
arousal,передавач,32,FALSE,35,TRUE
arousal,передача,30,FALSE,35,TRUE
arousal,перемога,24,TRUE,35,TRUE
arousal,переможець,31,FALSE,35,TRUE
arousal,переміститися,42,FALSE,35,FALSE
arousal,перерва,35,FALSE,35,FALSE
arousal,переривати,31,FALSE,35,TRUE
arousal,переслідувати,30,FALSE,35,TRUE
arousal,перешкода,24,TRUE,35,TRUE
arousal,периметр,24,TRUE,35,TRUE
arousal,перспективний,33,FALSE,35,TRUE
arousal,період,33,FALSE,35,TRUE
arousal,печатка,32,FALSE,35,TRUE
arousal,печінка,53,TRUE,35,FALSE
arousal,пиво,32,FALSE,35,TRUE
arousal,пил,30,FALSE,35,TRUE
arousal,пильна,44,FALSE,35,FALSE
arousal,пильний,32,FALSE,35,TRUE
arousal,писати,32,FALSE,35,TRUE
arousal,письменник,42,FALSE,35,FALSE
arousal,пити,34,FALSE,35,TRUE
arousal,плавати,30,FALSE,35,TRUE
arousal,планета,36,FALSE,35,FALSE
arousal,планування,31,FALSE,35,TRUE
arousal,планувати,30,FALSE,35,TRUE
arousal,пластик,31,FALSE,35,TRUE
arousal,платформа,31,FALSE,35,TRUE
arousal,плейбой,31,FALSE,35,TRUE
arousal,племінник,31,FALSE,35,TRUE
arousal,плече,31,FALSE,35,TRUE
arousal,плоскіший,30,FALSE,35,TRUE
arousal,площа,30,FALSE,35,TRUE
arousal,плутанина,31,FALSE,35,TRUE
arousal,плюс,53,TRUE,35,FALSE
arousal,пляжний,30,FALSE,35,TRUE
arousal,пляшка,35,FALSE,35,FALSE
arousal,плітки,30,FALSE,35,TRUE
arousal,пов'язувати,30,FALSE,35,TRUE
arousal,повага,31,FALSE,35,TRUE
arousal,повернення,43,FALSE,35,FALSE
arousal,повертатися,32,FALSE,35,TRUE
arousal,поверхня,31,FALSE,35,TRUE
arousal,повний,53,TRUE,35,FALSE
arousal,повністю,43,FALSE,35,FALSE
arousal,поворот,31,FALSE,35,TRUE
arousal,повідомлення,30,FALSE,35,TRUE
arousal,повідомляти,33,FALSE,35,TRUE
arousal,повільний,24,TRUE,35,TRUE
arousal,повільно,30,FALSE,35,TRUE
arousal,повітря,34,FALSE,35,TRUE
arousal,поганий,35,FALSE,35,FALSE
arousal,погано,41,FALSE,35,FALSE
arousal,погляд,35,FALSE,35,FALSE
arousal,пограбування,31,FALSE,35,TRUE
arousal,подвійний,31,FALSE,35,TRUE
arousal,подивитися,30,FALSE,35,TRUE
arousal,подряпка,43,FALSE,35,FALSE
arousal,подяка,32,FALSE,35,TRUE
arousal,подія,32,FALSE,35,TRUE
arousal,поема,32,FALSE,35,TRUE
arousal,поет,30,FALSE,35,TRUE
arousal,пожежа,33,FALSE,35,TRUE
arousal,пожертвування,32,FALSE,35,TRUE
arousal,позбавлення волі,32,FALSE,35,TRUE
arousal,позика,42,FALSE,35,FALSE
arousal,позитивний,32,FALSE,35,TRUE
arousal,позиція,30,FALSE,35,TRUE
arousal,показувати,33,FALSE,35,TRUE
arousal,покарати,42,FALSE,35,FALSE
arousal,покер,24,TRUE,35,TRUE
arousal,покладати,33,FALSE,35,TRUE
arousal,покоївка,32,FALSE,35,TRUE
arousal,покривати,31,FALSE,35,TRUE
arousal,покупець,33,FALSE,35,TRUE
arousal,поле бою,34,FALSE,35,TRUE
arousal,полк,31,FALSE,35,TRUE
arousal,полковник,44,FALSE,35,FALSE
arousal,половина,32,FALSE,35,TRUE
arousal,полум'я,30,FALSE,35,TRUE
arousal,полуниця,44,FALSE,35,FALSE
arousal,полювання,41,FALSE,35,FALSE
arousal,поліпшення,33,FALSE,35,TRUE
arousal,політ,30,FALSE,35,TRUE
arousal,політик,35,FALSE,35,FALSE
arousal,політика,31,FALSE,35,TRUE
arousal,політичний,32,FALSE,35,TRUE
arousal,помада,31,FALSE,35,TRUE
arousal,помаранчевий,30,FALSE,35,TRUE
arousal,померти,30,FALSE,35,TRUE
arousal,помилка,32,FALSE,35,TRUE
arousal,помилковий,30,FALSE,35,TRUE
arousal,помститися,24,TRUE,35,TRUE
arousal,помідор,32,FALSE,35,TRUE
arousal,помічник,31,FALSE,35,TRUE
arousal,понеділок,33,FALSE,35,TRUE
arousal,попел,31,FALSE,35,TRUE
arousal,попит,53,TRUE,35,FALSE
arousal,попряма,34,FALSE,35,TRUE
arousal,популярний,35,FALSE,35,FALSE
arousal,поразка,30,FALSE,35,TRUE
arousal,порно,30,FALSE,35,TRUE
arousal,порожній,32,FALSE,35,TRUE
arousal,порох,31,FALSE,35,TRUE
arousal,портал,33,FALSE,35,TRUE
arousal,портфель,31,FALSE,35,TRUE
arousal,порядок,34,FALSE,35,TRUE
arousal,порятунок,32,FALSE,35,TRUE
arousal,посадка,31,FALSE,35,TRUE
arousal,посла,32,FALSE,35,TRUE
arousal,посольство,31,FALSE,35,TRUE
arousal,постріл,24,TRUE,35,TRUE
arousal,постійно,33,FALSE,35,TRUE
arousal,потворний,23,TRUE,35,TRUE
arousal,потенціал,42,FALSE,35,FALSE
arousal,поточний,31,FALSE,35,TRUE
arousal,потреба,31,FALSE,35,TRUE
arousal,потрійний,32,FALSE,35,TRUE
arousal,потужність,52,TRUE,35,FALSE
arousal,потяг,33,FALSE,35,TRUE
arousal,потік,31,FALSE,35,TRUE
arousal,похибка,32,FALSE,35,TRUE
arousal,поховати,31,FALSE,35,TRUE
arousal,похорон,41,FALSE,35,FALSE
arousal,похоронний,51,TRUE,35,FALSE
arousal,поцілунок,31,FALSE,35,TRUE
arousal,почерк,30,FALSE,35,TRUE
arousal,почути,33,FALSE,35,TRUE
arousal,пошта,31,FALSE,35,TRUE
arousal,пошук,42,FALSE,35,FALSE
arousal,пояснення,30,FALSE,35,TRUE
arousal,поєднання,31,FALSE,35,TRUE
arousal,поїзд,42,FALSE,35,FALSE
arousal,правдоподібний,32,FALSE,35,TRUE
arousal,правий,30,FALSE,35,TRUE
arousal,правила,32,FALSE,35,TRUE
arousal,правильний,30,FALSE,35,TRUE
arousal,практика,30,FALSE,35,TRUE
arousal,практично,43,FALSE,35,FALSE
arousal,прапор,30,FALSE,35,TRUE
arousal,працювати,30,FALSE,35,TRUE
arousal,праця,31,FALSE,35,TRUE
arousal,предмет,33,FALSE,35,TRUE
arousal,президент,32,FALSE,35,TRUE
arousal,прекрасно,30,FALSE,35,TRUE
arousal,прес,33,FALSE,35,TRUE
arousal,престол,31,FALSE,35,TRUE
arousal,прибути,35,FALSE,35,FALSE
arousal,прибуток,31,FALSE,35,TRUE
arousal,прибуття,30,FALSE,35,TRUE
arousal,привабливий,36,FALSE,35,FALSE
arousal,приватний,31,FALSE,35,TRUE
arousal,привід,31,FALSE,35,TRUE
arousal,привілей,30,FALSE,35,TRUE
arousal,привітати,32,FALSE,35,TRUE
arousal,приз,32,FALSE,35,TRUE
arousal,признай,31,FALSE,35,TRUE
arousal,призначення,23,TRUE,35,TRUE
arousal,приймати,53,TRUE,35,FALSE
arousal,прийом,30,FALSE,35,TRUE
arousal,приклад,32,FALSE,35,TRUE
arousal,прилад,31,FALSE,35,TRUE
arousal,приманка,30,FALSE,35,TRUE
arousal,приносити,30,FALSE,35,TRUE
arousal,принцеса,35,FALSE,35,FALSE
arousal,припущення,52,TRUE,35,FALSE
arousal,природний,31,FALSE,35,TRUE
arousal,природно,32,FALSE,35,TRUE
arousal,прислухатися,41,FALSE,35,FALSE
arousal,пристойний,30,FALSE,35,TRUE
arousal,пристрасть,32,FALSE,35,TRUE
arousal,присутність,30,FALSE,35,TRUE
arousal,присяга,30,FALSE,35,TRUE
arousal,присягати,31,FALSE,35,TRUE
arousal,притулок,30,FALSE,35,TRUE
arousal,приховати,31,FALSE,35,TRUE
arousal,приходити,24,TRUE,35,TRUE
arousal,причина,53,TRUE,35,FALSE
arousal,причіп,30,FALSE,35,TRUE
arousal,приємний,35,FALSE,35,FALSE
arousal,приємно,31,FALSE,35,TRUE
arousal,про,24,TRUE,35,TRUE
arousal,проблема,32,FALSE,35,TRUE
arousal,провал,53,TRUE,35,FALSE
arousal,програвець,31,FALSE,35,TRUE
arousal,програма,32,FALSE,35,TRUE
arousal,програмне забезпечення,33,FALSE,35,TRUE
arousal,прогрес,43,FALSE,35,FALSE
arousal,прогулянка,36,FALSE,35,FALSE
arousal,продавати,24,TRUE,35,TRUE
arousal,продавець,31,FALSE,35,TRUE
arousal,продаж,30,FALSE,35,TRUE
arousal,продовжувати,32,FALSE,35,TRUE
arousal,продукт,31,FALSE,35,TRUE
arousal,продукти,32,FALSE,35,TRUE
arousal,продуктивність,41,FALSE,35,FALSE
arousal,проект,31,FALSE,35,TRUE
arousal,прокляття,33,FALSE,35,TRUE
arousal,проковтнути,35,FALSE,35,FALSE
arousal,прокурор,32,FALSE,35,TRUE
arousal,проповідь,33,FALSE,35,TRUE
arousal,пропозиція,30,FALSE,35,TRUE
arousal,пропонувати,32,FALSE,35,TRUE
arousal,проспект,31,FALSE,35,TRUE
arousal,простий,32,FALSE,35,TRUE
arousal,просто,32,FALSE,35,TRUE
arousal,протест,41,FALSE,35,FALSE
arousal,протокол,31,FALSE,35,TRUE
arousal,прототип,30,FALSE,35,TRUE
arousal,професор,31,FALSE,35,TRUE
arousal,професійний,33,FALSE,35,TRUE
arousal,професіонал,31,FALSE,35,TRUE
arousal,профіль,31,FALSE,35,TRUE
arousal,прохолодний,30,FALSE,35,TRUE
arousal,процедура,31,FALSE,35,TRUE
arousal,процес,32,FALSE,35,TRUE
arousal,прощати,30,FALSE,35,TRUE
arousal,прощення,24,TRUE,35,TRUE
arousal,прямий,33,FALSE,35,TRUE
arousal,прізвище,32,FALSE,35,TRUE
arousal,псевдонім,32,FALSE,35,TRUE
arousal,психологічний,34,FALSE,35,TRUE
arousal,психологія,32,FALSE,35,TRUE
arousal,психічний,31,FALSE,35,TRUE
arousal,птах,53,TRUE,35,FALSE
arousal,пульс,24,TRUE,35,TRUE
arousal,пустеля,33,FALSE,35,TRUE
arousal,пухлина,31,FALSE,35,TRUE
arousal,піаніно,30,FALSE,35,TRUE
arousal,південний,30,FALSE,35,TRUE
arousal,північний,32,FALSE,35,TRUE
arousal,підводний човен,42,FALSE,35,FALSE
arousal,підготовка,30,FALSE,35,TRUE
arousal,підготувати,24,TRUE,35,TRUE
arousal,підйом,30,FALSE,35,TRUE
arousal,підключення,33,FALSE,35,TRUE
arousal,підлога,42,FALSE,35,FALSE
arousal,підлітковий,30,FALSE,35,TRUE
arousal,підліток,30,FALSE,35,TRUE
arousal,підніматися,31,FALSE,35,TRUE
arousal,підозрювати,53,TRUE,35,FALSE
arousal,підпис,42,FALSE,35,FALSE
arousal,підприємець,35,FALSE,35,FALSE
arousal,підробка,33,FALSE,35,TRUE
arousal,підрозділ,31,FALSE,35,TRUE
arousal,підсумок,31,FALSE,35,TRUE
arousal,підтвердження,35,FALSE,35,FALSE
arousal,підтверджувати,32,FALSE,35,TRUE
arousal,підтвердити,31,FALSE,35,TRUE
arousal,підтримка,31,FALSE,35,TRUE
arousal,підтримувати,31,FALSE,35,TRUE
arousal,пізно,33,FALSE,35,TRUE
arousal,пікнік,41,FALSE,35,FALSE
arousal,пілот,41,FALSE,35,FALSE
arousal,пінг,44,FALSE,35,FALSE
arousal,піраміда,33,FALSE,35,TRUE
arousal,піратський,30,FALSE,35,TRUE
arousal,пісня,30,FALSE,35,TRUE
arousal,пісок,30,FALSE,35,TRUE
arousal,пістолет,30,FALSE,35,TRUE
arousal,піхва,30,FALSE,35,TRUE
arousal,піч,32,FALSE,35,TRUE
arousal,раб,30,FALSE,35,TRUE
arousal,равлик,32,FALSE,35,TRUE
arousal,радар,31,FALSE,35,TRUE
arousal,радіо,24,TRUE,35,TRUE
arousal,радість,34,FALSE,35,TRUE
arousal,радіус,30,FALSE,35,TRUE
arousal,рай,33,FALSE,35,TRUE
arousal,район,32,FALSE,35,TRUE
arousal,рак,30,FALSE,35,TRUE
arousal,ракета,31,FALSE,35,TRUE
arousal,ракетний,34,FALSE,35,TRUE
arousal,раковина,31,FALSE,35,TRUE
arousal,рана,34,FALSE,35,TRUE
arousal,рано,34,FALSE,35,TRUE
arousal,ранок,53,TRUE,35,FALSE
arousal,раноподібний,31,FALSE,35,TRUE
arousal,раптом,32,FALSE,35,TRUE
arousal,расист,42,FALSE,35,FALSE
arousal,рахувати,30,FALSE,35,TRUE
arousal,реагувати,35,FALSE,35,FALSE
arousal,реактор,34,FALSE,35,TRUE
arousal,реальний,35,FALSE,35,FALSE
arousal,реальність,32,FALSE,35,TRUE
arousal,реалістичний,42,FALSE,35,FALSE
arousal,ревнивий,31,FALSE,35,TRUE
arousal,регіональний,33,FALSE,35,TRUE
arousal,результат,32,FALSE,35,TRUE
arousal,реклама,30,FALSE,35,TRUE
arousal,рекомендувати,32,FALSE,35,TRUE
arousal,рекорд,30,FALSE,35,TRUE
arousal,релігія,32,FALSE,35,TRUE
arousal,ремонт,42,FALSE,35,FALSE
arousal,репортер,32,FALSE,35,TRUE
arousal,репутація,32,FALSE,35,TRUE
arousal,ресторан,42,FALSE,35,FALSE
arousal,речення,30,FALSE,35,TRUE
arousal,ржавий,31,FALSE,35,TRUE
arousal,риба,32,FALSE,35,TRUE
arousal,риболовля,51,TRUE,35,FALSE
arousal,ризик,32,FALSE,35,TRUE
arousal,ризикований,32,FALSE,35,TRUE
arousal,рим,31,FALSE,35,TRUE
arousal,римський,41,FALSE,35,FALSE
arousal,ритм,52,TRUE,35,FALSE
arousal,ритуальний,23,TRUE,35,TRUE
arousal,робити,53,TRUE,35,FALSE
arousal,робот,30,FALSE,35,TRUE
arousal,робота,30,FALSE,35,TRUE
arousal,робітник,31,FALSE,35,TRUE
arousal,родео,42,FALSE,35,FALSE
arousal,родитель,31,FALSE,35,TRUE
arousal,розбити,36,FALSE,35,FALSE
arousal,розбиття,31,FALSE,35,TRUE
arousal,розвал,33,FALSE,35,TRUE
arousal,розвиток,33,FALSE,35,TRUE
arousal,розглядати,34,FALSE,35,TRUE
arousal,розглянути,30,FALSE,35,TRUE
arousal,розділ,33,FALSE,35,TRUE
arousal,розкажіть,43,FALSE,35,FALSE
arousal,розклад,33,FALSE,35,TRUE
arousal,розлучення,30,FALSE,35,TRUE
arousal,розмова,31,FALSE,35,TRUE
arousal,розмовляти,37,FALSE,35,FALSE
arousal,розмір,30,FALSE,35,TRUE
arousal,розповідати,32,FALSE,35,TRUE
arousal,розраховувати,31,FALSE,35,TRUE
arousal,розрив,30,FALSE,35,TRUE
arousal,розрізати,31,FALSE,35,TRUE
arousal,розслідувати,42,FALSE,35,FALSE
arousal,розташування,24,TRUE,35,TRUE
arousal,розтопити,32,FALSE,35,TRUE
arousal,розумний,33,FALSE,35,TRUE
arousal,розумні,31,FALSE,35,TRUE
arousal,розчарування,31,FALSE,35,TRUE
arousal,рок,31,FALSE,35,TRUE
arousal,ром,32,FALSE,35,TRUE
arousal,романтичний,33,FALSE,35,TRUE
arousal,ромео,30,FALSE,35,TRUE
arousal,рослина,31,FALSE,35,TRUE
arousal,рот,32,FALSE,35,TRUE
arousal,руйнування,35,FALSE,35,FALSE
arousal,рухатися,31,FALSE,35,TRUE
arousal,ручка,33,FALSE,35,TRUE
arousal,ручний,35,FALSE,35,FALSE
arousal,рушник,35,FALSE,35,FALSE
arousal,рятівник,32,FALSE,35,TRUE
arousal,рівномірний,30,FALSE,35,TRUE
arousal,ріг,30,FALSE,35,TRUE
arousal,рідина,33,FALSE,35,TRUE
arousal,рідко,32,FALSE,35,TRUE
arousal,різдво,31,FALSE,35,TRUE
arousal,різдвяний,31,FALSE,35,TRUE
arousal,річка,36,FALSE,35,FALSE
arousal,саботаж,31,FALSE,35,TRUE
arousal,салат,30,FALSE,35,TRUE
arousal,самогубство,33,FALSE,35,TRUE
arousal,самотній,41,FALSE,35,FALSE
arousal,самурай,34,FALSE,35,TRUE
arousal,сантиметр,36,FALSE,35,FALSE
arousal,свинина,30,FALSE,35,TRUE
arousal,свиня,32,FALSE,35,TRUE
arousal,свисток,33,FALSE,35,TRUE
arousal,свобода,30,FALSE,35,TRUE
arousal,свято,33,FALSE,35,TRUE
arousal,священик,34,FALSE,35,TRUE
arousal,свідок,32,FALSE,35,TRUE
arousal,свідчення,30,FALSE,35,TRUE
arousal,свіжий,33,FALSE,35,TRUE
arousal,світ,31,FALSE,35,TRUE
arousal,світанок,33,FALSE,35,TRUE
arousal,свічка,31,FALSE,35,TRUE
arousal,сейф,31,FALSE,35,TRUE
arousal,секретар,34,FALSE,35,TRUE
arousal,секретний,31,FALSE,35,TRUE
arousal,сексуальний,32,FALSE,35,TRUE
arousal,село,31,FALSE,35,TRUE
arousal,семінар,43,FALSE,35,FALSE
arousal,сенат,31,FALSE,35,TRUE
arousal,сенатор,30,FALSE,35,TRUE
arousal,сенс,31,FALSE,35,TRUE
arousal,сенсаційний,30,FALSE,35,TRUE
arousal,середовище,35,FALSE,35,FALSE
arousal,сержант,32,FALSE,35,TRUE
arousal,серія,30,FALSE,35,TRUE
arousal,сестра,33,FALSE,35,TRUE
arousal,сеча,30,FALSE,35,TRUE
arousal,сигара,53,TRUE,35,FALSE
arousal,сигарета,32,FALSE,35,TRUE
arousal,сигнал,30,FALSE,35,TRUE
arousal,сигналізація,32,FALSE,35,TRUE
arousal,сидіти,35,FALSE,35,FALSE
arousal,сила,31,FALSE,35,TRUE
arousal,сильний,51,TRUE,35,FALSE
arousal,сильно,33,FALSE,35,TRUE
arousal,символ,32,FALSE,35,TRUE
arousal,симптом,30,FALSE,35,TRUE
arousal,син,35,FALSE,35,FALSE
arousal,синдром,35,FALSE,35,FALSE
arousal,синяк,42,FALSE,35,FALSE
arousal,синій,43,FALSE,35,FALSE
arousal,сир,30,FALSE,35,TRUE
arousal,сиріт,32,FALSE,35,TRUE
arousal,система,36,FALSE,35,FALSE
arousal,ситуація,30,FALSE,35,TRUE
arousal,сказати,31,FALSE,35,TRUE
arousal,скандал,30,FALSE,35,TRUE
arousal,скарбниця,32,FALSE,35,TRUE
arousal,скарга,32,FALSE,35,TRUE
arousal,склянка,33,FALSE,35,TRUE
arousal,скорочувати,30,FALSE,35,TRUE
arousal,скромний,42,FALSE,35,FALSE
arousal,слабкий,31,FALSE,35,TRUE
arousal,слава,34,FALSE,35,TRUE
arousal,славний,32,FALSE,35,TRUE
arousal,словник,32,FALSE,35,TRUE
arousal,слово,33,FALSE,35,TRUE
arousal,слуга,33,FALSE,35,TRUE
arousal,служба,33,FALSE,35,TRUE
arousal,слух,31,FALSE,35,TRUE
arousal,слухати,32,FALSE,35,TRUE
arousal,сльоза,42,FALSE,35,FALSE
arousal,слідувати,33,FALSE,35,TRUE
arousal,сліпий,32,FALSE,35,TRUE
arousal,смак,35,FALSE,35,FALSE
arousal,смачний,31,FALSE,35,TRUE
arousal,смертельний,33,FALSE,35,TRUE
arousal,смерть,31,FALSE,35,TRUE
arousal,смоктати,53,TRUE,35,FALSE
arousal,сміття,34,FALSE,35,TRUE
arousal,смішний,32,FALSE,35,TRUE
arousal,смішно,31,FALSE,35,TRUE
arousal,сміятися,31,FALSE,35,TRUE
arousal,снайпер,30,FALSE,35,TRUE
arousal,сніг,30,FALSE,35,TRUE
arousal,снід,31,FALSE,35,TRUE
arousal,сніданок,31,FALSE,35,TRUE
arousal,собака,35,FALSE,35,FALSE
arousal,сода,32,FALSE,35,TRUE
arousal,солдат,30,FALSE,35,TRUE
arousal,солодке,31,FALSE,35,TRUE
arousal,солодкий,30,FALSE,35,TRUE
arousal,сонце,33,FALSE,35,TRUE
arousal,сонячний,31,FALSE,35,TRUE
arousal,сорочка,43,FALSE,35,FALSE
arousal,сортувати,33,FALSE,35,TRUE
arousal,сотня,30,FALSE,35,TRUE
arousal,соус,32,FALSE,35,TRUE
arousal,спагетті,32,FALSE,35,TRUE
arousal,спагеті,42,FALSE,35,FALSE
arousal,спадщина,43,FALSE,35,FALSE
arousal,спальня,41,FALSE,35,FALSE
arousal,спантеличеність,31,FALSE,35,TRUE
arousal,спасибі,31,FALSE,35,TRUE
arousal,спати,30,FALSE,35,TRUE
arousal,спеціаліст,53,TRUE,35,FALSE
arousal,сповіщення,32,FALSE,35,TRUE
arousal,спокійний,30,FALSE,35,TRUE
arousal,спокійно,31,FALSE,35,TRUE
arousal,спорт,44,FALSE,35,FALSE
arousal,спостереження,43,FALSE,35,FALSE
arousal,спочатку,30,FALSE,35,TRUE
arousal,справедливість,30,FALSE,35,TRUE
arousal,справжній,35,FALSE,35,FALSE
arousal,спрага,35,FALSE,35,FALSE
arousal,спроба,30,FALSE,35,TRUE
arousal,спробувати,23,TRUE,35,TRUE
arousal,спробуй,42,FALSE,35,FALSE
arousal,співак,34,FALSE,35,TRUE
arousal,співчувати,33,FALSE,35,TRUE
arousal,співчуття,53,TRUE,35,FALSE
arousal,спідниця,32,FALSE,35,TRUE
arousal,спілкування,32,FALSE,35,TRUE
arousal,спільнота,31,FALSE,35,TRUE
arousal,срібло,35,FALSE,35,FALSE
arousal,ставлення,32,FALSE,35,TRUE
arousal,стадіон,54,TRUE,35,FALSE
arousal,сталь,34,FALSE,35,TRUE
arousal,стандартний,24,TRUE,35,TRUE
arousal,станція,31,FALSE,35,TRUE
arousal,старий,24,TRUE,35,TRUE
arousal,старший,31,FALSE,35,TRUE
arousal,статися,31,FALSE,35,TRUE
arousal,стаття,42,FALSE,35,FALSE
arousal,статус,31,FALSE,35,TRUE
arousal,статуя,31,FALSE,35,TRUE
arousal,створення,31,FALSE,35,TRUE
arousal,створювати,33,FALSE,35,TRUE
arousal,створіння,32,FALSE,35,TRUE
arousal,стиль,32,FALSE,35,TRUE
arousal,сто,31,FALSE,35,TRUE
arousal,століття,31,FALSE,35,TRUE
arousal,стоп,24,TRUE,35,TRUE
arousal,стоянка,43,FALSE,35,FALSE
arousal,стояти,31,FALSE,35,TRUE
arousal,страждання,31,FALSE,35,TRUE
arousal,страждати,36,FALSE,35,FALSE
arousal,страйк,33,FALSE,35,TRUE
arousal,стратегія,33,FALSE,35,TRUE
arousal,страх,33,FALSE,35,TRUE
arousal,страшний,30,FALSE,35,TRUE
arousal,стрес,35,FALSE,35,FALSE
arousal,стрибати,43,FALSE,35,FALSE
arousal,стрибок,31,FALSE,35,TRUE
arousal,стриманий,31,FALSE,35,TRUE
arousal,структура,34,FALSE,35,TRUE
arousal,струм,31,FALSE,35,TRUE
arousal,стріляти,43,FALSE,35,FALSE
arousal,студент,30,FALSE,35,TRUE
arousal,стурбований,31,FALSE,35,TRUE
arousal,стіл,32,FALSE,35,TRUE
arousal,стіна,33,FALSE,35,TRUE
arousal,субота,31,FALSE,35,TRUE
arousal,судити,31,FALSE,35,TRUE
arousal,судно,30,FALSE,35,TRUE
arousal,судовий,31,FALSE,35,TRUE
arousal,судовий процес,31,FALSE,35,TRUE
arousal,сукня,30,FALSE,35,TRUE
arousal,сума,31,FALSE,35,TRUE
arousal,сумний,34,FALSE,35,TRUE
arousal,сумніватися,33,FALSE,35,TRUE
arousal,суміш,31,FALSE,35,TRUE
arousal,суп,30,FALSE,35,TRUE
arousal,суперечка,30,FALSE,35,TRUE
arousal,супермен,24,TRUE,35,TRUE
arousal,супроводжувати,35,FALSE,35,FALSE
arousal,супротив,32,FALSE,35,TRUE
arousal,супутник,32,FALSE,35,TRUE
arousal,суспільство,34,FALSE,35,TRUE
arousal,сухий,36,FALSE,35,FALSE
arousal,сучасний,33,FALSE,35,TRUE
arousal,сховатися,33,FALSE,35,TRUE
arousal,східний,30,FALSE,35,TRUE
arousal,сьогодні,24,TRUE,35,TRUE
arousal,сюрприз,32,FALSE,35,TRUE
arousal,сік,24,TRUE,35,TRUE
arousal,сім'я,33,FALSE,35,TRUE
arousal,таблетка,33,FALSE,35,TRUE
arousal,таблиця,29,FALSE,35,TRUE
arousal,табір,34,FALSE,35,TRUE
arousal,таймер,31,FALSE,35,TRUE
arousal,так,35,FALSE,35,FALSE
arousal,таксі,24,TRUE,35,TRUE
arousal,талант,32,FALSE,35,TRUE
arousal,там,52,TRUE,35,FALSE
arousal,танк,32,FALSE,35,TRUE
arousal,танцювати,31,FALSE,35,TRUE
arousal,танцівниця,31,FALSE,35,TRUE
arousal,тарілка,32,FALSE,35,TRUE
arousal,тато,33,FALSE,35,TRUE
arousal,татуювання,32,FALSE,35,TRUE
arousal,таємниця,33,FALSE,35,TRUE
arousal,тварина,34,FALSE,35,TRUE
arousal,тверезий,32,FALSE,35,TRUE
arousal,творчість,31,FALSE,35,TRUE
arousal,театр,31,FALSE,35,TRUE
arousal,текст,30,FALSE,35,TRUE
arousal,телебачення,34,FALSE,35,TRUE
arousal,телеграма,32,FALSE,35,TRUE
arousal,телескоп,30,FALSE,35,TRUE
arousal,телефон,35,FALSE,35,FALSE
arousal,темний,31,FALSE,35,TRUE
arousal,температура,31,FALSE,35,TRUE
arousal,темрява,36,FALSE,35,FALSE
arousal,теніс,31,FALSE,35,TRUE
arousal,теорія,31,FALSE,35,TRUE
arousal,тепер,43,FALSE,35,FALSE
arousal,теплий,33,FALSE,35,TRUE
arousal,тепло,30,FALSE,35,TRUE
arousal,терапія,43,FALSE,35,FALSE
arousal,термінал,33,FALSE,35,TRUE
arousal,терміновий,35,FALSE,35,FALSE
arousal,терпіння,51,TRUE,35,FALSE
arousal,тестування,53,TRUE,35,FALSE
arousal,технологія,35,FALSE,35,FALSE
arousal,техніка,32,FALSE,35,TRUE
arousal,технічний,23,TRUE,35,TRUE
arousal,технічні,31,FALSE,35,TRUE
arousal,тиждень,31,FALSE,35,TRUE
arousal,типовий,31,FALSE,35,TRUE
arousal,тиск,35,FALSE,35,FALSE
arousal,тисяча,31,FALSE,35,TRUE
arousal,тихоокеанський,31,FALSE,35,TRUE
arousal,тканина,31,FALSE,35,TRUE
arousal,товстий,42,FALSE,35,FALSE
arousal,тонкий,30,FALSE,35,TRUE
arousal,торговець,53,TRUE,35,FALSE
arousal,торнадо,30,FALSE,35,TRUE
arousal,торт,32,FALSE,35,TRUE
arousal,тост,54,TRUE,35,FALSE
arousal,точка,32,FALSE,35,TRUE
arousal,травма,31,FALSE,35,TRUE
arousal,трагічний,32,FALSE,35,TRUE
arousal,традиційний,36,FALSE,35,FALSE
arousal,транспортний засіб,32,FALSE,35,TRUE
arousal,тренер,31,FALSE,35,TRUE
arousal,третій,32,FALSE,35,TRUE
arousal,три,31,FALSE,35,TRUE
arousal,тригер,31,FALSE,35,TRUE
arousal,трикутник,53,TRUE,35,FALSE
arousal,трофей,42,FALSE,35,FALSE
arousal,труна,52,TRUE,35,FALSE
arousal,труп,42,FALSE,35,FALSE
arousal,трюк,52,TRUE,35,FALSE
arousal,тріщина,31,FALSE,35,TRUE
arousal,туалет,31,FALSE,35,TRUE
arousal,туга,31,FALSE,35,TRUE
arousal,туман,32,FALSE,35,TRUE
arousal,тунель,33,FALSE,35,TRUE
arousal,тунець,34,FALSE,35,TRUE
arousal,турбота,31,FALSE,35,TRUE
arousal,турбувати,31,FALSE,35,TRUE
arousal,турист,31,FALSE,35,TRUE
arousal,турнір,30,FALSE,35,TRUE
arousal,тут,31,FALSE,35,TRUE
arousal,тютюн,32,FALSE,35,TRUE
arousal,тягнути,32,FALSE,35,TRUE
arousal,тіло,41,FALSE,35,FALSE
arousal,тінь,31,FALSE,35,TRUE
arousal,убивця,30,FALSE,35,TRUE
arousal,убити,32,FALSE,35,TRUE
arousal,ув'язнений,32,FALSE,35,TRUE
arousal,увага,34,FALSE,35,TRUE
arousal,уважність,32,FALSE,35,TRUE
arousal,увязнення,31,FALSE,35,TRUE
arousal,угоду,31,FALSE,35,TRUE
arousal,ударити,53,TRUE,35,FALSE
arousal,узбережжі,31,FALSE,35,TRUE
arousal,університет,32,FALSE,35,TRUE
arousal,унікальний,31,FALSE,35,TRUE
arousal,упертий,35,FALSE,35,FALSE
arousal,управляти,32,FALSE,35,TRUE
arousal,ураган,31,FALSE,35,TRUE
arousal,уряд,24,TRUE,35,TRUE
arousal,урятувати,32,FALSE,35,TRUE
arousal,усвідомлювати,35,FALSE,35,FALSE
arousal,усмішка,23,TRUE,35,TRUE
arousal,успадковувати,34,FALSE,35,TRUE
arousal,успадкувати,42,FALSE,35,FALSE
arousal,успіх,24,TRUE,35,TRUE
arousal,усунути,33,FALSE,35,TRUE
arousal,утонув,42,FALSE,35,FALSE
arousal,утримувати,32,FALSE,35,TRUE
arousal,уява,32,FALSE,35,TRUE
arousal,фаза,32,FALSE,35,TRUE
arousal,факс,32,FALSE,35,TRUE
arousal,фактично,30,FALSE,35,TRUE
arousal,фактор,31,FALSE,35,TRUE
arousal,фантазія,33,FALSE,35,TRUE
arousal,фантастичний,31,FALSE,35,TRUE
arousal,фарбувати,30,FALSE,35,TRUE
arousal,фатальний,35,FALSE,35,FALSE
arousal,фатум,35,FALSE,35,FALSE
arousal,федеральний,33,FALSE,35,TRUE
arousal,федерація,30,FALSE,35,TRUE
arousal,фермер,31,FALSE,35,TRUE
arousal,фестиваль,44,FALSE,35,FALSE
arousal,флот,32,FALSE,35,TRUE
arousal,форма,32,FALSE,35,TRUE
arousal,фотограф,30,FALSE,35,TRUE
arousal,фотографія,34,FALSE,35,TRUE
arousal,фрагмент,31,FALSE,35,TRUE
arousal,фраза,32,FALSE,35,TRUE
arousal,французький,31,FALSE,35,TRUE
arousal,фронт,53,TRUE,35,FALSE
arousal,фрукти,31,FALSE,35,TRUE
arousal,функціональний,43,FALSE,35,FALSE
arousal,фунт,31,FALSE,35,TRUE
arousal,фургон,32,FALSE,35,TRUE
arousal,футбол,31,FALSE,35,TRUE
arousal,фізика,32,FALSE,35,TRUE
arousal,фізичний,31,FALSE,35,TRUE
arousal,філософія,30,FALSE,35,TRUE
arousal,фільм,31,FALSE,35,TRUE
arousal,фінанси,42,FALSE,35,FALSE
arousal,фінансовий,32,FALSE,35,TRUE
arousal,фінансово,43,FALSE,35,FALSE
arousal,фінансування,43,FALSE,35,FALSE
arousal,фірма,53,TRUE,35,FALSE
arousal,хабар,30,FALSE,35,TRUE
arousal,хаос,42,FALSE,35,FALSE
arousal,хапати,33,FALSE,35,TRUE
arousal,характер,31,FALSE,35,TRUE
arousal,хвилина,33,FALSE,35,TRUE
arousal,хворий,30,FALSE,35,TRUE
arousal,хижак,31,FALSE,35,TRUE
arousal,хлопче,31,FALSE,35,TRUE
arousal,хлопчик,31,FALSE,35,TRUE
arousal,хлопчики,32,FALSE,35,TRUE
arousal,хліб,52,TRUE,35,FALSE
arousal,хмара,31,FALSE,35,TRUE
arousal,хобі,31,FALSE,35,TRUE
arousal,ходити,31,FALSE,35,TRUE
arousal,холодний,30,FALSE,35,TRUE
arousal,хоробрий,24,TRUE,35,TRUE
arousal,храм,30,FALSE,35,TRUE
arousal,хребетний,33,FALSE,35,TRUE
arousal,християнин,33,FALSE,35,TRUE
arousal,художник,32,FALSE,35,TRUE
arousal,хустка,31,FALSE,35,TRUE
arousal,хімічний,31,FALSE,35,TRUE
arousal,хімічні,42,FALSE,35,FALSE
arousal,хімія,44,FALSE,35,FALSE
arousal,хірург,30,FALSE,35,TRUE
arousal,хірургія,33,FALSE,35,TRUE
arousal,цвинтар,36,FALSE,35,FALSE
arousal,цвях,32,FALSE,35,TRUE
arousal,цемент,35,FALSE,35,FALSE
arousal,церебральний,32,FALSE,35,TRUE
arousal,церемонія,36,FALSE,35,FALSE
arousal,церква,33,FALSE,35,TRUE
arousal,цибуля,32,FALSE,35,TRUE
arousal,цивільний,32,FALSE,35,TRUE
arousal,цивілізація,35,FALSE,35,FALSE
arousal,цинічний,30,FALSE,35,TRUE
arousal,цирк,31,FALSE,35,TRUE
arousal,цукор,30,FALSE,35,TRUE
arousal,цікавий,32,FALSE,35,TRUE
arousal,ціна,31,FALSE,35,TRUE
arousal,цінний,33,FALSE,35,TRUE
arousal,чарівний,53,TRUE,35,FALSE
arousal,чарівник,31,FALSE,35,TRUE
arousal,чарівність,32,FALSE,35,TRUE
arousal,часник,32,FALSE,35,TRUE
arousal,частка,32,FALSE,35,TRUE
arousal,часто,32,FALSE,35,TRUE
arousal,частота,31,FALSE,35,TRUE
arousal,чаша,32,FALSE,35,TRUE
arousal,чашка,31,FALSE,35,TRUE
arousal,чекати,30,FALSE,35,TRUE
arousal,чемпіон,32,FALSE,35,TRUE
arousal,чемпіонат,31,FALSE,35,TRUE
arousal,черв'як,35,FALSE,35,FALSE
arousal,червень,31,FALSE,35,TRUE
arousal,червоний,32,FALSE,35,TRUE
arousal,черевний,32,FALSE,35,TRUE
arousal,череп,31,FALSE,35,TRUE
arousal,черепаха,32,FALSE,35,TRUE
arousal,чесний,31,FALSE,35,TRUE
arousal,чесність,30,FALSE,35,TRUE
arousal,честь,44,FALSE,35,FALSE
arousal,четвертий,30,FALSE,35,TRUE
arousal,число,31,FALSE,35,TRUE
arousal,чистий,30,FALSE,35,TRUE
arousal,читання,31,FALSE,35,TRUE
arousal,читати,31,FALSE,35,TRUE
arousal,член,30,FALSE,35,TRUE
arousal,човен,32,FALSE,35,TRUE
arousal,чоловік,31,FALSE,35,TRUE
arousal,чоловічий,31,FALSE,35,TRUE
arousal,чорний,31,FALSE,35,TRUE
arousal,чотири,30,FALSE,35,TRUE
arousal,чувак,31,FALSE,35,TRUE
arousal,чудовий,31,FALSE,35,TRUE
arousal,чудово,41,FALSE,35,FALSE
arousal,чужий,30,FALSE,35,TRUE
arousal,чума,30,FALSE,35,TRUE
arousal,чутливий,32,FALSE,35,TRUE
arousal,чіп,32,FALSE,35,TRUE
arousal,чітко,30,FALSE,35,TRUE
arousal,шампанське,32,FALSE,35,TRUE
arousal,шанс,31,FALSE,35,TRUE
arousal,шантаж,24,TRUE,35,TRUE
arousal,шар,33,FALSE,35,TRUE
arousal,шафа,35,FALSE,35,FALSE
arousal,шахрайство,42,FALSE,35,FALSE
arousal,швидка допомога,34,FALSE,35,TRUE
arousal,швидкий,34,FALSE,35,TRUE
arousal,швидко,53,TRUE,35,FALSE
arousal,швидкість,31,FALSE,35,TRUE
arousal,шериф,33,FALSE,35,TRUE
arousal,шерлок,31,FALSE,35,TRUE
arousal,шеф-кухар,32,FALSE,35,TRUE
arousal,шийка,52,TRUE,35,FALSE
arousal,широкий,43,FALSE,35,FALSE
arousal,шия,31,FALSE,35,TRUE
arousal,школу,36,FALSE,35,FALSE
arousal,шкіра,30,FALSE,35,TRUE
arousal,шланг,31,FALSE,35,TRUE
arousal,шлунок,31,FALSE,35,TRUE
arousal,шлюб,30,FALSE,35,TRUE
arousal,шматок,31,FALSE,35,TRUE
arousal,шовк,31,FALSE,35,TRUE
arousal,шоколад,30,FALSE,35,TRUE
arousal,шолом,32,FALSE,35,TRUE
arousal,шосе,33,FALSE,35,TRUE
arousal,шпигун,31,FALSE,35,TRUE
arousal,шпигунство,34,FALSE,35,TRUE
arousal,шприц,31,FALSE,35,TRUE
arousal,шрам,30,FALSE,35,TRUE
arousal,штаб-квартира,31,FALSE,35,TRUE
arousal,штабквартира,43,FALSE,35,FALSE
arousal,штовхати,32,FALSE,35,TRUE
arousal,штраф,43,FALSE,35,FALSE
arousal,штурм,34,FALSE,35,TRUE
arousal,штучний,24,TRUE,35,TRUE
arousal,шум,32,FALSE,35,TRUE
arousal,шутер,33,FALSE,35,TRUE
arousal,щасливий,34,FALSE,35,TRUE
arousal,ще,53,TRUE,35,FALSE
arousal,щедрий,30,FALSE,35,TRUE
arousal,щит,31,FALSE,35,TRUE
arousal,що,30,FALSE,35,TRUE
arousal,що саме,36,FALSE,35,FALSE
arousal,щодня,35,FALSE,35,FALSE
arousal,щока,30,FALSE,35,TRUE
arousal,щось,32,FALSE,35,TRUE
arousal,щотижнево,31,FALSE,35,TRUE
arousal,щотижня,53,TRUE,35,FALSE
arousal,ювілей,31,FALSE,35,TRUE
arousal,юридичний,43,FALSE,35,FALSE
arousal,юрисдикція,31,FALSE,35,TRUE
arousal,юрист,34,FALSE,35,TRUE
arousal,яблучний,32,FALSE,35,TRUE
arousal,явище,36,FALSE,35,FALSE
arousal,ядерний,30,FALSE,35,TRUE
arousal,яйце,33,FALSE,35,TRUE
arousal,якор,31,FALSE,35,TRUE
arousal,якість,42,FALSE,35,FALSE
arousal,ярмарок,23,TRUE,35,TRUE
arousal,яскравий,32,FALSE,35,TRUE
arousal,ящірка,31,FALSE,35,TRUE
arousal,єдиний,32,FALSE,35,TRUE
arousal,єпископ,32,FALSE,35,TRUE
arousal,ігла,42,FALSE,35,FALSE
arousal,іграшка,32,FALSE,35,TRUE
arousal,ідеальний,33,FALSE,35,TRUE
arousal,ідея,34,FALSE,35,TRUE
arousal,ідіот,52,TRUE,35,FALSE
arousal,ілюзія,53,TRUE,35,FALSE
arousal,імператор,35,FALSE,35,FALSE
arousal,імперська,43,FALSE,35,FALSE
arousal,імперський,34,FALSE,35,TRUE
arousal,імперія,32,FALSE,35,TRUE
arousal,імя,43,FALSE,35,FALSE
arousal,ін'єкція,74,FALSE,35,FALSE
arousal,інвестор,33,FALSE,35,TRUE
arousal,інвестувати,31,FALSE,35,TRUE
arousal,індивідуальний,32,FALSE,35,TRUE
arousal,індичка,33,FALSE,35,TRUE
arousal,інженер,31,FALSE,35,TRUE
arousal,іноді,33,FALSE,35,TRUE
arousal,інспектор,32,FALSE,35,TRUE
arousal,інспекція,30,FALSE,35,TRUE
arousal,інстинкт,33,FALSE,35,TRUE
arousal,інструмент,52,TRUE,35,FALSE
arousal,інтернет,32,FALSE,35,TRUE
arousal,інтимний,30,FALSE,35,TRUE
arousal,інтуїція,31,FALSE,35,TRUE
arousal,інфекція,30,FALSE,35,TRUE
arousal,інформатор,51,TRUE,35,FALSE
arousal,інформація,30,FALSE,35,TRUE
arousal,інформувати,31,FALSE,35,TRUE
arousal,інцидент,31,FALSE,35,TRUE
arousal,інший,31,FALSE,35,TRUE
arousal,іржавий,32,FALSE,35,TRUE
arousal,іронічний,31,FALSE,35,TRUE
arousal,іронія,36,FALSE,35,FALSE
arousal,їжа,34,FALSE,35,TRUE
arousal,їздити,35,FALSE,35,FALSE
arousal,їсти,30,FALSE,35,TRUE
concrete,ufo,31,FALSE,35,TRUE
concrete,НЛО,28,FALSE,35,TRUE
concrete,абсолютно,29,FALSE,35,TRUE
concrete,абсурдний,29,FALSE,35,TRUE
concrete,аварія,30,FALSE,35,TRUE
concrete,автобус,30,FALSE,35,TRUE
concrete,автограф,34,FALSE,35,TRUE
concrete,автор,34,FALSE,35,TRUE
concrete,агент,34,FALSE,35,TRUE
concrete,агентство,35,FALSE,35,FALSE
concrete,адміністративний,34,FALSE,35,TRUE
concrete,адміністрація,28,FALSE,35,TRUE
concrete,адреналін,33,FALSE,35,TRUE
concrete,адреса,28,FALSE,35,TRUE
concrete,аеропорт,29,FALSE,35,TRUE
concrete,азартні ігри,41,FALSE,35,FALSE
concrete,акт,22,TRUE,35,TRUE
concrete,активний,31,FALSE,35,TRUE
concrete,активувати,31,FALSE,35,TRUE
concrete,актор,40,FALSE,35,FALSE
concrete,акула,28,FALSE,35,TRUE
concrete,акцент,22,TRUE,35,TRUE
concrete,алея,28,FALSE,35,TRUE
concrete,алкоголь,49,TRUE,35,FALSE
concrete,алмаз,34,FALSE,35,TRUE
concrete,альбом,35,FALSE,35,FALSE
concrete,альфа,28,FALSE,35,TRUE
concrete,алібі,31,FALSE,35,TRUE
concrete,аматорський,28,FALSE,35,TRUE
concrete,америка,40,FALSE,35,FALSE
concrete,аналогічний,34,FALSE,35,TRUE
concrete,аналіз,22,TRUE,35,TRUE
concrete,аналітик,29,FALSE,35,TRUE
concrete,анархія,32,FALSE,35,TRUE
concrete,анатомія,30,FALSE,35,TRUE
concrete,ангел,35,FALSE,35,FALSE
concrete,англійська,40,FALSE,35,FALSE
concrete,англійська мова,29,FALSE,35,TRUE
concrete,анонімний,33,FALSE,35,TRUE
concrete,антидот,50,TRUE,35,FALSE
concrete,апетитний,29,FALSE,35,TRUE
concrete,арена,34,FALSE,35,TRUE
concrete,арешт,36,FALSE,35,FALSE
concrete,армія,30,FALSE,35,TRUE
concrete,арсенал,33,FALSE,35,TRUE
concrete,артерія,33,FALSE,35,TRUE
concrete,артефакт,30,FALSE,35,TRUE
concrete,артилерія,30,FALSE,35,TRUE
concrete,архітектор,32,FALSE,35,TRUE
concrete,аспірин,34,FALSE,35,TRUE
concrete,атакувати,34,FALSE,35,TRUE
concrete,атлантичний,34,FALSE,35,TRUE
concrete,атмосфера,28,FALSE,35,TRUE
concrete,атомний,40,FALSE,35,FALSE
concrete,аудиторія,29,FALSE,35,TRUE
concrete,аукціон,29,FALSE,35,TRUE
concrete,аутопсія,33,FALSE,35,TRUE
concrete,африка,29,FALSE,35,TRUE
concrete,бабуся,30,FALSE,35,TRUE
concrete,бавовна,30,FALSE,35,TRUE
concrete,багатий,32,FALSE,35,TRUE
concrete,багатство,35,FALSE,35,FALSE
concrete,бажання,39,FALSE,35,FALSE
concrete,база,30,FALSE,35,TRUE
concrete,баланс,49,TRUE,35,FALSE
concrete,банан,31,FALSE,35,TRUE
concrete,банда,35,FALSE,35,FALSE
concrete,банківський,28,FALSE,35,TRUE
concrete,банкір,33,FALSE,35,TRUE
concrete,бар,30,FALSE,35,TRUE
concrete,барон,34,FALSE,35,TRUE
concrete,баскетбол,29,FALSE,35,TRUE
concrete,батальйон,30,FALSE,35,TRUE
concrete,батько,29,FALSE,35,TRUE
concrete,бачення,34,FALSE,35,TRUE
concrete,башта,34,FALSE,35,TRUE
concrete,бджола,36,FALSE,35,FALSE
concrete,безвідповідальний,36,FALSE,35,FALSE
concrete,безкорисливий,39,FALSE,35,FALSE
concrete,безпека,39,FALSE,35,FALSE
concrete,безпечний,37,FALSE,35,FALSE
concrete,безпорадний,23,TRUE,35,TRUE
concrete,безпосередньо,32,FALSE,35,TRUE
concrete,безсилий,28,FALSE,35,TRUE
concrete,безцінний,40,FALSE,35,FALSE
concrete,бейсбол,41,FALSE,35,FALSE
concrete,бекон,30,FALSE,35,TRUE
concrete,бетмен,34,FALSE,35,TRUE
concrete,бетон,30,FALSE,35,TRUE
concrete,битва,32,FALSE,35,TRUE
concrete,благодійність,40,FALSE,35,FALSE
concrete,благородний,39,FALSE,35,FALSE
concrete,близький,32,FALSE,35,TRUE
concrete,близько,23,TRUE,35,TRUE
concrete,блиск,36,FALSE,35,FALSE
concrete,блискавка,32,FALSE,35,TRUE
concrete,бог,33,FALSE,35,TRUE
concrete,боже,34,FALSE,35,TRUE
concrete,божевілля,34,FALSE,35,TRUE
concrete,божевільний,33,FALSE,35,TRUE
concrete,божественний,34,FALSE,35,TRUE
concrete,бойовий,35,FALSE,35,FALSE
concrete,бомба,36,FALSE,35,FALSE
concrete,бонус,33,FALSE,35,TRUE
concrete,борг,32,FALSE,35,TRUE
concrete,борода,30,FALSE,35,TRUE
concrete,боронити,30,FALSE,35,TRUE
concrete,боротися,28,FALSE,35,TRUE
concrete,борошно,28,FALSE,35,TRUE
concrete,бос,28,FALSE,35,TRUE
concrete,бостон,33,FALSE,35,TRUE
concrete,браво,49,TRUE,35,FALSE
concrete,брат,23,TRUE,35,TRUE
concrete,брехун,35,FALSE,35,FALSE
concrete,броня,40,FALSE,35,FALSE
concrete,бруд,30,FALSE,35,TRUE
concrete,брудний,29,FALSE,35,TRUE
concrete,брудь,32,FALSE,35,TRUE
concrete,брутальний,35,FALSE,35,FALSE
concrete,будинок,30,FALSE,35,TRUE
concrete,будувати,30,FALSE,35,TRUE
concrete,будівельний,52,TRUE,35,FALSE
concrete,будівля,35,FALSE,35,FALSE
concrete,буква,29,FALSE,35,TRUE
concrete,буквально,34,FALSE,35,TRUE
concrete,бутерброд,34,FALSE,35,TRUE
concrete,бюджет,30,FALSE,35,TRUE
concrete,бібліотека,34,FALSE,35,TRUE
concrete,біблія,33,FALSE,35,TRUE
concrete,бігти,33,FALSE,35,TRUE
concrete,бідний,29,FALSE,35,TRUE
concrete,бідність,33,FALSE,35,TRUE
concrete,біженець,33,FALSE,35,TRUE
concrete,бізнес,33,FALSE,35,TRUE
concrete,білий,31,FALSE,35,TRUE
concrete,білка,32,FALSE,35,TRUE
concrete,білок,49,TRUE,35,FALSE
concrete,біль,49,TRUE,35,FALSE
concrete,більше,33,FALSE,35,TRUE
concrete,більшість,35,FALSE,35,FALSE
concrete,біологічний,34,FALSE,35,TRUE
concrete,біологія,50,TRUE,35,FALSE
concrete,в'язниця,34,FALSE,35,TRUE
concrete,вага,30,FALSE,35,TRUE
concrete,вагітність,35,FALSE,35,FALSE
concrete,важкий,33,FALSE,35,TRUE
concrete,важливе,40,FALSE,35,FALSE
concrete,важливий,30,FALSE,35,TRUE
concrete,важливість,34,FALSE,35,TRUE
concrete,вакцина,28,FALSE,35,TRUE
concrete,валіза,28,FALSE,35,TRUE
concrete,вампір,30,FALSE,35,TRUE
concrete,ванна кімната,33,FALSE,35,TRUE
concrete,вантаж,30,FALSE,35,TRUE
concrete,вантажівка,30,FALSE,35,TRUE
concrete,ваніль,33,FALSE,35,TRUE
concrete,вартість,34,FALSE,35,TRUE
concrete,ватсон,34,FALSE,35,TRUE
concrete,ваше високість,39,FALSE,35,FALSE
concrete,вашингтон,30,FALSE,35,TRUE
concrete,вбивство,35,FALSE,35,FALSE
concrete,вбивця,28,FALSE,35,TRUE
concrete,вводити,48,TRUE,35,FALSE
concrete,ввічливий,36,FALSE,35,FALSE
concrete,вгору,34,FALSE,35,TRUE
concrete,вдова,22,TRUE,35,TRUE
concrete,вдячний,49,TRUE,35,FALSE
concrete,вебсайт,33,FALSE,35,TRUE
concrete,ведмедь,41,FALSE,35,FALSE
concrete,ведмідь,34,FALSE,35,TRUE
concrete,великий,34,FALSE,35,TRUE
concrete,великий палець,34,FALSE,35,TRUE
concrete,величезний,33,FALSE,35,TRUE
concrete,величність,34,FALSE,35,TRUE
concrete,вена,35,FALSE,35,FALSE
concrete,венера,31,FALSE,35,TRUE
concrete,вентиляція,40,FALSE,35,FALSE
concrete,вересень,32,FALSE,35,TRUE
concrete,вертоліт,23,TRUE,35,TRUE
concrete,верхній,40,FALSE,35,FALSE
concrete,вершина,30,FALSE,35,TRUE
concrete,весна,32,FALSE,35,TRUE
concrete,весілля,30,FALSE,35,TRUE
concrete,вечір,31,FALSE,35,TRUE
concrete,вже,30,FALSE,35,TRUE
concrete,взуття,50,TRUE,35,FALSE
concrete,вибирати,29,FALSE,35,TRUE
concrete,виборець,35,FALSE,35,FALSE
concrete,вибори,30,FALSE,35,TRUE
concrete,вибрати,32,FALSE,35,TRUE
concrete,вибух,33,FALSE,35,TRUE
concrete,вибухнути,35,FALSE,35,FALSE
concrete,вибуховий,34,FALSE,35,TRUE
concrete,вибір,31,FALSE,35,TRUE
concrete,вивчати,33,FALSE,35,TRUE
concrete,вивчення,34,FALSE,35,TRUE
concrete,вигнати,28,FALSE,35,TRUE
concrete,виграти,28,FALSE,35,TRUE
concrete,видалити,29,FALSE,35,TRUE
concrete,вижити,31,FALSE,35,TRUE
concrete,визнавати,35,FALSE,35,FALSE
concrete,визначення,29,FALSE,35,TRUE
concrete,викладач,33,FALSE,35,TRUE
concrete,виклик,30,FALSE,35,TRUE
concrete,виконання,31,FALSE,35,TRUE
concrete,використання,29,FALSE,35,TRUE
concrete,викрадати,29,FALSE,35,TRUE
concrete,викрадач,33,FALSE,35,TRUE
concrete,викрасти,33,FALSE,35,TRUE
concrete,викуп,34,FALSE,35,TRUE
concrete,вилка,35,FALSE,35,FALSE
concrete,виловити,29,FALSE,35,TRUE
concrete,виникнути,29,FALSE,35,TRUE
concrete,винищувач,34,FALSE,35,TRUE
concrete,винний,40,FALSE,35,FALSE
concrete,винним,29,FALSE,35,TRUE
concrete,виноробство,35,FALSE,35,FALSE
concrete,винятковий,33,FALSE,35,TRUE
concrete,випадково,30,FALSE,35,TRUE
concrete,виправдання,33,FALSE,35,TRUE
concrete,виправляти,28,FALSE,35,TRUE
concrete,випромінювання,38,FALSE,35,FALSE
concrete,випускник,23,TRUE,35,TRUE
concrete,виробляти,29,FALSE,35,TRUE
concrete,виробник,29,FALSE,35,TRUE
concrete,виробництво,40,FALSE,35,FALSE
concrete,висловлювати,33,FALSE,35,TRUE
concrete,висновок,41,FALSE,35,FALSE
concrete,високий,50,TRUE,35,FALSE
concrete,високість,35,FALSE,35,FALSE
concrete,висота,41,FALSE,35,FALSE
concrete,виставка,29,FALSE,35,TRUE
concrete,виступ,30,FALSE,35,TRUE
concrete,висячий,29,FALSE,35,TRUE
concrete,витрачати,33,FALSE,35,TRUE
concrete,вихід,33,FALSE,35,TRUE
concrete,вказувати,35,FALSE,35,FALSE
concrete,влада,33,FALSE,35,TRUE
concrete,власник,30,FALSE,35,TRUE
concrete,влаштувати,41,FALSE,35,FALSE
concrete,внизу,34,FALSE,35,TRUE
concrete,внутрішній,30,FALSE,35,TRUE
concrete,вовк,28,FALSE,35,TRUE
concrete,водити,32,FALSE,35,TRUE
concrete,водневий,35,FALSE,35,FALSE
concrete,водій,33,FALSE,35,TRUE
concrete,волонтер,50,TRUE,35,FALSE
concrete,волосся,36,FALSE,35,FALSE
concrete,ворог,22,TRUE,35,TRUE
concrete,ворота,35,FALSE,35,FALSE
concrete,воїн,29,FALSE,35,TRUE
concrete,вплив,30,FALSE,35,TRUE
concrete,вправа,30,FALSE,35,TRUE
concrete,вправи,31,FALSE,35,TRUE
concrete,вражати,30,FALSE,35,TRUE
concrete,вражаючий,34,FALSE,35,TRUE
concrete,враження,33,FALSE,35,TRUE
concrete,вразити,32,FALSE,35,TRUE
concrete,всередині,28,FALSE,35,TRUE
concrete,всесвіт,33,FALSE,35,TRUE
concrete,вставити,33,FALSE,35,TRUE
concrete,вставляти,34,FALSE,35,TRUE
concrete,втеча,34,FALSE,35,TRUE
concrete,втомлений,35,FALSE,35,FALSE
concrete,вторгнення,34,FALSE,35,TRUE
concrete,вторинний,34,FALSE,35,TRUE
concrete,втікач,33,FALSE,35,TRUE
concrete,вугілля,33,FALSE,35,TRUE
concrete,вузький,50,TRUE,35,FALSE
concrete,вулиця,35,FALSE,35,FALSE
concrete,вухо,51,TRUE,35,FALSE
concrete,вхід,32,FALSE,35,TRUE
concrete,вчений,30,FALSE,35,TRUE
concrete,вчора,30,FALSE,35,TRUE
concrete,вівторок,28,FALSE,35,TRUE
concrete,від'їзд,34,FALSE,35,TRUE
concrete,відбиток,48,TRUE,35,FALSE
concrete,відбиток пальця,29,FALSE,35,TRUE
concrete,відбиття,32,FALSE,35,TRUE
concrete,відданість,30,FALSE,35,TRUE
concrete,відділ,35,FALSE,35,FALSE
concrete,відео,41,FALSE,35,FALSE
concrete,відеоролик,28,FALSE,35,TRUE
concrete,відкриття,33,FALSE,35,TRUE
concrete,відмовляти,29,FALSE,35,TRUE
concrete,відмовлятися,33,FALSE,35,TRUE
concrete,відмінний,29,FALSE,35,TRUE
concrete,відновлювати,29,FALSE,35,TRUE
concrete,відносини,29,FALSE,35,TRUE
concrete,відносний,35,FALSE,35,FALSE
concrete,відповідальність,40,FALSE,35,FALSE
concrete,відповідати,33,FALSE,35,TRUE
concrete,відставка,29,FALSE,35,TRUE
concrete,відстань,31,FALSE,35,TRUE
concrete,відсутність,35,FALSE,35,FALSE
concrete,відходи,29,FALSE,35,TRUE
concrete,відчинено,30,FALSE,35,TRUE
concrete,відчуття,34,FALSE,35,TRUE
concrete,відьма,34,FALSE,35,TRUE
concrete,війна,34,FALSE,35,TRUE
concrete,військовий,35,FALSE,35,FALSE
concrete,вікно,30,FALSE,35,TRUE
concrete,віл,33,FALSE,35,TRUE
concrete,вільний,30,FALSE,35,TRUE
concrete,вільно,51,TRUE,35,FALSE
concrete,віра,36,FALSE,35,FALSE
concrete,вірити,39,FALSE,35,FALSE
concrete,вірний,33,FALSE,35,TRUE
concrete,вірність,34,FALSE,35,TRUE
concrete,вірогідність,34,FALSE,35,TRUE
concrete,вірус,35,FALSE,35,FALSE
concrete,віскі,34,FALSE,35,TRUE
concrete,вітамін,32,FALSE,35,TRUE
concrete,вітати,21,TRUE,35,TRUE
concrete,вітер,29,FALSE,35,TRUE
concrete,вітрило,33,FALSE,35,TRUE
concrete,вічна,31,FALSE,35,TRUE
concrete,вічний,35,FALSE,35,FALSE
concrete,гавань,34,FALSE,35,TRUE
concrete,газ,34,FALSE,35,TRUE
concrete,газета,34,FALSE,35,TRUE
concrete,галактика,32,FALSE,35,TRUE
concrete,галерея,31,FALSE,35,TRUE
concrete,галузь,20,TRUE,35,TRUE
concrete,галюкування,34,FALSE,35,TRUE
concrete,гаманець,31,FALSE,35,TRUE
concrete,гамбургер,33,FALSE,35,TRUE
concrete,гараж,29,FALSE,35,TRUE
concrete,гаразд,30,FALSE,35,TRUE
concrete,гарантія,34,FALSE,35,TRUE
concrete,гармонія,29,FALSE,35,TRUE
concrete,гарна,39,FALSE,35,FALSE
concrete,гарний,30,FALSE,35,TRUE
concrete,гарячий,34,FALSE,35,TRUE
concrete,гвинтівка,31,FALSE,35,TRUE
concrete,гей,31,FALSE,35,TRUE
concrete,генератор,32,FALSE,35,TRUE
concrete,геніальний,35,FALSE,35,FALSE
concrete,геній,41,FALSE,35,FALSE
concrete,герой,33,FALSE,35,TRUE
concrete,героїн,41,FALSE,35,FALSE
concrete,глобальний,34,FALSE,35,TRUE
concrete,глухий,29,FALSE,35,TRUE
concrete,гнів,29,FALSE,35,TRUE
concrete,гніздо,29,FALSE,35,TRUE
concrete,годувати,50,TRUE,35,FALSE
concrete,голий,34,FALSE,35,TRUE
concrete,голка,22,TRUE,35,TRUE
concrete,голод,33,FALSE,35,TRUE
concrete,голодний,34,FALSE,35,TRUE
concrete,голос,35,FALSE,35,FALSE
concrete,голосувати,22,TRUE,35,TRUE
concrete,гольф,34,FALSE,35,TRUE
concrete,гонка,33,FALSE,35,TRUE
concrete,гора,31,FALSE,35,TRUE
concrete,гордий,33,FALSE,35,TRUE
concrete,гордість,34,FALSE,35,TRUE
concrete,горила,30,FALSE,35,TRUE
concrete,горло,40,FALSE,35,FALSE
concrete,гормон,34,FALSE,35,TRUE
concrete,горілка,33,FALSE,35,TRUE
concrete,господиня,48,TRUE,35,FALSE
concrete,гостинність,29,FALSE,35,TRUE
concrete,готель,30,FALSE,35,TRUE
concrete,готовий,35,FALSE,35,FALSE
concrete,готувати,34,FALSE,35,TRUE
concrete,готівка,32,FALSE,35,TRUE
concrete,гра,34,FALSE,35,TRUE
concrete,грабувати,34,FALSE,35,TRUE
concrete,гравець,39,FALSE,35,FALSE
concrete,гральний,49,TRUE,35,FALSE
concrete,гран,30,FALSE,35,TRUE
concrete,грати,31,FALSE,35,TRUE
concrete,графиня,29,FALSE,35,TRUE
concrete,грецький,30,FALSE,35,TRUE
concrete,грип,29,FALSE,35,TRUE
concrete,гроші,29,FALSE,35,TRUE
concrete,грудень,32,FALSE,35,TRUE
concrete,груди,42,FALSE,35,FALSE
concrete,група,23,TRUE,35,TRUE
concrete,грім,29,FALSE,35,TRUE
concrete,гріх,34,FALSE,35,TRUE
concrete,губа,33,FALSE,35,TRUE
concrete,губернатор,29,FALSE,35,TRUE
concrete,гума,34,FALSE,35,TRUE
concrete,гусак,33,FALSE,35,TRUE
concrete,гідний,34,FALSE,35,TRUE
concrete,гідність,30,FALSE,35,TRUE
concrete,гітара,34,FALSE,35,TRUE
concrete,давати,34,FALSE,35,TRUE
concrete,далеко,33,FALSE,35,TRUE
concrete,дані,51,TRUE,35,FALSE
concrete,дар,30,FALSE,35,TRUE
concrete,датчик,29,FALSE,35,TRUE
concrete,два,29,FALSE,35,TRUE
concrete,двері,29,FALSE,35,TRUE
concrete,двигун,33,FALSE,35,TRUE
concrete,двійник,33,FALSE,35,TRUE
concrete,декан,36,FALSE,35,FALSE
concrete,делікатний,32,FALSE,35,TRUE
concrete,демократія,34,FALSE,35,TRUE
concrete,демонстрація,28,FALSE,35,TRUE
concrete,депресія,35,FALSE,35,FALSE
concrete,дерева,33,FALSE,35,TRUE
concrete,держава,30,FALSE,35,TRUE
concrete,десерт,29,FALSE,35,TRUE
concrete,десь,30,FALSE,35,TRUE
concrete,десятиліття,34,FALSE,35,TRUE
concrete,детектив,30,FALSE,35,TRUE
concrete,детермінація,28,FALSE,35,TRUE
concrete,детонатор,34,FALSE,35,TRUE
concrete,дешевий,29,FALSE,35,TRUE
concrete,деінде,30,FALSE,35,TRUE
concrete,джаз,33,FALSE,35,TRUE
concrete,джерело,34,FALSE,35,TRUE
concrete,джип,50,TRUE,35,FALSE
concrete,джульєтта,34,FALSE,35,TRUE
concrete,джунглі,29,FALSE,35,TRUE
concrete,дзеркало,49,TRUE,35,FALSE
concrete,диван,30,FALSE,35,TRUE
concrete,дивитися,30,FALSE,35,TRUE
concrete,дивний,48,TRUE,35,FALSE
concrete,дивовижний,30,FALSE,35,TRUE
concrete,дивіться,40,FALSE,35,FALSE
concrete,дим,35,FALSE,35,FALSE
concrete,динаміт,34,FALSE,35,TRUE
concrete,династія,30,FALSE,35,TRUE
concrete,диплом,29,FALSE,35,TRUE
concrete,директор,30,FALSE,35,TRUE
concrete,дитина,35,FALSE,35,FALSE
concrete,дитинство,35,FALSE,35,FALSE
concrete,диявол,23,TRUE,35,TRUE
concrete,дна,50,TRUE,35,FALSE
concrete,дно,33,FALSE,35,TRUE
concrete,до побачення,30,FALSE,35,TRUE
concrete,добрий,33,FALSE,35,TRUE
concrete,добровільно,33,FALSE,35,TRUE
concrete,довго,30,FALSE,35,TRUE
concrete,довжина,34,FALSE,35,TRUE
concrete,довідка,32,FALSE,35,TRUE
concrete,довіра,32,FALSE,35,TRUE
concrete,договір,34,FALSE,35,TRUE
concrete,додатковий,28,FALSE,35,TRUE
concrete,доза,29,FALSE,35,TRUE
concrete,дозвольте,40,FALSE,35,FALSE
concrete,дозволяти,50,TRUE,35,FALSE
concrete,дозволяє,28,FALSE,35,TRUE
concrete,дозвіл,34,FALSE,35,TRUE
concrete,доказ,34,FALSE,35,TRUE
concrete,докази,34,FALSE,35,TRUE
concrete,доктор,30,FALSE,35,TRUE
concrete,документ,39,FALSE,35,FALSE
concrete,долар,33,FALSE,35,TRUE
concrete,долина,28,FALSE,35,TRUE
concrete,доля,29,FALSE,35,TRUE
concrete,доповідь,23,TRUE,35,TRUE
concrete,допомагати,34,FALSE,35,TRUE
concrete,допомога,38,FALSE,35,FALSE
concrete,дорога,28,FALSE,35,TRUE
concrete,дорогий,30,FALSE,35,TRUE
concrete,дорослий,30,FALSE,35,TRUE
concrete,доріжка,33,FALSE,35,TRUE
concrete,досвід,30,FALSE,35,TRUE
concrete,досить,34,FALSE,35,TRUE
concrete,досконалий,28,FALSE,35,TRUE
concrete,дослідження,34,FALSE,35,TRUE
concrete,дослідник,32,FALSE,35,TRUE
concrete,достатньо,34,FALSE,35,TRUE
concrete,досягати успіху,28,FALSE,35,TRUE
concrete,дотепний,30,FALSE,35,TRUE
concrete,дотепність,35,FALSE,35,FALSE
concrete,дохід,34,FALSE,35,TRUE
concrete,дочка,28,FALSE,35,TRUE
concrete,дощ,22,TRUE,35,TRUE
concrete,дракон,23,TRUE,35,TRUE
concrete,драма,34,FALSE,35,TRUE
concrete,драматичний,30,FALSE,35,TRUE
concrete,друг,33,FALSE,35,TRUE
concrete,другий,40,FALSE,35,FALSE
concrete,дружба,21,TRUE,35,TRUE
concrete,дружина,30,FALSE,35,TRUE
concrete,дружній,29,FALSE,35,TRUE
concrete,дряпати,29,FALSE,35,TRUE
concrete,дрібний,34,FALSE,35,TRUE
concrete,дрімати,41,FALSE,35,FALSE
concrete,дріт,28,FALSE,35,TRUE
concrete,дуже,30,FALSE,35,TRUE
concrete,думати,29,FALSE,35,TRUE
concrete,думка,33,FALSE,35,TRUE
concrete,дурень,29,FALSE,35,TRUE
concrete,дурний,36,FALSE,35,FALSE
concrete,дурість,34,FALSE,35,TRUE
concrete,дух,35,FALSE,35,FALSE
concrete,духовка,49,TRUE,35,FALSE
concrete,душ,34,FALSE,35,TRUE
concrete,душа,35,FALSE,35,FALSE
concrete,дядько,29,FALSE,35,TRUE
concrete,діарея,28,FALSE,35,TRUE
concrete,дівчата,41,FALSE,35,FALSE
concrete,дівчина,24,TRUE,35,TRUE
concrete,дідусь,40,FALSE,35,FALSE
concrete,діяльність,21,TRUE,35,TRUE
concrete,еволюція,33,FALSE,35,TRUE
concrete,егоїстичний,49,TRUE,35,FALSE
concrete,екран,29,FALSE,35,TRUE
concrete,експеримент,34,FALSE,35,TRUE
concrete,експерт,29,FALSE,35,TRUE
concrete,екіпаж,49,TRUE,35,FALSE
concrete,елегантний,28,FALSE,35,TRUE
concrete,електрика,36,FALSE,35,FALSE
concrete,електричний,36,FALSE,35,FALSE
concrete,елемент,30,FALSE,35,TRUE
concrete,емоційний,29,FALSE,35,TRUE
concrete,енергія,42,FALSE,35,FALSE
concrete,енота,41,FALSE,35,FALSE
concrete,ентузіазм,30,FALSE,35,TRUE
concrete,епідемія,48,TRUE,35,FALSE
concrete,епізод,33,FALSE,35,TRUE
concrete,ерекція,39,FALSE,35,FALSE
concrete,ескорт,33,FALSE,35,TRUE
concrete,ефект,34,FALSE,35,TRUE
concrete,ефективний,35,FALSE,35,FALSE
concrete,жаба,30,FALSE,35,TRUE
concrete,жалкий,29,FALSE,35,TRUE
concrete,жалюгідний,39,FALSE,35,FALSE
concrete,жарт,22,TRUE,35,TRUE
concrete,жах,33,FALSE,35,TRUE
concrete,жахливий,35,FALSE,35,FALSE
concrete,жахливо,43,FALSE,35,FALSE
concrete,жертва,33,FALSE,35,TRUE
concrete,жест,34,FALSE,35,TRUE
concrete,живий,29,FALSE,35,TRUE
concrete,живопис,30,FALSE,35,TRUE
concrete,жити,36,FALSE,35,FALSE
concrete,жовтень,49,TRUE,35,FALSE
concrete,жовтий,33,FALSE,35,TRUE
concrete,жорсткий,28,FALSE,35,TRUE
concrete,жорстокий,30,FALSE,35,TRUE
concrete,жорстокість,39,FALSE,35,FALSE
concrete,жувати,34,FALSE,35,TRUE
concrete,журнал,42,FALSE,35,FALSE
concrete,журналіст,32,FALSE,35,TRUE
concrete,журналістика,33,FALSE,35,TRUE
concrete,жінка,28,FALSE,35,TRUE
concrete,жіночий,28,FALSE,35,TRUE
concrete,з,50,TRUE,35,FALSE
concrete,забавний,29,FALSE,35,TRUE
concrete,заборонений,33,FALSE,35,TRUE
concrete,забороняти,33,FALSE,35,TRUE
concrete,забруднення,36,FALSE,35,FALSE
concrete,забути,30,FALSE,35,TRUE
concrete,заважати,49,TRUE,35,FALSE
concrete,завантажувати,50,TRUE,35,FALSE
concrete,завдання,29,FALSE,35,TRUE
concrete,завжди,40,FALSE,35,FALSE
concrete,завиток,30,FALSE,35,TRUE
concrete,завод,29,FALSE,35,TRUE
concrete,завтра,35,FALSE,35,FALSE
concrete,загалом,28,FALSE,35,TRUE
concrete,загальний,29,FALSE,35,TRUE
concrete,заголовок,33,FALSE,35,TRUE
concrete,загоюватися,30,FALSE,35,TRUE
concrete,задишка,33,FALSE,35,TRUE
concrete,задниця,39,FALSE,35,FALSE
concrete,задоволений,38,FALSE,35,FALSE
concrete,задоволення,29,FALSE,35,TRUE
concrete,зазвичай,33,FALSE,35,TRUE
concrete,закон,51,TRUE,35,FALSE
concrete,законний,33,FALSE,35,TRUE
concrete,закрита книга,41,FALSE,35,FALSE
concrete,закритий,39,FALSE,35,FALSE
concrete,закриття,38,FALSE,35,FALSE
concrete,закуска,39,FALSE,35,FALSE
concrete,закінчити,51,TRUE,35,FALSE
concrete,залишати,34,FALSE,35,TRUE
concrete,залучати,29,FALSE,35,TRUE
concrete,залізо,29,FALSE,35,TRUE
concrete,замикання,30,FALSE,35,TRUE
concrete,замкнений,33,FALSE,35,TRUE
concrete,замку,29,FALSE,35,TRUE
concrete,замок,28,FALSE,35,TRUE
concrete,заморожувати,29,FALSE,35,TRUE
concrete,замінити,34,FALSE,35,TRUE
concrete,замінник,29,FALSE,35,TRUE
concrete,занепокоєння,29,FALSE,35,TRUE
concrete,занурений,31,FALSE,35,TRUE
concrete,запам'ятати,30,FALSE,35,TRUE
concrete,запах,33,FALSE,35,TRUE
concrete,запис,39,FALSE,35,FALSE
concrete,записування,29,FALSE,35,TRUE
concrete,запит,34,FALSE,35,TRUE
concrete,запитай,40,FALSE,35,FALSE
concrete,запитання,35,FALSE,35,FALSE
concrete,запитувати,30,FALSE,35,TRUE
concrete,заповідник,33,FALSE,35,TRUE
concrete,запустити,34,FALSE,35,TRUE
concrete,зараз,30,FALSE,35,TRUE
concrete,зарозумілість,33,FALSE,35,TRUE
concrete,зарплата,34,FALSE,35,TRUE
concrete,заручення,30,FALSE,35,TRUE
concrete,заручниця,29,FALSE,35,TRUE
concrete,заслуговувати,51,TRUE,35,FALSE
concrete,застосовувати,30,FALSE,35,TRUE
concrete,затвердження,34,FALSE,35,TRUE
concrete,затверджувати,29,FALSE,35,TRUE
concrete,зателефонувати,35,FALSE,35,FALSE
concrete,затока,33,FALSE,35,TRUE
concrete,захворювання,35,FALSE,35,FALSE
concrete,захищати,35,FALSE,35,FALSE
concrete,захоплюватися,34,FALSE,35,TRUE
concrete,захоплюючий,34,FALSE,35,TRUE
concrete,захід сонця,33,FALSE,35,TRUE
concrete,західний,40,FALSE,35,FALSE
concrete,зачекайте,40,FALSE,35,FALSE
concrete,зачинено,29,FALSE,35,TRUE
concrete,заява,35,FALSE,35,FALSE
concrete,зберігати,29,FALSE,35,TRUE
concrete,збирати,29,FALSE,35,TRUE
concrete,зброю,33,FALSE,35,TRUE
concrete,зброя,32,FALSE,35,TRUE
concrete,збуджений,49,TRUE,35,FALSE
concrete,збіг,41,FALSE,35,FALSE
concrete,збільшити,34,FALSE,35,TRUE
concrete,звинувачення,39,FALSE,35,FALSE
concrete,звичайний,33,FALSE,35,TRUE
concrete,звук,31,FALSE,35,TRUE
concrete,звільнення,41,FALSE,35,FALSE
concrete,звір,30,FALSE,35,TRUE
concrete,здатність,28,FALSE,35,TRUE
concrete,здобич,36,FALSE,35,FALSE
concrete,здоров'я,33,FALSE,35,TRUE
concrete,здоровий,28,FALSE,35,TRUE
concrete,здравствуйте,34,FALSE,35,TRUE
concrete,зелений,40,FALSE,35,FALSE
concrete,землетрус,25,TRUE,35,TRUE
concrete,земля,33,FALSE,35,TRUE
concrete,зерно,29,FALSE,35,TRUE
concrete,ззаду,30,FALSE,35,TRUE
concrete,зима,49,TRUE,35,FALSE
concrete,зйомка,34,FALSE,35,TRUE
concrete,злий,51,TRUE,35,FALSE
concrete,зло,21,TRUE,35,TRUE
concrete,зловмисник,34,FALSE,35,TRUE
concrete,злодій,37,FALSE,35,FALSE
concrete,злочинність,30,FALSE,35,TRUE
concrete,змагання,29,FALSE,35,TRUE
concrete,зменшити,42,FALSE,35,FALSE
concrete,зміна,34,FALSE,35,TRUE
concrete,зміст,34,FALSE,35,TRUE
concrete,змія,40,FALSE,35,FALSE
concrete,знав,30,FALSE,35,TRUE
concrete,знайти,34,FALSE,35,TRUE
concrete,знак,28,FALSE,35,TRUE
concrete,знаменитий,30,FALSE,35,TRUE
concrete,знаменитість,35,FALSE,35,FALSE
concrete,знання,34,FALSE,35,TRUE
concrete,знаряддя,35,FALSE,35,FALSE
concrete,знаходження,33,FALSE,35,TRUE
concrete,значення,39,FALSE,35,FALSE
concrete,значок,29,FALSE,35,TRUE
concrete,зникнення,34,FALSE,35,TRUE
concrete,зовнішній,29,FALSE,35,TRUE
concrete,зола,48,TRUE,35,FALSE
concrete,золотий,23,TRUE,35,TRUE
concrete,зомбі,32,FALSE,35,TRUE
concrete,зона,33,FALSE,35,TRUE
concrete,зонд,28,FALSE,35,TRUE
concrete,зоопарк,33,FALSE,35,TRUE
concrete,зосереджувати,50,TRUE,35,FALSE
concrete,зрадник,34,FALSE,35,TRUE
concrete,зрештою,42,FALSE,35,FALSE
concrete,зрозуміти,33,FALSE,35,TRUE
concrete,зручний,33,FALSE,35,TRUE
concrete,зрідка,28,FALSE,35,TRUE
concrete,зубний,51,TRUE,35,FALSE
concrete,зустріч,33,FALSE,35,TRUE
concrete,зустрічатися,30,FALSE,35,TRUE
concrete,зізнатися,35,FALSE,35,FALSE
concrete,зірка,39,FALSE,35,FALSE
concrete,индюка,31,FALSE,35,TRUE
concrete,ймовірно,33,FALSE,35,TRUE
concrete,йога,40,FALSE,35,FALSE
concrete,йти,30,FALSE,35,TRUE
concrete,кабель,32,FALSE,35,TRUE
concrete,кабіна,30,FALSE,35,TRUE
concrete,кабінет,35,FALSE,35,FALSE
concrete,кава,33,FALSE,35,TRUE
concrete,кавалерія,34,FALSE,35,TRUE
concrete,календар,28,FALSE,35,TRUE
concrete,калібр,35,FALSE,35,FALSE
concrete,камеру,48,TRUE,35,FALSE
concrete,кампанія,22,TRUE,35,TRUE
concrete,камінь,31,FALSE,35,TRUE
concrete,канал,30,FALSE,35,TRUE
concrete,кандидат,34,FALSE,35,TRUE
concrete,канцлер,49,TRUE,35,FALSE
concrete,капелюх,29,FALSE,35,TRUE
concrete,каплиця,29,FALSE,35,TRUE
concrete,капсула,30,FALSE,35,TRUE
concrete,капітал,34,FALSE,35,TRUE
concrete,капіталізм,33,FALSE,35,TRUE
concrete,капітан,34,FALSE,35,TRUE
concrete,кар'єра,34,FALSE,35,TRUE
concrete,карати,34,FALSE,35,TRUE
concrete,кардинал,39,FALSE,35,FALSE
concrete,карнавал,40,FALSE,35,FALSE
concrete,карта,41,FALSE,35,FALSE
concrete,картель,28,FALSE,35,TRUE
concrete,картина,29,FALSE,35,TRUE
concrete,картопля,33,FALSE,35,TRUE
concrete,католицький,33,FALSE,35,TRUE
concrete,катування,29,FALSE,35,TRUE
concrete,кафедра,29,FALSE,35,TRUE
concrete,качка,35,FALSE,35,FALSE
concrete,кашель,21,TRUE,35,TRUE
concrete,квартал,22,TRUE,35,TRUE
concrete,квартира,39,FALSE,35,FALSE
concrete,квиток,23,TRUE,35,TRUE
concrete,квітка,33,FALSE,35,TRUE
concrete,кемпінг,33,FALSE,35,TRUE
concrete,керівник,35,FALSE,35,FALSE
concrete,кесар,33,FALSE,35,TRUE
concrete,кетчуп,30,FALSE,35,TRUE
concrete,килим,32,FALSE,35,TRUE
concrete,килимок,34,FALSE,35,TRUE
concrete,кисень,39,FALSE,35,FALSE
concrete,кишеня,35,FALSE,35,FALSE
concrete,клан,35,FALSE,35,FALSE
concrete,клапан,50,TRUE,35,FALSE
concrete,клас,34,FALSE,35,TRUE
concrete,класичний,24,TRUE,35,TRUE
concrete,клуб,32,FALSE,35,TRUE
concrete,ключ,51,TRUE,35,FALSE
concrete,клянуся,32,FALSE,35,TRUE
concrete,клятва,37,FALSE,35,FALSE
concrete,клініка,30,FALSE,35,TRUE
concrete,клітина,31,FALSE,35,TRUE
concrete,клієнт,33,FALSE,35,TRUE
concrete,кмітливий,30,FALSE,35,TRUE
concrete,книга,29,FALSE,35,TRUE
concrete,кнопок,34,FALSE,35,TRUE
concrete,князь,30,FALSE,35,TRUE
concrete,ковбой,31,FALSE,35,TRUE
concrete,ковбойський,29,FALSE,35,TRUE
concrete,ковдра,34,FALSE,35,TRUE
concrete,ковдру,40,FALSE,35,FALSE
concrete,ковток,31,FALSE,35,TRUE
concrete,кодекс,33,FALSE,35,TRUE
concrete,кокаїн,32,FALSE,35,TRUE
concrete,кола,33,FALSE,35,TRUE
concrete,колега,33,FALSE,35,TRUE
concrete,коледж,50,TRUE,35,FALSE
concrete,колекціонувати,34,FALSE,35,TRUE
concrete,коли-небудь,30,FALSE,35,TRUE
concrete,колонія,43,FALSE,35,FALSE
concrete,коліна,31,FALSE,35,TRUE
concrete,команда,34,FALSE,35,TRUE
concrete,командування,28,FALSE,35,TRUE
concrete,командувач,29,FALSE,35,TRUE
concrete,комаха,49,TRUE,35,FALSE
concrete,комбінація,31,FALSE,35,TRUE
concrete,комедія,41,FALSE,35,FALSE
concrete,коментар,34,FALSE,35,TRUE
concrete,комерційний,33,FALSE,35,TRUE
concrete,комп'ютер,30,FALSE,35,TRUE
concrete,компанія,30,FALSE,35,TRUE
concrete,компас,33,FALSE,35,TRUE
concrete,комплімент,49,TRUE,35,FALSE
concrete,комуніст,33,FALSE,35,TRUE
concrete,комуністичний,31,FALSE,35,TRUE
concrete,комфортно,33,FALSE,35,TRUE
concrete,комісар,23,TRUE,35,TRUE
concrete,комісія,29,FALSE,35,TRUE
concrete,комітет,35,FALSE,35,FALSE
concrete,конверт,28,FALSE,35,TRUE
concrete,конкуренція,32,FALSE,35,TRUE
concrete,консервативний,34,FALSE,35,TRUE
concrete,конституція,21,TRUE,35,TRUE
concrete,консультація,30,FALSE,35,TRUE
concrete,консультувати,28,FALSE,35,TRUE
concrete,контакт,33,FALSE,35,TRUE
concrete,контроль,36,FALSE,35,FALSE
concrete,конференція,32,FALSE,35,TRUE
concrete,конфлікт,36,FALSE,35,FALSE
concrete,конфіденційність,33,FALSE,35,TRUE
concrete,концентрат,32,FALSE,35,TRUE
concrete,концепція,34,FALSE,35,TRUE
concrete,концерт,34,FALSE,35,TRUE
concrete,коньяк,40,FALSE,35,FALSE
concrete,копати,40,FALSE,35,FALSE
concrete,копіювати,21,TRUE,35,TRUE
concrete,копія,39,FALSE,35,FALSE
concrete,корабель,34,FALSE,35,TRUE
concrete,корисний,30,FALSE,35,TRUE
concrete,кориця,33,FALSE,35,TRUE
concrete,коричневий,41,FALSE,35,FALSE
concrete,коробка,36,FALSE,35,FALSE
concrete,корова,39,FALSE,35,FALSE
concrete,королева,39,FALSE,35,FALSE
concrete,короля,30,FALSE,35,TRUE
concrete,королівство,34,FALSE,35,TRUE
concrete,королівський,35,FALSE,35,FALSE
concrete,корона,39,FALSE,35,FALSE
concrete,короткий,31,FALSE,35,TRUE
concrete,корпорація,29,FALSE,35,TRUE
concrete,космонавт,33,FALSE,35,TRUE
concrete,коханець,35,FALSE,35,FALSE
concrete,кохання,33,FALSE,35,TRUE
concrete,кошик,32,FALSE,35,TRUE
concrete,кошмар,40,FALSE,35,FALSE
concrete,коштовність,33,FALSE,35,TRUE
concrete,краватка,31,FALSE,35,TRUE
concrete,крадіжка,30,FALSE,35,TRUE
concrete,крамниця,49,TRUE,35,FALSE
concrete,краса,23,TRUE,35,TRUE
concrete,красти,49,TRUE,35,FALSE
concrete,країна,34,FALSE,35,TRUE
concrete,кредит,34,FALSE,35,TRUE
concrete,крем,31,FALSE,35,TRUE
concrete,криза,34,FALSE,35,TRUE
concrete,кримінальний,34,FALSE,35,TRUE
concrete,критичний,32,FALSE,35,TRUE
concrete,кришка,31,FALSE,35,TRUE
concrete,кров,33,FALSE,35,TRUE
concrete,кролик,32,FALSE,35,TRUE
concrete,круглий,36,FALSE,35,FALSE
concrete,крутити,29,FALSE,35,TRUE
concrete,кузен,28,FALSE,35,TRUE
concrete,культура,35,FALSE,35,FALSE
concrete,куля,29,FALSE,35,TRUE
concrete,купувати,29,FALSE,35,TRUE
concrete,куртка,21,TRUE,35,TRUE
concrete,курятина,29,FALSE,35,TRUE
concrete,кут,32,FALSE,35,TRUE
concrete,кухар,33,FALSE,35,TRUE
concrete,кущ,31,FALSE,35,TRUE
concrete,кілограм,29,FALSE,35,TRUE
concrete,кілометр,29,FALSE,35,TRUE
concrete,кількість,30,FALSE,35,TRUE
concrete,кільце,30,FALSE,35,TRUE
concrete,кімната,34,FALSE,35,TRUE
concrete,кінець,49,TRUE,35,FALSE
concrete,кінотеатр,30,FALSE,35,TRUE
concrete,кінь,30,FALSE,35,TRUE
concrete,кістка,34,FALSE,35,TRUE
concrete,кішка,41,FALSE,35,FALSE
concrete,лазанья,34,FALSE,35,TRUE
concrete,лампа,29,FALSE,35,TRUE
concrete,ланцюг,30,FALSE,35,TRUE
concrete,лев,32,FALSE,35,TRUE
concrete,легенда,29,FALSE,35,TRUE
concrete,легкий,35,FALSE,35,FALSE
concrete,легко,32,FALSE,35,TRUE
concrete,легіон,33,FALSE,35,TRUE
concrete,леді,33,FALSE,35,TRUE
concrete,лежати,47,TRUE,35,FALSE
concrete,лежить,32,FALSE,35,TRUE
concrete,лейтенант,30,FALSE,35,TRUE
concrete,лекція,41,FALSE,35,FALSE
concrete,лесбійський,33,FALSE,35,TRUE
concrete,лестити,34,FALSE,35,TRUE
concrete,лизати,34,FALSE,35,TRUE
concrete,лимонад,28,FALSE,35,TRUE
concrete,липень,28,FALSE,35,TRUE
concrete,лисиця,30,FALSE,35,TRUE
concrete,листопад,30,FALSE,35,TRUE
concrete,лихоманка,34,FALSE,35,TRUE
concrete,лобстер,28,FALSE,35,TRUE
concrete,ложка,33,FALSE,35,TRUE
concrete,лопатись,50,TRUE,35,FALSE
concrete,лорд,50,TRUE,35,FALSE
concrete,лояльний,35,FALSE,35,FALSE
concrete,лояльність,41,FALSE,35,FALSE
concrete,любов,29,FALSE,35,TRUE
concrete,люди,28,FALSE,35,TRUE
concrete,людина,36,FALSE,35,FALSE
concrete,людський,34,FALSE,35,TRUE
concrete,лють,30,FALSE,35,TRUE
concrete,лякати,33,FALSE,35,TRUE
concrete,лялька,30,FALSE,35,TRUE
concrete,ліберальний,35,FALSE,35,FALSE
concrete,ліворуч,29,FALSE,35,TRUE
concrete,ліга,33,FALSE,35,TRUE
concrete,лідер,29,FALSE,35,TRUE
concrete,ліжка,32,FALSE,35,TRUE
concrete,лікарня,29,FALSE,35,TRUE
concrete,ліки,28,FALSE,35,TRUE
concrete,лікування,31,FALSE,35,TRUE
concrete,лімузин,29,FALSE,35,TRUE
concrete,лін,34,FALSE,35,TRUE
concrete,лінг,34,FALSE,35,TRUE
concrete,ліс,32,FALSE,35,TRUE
concrete,літати,33,FALSE,35,TRUE
concrete,література,34,FALSE,35,TRUE
concrete,літній,22,TRUE,35,TRUE
concrete,м'яз,29,FALSE,35,TRUE
concrete,м'який,29,FALSE,35,TRUE
concrete,м'ясо,29,FALSE,35,TRUE
concrete,мабуть,29,FALSE,35,TRUE
concrete,мавпа,39,FALSE,35,FALSE
concrete,магазин,33,FALSE,35,TRUE
concrete,магнітний,35,FALSE,35,FALSE
concrete,магія,35,FALSE,35,FALSE
concrete,майбутнє,34,FALSE,35,TRUE
concrete,майно,33,FALSE,35,TRUE
concrete,майонез,39,FALSE,35,FALSE
concrete,максимальний,35,FALSE,35,FALSE
concrete,малий,33,FALSE,35,TRUE
concrete,мало,30,FALSE,35,TRUE
concrete,малювати,30,FALSE,35,TRUE
concrete,маля,30,FALSE,35,TRUE
concrete,мама,32,FALSE,35,TRUE
concrete,маніпулювати,31,FALSE,35,TRUE
concrete,марафон,41,FALSE,35,FALSE
concrete,марка,30,FALSE,35,TRUE
concrete,маркетинг,30,FALSE,35,TRUE
concrete,марний,33,FALSE,35,TRUE
concrete,марс,29,FALSE,35,TRUE
concrete,маршрут,33,FALSE,35,TRUE
concrete,масаж,34,FALSE,35,TRUE
concrete,масло,28,FALSE,35,TRUE
concrete,математика,35,FALSE,35,FALSE
concrete,матерія,29,FALSE,35,TRUE
concrete,матрос,31,FALSE,35,TRUE
concrete,матч,35,FALSE,35,FALSE
concrete,мафія,24,TRUE,35,TRUE
concrete,машина,33,FALSE,35,TRUE
concrete,мед,33,FALSE,35,TRUE
concrete,медаль,36,FALSE,35,FALSE
concrete,медальйон,36,FALSE,35,FALSE
concrete,медичний,34,FALSE,35,TRUE
concrete,менеджмент,34,FALSE,35,TRUE
concrete,мера,22,TRUE,35,TRUE
concrete,мережа,48,TRUE,35,FALSE
concrete,мертвий,33,FALSE,35,TRUE
concrete,металевий,49,TRUE,35,FALSE
concrete,метелик,39,FALSE,35,FALSE
concrete,метод,34,FALSE,35,TRUE
concrete,метр,34,FALSE,35,TRUE
concrete,механічний,33,FALSE,35,TRUE
concrete,меч,33,FALSE,35,TRUE
concrete,милий,34,FALSE,35,TRUE
concrete,милосердя,40,FALSE,35,FALSE
concrete,миля,29,FALSE,35,TRUE
concrete,минуле,50,TRUE,35,FALSE
concrete,мистецтво,51,TRUE,35,FALSE
concrete,мити,36,FALSE,35,FALSE
concrete,миша,33,FALSE,35,TRUE
concrete,мовчазний,30,FALSE,35,TRUE
concrete,мовчання,34,FALSE,35,TRUE
concrete,могила,30,FALSE,35,TRUE
concrete,модель,41,FALSE,35,FALSE
concrete,модний,51,TRUE,35,FALSE
concrete,може бути,30,FALSE,35,TRUE
concrete,можливо,32,FALSE,35,TRUE
concrete,можливість,40,FALSE,35,FALSE
concrete,мозковий,42,FALSE,35,FALSE
concrete,мозок,34,FALSE,35,TRUE
concrete,мокрий,28,FALSE,35,TRUE
concrete,мокро,41,FALSE,35,FALSE
concrete,молодий,35,FALSE,35,FALSE
concrete,молодший,29,FALSE,35,TRUE
concrete,молодь,49,TRUE,35,FALSE
concrete,молоток,41,FALSE,35,FALSE
concrete,молочний,33,FALSE,35,TRUE
concrete,монастир,30,FALSE,35,TRUE
concrete,монах,29,FALSE,35,TRUE
concrete,монстр,34,FALSE,35,TRUE
concrete,монтаж,29,FALSE,35,TRUE
concrete,монітор,31,FALSE,35,TRUE
concrete,море,30,FALSE,35,TRUE
concrete,морський,28,FALSE,35,TRUE
concrete,морфін,34,FALSE,35,TRUE
concrete,мотель,32,FALSE,35,TRUE
concrete,мотив,34,FALSE,35,TRUE
concrete,моторошний,30,FALSE,35,TRUE
concrete,мотузка,34,FALSE,35,TRUE
concrete,мрія,30,FALSE,35,TRUE
concrete,мужність,32,FALSE,35,TRUE
concrete,музей,33,FALSE,35,TRUE
concrete,музика,34,FALSE,35,TRUE
concrete,музикант,29,FALSE,35,TRUE
concrete,мурашка,33,FALSE,35,TRUE
concrete,мутація,30,FALSE,35,TRUE
concrete,мучити,34,FALSE,35,TRUE
concrete,міжнародний,33,FALSE,35,TRUE
concrete,мікроскоп,41,FALSE,35,FALSE
concrete,мікрофон,42,FALSE,35,FALSE
concrete,мільйон,30,FALSE,35,TRUE
concrete,мільйонер,29,FALSE,35,TRUE
concrete,мільярд,29,FALSE,35,TRUE
concrete,мін,30,FALSE,35,TRUE
concrete,мінус,30,FALSE,35,TRUE
concrete,мінімальний,51,TRUE,35,FALSE
concrete,міністерство,30,FALSE,35,TRUE
concrete,міністр,32,FALSE,35,TRUE
concrete,міст,28,FALSE,35,TRUE
concrete,містити,30,FALSE,35,TRUE
concrete,містить,41,FALSE,35,FALSE
concrete,місто,34,FALSE,35,TRUE
concrete,місце,32,FALSE,35,TRUE
concrete,місце розташування,42,FALSE,35,FALSE
concrete,місцевий,35,FALSE,35,FALSE
concrete,місяць,33,FALSE,35,TRUE
concrete,місячний,41,FALSE,35,FALSE
concrete,місія,33,FALSE,35,TRUE
concrete,міф,30,FALSE,35,TRUE
concrete,міцний,29,FALSE,35,TRUE
concrete,міцно,34,FALSE,35,TRUE
concrete,міць,35,FALSE,35,FALSE
concrete,мішок,35,FALSE,35,FALSE
concrete,навантаження,31,FALSE,35,TRUE
concrete,навколишнє середовище,31,FALSE,35,TRUE
concrete,навколо,30,FALSE,35,TRUE
concrete,навмисно,34,FALSE,35,TRUE
concrete,навпаки,32,FALSE,35,TRUE
concrete,навпроти,39,FALSE,35,FALSE
concrete,навчати,33,FALSE,35,TRUE
concrete,навчатися,30,FALSE,35,TRUE
concrete,навчитися,42,FALSE,35,FALSE
concrete,навігація,29,FALSE,35,TRUE
concrete,нагорода,30,FALSE,35,TRUE
concrete,надавати,35,FALSE,35,FALSE
concrete,надзвичайний,32,FALSE,35,TRUE
concrete,надзвичайно,29,FALSE,35,TRUE
concrete,надихати,22,TRUE,35,TRUE
concrete,надприродливий,34,FALSE,35,TRUE
concrete,надсилати,34,FALSE,35,TRUE
concrete,надія,34,FALSE,35,TRUE
concrete,назавжди,37,FALSE,35,FALSE
concrete,назва,33,FALSE,35,TRUE
concrete,назовні,36,FALSE,35,FALSE
concrete,наймання,28,FALSE,35,TRUE
concrete,налякати,38,FALSE,35,FALSE
concrete,намисто,33,FALSE,35,TRUE
concrete,намір,49,TRUE,35,FALSE
concrete,нападник,32,FALSE,35,TRUE
concrete,написання,34,FALSE,35,TRUE
concrete,наречена,29,FALSE,35,TRUE
concrete,наречений,29,FALSE,35,TRUE
concrete,нарешті,22,TRUE,35,TRUE
concrete,народ,28,FALSE,35,TRUE
concrete,народження,30,FALSE,35,TRUE
concrete,населення,30,FALSE,35,TRUE
concrete,насос,33,FALSE,35,TRUE
concrete,насправді,32,FALSE,35,TRUE
concrete,натовп,36,FALSE,35,FALSE
concrete,натхнення,34,FALSE,35,TRUE
concrete,наука,29,FALSE,35,TRUE
concrete,національний,33,FALSE,35,TRUE
concrete,наємник,30,FALSE,35,TRUE
concrete,наївний,33,FALSE,35,TRUE
concrete,небезпека,33,FALSE,35,TRUE
concrete,небезпечний,29,FALSE,35,TRUE
concrete,небесне,40,FALSE,35,FALSE
concrete,небесний,29,FALSE,35,TRUE
concrete,небо,34,FALSE,35,TRUE
concrete,невдаха,33,FALSE,35,TRUE
concrete,невинний,34,FALSE,35,TRUE
concrete,невідоме,32,FALSE,35,TRUE
concrete,невідомий,35,FALSE,35,FALSE
concrete,негативний,35,FALSE,35,FALSE
concrete,недооцінювати,34,FALSE,35,TRUE
concrete,неділя,23,TRUE,35,TRUE
concrete,незаконний,33,FALSE,35,TRUE
concrete,незвичайний,35,FALSE,35,FALSE
concrete,незвично,40,FALSE,35,FALSE
concrete,нездатний,21,TRUE,35,TRUE
concrete,нездатність,33,FALSE,35,TRUE
concrete,нездоровий,33,FALSE,35,TRUE
concrete,незнання,35,FALSE,35,FALSE
concrete,незручний,34,FALSE,35,TRUE
concrete,неможливий,29,FALSE,35,TRUE
concrete,ненависть,29,FALSE,35,TRUE
concrete,необхідний,29,FALSE,35,TRUE
concrete,неправедність,34,FALSE,35,TRUE
concrete,неправильний,33,FALSE,35,TRUE
concrete,неприємний,33,FALSE,35,TRUE
concrete,неприємність,33,FALSE,35,TRUE
concrete,нервовий,29,FALSE,35,TRUE
concrete,нерозумний,51,TRUE,35,FALSE
concrete,несподівано,30,FALSE,35,TRUE
concrete,несправедливо,39,FALSE,35,FALSE
concrete,несправедливість,35,FALSE,35,FALSE
concrete,нещасний,29,FALSE,35,TRUE
concrete,нещастя,34,FALSE,35,TRUE
concrete,нещодавно,30,FALSE,35,TRUE
concrete,нижній,31,FALSE,35,TRUE
concrete,низький,32,FALSE,35,TRUE
concrete,нирка,28,FALSE,35,TRUE
concrete,нирки,39,FALSE,35,FALSE
concrete,нобель,33,FALSE,35,TRUE
concrete,нова,50,TRUE,35,FALSE
concrete,новини,35,FALSE,35,FALSE
concrete,номер,41,FALSE,35,FALSE
concrete,нормальний,28,FALSE,35,TRUE
concrete,нормально,33,FALSE,35,TRUE
concrete,нос,33,FALSE,35,TRUE
concrete,нудота,34,FALSE,35,TRUE
concrete,няня,32,FALSE,35,TRUE
concrete,ніж,33,FALSE,35,TRUE
concrete,ніжний,48,TRUE,35,FALSE
concrete,ніколи,35,FALSE,35,FALSE
concrete,нікчемний,32,FALSE,35,TRUE
concrete,ніндзя,35,FALSE,35,FALSE
concrete,ніч,33,FALSE,35,TRUE
concrete,ніщо,30,FALSE,35,TRUE
concrete,об'єкт,28,FALSE,35,TRUE
concrete,обвинувачення,36,FALSE,35,FALSE
concrete,обговорення,34,FALSE,35,TRUE
concrete,обертати,31,FALSE,35,TRUE
concrete,обирати,34,FALSE,35,TRUE
concrete,обкладинка,41,FALSE,35,FALSE
concrete,обладнання,36,FALSE,35,FALSE
concrete,обладнувати,35,FALSE,35,FALSE
concrete,обов'язок,29,FALSE,35,TRUE
concrete,ображати,29,FALSE,35,TRUE
concrete,образити,31,FALSE,35,TRUE
concrete,образливість,30,FALSE,35,TRUE
concrete,обслуговування,36,FALSE,35,FALSE
concrete,обстеження,35,FALSE,35,FALSE
concrete,обід,34,FALSE,35,TRUE
concrete,обіймати,30,FALSE,35,TRUE
concrete,обіцянка,35,FALSE,35,FALSE
concrete,огидний,29,FALSE,35,TRUE
concrete,огляд,42,FALSE,35,FALSE
concrete,оглянути,42,FALSE,35,FALSE
concrete,оголений,33,FALSE,35,TRUE
concrete,один,29,FALSE,35,TRUE
concrete,одиночний,28,FALSE,35,TRUE
concrete,одкровення,29,FALSE,35,TRUE
concrete,однорідна,40,FALSE,35,FALSE
concrete,одружений,34,FALSE,35,TRUE
concrete,одяг,33,FALSE,35,TRUE
concrete,озеро,33,FALSE,35,TRUE
concrete,океан,39,FALSE,35,FALSE
concrete,око,48,TRUE,35,FALSE
concrete,округ,23,TRUE,35,TRUE
concrete,окуляри,33,FALSE,35,TRUE
concrete,олія,42,FALSE,35,FALSE
concrete,оновити,34,FALSE,35,TRUE
concrete,оновлення,30,FALSE,35,TRUE
concrete,онук,39,FALSE,35,FALSE
concrete,оперативний,31,FALSE,35,TRUE
concrete,опис,33,FALSE,35,TRUE
concrete,описувати,30,FALSE,35,TRUE
concrete,опонент,30,FALSE,35,TRUE
concrete,опору,38,FALSE,35,FALSE
concrete,оптимістичний,40,FALSE,35,FALSE
concrete,опівдні,28,FALSE,35,TRUE
concrete,опівночі,29,FALSE,35,TRUE
concrete,опір,33,FALSE,35,TRUE
concrete,орбіта,49,TRUE,35,FALSE
concrete,оргазм,28,FALSE,35,TRUE
concrete,організувати,34,FALSE,35,TRUE
concrete,орендар,31,FALSE,35,TRUE
concrete,орендодавець,29,FALSE,35,TRUE
concrete,оренду,40,FALSE,35,FALSE
concrete,орендувати,31,FALSE,35,TRUE
concrete,оригінальний,30,FALSE,35,TRUE
concrete,оркестр,35,FALSE,35,FALSE
concrete,освіта,33,FALSE,35,TRUE
concrete,осел,29,FALSE,35,TRUE
concrete,оснастити,32,FALSE,35,TRUE
concrete,особистий,34,FALSE,35,TRUE
concrete,особистість,33,FALSE,35,TRUE
concrete,особливий,29,FALSE,35,TRUE
concrete,остання,28,FALSE,35,TRUE
concrete,останній,39,FALSE,35,FALSE
concrete,остаточний,36,FALSE,35,FALSE
concrete,осінь,22,TRUE,35,TRUE
concrete,отворити,30,FALSE,35,TRUE
concrete,отрута,32,FALSE,35,TRUE
concrete,офіс,33,FALSE,35,TRUE
concrete,офіціант,31,FALSE,35,TRUE
concrete,офіціантка,40,FALSE,35,FALSE
concrete,офіційний,28,FALSE,35,TRUE
concrete,офіційно,36,FALSE,35,FALSE
concrete,охоронець,33,FALSE,35,TRUE
concrete,оцінка,35,FALSE,35,FALSE
concrete,оцінювати,30,FALSE,35,TRUE
concrete,очевидно,34,FALSE,35,TRUE
concrete,очікувати,36,FALSE,35,FALSE
concrete,п'яний,34,FALSE,35,TRUE
concrete,паб,39,FALSE,35,FALSE
concrete,павук,29,FALSE,35,TRUE
concrete,павутина,32,FALSE,35,TRUE
concrete,пагорб,30,FALSE,35,TRUE
concrete,падіння,30,FALSE,35,TRUE
concrete,пакет,35,FALSE,35,FALSE
concrete,палац,30,FALSE,35,TRUE
concrete,палець,33,FALSE,35,TRUE
concrete,паливо,32,FALSE,35,TRUE
concrete,палиця,34,FALSE,35,TRUE
concrete,палуба,30,FALSE,35,TRUE
concrete,пам'ятник,28,FALSE,35,TRUE
concrete,папа,34,FALSE,35,TRUE
concrete,папір,32,FALSE,35,TRUE
concrete,параграф,33,FALSE,35,TRUE
concrete,параметр,30,FALSE,35,TRUE
concrete,паранормальний,35,FALSE,35,FALSE
concrete,параноїдальний,31,FALSE,35,TRUE
concrete,паркан,21,TRUE,35,TRUE
concrete,парламент,28,FALSE,35,TRUE
concrete,пароль,28,FALSE,35,TRUE
concrete,партія,31,FALSE,35,TRUE
concrete,парфуми,34,FALSE,35,TRUE
concrete,пасажирський,29,FALSE,35,TRUE
concrete,паспорт,34,FALSE,35,TRUE
concrete,пастка,39,FALSE,35,FALSE
concrete,патруль,33,FALSE,35,TRUE
concrete,пацюк,30,FALSE,35,TRUE
concrete,пекло,30,FALSE,35,TRUE
concrete,пенсія,35,FALSE,35,FALSE
concrete,пеніс,35,FALSE,35,FALSE
concrete,первинний,35,FALSE,35,FALSE
concrete,перебування,35,FALSE,35,FALSE
concrete,перебільшувати,41,FALSE,35,FALSE
concrete,передавач,34,FALSE,35,TRUE
concrete,передача,30,FALSE,35,TRUE
concrete,перемога,34,FALSE,35,TRUE
concrete,переможець,34,FALSE,35,TRUE
concrete,перерва,35,FALSE,35,FALSE
concrete,перерву,33,FALSE,35,TRUE
concrete,переривати,33,FALSE,35,TRUE
concrete,переслідування,32,FALSE,35,TRUE
concrete,переслідувати,29,FALSE,35,TRUE
concrete,перешкода,40,FALSE,35,FALSE
concrete,периметр,34,FALSE,35,TRUE
concrete,перспективний,32,FALSE,35,TRUE
concrete,період,41,FALSE,35,FALSE
concrete,печатка,29,FALSE,35,TRUE
concrete,печінка,29,FALSE,35,TRUE
concrete,пиво,34,FALSE,35,TRUE
concrete,пил,41,FALSE,35,FALSE
concrete,пильна,42,FALSE,35,FALSE
concrete,пильний,31,FALSE,35,TRUE
concrete,писати,34,FALSE,35,TRUE
concrete,письменник,24,TRUE,35,TRUE
concrete,письмо,40,FALSE,35,FALSE
concrete,пити,28,FALSE,35,TRUE
concrete,пишаюся,40,FALSE,35,FALSE
concrete,плавати,32,FALSE,35,TRUE
concrete,план,33,FALSE,35,TRUE
concrete,планета,30,FALSE,35,TRUE
concrete,планування,29,FALSE,35,TRUE
concrete,планувати,34,FALSE,35,TRUE
concrete,пластик,34,FALSE,35,TRUE
concrete,платформа,30,FALSE,35,TRUE
concrete,плейбой,29,FALSE,35,TRUE
concrete,племінник,33,FALSE,35,TRUE
concrete,плече,29,FALSE,35,TRUE
concrete,площа,49,TRUE,35,FALSE
concrete,плюс,33,FALSE,35,TRUE
concrete,пляжний,28,FALSE,35,TRUE
concrete,пляшка,32,FALSE,35,TRUE
concrete,плітки,34,FALSE,35,TRUE
concrete,побудувати,33,FALSE,35,TRUE
concrete,пов'язувати,30,FALSE,35,TRUE
concrete,повага,40,FALSE,35,FALSE
concrete,повертатися,34,FALSE,35,TRUE
concrete,поверхня,32,FALSE,35,TRUE
concrete,повний,39,FALSE,35,FALSE
concrete,повністю,33,FALSE,35,TRUE
concrete,поворот,21,TRUE,35,TRUE
concrete,повідомлення,33,FALSE,35,TRUE
concrete,повідомляти,29,FALSE,35,TRUE
concrete,повільний,29,FALSE,35,TRUE
concrete,повільно,29,FALSE,35,TRUE
concrete,повітря,36,FALSE,35,FALSE
concrete,поганий,33,FALSE,35,TRUE
concrete,погано,32,FALSE,35,TRUE
concrete,погляд,34,FALSE,35,TRUE
concrete,пограбування,35,FALSE,35,FALSE
concrete,подвійний,34,FALSE,35,TRUE
concrete,подивитися,30,FALSE,35,TRUE
concrete,подряпка,32,FALSE,35,TRUE
concrete,подяка,30,FALSE,35,TRUE
concrete,подія,48,TRUE,35,FALSE
concrete,поема,34,FALSE,35,TRUE
concrete,поет,22,TRUE,35,TRUE
concrete,пожежа,34,FALSE,35,TRUE
concrete,пожертвування,33,FALSE,35,TRUE
concrete,поживна речовина,32,FALSE,35,TRUE
concrete,позбавлення волі,30,FALSE,35,TRUE
concrete,позитивний,42,FALSE,35,FALSE
concrete,позиція,34,FALSE,35,TRUE
concrete,показувати,34,FALSE,35,TRUE
concrete,покарати,41,FALSE,35,FALSE
concrete,покер,33,FALSE,35,TRUE
concrete,покладати,35,FALSE,35,FALSE
concrete,покоївка,29,FALSE,35,TRUE
concrete,покривати,34,FALSE,35,TRUE
concrete,покупець,33,FALSE,35,TRUE
concrete,покупця,32,FALSE,35,TRUE
concrete,поле бою,29,FALSE,35,TRUE
concrete,полк,30,FALSE,35,TRUE
concrete,полковник,32,FALSE,35,TRUE
concrete,половина,33,FALSE,35,TRUE
concrete,полум'я,29,FALSE,35,TRUE
concrete,полуниця,33,FALSE,35,TRUE
concrete,полювання,35,FALSE,35,FALSE
concrete,поліпшення,42,FALSE,35,FALSE
concrete,політ,35,FALSE,35,FALSE
concrete,політик,34,FALSE,35,TRUE
concrete,політика,29,FALSE,35,TRUE
concrete,політичний,33,FALSE,35,TRUE
concrete,помада,31,FALSE,35,TRUE
concrete,помаранчевий,28,FALSE,35,TRUE
concrete,померти,35,FALSE,35,FALSE
concrete,помилка,28,FALSE,35,TRUE
concrete,помилковий,33,FALSE,35,TRUE
concrete,помститися,34,FALSE,35,TRUE
concrete,помідор,30,FALSE,35,TRUE
concrete,помічник,34,FALSE,35,TRUE
concrete,понеділок,29,FALSE,35,TRUE
concrete,попередження,40,FALSE,35,FALSE
concrete,попит,31,FALSE,35,TRUE
concrete,попряма,34,FALSE,35,TRUE
concrete,популярний,24,TRUE,35,TRUE
concrete,поразка,31,FALSE,35,TRUE
concrete,порно,34,FALSE,35,TRUE
concrete,порожній,35,FALSE,35,FALSE
concrete,порох,41,FALSE,35,FALSE
concrete,портал,25,TRUE,35,TRUE
concrete,портфель,29,FALSE,35,TRUE
concrete,порядок,33,FALSE,35,TRUE
concrete,порятунок,35,FALSE,35,FALSE
concrete,посадка,33,FALSE,35,TRUE
concrete,посла,29,FALSE,35,TRUE
concrete,посмішка,40,FALSE,35,FALSE
concrete,посольство,35,FALSE,35,FALSE
concrete,постріл,35,FALSE,35,FALSE
concrete,постійно,30,FALSE,35,TRUE
concrete,потворний,34,FALSE,35,TRUE
concrete,потенціал,33,FALSE,35,TRUE
concrete,потреба,34,FALSE,35,TRUE
concrete,потрійний,29,FALSE,35,TRUE
concrete,потужність,23,TRUE,35,TRUE
concrete,потяг,30,FALSE,35,TRUE
concrete,потік,35,FALSE,35,FALSE
concrete,похибка,34,FALSE,35,TRUE
concrete,поховати,23,TRUE,35,TRUE
concrete,похоронний,35,FALSE,35,FALSE
concrete,поцілунок,35,FALSE,35,FALSE
concrete,почути,28,FALSE,35,TRUE
concrete,пошта,34,FALSE,35,TRUE
concrete,пошук,32,FALSE,35,TRUE
concrete,пояснення,35,FALSE,35,FALSE
concrete,поєднання,35,FALSE,35,FALSE
concrete,правдоподібний,34,FALSE,35,TRUE
concrete,правий,31,FALSE,35,TRUE
concrete,правила,31,FALSE,35,TRUE
concrete,правильний,30,FALSE,35,TRUE
concrete,правопорушення,32,FALSE,35,TRUE
concrete,правосуддя,31,FALSE,35,TRUE
concrete,практика,34,FALSE,35,TRUE
concrete,практично,36,FALSE,35,FALSE
concrete,прапор,41,FALSE,35,FALSE
concrete,працювати,32,FALSE,35,TRUE
concrete,праця,32,FALSE,35,TRUE
concrete,предмет,35,FALSE,35,FALSE
concrete,президент,32,FALSE,35,TRUE
concrete,прекрасна,31,FALSE,35,TRUE
concrete,прес,33,FALSE,35,TRUE
concrete,престол,33,FALSE,35,TRUE
concrete,прибути,29,FALSE,35,TRUE
concrete,прибуток,29,FALSE,35,TRUE
concrete,прибуття,32,FALSE,35,TRUE
concrete,привабливий,50,TRUE,35,FALSE
concrete,приватний,52,TRUE,35,FALSE
concrete,привілей,49,TRUE,35,FALSE
concrete,привітати,30,FALSE,35,TRUE
concrete,приз,31,FALSE,35,TRUE
concrete,призначення,30,FALSE,35,TRUE
concrete,приймати,28,FALSE,35,TRUE
concrete,прийом,31,FALSE,35,TRUE
concrete,прийшов,31,FALSE,35,TRUE
concrete,приклад,35,FALSE,35,FALSE
concrete,прилад,36,FALSE,35,FALSE
concrete,приманка,28,FALSE,35,TRUE
concrete,приносити,33,FALSE,35,TRUE
concrete,принцеса,22,TRUE,35,TRUE
concrete,припущення,33,FALSE,35,TRUE
concrete,природний,29,FALSE,35,TRUE
concrete,природно,29,FALSE,35,TRUE
concrete,прислухатися,30,FALSE,35,TRUE
concrete,пристойний,35,FALSE,35,FALSE
concrete,пристрасть,32,FALSE,35,TRUE
concrete,присутність,29,FALSE,35,TRUE
concrete,присяга,39,FALSE,35,FALSE
concrete,присягати,34,FALSE,35,TRUE
concrete,притулок,23,TRUE,35,TRUE
concrete,приховати,39,FALSE,35,FALSE
concrete,приходити,30,FALSE,35,TRUE
concrete,причина,28,FALSE,35,TRUE
concrete,причіп,29,FALSE,35,TRUE
concrete,приємний,24,TRUE,35,TRUE
concrete,приємно,41,FALSE,35,FALSE
concrete,про,34,FALSE,35,TRUE
concrete,проблема,34,FALSE,35,TRUE
concrete,провал,48,TRUE,35,FALSE
concrete,програма,32,FALSE,35,TRUE
concrete,програмне забезпечення,41,FALSE,35,FALSE
concrete,прогрес,30,FALSE,35,TRUE
concrete,прогулянка,35,FALSE,35,FALSE
concrete,продавати,34,FALSE,35,TRUE
concrete,продавець,29,FALSE,35,TRUE
concrete,продаж,34,FALSE,35,TRUE
concrete,продовжувати,32,FALSE,35,TRUE
concrete,продовжуйте,32,FALSE,35,TRUE
concrete,продукт,33,FALSE,35,TRUE
concrete,продукти,34,FALSE,35,TRUE
concrete,продуктивність,36,FALSE,35,FALSE
concrete,продукція,32,FALSE,35,TRUE
concrete,проект,34,FALSE,35,TRUE
concrete,прокляття,36,FALSE,35,FALSE
concrete,проковтнути,40,FALSE,35,FALSE
concrete,прокурор,30,FALSE,35,TRUE
concrete,проповідь,32,FALSE,35,TRUE
concrete,пропозиція,48,TRUE,35,FALSE
concrete,пропонувати,29,FALSE,35,TRUE
concrete,проспект,34,FALSE,35,TRUE
concrete,простий,29,FALSE,35,TRUE
concrete,просто,40,FALSE,35,FALSE
concrete,протест,34,FALSE,35,TRUE
concrete,протистояти,40,FALSE,35,FALSE
concrete,протокол,29,FALSE,35,TRUE
concrete,прототип,36,FALSE,35,FALSE
concrete,професор,41,FALSE,35,FALSE
concrete,професійний,35,FALSE,35,FALSE
concrete,профіль,30,FALSE,35,TRUE
concrete,прохолодний,30,FALSE,35,TRUE
concrete,процедура,29,FALSE,35,TRUE
concrete,процес,31,FALSE,35,TRUE
concrete,прощати,37,FALSE,35,FALSE
concrete,прощення,29,FALSE,35,TRUE
concrete,прямий,49,TRUE,35,FALSE
concrete,прізвище,22,TRUE,35,TRUE
concrete,псевдонім,29,FALSE,35,TRUE
concrete,психологічна,40,FALSE,35,FALSE
concrete,психологічний,35,FALSE,35,FALSE
concrete,психологія,41,FALSE,35,FALSE
concrete,психічний,32,FALSE,35,TRUE
concrete,птах,34,FALSE,35,TRUE
concrete,пульс,31,FALSE,35,TRUE
concrete,пустеля,29,FALSE,35,TRUE
concrete,пухлина,28,FALSE,35,TRUE
concrete,пяний,40,FALSE,35,FALSE
concrete,піаніно,32,FALSE,35,TRUE
concrete,південний,32,FALSE,35,TRUE
concrete,північний,35,FALSE,35,FALSE
concrete,підводний човен,34,FALSE,35,TRUE
concrete,підготовка,34,FALSE,35,TRUE
concrete,підготувати,33,FALSE,35,TRUE
concrete,підйом,28,FALSE,35,TRUE
concrete,підключення,34,FALSE,35,TRUE
concrete,підлога,30,FALSE,35,TRUE
concrete,підлітковий,34,FALSE,35,TRUE
concrete,підліток,30,FALSE,35,TRUE
concrete,підозрювати,30,FALSE,35,TRUE
concrete,підпис,34,FALSE,35,TRUE
concrete,підприємець,30,FALSE,35,TRUE
concrete,підробка,30,FALSE,35,TRUE
concrete,підрозділ,30,FALSE,35,TRUE
concrete,підсумок,37,FALSE,35,FALSE
concrete,підтвердження,34,FALSE,35,TRUE
concrete,підтверджувати,32,FALSE,35,TRUE
concrete,підтримка,34,FALSE,35,TRUE
concrete,підтримувати,33,FALSE,35,TRUE
concrete,пізно,49,TRUE,35,FALSE
concrete,пікнік,39,FALSE,35,FALSE
concrete,пілот,33,FALSE,35,TRUE
concrete,пінг,51,TRUE,35,FALSE
concrete,піраміда,28,FALSE,35,TRUE
concrete,пірат,31,FALSE,35,TRUE
concrete,піратський,23,TRUE,35,TRUE
concrete,пісня,33,FALSE,35,TRUE
concrete,пісок,41,FALSE,35,FALSE
concrete,пістолет,36,FALSE,35,FALSE
concrete,піхва,33,FALSE,35,TRUE
concrete,піч,34,FALSE,35,TRUE
concrete,раб,23,TRUE,35,TRUE
concrete,равлик,28,FALSE,35,TRUE
concrete,радар,36,FALSE,35,FALSE
concrete,радіо,38,FALSE,35,FALSE
concrete,радість,34,FALSE,35,TRUE
concrete,радіус,30,FALSE,35,TRUE
concrete,рай,35,FALSE,35,FALSE
concrete,район,34,FALSE,35,TRUE
concrete,рак,28,FALSE,35,TRUE
concrete,ракета,49,TRUE,35,FALSE
concrete,ракетний,31,FALSE,35,TRUE
concrete,раковина,31,FALSE,35,TRUE
concrete,рана,29,FALSE,35,TRUE
concrete,рано,36,FALSE,35,FALSE
concrete,ранок,34,FALSE,35,TRUE
concrete,раноподібний,33,FALSE,35,TRUE
concrete,раптом,40,FALSE,35,FALSE
concrete,раса,42,FALSE,35,FALSE
concrete,расист,29,FALSE,35,TRUE
concrete,рахувати,49,TRUE,35,FALSE
concrete,реагувати,50,TRUE,35,FALSE
concrete,реактор,33,FALSE,35,TRUE
concrete,реальний,39,FALSE,35,FALSE
concrete,реальність,33,FALSE,35,TRUE
concrete,реалістичний,35,FALSE,35,FALSE
concrete,ревнивий,34,FALSE,35,TRUE
concrete,регіональний,29,FALSE,35,TRUE
concrete,регіональні,39,FALSE,35,FALSE
concrete,результат,32,FALSE,35,TRUE
concrete,реклама,30,FALSE,35,TRUE
concrete,рекомендувати,30,FALSE,35,TRUE
concrete,рекорд,34,FALSE,35,TRUE
concrete,релігія,29,FALSE,35,TRUE
concrete,ремонт,30,FALSE,35,TRUE
concrete,репортер,32,FALSE,35,TRUE
concrete,репутація,29,FALSE,35,TRUE
concrete,ресторан,34,FALSE,35,TRUE
concrete,речення,31,FALSE,35,TRUE
concrete,риба,40,FALSE,35,FALSE
concrete,риболовля,30,FALSE,35,TRUE
concrete,ризик,28,FALSE,35,TRUE
concrete,ризикований,34,FALSE,35,TRUE
concrete,рим,21,TRUE,35,TRUE
concrete,римський,29,FALSE,35,TRUE
concrete,ритм,49,TRUE,35,FALSE
concrete,ритуал,31,FALSE,35,TRUE
concrete,ритуальний,30,FALSE,35,TRUE
concrete,робити,42,FALSE,35,FALSE
concrete,робот,30,FALSE,35,TRUE
concrete,робота,34,FALSE,35,TRUE
concrete,робітник,32,FALSE,35,TRUE
concrete,родео,32,FALSE,35,TRUE
concrete,родитель,30,FALSE,35,TRUE
concrete,розбити,33,FALSE,35,TRUE
concrete,розвал,33,FALSE,35,TRUE
concrete,розвиток,28,FALSE,35,TRUE
concrete,розглядати,34,FALSE,35,TRUE
concrete,розділ,35,FALSE,35,FALSE
concrete,розклад,34,FALSE,35,TRUE
concrete,розлучення,34,FALSE,35,TRUE
concrete,розмова,33,FALSE,35,TRUE
concrete,розмовляти,51,TRUE,35,FALSE
concrete,розмір,34,FALSE,35,TRUE
concrete,розповідати,30,FALSE,35,TRUE
concrete,розраховувати,50,TRUE,35,FALSE
concrete,розрив,41,FALSE,35,FALSE
concrete,розрізати,29,FALSE,35,TRUE
concrete,розслідувати,32,FALSE,35,TRUE
concrete,розташування,28,FALSE,35,TRUE
concrete,розтопити,30,FALSE,35,TRUE
concrete,розумний,34,FALSE,35,TRUE
concrete,розчарування,41,FALSE,35,FALSE
concrete,рок,33,FALSE,35,TRUE
concrete,ром,30,FALSE,35,TRUE
concrete,романтичний,34,FALSE,35,TRUE
concrete,ромео,34,FALSE,35,TRUE
concrete,рослина,40,FALSE,35,FALSE
concrete,рот,29,FALSE,35,TRUE
concrete,руйнування,34,FALSE,35,TRUE
concrete,рухатися,29,FALSE,35,TRUE
concrete,ручка,35,FALSE,35,FALSE
concrete,ручний,50,TRUE,35,FALSE
concrete,рушник,33,FALSE,35,TRUE
concrete,рятівник,32,FALSE,35,TRUE
concrete,рівномірний,34,FALSE,35,TRUE
concrete,ріг,29,FALSE,35,TRUE
concrete,рідина,34,FALSE,35,TRUE
concrete,рідко,31,FALSE,35,TRUE
concrete,різдвяний,35,FALSE,35,FALSE
concrete,різні,41,FALSE,35,FALSE
concrete,річка,31,FALSE,35,TRUE
concrete,саботаж,39,FALSE,35,FALSE
concrete,салат,50,TRUE,35,FALSE
concrete,самогубство,48,TRUE,35,FALSE
concrete,самотній,34,FALSE,35,TRUE
concrete,самурай,33,FALSE,35,TRUE
concrete,сантиметр,28,FALSE,35,TRUE
concrete,сантиметри,32,FALSE,35,TRUE
concrete,свинина,33,FALSE,35,TRUE
concrete,свиня,28,FALSE,35,TRUE
concrete,свиняча,32,FALSE,35,TRUE
concrete,свисток,30,FALSE,35,TRUE
concrete,свобода,29,FALSE,35,TRUE
concrete,свято,50,TRUE,35,FALSE
concrete,священик,30,FALSE,35,TRUE
concrete,свідок,29,FALSE,35,TRUE
concrete,свідчення,35,FALSE,35,FALSE
concrete,свіжий,40,FALSE,35,FALSE
concrete,світ,29,FALSE,35,TRUE
concrete,світанок,28,FALSE,35,TRUE
concrete,свічка,35,FALSE,35,FALSE
concrete,сейф,29,FALSE,35,TRUE
concrete,секретар,33,FALSE,35,TRUE
concrete,секретний,33,FALSE,35,TRUE
concrete,сексуальний,49,TRUE,35,FALSE
concrete,село,28,FALSE,35,TRUE
concrete,семінар,30,FALSE,35,TRUE
concrete,сенат,33,FALSE,35,TRUE
concrete,сенатор,28,FALSE,35,TRUE
concrete,сенс,51,TRUE,35,FALSE
concrete,сенсаційний,33,FALSE,35,TRUE
concrete,сенсор,31,FALSE,35,TRUE
concrete,середовище,29,FALSE,35,TRUE
concrete,сержант,32,FALSE,35,TRUE
concrete,серія,29,FALSE,35,TRUE
concrete,сестра,34,FALSE,35,TRUE
concrete,сеча,22,TRUE,35,TRUE
concrete,сигара,35,FALSE,35,FALSE
concrete,сигарета,29,FALSE,35,TRUE
concrete,сигнал,30,FALSE,35,TRUE
concrete,сигналізація,28,FALSE,35,TRUE
concrete,сидіти,30,FALSE,35,TRUE
concrete,сила,33,FALSE,35,TRUE
concrete,сильний,42,FALSE,35,FALSE
concrete,сильно,30,FALSE,35,TRUE
concrete,символ,34,FALSE,35,TRUE
concrete,симптом,33,FALSE,35,TRUE
concrete,син,34,FALSE,35,TRUE
concrete,синдром,30,FALSE,35,TRUE
concrete,синяк,35,FALSE,35,FALSE
concrete,синій,33,FALSE,35,TRUE
concrete,сир,31,FALSE,35,TRUE
concrete,сиріт,30,FALSE,35,TRUE
concrete,система,29,FALSE,35,TRUE
concrete,ситуація,32,FALSE,35,TRUE
concrete,сказати,35,FALSE,35,FALSE
concrete,скандал,34,FALSE,35,TRUE
concrete,скарбниця,51,TRUE,35,FALSE
concrete,скарга,33,FALSE,35,TRUE
concrete,склянка,30,FALSE,35,TRUE
concrete,скорочувати,34,FALSE,35,TRUE
concrete,скромний,29,FALSE,35,TRUE
concrete,слабкий,33,FALSE,35,TRUE
concrete,слава,33,FALSE,35,TRUE
concrete,славний,35,FALSE,35,FALSE
concrete,словник,28,FALSE,35,TRUE
concrete,слово,31,FALSE,35,TRUE
concrete,слуга,42,FALSE,35,FALSE
concrete,служба,49,TRUE,35,FALSE
concrete,слух,33,FALSE,35,TRUE
concrete,слухати,30,FALSE,35,TRUE
concrete,слідувати,29,FALSE,35,TRUE
concrete,сліпий,31,FALSE,35,TRUE
concrete,смак,51,TRUE,35,FALSE
concrete,смачний,31,FALSE,35,TRUE
concrete,смертельний,34,FALSE,35,TRUE
concrete,смерть,40,FALSE,35,FALSE
concrete,смоктати,33,FALSE,35,TRUE
concrete,смійся,30,FALSE,35,TRUE
concrete,сміття,29,FALSE,35,TRUE
concrete,смішний,53,TRUE,35,FALSE
concrete,сміятися,33,FALSE,35,TRUE
concrete,снайпер,28,FALSE,35,TRUE
concrete,сніг,33,FALSE,35,TRUE
concrete,снід,34,FALSE,35,TRUE
concrete,сніданок,22,TRUE,35,TRUE
concrete,собака,32,FALSE,35,TRUE
concrete,сода,39,FALSE,35,FALSE
concrete,сок,39,FALSE,35,FALSE
concrete,солдат,52,TRUE,35,FALSE
concrete,солодкий,32,FALSE,35,TRUE
concrete,сонце,49,TRUE,35,FALSE
concrete,сонячний,28,FALSE,35,TRUE
concrete,сорочка,34,FALSE,35,TRUE
concrete,сортувати,33,FALSE,35,TRUE
concrete,соус,33,FALSE,35,TRUE
concrete,спагетті,34,FALSE,35,TRUE
concrete,спадщина,29,FALSE,35,TRUE
concrete,спальня,49,TRUE,35,FALSE
concrete,спантеличеність,50,TRUE,35,FALSE
concrete,спасибі,35,FALSE,35,FALSE
concrete,спаситель,32,FALSE,35,TRUE
concrete,спати,30,FALSE,35,TRUE
concrete,спеціаліст,34,FALSE,35,TRUE
concrete,сповіщення,33,FALSE,35,TRUE
concrete,спокійний,28,FALSE,35,TRUE
concrete,спокійно,29,FALSE,35,TRUE
concrete,спорт,30,FALSE,35,TRUE
concrete,спостереження,34,FALSE,35,TRUE
concrete,спочатку,40,FALSE,35,FALSE
concrete,справедливість,30,FALSE,35,TRUE
concrete,справжній,28,FALSE,35,TRUE
concrete,спрага,30,FALSE,35,TRUE
concrete,спроба,35,FALSE,35,FALSE
concrete,спробувати,33,FALSE,35,TRUE
concrete,співак,33,FALSE,35,TRUE
concrete,співчувати,48,TRUE,35,FALSE
concrete,співчуття,41,FALSE,35,FALSE
concrete,спідниця,30,FALSE,35,TRUE
concrete,спілкування,30,FALSE,35,TRUE
concrete,спільнота,34,FALSE,35,TRUE
concrete,срібло,33,FALSE,35,TRUE
concrete,ставлення,32,FALSE,35,TRUE
concrete,стадіон,53,TRUE,35,FALSE
concrete,сталь,30,FALSE,35,TRUE
concrete,стандартний,23,TRUE,35,TRUE
concrete,станція,28,FALSE,35,TRUE
concrete,старий,28,FALSE,35,TRUE
concrete,старший,29,FALSE,35,TRUE
concrete,статися,33,FALSE,35,TRUE
concrete,стаття,39,FALSE,35,FALSE
concrete,статус,34,FALSE,35,TRUE
concrete,статуя,33,FALSE,35,TRUE
concrete,створення,35,FALSE,35,FALSE
concrete,створювати,33,FALSE,35,TRUE
concrete,створіння,49,TRUE,35,FALSE
concrete,стиль,30,FALSE,35,TRUE
concrete,сто,28,FALSE,35,TRUE
concrete,століття,22,TRUE,35,TRUE
concrete,стоп,32,FALSE,35,TRUE
concrete,стояти,30,FALSE,35,TRUE
concrete,страждання,34,FALSE,35,TRUE
concrete,страждати,28,FALSE,35,TRUE
concrete,страйк,34,FALSE,35,TRUE
concrete,стратегія,33,FALSE,35,TRUE
concrete,страх,33,FALSE,35,TRUE
concrete,страшний,30,FALSE,35,TRUE
concrete,страшно,40,FALSE,35,FALSE
concrete,стрес,34,FALSE,35,TRUE
concrete,стрибок,29,FALSE,35,TRUE
concrete,стриманий,33,FALSE,35,TRUE
concrete,структура,31,FALSE,35,TRUE
concrete,струм,36,FALSE,35,FALSE
concrete,стрільця,32,FALSE,35,TRUE
concrete,студент,32,FALSE,35,TRUE
concrete,стурбований,30,FALSE,35,TRUE
concrete,стіл,33,FALSE,35,TRUE
concrete,стіна,29,FALSE,35,TRUE
concrete,субота,30,FALSE,35,TRUE
concrete,судити,30,FALSE,35,TRUE
concrete,судно,48,TRUE,35,FALSE
concrete,судовий,32,FALSE,35,TRUE
concrete,судовий процес,35,FALSE,35,FALSE
concrete,сукня,28,FALSE,35,TRUE
concrete,сума,33,FALSE,35,TRUE
concrete,сумний,34,FALSE,35,TRUE
concrete,сумніватися,33,FALSE,35,TRUE
concrete,суміш,31,FALSE,35,TRUE
concrete,суп,50,TRUE,35,FALSE
concrete,суперечка,32,FALSE,35,TRUE
concrete,супермен,29,FALSE,35,TRUE
concrete,супроводжувати,29,FALSE,35,TRUE
concrete,супротив,28,FALSE,35,TRUE
concrete,супутник,29,FALSE,35,TRUE
concrete,суспільство,29,FALSE,35,TRUE
concrete,сухий,33,FALSE,35,TRUE
concrete,сучасний,36,FALSE,35,FALSE
concrete,сховатися,30,FALSE,35,TRUE
concrete,схопи,41,FALSE,35,FALSE
concrete,східний,28,FALSE,35,TRUE
concrete,сьогодні,23,TRUE,35,TRUE
concrete,сюрприз,34,FALSE,35,TRUE
concrete,сік,30,FALSE,35,TRUE
concrete,сім'я,29,FALSE,35,TRUE
concrete,таблетка,23,TRUE,35,TRUE
concrete,таблетки,33,FALSE,35,TRUE
concrete,таблиця,33,FALSE,35,TRUE
concrete,табір,41,FALSE,35,FALSE
concrete,таймер,28,FALSE,35,TRUE
concrete,так,50,TRUE,35,FALSE
concrete,таксі,50,TRUE,35,FALSE
concrete,талант,35,FALSE,35,FALSE
concrete,там,36,FALSE,35,FALSE
concrete,танк,29,FALSE,35,TRUE
concrete,танцювати,29,FALSE,35,TRUE
concrete,танцівниця,28,FALSE,35,TRUE
concrete,тарілка,33,FALSE,35,TRUE
concrete,тато,41,FALSE,35,FALSE
concrete,татуювання,39,FALSE,35,FALSE
concrete,таємниця,33,FALSE,35,TRUE
concrete,тварина,32,FALSE,35,TRUE
concrete,тверезий,24,TRUE,35,TRUE
concrete,творчість,33,FALSE,35,TRUE
concrete,театр,33,FALSE,35,TRUE
concrete,текст,33,FALSE,35,TRUE
concrete,телебачення,30,FALSE,35,TRUE
concrete,телеграма,30,FALSE,35,TRUE
concrete,телескоп,24,TRUE,35,TRUE
concrete,телефон,35,FALSE,35,FALSE
concrete,темний,34,FALSE,35,TRUE
concrete,температура,34,FALSE,35,TRUE
concrete,темрява,34,FALSE,35,TRUE
concrete,теніс,36,FALSE,35,FALSE
concrete,теорія,29,FALSE,35,TRUE
concrete,теплий,36,FALSE,35,FALSE
concrete,тепло,41,FALSE,35,FALSE
concrete,терапія,40,FALSE,35,FALSE
concrete,термінал,35,FALSE,35,FALSE
concrete,терміновий,28,FALSE,35,TRUE
concrete,терпіння,34,FALSE,35,TRUE
concrete,тестування,29,FALSE,35,TRUE
concrete,технологія,35,FALSE,35,FALSE
concrete,техніка,33,FALSE,35,TRUE
concrete,технічний,28,FALSE,35,TRUE
concrete,тиждень,28,FALSE,35,TRUE
concrete,типовий,30,FALSE,35,TRUE
concrete,тиск,21,TRUE,35,TRUE
concrete,тисяча,29,FALSE,35,TRUE
concrete,тихоокеанський,50,TRUE,35,FALSE
concrete,тканина,35,FALSE,35,FALSE
concrete,тканини,33,FALSE,35,TRUE
concrete,товстий,30,FALSE,35,TRUE
concrete,тонкий,34,FALSE,35,TRUE
concrete,торговець,30,FALSE,35,TRUE
concrete,торнадо,30,FALSE,35,TRUE
concrete,торт,30,FALSE,35,TRUE
concrete,тост,35,FALSE,35,FALSE
concrete,точка,36,FALSE,35,FALSE
concrete,травма,48,TRUE,35,FALSE
concrete,трагічний,33,FALSE,35,TRUE
concrete,традиційний,33,FALSE,35,TRUE
concrete,транспортний засіб,31,FALSE,35,TRUE
concrete,тренер,31,FALSE,35,TRUE
concrete,третій,30,FALSE,35,TRUE
concrete,три,29,FALSE,35,TRUE
concrete,тригер,29,FALSE,35,TRUE
concrete,трикутник,33,FALSE,35,TRUE
concrete,тримати,40,FALSE,35,FALSE
concrete,трофей,33,FALSE,35,TRUE
concrete,труна,34,FALSE,35,TRUE
concrete,труп,33,FALSE,35,TRUE
concrete,трюк,35,FALSE,35,FALSE
concrete,тріщина,28,FALSE,35,TRUE
concrete,туалет,47,TRUE,35,FALSE
concrete,туга,34,FALSE,35,TRUE
concrete,туман,32,FALSE,35,TRUE
concrete,тунель,40,FALSE,35,FALSE
concrete,тунець,29,FALSE,35,TRUE
concrete,турбота,34,FALSE,35,TRUE
concrete,турбувати,30,FALSE,35,TRUE
concrete,турист,34,FALSE,35,TRUE
concrete,турнір,36,FALSE,35,FALSE
concrete,тут,34,FALSE,35,TRUE
concrete,тютюн,39,FALSE,35,FALSE
concrete,тягнути,30,FALSE,35,TRUE
concrete,тіло,40,FALSE,35,FALSE
concrete,тінь,36,FALSE,35,FALSE
concrete,убивця,49,TRUE,35,FALSE
concrete,убити,34,FALSE,35,TRUE
concrete,ув'язнений,36,FALSE,35,FALSE
concrete,увага,34,FALSE,35,TRUE
concrete,уважність,33,FALSE,35,TRUE
concrete,угоду,35,FALSE,35,FALSE
concrete,ударити,21,TRUE,35,TRUE
concrete,узбережжі,50,TRUE,35,FALSE
concrete,улитка,40,FALSE,35,FALSE
concrete,університет,40,FALSE,35,FALSE
concrete,унікальний,34,FALSE,35,TRUE
concrete,уотсон,38,FALSE,35,FALSE
concrete,упертий,30,FALSE,35,TRUE
concrete,управляти,33,FALSE,35,TRUE
concrete,ураган,41,FALSE,35,FALSE
concrete,уряд,30,FALSE,35,TRUE
concrete,урятувати,50,TRUE,35,FALSE
concrete,усвідомлювати,33,FALSE,35,TRUE
concrete,усмішка,30,FALSE,35,TRUE
concrete,успадковувати,23,TRUE,35,TRUE
concrete,успадкувати,32,FALSE,35,TRUE
concrete,успіх,32,FALSE,35,TRUE
concrete,усунути,34,FALSE,35,TRUE
concrete,утримувати,30,FALSE,35,TRUE
concrete,уява,33,FALSE,35,TRUE
concrete,фаза,33,FALSE,35,TRUE
concrete,файл,41,FALSE,35,FALSE
concrete,факс,29,FALSE,35,TRUE
concrete,фактично,35,FALSE,35,FALSE
concrete,фактор,32,FALSE,35,TRUE
concrete,фальшиве,33,FALSE,35,TRUE
concrete,фальшивий,41,FALSE,35,FALSE
concrete,фантазія,34,FALSE,35,TRUE
concrete,фантастичний,29,FALSE,35,TRUE
concrete,фарбувати,49,TRUE,35,FALSE
concrete,фатальний,33,FALSE,35,TRUE
concrete,фатум,34,FALSE,35,TRUE
concrete,федеральний,35,FALSE,35,FALSE
concrete,федерація,35,FALSE,35,FALSE
concrete,фермер,31,FALSE,35,TRUE
concrete,фестиваль,30,FALSE,35,TRUE
concrete,флот,30,FALSE,35,TRUE
concrete,форма,34,FALSE,35,TRUE
concrete,фотограф,30,FALSE,35,TRUE
concrete,фотографія,32,FALSE,35,TRUE
concrete,фрагмент,33,FALSE,35,TRUE
concrete,фраза,29,FALSE,35,TRUE
concrete,французький,33,FALSE,35,TRUE
concrete,фронт,33,FALSE,35,TRUE
concrete,фрукти,35,FALSE,35,FALSE
concrete,функціональний,35,FALSE,35,FALSE
concrete,фунт,35,FALSE,35,FALSE
concrete,фургон,36,FALSE,35,FALSE
concrete,футбол,35,FALSE,35,FALSE
concrete,фізика,29,FALSE,35,TRUE
concrete,фізичний,33,FALSE,35,TRUE
concrete,філософія,22,TRUE,35,TRUE
concrete,фільм,21,TRUE,35,TRUE
concrete,фінансовий,29,FALSE,35,TRUE
concrete,фінансово,30,FALSE,35,TRUE
concrete,фінансування,35,FALSE,35,FALSE
concrete,фірма,33,FALSE,35,TRUE
concrete,хабар,30,FALSE,35,TRUE
concrete,хаос,30,FALSE,35,TRUE
concrete,хапати,33,FALSE,35,TRUE
concrete,характер,29,FALSE,35,TRUE
concrete,хвилина,30,FALSE,35,TRUE
concrete,хворий,34,FALSE,35,TRUE
concrete,хижак,34,FALSE,35,TRUE
concrete,хлопче,31,FALSE,35,TRUE
concrete,хлопчик,31,FALSE,35,TRUE
concrete,хлопчики,33,FALSE,35,TRUE
concrete,хліб,49,TRUE,35,FALSE
concrete,хмара,28,FALSE,35,TRUE
concrete,хобі,34,FALSE,35,TRUE
concrete,холодний,32,FALSE,35,TRUE
concrete,хоробрий,29,FALSE,35,TRUE
concrete,храм,33,FALSE,35,TRUE
concrete,хребетний,35,FALSE,35,FALSE
concrete,християнин,34,FALSE,35,TRUE
concrete,художник,29,FALSE,35,TRUE
concrete,хустка,22,TRUE,35,TRUE
concrete,хімічний,29,FALSE,35,TRUE
concrete,хімія,33,FALSE,35,TRUE
concrete,хірург,32,FALSE,35,TRUE
concrete,хірургія,28,FALSE,35,TRUE
concrete,цвинтар,33,FALSE,35,TRUE
concrete,цвях,21,TRUE,35,TRUE
concrete,цемент,30,FALSE,35,TRUE
concrete,церебральний,29,FALSE,35,TRUE
concrete,церемонія,34,FALSE,35,TRUE
concrete,церква,34,FALSE,35,TRUE
concrete,цибуля,29,FALSE,35,TRUE
concrete,цивільний,33,FALSE,35,TRUE
concrete,цивілізація,36,FALSE,35,FALSE
concrete,цинічний,43,FALSE,35,FALSE
concrete,цирк,33,FALSE,35,TRUE
concrete,цукор,30,FALSE,35,TRUE
concrete,цікавий,29,FALSE,35,TRUE
concrete,ціна,32,FALSE,35,TRUE
concrete,цінний,30,FALSE,35,TRUE
concrete,чарівний,30,FALSE,35,TRUE
concrete,чарівник,29,FALSE,35,TRUE
concrete,чарівність,33,FALSE,35,TRUE
concrete,часник,35,FALSE,35,FALSE
concrete,частинка,42,FALSE,35,FALSE
concrete,частка,32,FALSE,35,TRUE
concrete,часто,33,FALSE,35,TRUE
concrete,частота,31,FALSE,35,TRUE
concrete,чаша,33,FALSE,35,TRUE
concrete,чашка,29,FALSE,35,TRUE
concrete,чекати,29,FALSE,35,TRUE
concrete,чемпіон,29,FALSE,35,TRUE
concrete,чемпіонат,40,FALSE,35,FALSE
concrete,черв'як,29,FALSE,35,TRUE
concrete,червень,48,TRUE,35,FALSE
concrete,червоний,32,FALSE,35,TRUE
concrete,черевний,29,FALSE,35,TRUE
concrete,череп,31,FALSE,35,TRUE
concrete,черепаха,29,FALSE,35,TRUE
concrete,чесний,35,FALSE,35,FALSE
concrete,чесність,28,FALSE,35,TRUE
concrete,честь,35,FALSE,35,FALSE
concrete,четверо,33,FALSE,35,TRUE
concrete,четвертий,28,FALSE,35,TRUE
concrete,чип,41,FALSE,35,FALSE
concrete,число,32,FALSE,35,TRUE
concrete,чистий,34,FALSE,35,TRUE
concrete,читання,32,FALSE,35,TRUE
concrete,читати,23,TRUE,35,TRUE
concrete,член,36,FALSE,35,FALSE
concrete,човен,22,TRUE,35,TRUE
concrete,чоловік,37,FALSE,35,FALSE
concrete,чоловічий,34,FALSE,35,TRUE
concrete,чорний,28,FALSE,35,TRUE
concrete,чотири,23,TRUE,35,TRUE
concrete,чувак,29,FALSE,35,TRUE
concrete,чудовий,29,FALSE,35,TRUE
concrete,чужий,29,FALSE,35,TRUE
concrete,чума,32,FALSE,35,TRUE
concrete,чутливий,31,FALSE,35,TRUE
concrete,чіп,30,FALSE,35,TRUE
concrete,чітко,35,FALSE,35,FALSE
concrete,шампанське,41,FALSE,35,FALSE
concrete,шанс,33,FALSE,35,TRUE
concrete,шантаж,34,FALSE,35,TRUE
concrete,шар,35,FALSE,35,FALSE
concrete,шафа,49,TRUE,35,FALSE
concrete,шахрайство,35,FALSE,35,FALSE
concrete,швидка допомога,30,FALSE,35,TRUE
concrete,швидкий,28,FALSE,35,TRUE
concrete,швидко,30,FALSE,35,TRUE
concrete,швидкість,28,FALSE,35,TRUE
concrete,шериф,32,FALSE,35,TRUE
concrete,шерлок,34,FALSE,35,TRUE
concrete,шеф-кухар,34,FALSE,35,TRUE
concrete,шийка,35,FALSE,35,FALSE
concrete,широкий,29,FALSE,35,TRUE
concrete,школа,33,FALSE,35,TRUE
concrete,школу,33,FALSE,35,TRUE
concrete,шкіра,33,FALSE,35,TRUE
concrete,шланг,34,FALSE,35,TRUE
concrete,шлем,32,FALSE,35,TRUE
concrete,шлунок,35,FALSE,35,FALSE
concrete,шлюб,29,FALSE,35,TRUE
concrete,шматок,34,FALSE,35,TRUE
concrete,шовк,30,FALSE,35,TRUE
concrete,шоколад,29,FALSE,35,TRUE
concrete,шолом,29,FALSE,35,TRUE
concrete,шосе,42,FALSE,35,FALSE
concrete,шоу,31,FALSE,35,TRUE
concrete,шпигун,34,FALSE,35,TRUE
concrete,шпигунство,28,FALSE,35,TRUE
concrete,шприц,34,FALSE,35,TRUE
concrete,шрам,36,FALSE,35,FALSE
concrete,штаб-квартира,29,FALSE,35,TRUE
concrete,штовхати,30,FALSE,35,TRUE
concrete,штраф,33,FALSE,35,TRUE
concrete,штурм,29,FALSE,35,TRUE
concrete,штучний,33,FALSE,35,TRUE
concrete,шум,23,TRUE,35,TRUE
concrete,шутер,29,FALSE,35,TRUE
concrete,щасливий,28,FALSE,35,TRUE
concrete,ще,30,FALSE,35,TRUE
concrete,щедрий,35,FALSE,35,FALSE
concrete,щит,34,FALSE,35,TRUE
concrete,що,33,FALSE,35,TRUE
concrete,що саме,29,FALSE,35,TRUE
concrete,щодня,34,FALSE,35,TRUE
concrete,щока,33,FALSE,35,TRUE
concrete,щось,29,FALSE,35,TRUE
concrete,щотижнево,32,FALSE,35,TRUE
concrete,щотижня,32,FALSE,35,TRUE
concrete,щур,32,FALSE,35,TRUE
concrete,ювілей,32,FALSE,35,TRUE
concrete,юрисдикція,29,FALSE,35,TRUE
concrete,юрист,29,FALSE,35,TRUE
concrete,яблучний,36,FALSE,35,FALSE
concrete,явище,34,FALSE,35,TRUE
concrete,ядерна,32,FALSE,35,TRUE
concrete,ядерний,23,TRUE,35,TRUE
concrete,яйце,34,FALSE,35,TRUE
concrete,якор,35,FALSE,35,FALSE
concrete,якість,23,TRUE,35,TRUE
concrete,ярмарок,35,FALSE,35,FALSE
concrete,яскравий,30,FALSE,35,TRUE
concrete,ящірка,34,FALSE,35,TRUE
concrete,єдиний,30,FALSE,35,TRUE
concrete,єпископ,29,FALSE,35,TRUE
concrete,іграшка,33,FALSE,35,TRUE
concrete,ідеальний,49,TRUE,35,FALSE
concrete,ідея,34,FALSE,35,TRUE
concrete,ідіот,33,FALSE,35,TRUE
concrete,ілюзія,29,FALSE,35,TRUE
concrete,імператор,34,FALSE,35,TRUE
concrete,імперський,33,FALSE,35,TRUE
concrete,імперія,31,FALSE,35,TRUE
concrete,імпульс,31,FALSE,35,TRUE
concrete,ін'єкція,34,FALSE,35,TRUE
concrete,інвестор,30,FALSE,35,TRUE
concrete,інвестувати,28,FALSE,35,TRUE
concrete,індивідуальний,40,FALSE,35,FALSE
concrete,індичка,30,FALSE,35,TRUE
concrete,інженер,33,FALSE,35,TRUE
concrete,іноді,34,FALSE,35,TRUE
concrete,інспектор,29,FALSE,35,TRUE
concrete,інспекція,34,FALSE,35,TRUE
concrete,інстинкт,32,FALSE,35,TRUE
concrete,інструмент,33,FALSE,35,TRUE
concrete,інтернет,40,FALSE,35,FALSE
concrete,інтимний,28,FALSE,35,TRUE
concrete,інтуїція,31,FALSE,35,TRUE
concrete,інфекція,28,FALSE,35,TRUE
concrete,інформатор,34,FALSE,35,TRUE
concrete,інформація,28,FALSE,35,TRUE
concrete,інцидент,31,FALSE,35,TRUE
concrete,інший,22,TRUE,35,TRUE
concrete,іржавий,33,FALSE,35,TRUE
concrete,іронічний,33,FALSE,35,TRUE
concrete,іронія,29,FALSE,35,TRUE
concrete,їжа,35,FALSE,35,FALSE
concrete,їздити,49,TRUE,35,FALSE
concrete,їсти,29,FALSE,35,TRUE
familiar,НЛО,27,FALSE,35,TRUE
familiar,абсолютно,29,FALSE,35,TRUE
familiar,аварія,29,FALSE,35,TRUE
familiar,автобус,30,FALSE,35,TRUE
familiar,автограф,35,FALSE,35,FALSE
familiar,автор,31,FALSE,35,TRUE
familiar,агент,34,FALSE,35,TRUE
familiar,агентство,32,FALSE,35,TRUE
familiar,адміністративний,36,FALSE,35,FALSE
familiar,адміністрація,39,TRUE,35,FALSE
familiar,адреналін,29,FALSE,35,TRUE
familiar,адреса,36,FALSE,35,FALSE
familiar,аеропорт,36,FALSE,35,FALSE
familiar,акт,34,FALSE,35,TRUE
familiar,активувати,34,FALSE,35,TRUE
familiar,акула,26,FALSE,35,TRUE
familiar,акцент,33,FALSE,35,TRUE
familiar,алея,27,FALSE,35,TRUE
familiar,альбом,35,FALSE,35,FALSE
familiar,альфа,36,FALSE,35,FALSE
familiar,алібі,13,TRUE,35,TRUE
familiar,аматорський,29,FALSE,35,TRUE
familiar,америка,27,FALSE,35,TRUE
familiar,аналогічний,34,FALSE,35,TRUE
familiar,аналіз,36,FALSE,35,FALSE
familiar,аналітик,30,FALSE,35,TRUE
familiar,анархія,33,FALSE,35,TRUE
familiar,анатомія,28,FALSE,35,TRUE
familiar,англійська мова,32,FALSE,35,TRUE
familiar,апетитний,38,FALSE,35,FALSE
familiar,арена,33,FALSE,35,TRUE
familiar,арешт,30,FALSE,35,TRUE
familiar,армія,38,FALSE,35,FALSE
familiar,артерія,29,FALSE,35,TRUE
familiar,артефакт,36,FALSE,35,FALSE
familiar,артилерія,27,FALSE,35,TRUE
familiar,архітектор,29,FALSE,35,TRUE
familiar,атакувати,26,FALSE,35,TRUE
familiar,атлантичний,27,FALSE,35,TRUE
familiar,атмосфера,35,FALSE,35,FALSE
familiar,атомний,29,FALSE,35,TRUE
familiar,аудиторія,30,FALSE,35,TRUE
familiar,аукціон,34,FALSE,35,TRUE
familiar,аутопсія,38,FALSE,35,FALSE
familiar,африка,38,FALSE,35,FALSE
familiar,бабуся,34,FALSE,35,TRUE
familiar,бавовна,27,FALSE,35,TRUE
familiar,багатство,27,FALSE,35,TRUE
familiar,бажання,34,FALSE,35,TRUE
familiar,база,33,FALSE,35,TRUE
familiar,баланс,14,TRUE,35,TRUE
familiar,банан,28,FALSE,35,TRUE
familiar,банда,29,FALSE,35,TRUE
familiar,банкір,34,FALSE,35,TRUE
familiar,бар,37,FALSE,35,FALSE
familiar,барон,29,FALSE,35,TRUE
familiar,баскетбол,26,FALSE,35,TRUE
familiar,батальйон,26,FALSE,35,TRUE
familiar,батько,34,FALSE,35,TRUE
familiar,бачення,29,FALSE,35,TRUE
familiar,башта,33,FALSE,35,TRUE
familiar,бджола,29,FALSE,35,TRUE
familiar,безпека,29,FALSE,35,TRUE
familiar,безпечний,30,FALSE,35,TRUE
familiar,безпосередньо,28,FALSE,35,TRUE
familiar,безсилий,37,FALSE,35,FALSE
familiar,бейсбол,34,FALSE,35,TRUE
familiar,бекон,13,TRUE,35,TRUE
familiar,бетмен,36,FALSE,35,FALSE
familiar,бетон,14,TRUE,35,TRUE
familiar,битва,27,FALSE,35,TRUE
familiar,благородний,12,TRUE,35,TRUE
familiar,близький,30,FALSE,35,TRUE
familiar,близько,35,FALSE,35,FALSE
familiar,блиск,38,FALSE,35,FALSE
familiar,блискавка,39,TRUE,35,FALSE
familiar,бог,36,FALSE,35,FALSE
familiar,божевілля,27,FALSE,35,TRUE
familiar,божевільний,33,FALSE,35,TRUE
familiar,божественний,27,FALSE,35,TRUE
familiar,бойовий,36,FALSE,35,FALSE
familiar,бомба,34,FALSE,35,TRUE
familiar,бонус,37,FALSE,35,FALSE
familiar,борг,36,FALSE,35,FALSE
familiar,борода,38,FALSE,35,FALSE
familiar,боронити,33,FALSE,35,TRUE
familiar,борошно,29,FALSE,35,TRUE
familiar,бос,27,FALSE,35,TRUE
familiar,бостон,35,FALSE,35,FALSE
familiar,браво,29,FALSE,35,TRUE
familiar,брехун,27,FALSE,35,TRUE
familiar,броня,36,FALSE,35,FALSE
familiar,бруд,27,FALSE,35,TRUE
familiar,брудний,26,FALSE,35,TRUE
familiar,брутальний,12,TRUE,35,TRUE
familiar,будинок,26,FALSE,35,TRUE
familiar,будівельний,29,FALSE,35,TRUE
familiar,будівля,27,FALSE,35,TRUE
familiar,буквально,34,FALSE,35,TRUE
familiar,бутерброд,30,FALSE,35,TRUE
familiar,бюджет,27,FALSE,35,TRUE
familiar,бібліотека,30,FALSE,35,TRUE
familiar,біблія,36,FALSE,35,FALSE
familiar,бігти,38,FALSE,35,FALSE
familiar,бідний,27,FALSE,35,TRUE
familiar,бідність,29,FALSE,35,TRUE
familiar,бізнес,27,FALSE,35,TRUE
familiar,білий,38,FALSE,35,FALSE
familiar,білка,36,FALSE,35,FALSE
familiar,білок,35,FALSE,35,FALSE
familiar,більше,36,FALSE,35,FALSE
familiar,більшість,38,TRUE,35,FALSE
familiar,біологічний,33,FALSE,35,TRUE
familiar,біологія,39,TRUE,35,FALSE
familiar,вага,38,FALSE,35,FALSE
familiar,вагітність,27,FALSE,35,TRUE
familiar,важкий,30,FALSE,35,TRUE
familiar,важливий,28,FALSE,35,TRUE
familiar,важливість,34,FALSE,35,TRUE
familiar,вакцина,28,FALSE,35,TRUE
familiar,валіза,29,FALSE,35,TRUE
familiar,вампір,39,FALSE,35,FALSE
familiar,ванна кімната,37,FALSE,35,FALSE
familiar,вантаж,33,FALSE,35,TRUE
familiar,вантажівка,35,FALSE,35,FALSE
familiar,ваніль,29,FALSE,35,TRUE
familiar,вартість,35,FALSE,35,FALSE
familiar,ватсон,33,FALSE,35,TRUE
familiar,вашингтон,39,TRUE,35,FALSE
familiar,вбивство,35,FALSE,35,FALSE
familiar,вбивця,28,FALSE,35,TRUE
familiar,вводити,35,FALSE,35,FALSE
familiar,ввічливий,38,FALSE,35,FALSE
familiar,вгору,35,FALSE,35,FALSE
familiar,вдова,35,FALSE,35,FALSE
familiar,вдячний,39,FALSE,35,FALSE
familiar,ведмідь,38,FALSE,35,FALSE
familiar,великий,38,FALSE,35,FALSE
familiar,великий палець,35,FALSE,35,FALSE
familiar,величезний,29,FALSE,35,TRUE
familiar,величність,35,FALSE,35,FALSE
familiar,вена,29,FALSE,35,TRUE
familiar,венера,39,FALSE,35,FALSE
familiar,вентиляція,29,FALSE,35,TRUE
familiar,вересень,38,TRUE,35,FALSE
familiar,вертоліт,38,FALSE,35,FALSE
familiar,верхній,13,TRUE,35,TRUE
familiar,вершина,30,FALSE,35,TRUE
familiar,весна,28,FALSE,35,TRUE
familiar,весілля,26,FALSE,35,TRUE
familiar,вечір,27,FALSE,35,TRUE
familiar,вже,12,TRUE,35,TRUE
familiar,взуття,38,FALSE,35,FALSE
familiar,вибирати,29,FALSE,35,TRUE
familiar,виборець,34,FALSE,35,TRUE
familiar,вибори,27,FALSE,35,TRUE
familiar,вибух,29,FALSE,35,TRUE
familiar,вибухнути,38,FALSE,35,FALSE
familiar,вибуховий,37,FALSE,35,FALSE
familiar,вибір,39,TRUE,35,FALSE
familiar,вивчати,39,FALSE,35,FALSE
familiar,вигнати,29,FALSE,35,TRUE
familiar,виграти,39,TRUE,35,FALSE
familiar,видалити,38,FALSE,35,FALSE
familiar,вижити,39,TRUE,35,FALSE
familiar,визнавати,27,FALSE,35,TRUE
familiar,визначення,28,FALSE,35,TRUE
familiar,викладач,26,FALSE,35,TRUE
familiar,виклик,34,FALSE,35,TRUE
familiar,виконання,38,FALSE,35,FALSE
familiar,використання,28,FALSE,35,TRUE
familiar,викуп,28,FALSE,35,TRUE
familiar,вилка,29,FALSE,35,TRUE
familiar,виловити,39,TRUE,35,FALSE
familiar,виникнути,26,FALSE,35,TRUE
familiar,винищувач,38,FALSE,35,FALSE
familiar,винним,36,FALSE,35,FALSE
familiar,виноробство,32,FALSE,35,TRUE
familiar,винятковий,39,TRUE,35,FALSE
familiar,випадково,34,FALSE,35,TRUE
familiar,виправдання,26,FALSE,35,TRUE
familiar,виправляти,30,FALSE,35,TRUE
familiar,випромінювання,33,FALSE,35,TRUE
familiar,випускник,38,FALSE,35,FALSE
familiar,виробляти,29,FALSE,35,TRUE
familiar,виробник,30,FALSE,35,TRUE
familiar,виробництво,29,FALSE,35,TRUE
familiar,висловлювати,38,FALSE,35,FALSE
familiar,висновок,30,FALSE,35,TRUE
familiar,високий,30,FALSE,35,TRUE
familiar,високість,30,FALSE,35,TRUE
familiar,висота,34,FALSE,35,TRUE
familiar,виставка,27,FALSE,35,TRUE
familiar,виступ,38,TRUE,35,FALSE
familiar,висячий,35,FALSE,35,FALSE
familiar,витрачати,35,FALSE,35,FALSE
familiar,вихід,35,FALSE,35,FALSE
familiar,вказувати,30,FALSE,35,TRUE
familiar,влада,38,FALSE,35,FALSE
familiar,внизу,40,TRUE,35,FALSE
familiar,внутрішній,36,FALSE,35,FALSE
familiar,вовк,32,FALSE,35,TRUE
familiar,водити,26,FALSE,35,TRUE
familiar,водневий,34,FALSE,35,TRUE
familiar,водій,32,FALSE,35,TRUE
familiar,волонтер,30,FALSE,35,TRUE
familiar,волосся,30,FALSE,35,TRUE
familiar,ворог,31,FALSE,35,TRUE
familiar,ворота,34,FALSE,35,TRUE
familiar,воїн,12,TRUE,35,TRUE
familiar,вправа,30,FALSE,35,TRUE
familiar,вражати,30,FALSE,35,TRUE
familiar,вражаючий,28,FALSE,35,TRUE
familiar,враження,38,FALSE,35,FALSE
familiar,всесвіт,38,FALSE,35,FALSE
familiar,вставляти,38,TRUE,35,FALSE
familiar,втеча,39,FALSE,35,FALSE
familiar,втомлений,39,FALSE,35,FALSE
familiar,вторинний,34,FALSE,35,TRUE
familiar,втікач,29,FALSE,35,TRUE
familiar,вугілля,37,FALSE,35,FALSE
familiar,вузький,38,FALSE,35,FALSE
familiar,вулиця,39,FALSE,35,FALSE
familiar,вухо,38,FALSE,35,FALSE
familiar,вчений,38,FALSE,35,FALSE
familiar,вчора,33,FALSE,35,TRUE
familiar,вівторок,29,FALSE,35,TRUE
familiar,від'їзд,36,FALSE,35,FALSE
familiar,відбиток,37,FALSE,35,FALSE
familiar,відбиток пальця,38,FALSE,35,FALSE
familiar,відданість,34,FALSE,35,TRUE
familiar,відділ,34,FALSE,35,TRUE
familiar,відеоролик,34,FALSE,35,TRUE
familiar,відкриття,38,TRUE,35,FALSE
familiar,відмовляти,35,FALSE,35,FALSE
familiar,відмовлятися,38,FALSE,35,FALSE
familiar,відновлювати,35,FALSE,35,FALSE
familiar,відносини,30,FALSE,35,TRUE
familiar,відносний,30,FALSE,35,TRUE
familiar,відповідати,35,FALSE,35,FALSE
familiar,відставка,30,FALSE,35,TRUE
familiar,відсутність,13,TRUE,35,TRUE
familiar,відходи,29,FALSE,35,TRUE
familiar,відчинено,28,FALSE,35,TRUE
familiar,відчуття,29,FALSE,35,TRUE
familiar,відьма,29,FALSE,35,TRUE
familiar,війна,35,FALSE,35,FALSE
familiar,військовий,36,FALSE,35,FALSE
familiar,вікно,30,FALSE,35,TRUE
familiar,віл,28,FALSE,35,TRUE
familiar,вільний,29,FALSE,35,TRUE
familiar,вільно,36,FALSE,35,FALSE
familiar,віра,37,FALSE,35,FALSE
familiar,вірити,38,FALSE,35,FALSE
familiar,вірний,27,FALSE,35,TRUE
familiar,вірність,29,FALSE,35,TRUE
familiar,вірус,33,FALSE,35,TRUE
familiar,віскі,36,FALSE,35,FALSE
familiar,вітамін,37,FALSE,35,FALSE
familiar,вітати,34,FALSE,35,TRUE
familiar,вітер,27,FALSE,35,TRUE
familiar,вітрило,13,TRUE,35,TRUE
familiar,гавань,35,FALSE,35,FALSE
familiar,газ,30,FALSE,35,TRUE
familiar,газета,33,FALSE,35,TRUE
familiar,галактика,28,FALSE,35,TRUE
familiar,галузь,27,FALSE,35,TRUE
familiar,галюкування,35,FALSE,35,FALSE
familiar,гаманець,27,FALSE,35,TRUE
familiar,гамбургер,30,FALSE,35,TRUE
familiar,гараж,33,FALSE,35,TRUE
familiar,гаразд,26,FALSE,35,TRUE
familiar,гарантія,30,FALSE,35,TRUE
familiar,гармонія,37,FALSE,35,FALSE
familiar,гарний,40,TRUE,35,FALSE
familiar,гарячий,30,FALSE,35,TRUE
familiar,гвинтівка,26,FALSE,35,TRUE
familiar,гей,39,FALSE,35,FALSE
familiar,генератор,38,FALSE,35,FALSE
familiar,геніальний,30,FALSE,35,TRUE
familiar,герой,34,FALSE,35,TRUE
familiar,героїн,37,FALSE,35,FALSE
familiar,глобальний,38,FALSE,35,FALSE
familiar,глухий,39,FALSE,35,FALSE
familiar,гнів,34,FALSE,35,TRUE
familiar,гніздо,39,FALSE,35,FALSE
familiar,годувати,29,FALSE,35,TRUE
familiar,голий,35,FALSE,35,FALSE
familiar,голод,29,FALSE,35,TRUE
familiar,голодний,38,FALSE,35,FALSE
familiar,голос,36,FALSE,35,FALSE
familiar,голосувати,38,FALSE,35,FALSE
familiar,гольф,29,FALSE,35,TRUE
familiar,гонка,39,TRUE,35,FALSE
familiar,гора,30,FALSE,35,TRUE
familiar,гордий,39,FALSE,35,FALSE
familiar,гордість,35,FALSE,35,FALSE
familiar,горила,36,FALSE,35,FALSE
familiar,горло,29,FALSE,35,TRUE
familiar,горілка,26,FALSE,35,TRUE
familiar,господиня,26,FALSE,35,TRUE
familiar,гостинність,34,FALSE,35,TRUE
familiar,готель,31,FALSE,35,TRUE
familiar,готовий,30,FALSE,35,TRUE
familiar,готувати,31,FALSE,35,TRUE
familiar,готівка,39,TRUE,35,FALSE
familiar,грабувати,36,FALSE,35,FALSE
familiar,гравець,27,FALSE,35,TRUE
familiar,гральний,39,FALSE,35,FALSE
familiar,гран,35,FALSE,35,FALSE
familiar,грати,29,FALSE,35,TRUE
familiar,графиня,13,TRUE,35,TRUE
familiar,грецький,36,FALSE,35,FALSE
familiar,грип,37,FALSE,35,FALSE
familiar,гроші,29,FALSE,35,TRUE
familiar,груди,34,FALSE,35,TRUE
familiar,група,29,FALSE,35,TRUE
familiar,грім,28,FALSE,35,TRUE
familiar,гріх,35,FALSE,35,FALSE
familiar,губа,38,FALSE,35,FALSE
familiar,губернатор,38,FALSE,35,FALSE
familiar,гусак,35,FALSE,35,FALSE
familiar,гідний,29,FALSE,35,TRUE
familiar,гідність,28,FALSE,35,TRUE
familiar,гітара,29,FALSE,35,TRUE
familiar,давати,34,FALSE,35,TRUE
familiar,далеко,35,FALSE,35,FALSE
familiar,дані,29,FALSE,35,TRUE
familiar,дар,33,FALSE,35,TRUE
familiar,датчик,35,FALSE,35,FALSE
familiar,два,38,TRUE,35,FALSE
familiar,двері,37,FALSE,35,FALSE
familiar,двигун,38,FALSE,35,FALSE
familiar,двійник,27,FALSE,35,TRUE
familiar,декан,34,FALSE,35,TRUE
familiar,делікатний,39,FALSE,35,FALSE
familiar,демонстрація,35,FALSE,35,FALSE
familiar,депресія,34,FALSE,35,TRUE
familiar,дерева,34,FALSE,35,TRUE
familiar,держава,38,FALSE,35,FALSE
familiar,десерт,26,FALSE,35,TRUE
familiar,десь,12,TRUE,35,TRUE
familiar,десятиліття,36,FALSE,35,FALSE
familiar,детектив,28,FALSE,35,TRUE
familiar,детермінація,34,FALSE,35,TRUE
familiar,детонатор,37,FALSE,35,FALSE
familiar,дешевий,38,TRUE,35,FALSE
familiar,деінде,35,FALSE,35,FALSE
familiar,джаз,30,FALSE,35,TRUE
familiar,джип,28,FALSE,35,TRUE
familiar,джульєтта,26,FALSE,35,TRUE
familiar,джунглі,38,FALSE,35,FALSE
familiar,дзеркало,32,FALSE,35,TRUE
familiar,диван,29,FALSE,35,TRUE
familiar,дивитися,30,FALSE,35,TRUE
familiar,дивний,26,FALSE,35,TRUE
familiar,динаміт,38,FALSE,35,FALSE
familiar,династія,38,FALSE,35,FALSE
familiar,диплом,36,FALSE,35,FALSE
familiar,дитина,35,FALSE,35,FALSE
familiar,диявол,33,FALSE,35,TRUE
familiar,дно,29,FALSE,35,TRUE
familiar,до побачення,38,FALSE,35,FALSE
familiar,добрий,13,TRUE,35,TRUE
familiar,добровільно,32,FALSE,35,TRUE
familiar,довго,26,FALSE,35,TRUE
familiar,довіра,38,FALSE,35,FALSE
familiar,договір,37,FALSE,35,FALSE
familiar,доза,38,TRUE,35,FALSE
familiar,дозволяти,40,TRUE,35,FALSE
familiar,дозволяє,13,TRUE,35,TRUE
familiar,дозвіл,34,FALSE,35,TRUE
familiar,доказ,29,FALSE,35,TRUE
familiar,докази,13,TRUE,35,TRUE
familiar,доктор,33,FALSE,35,TRUE
familiar,документ,34,FALSE,35,TRUE
familiar,долар,26,FALSE,35,TRUE
familiar,долина,26,FALSE,35,TRUE
familiar,доля,39,TRUE,35,FALSE
familiar,доповідь,26,FALSE,35,TRUE
familiar,допомагати,36,FALSE,35,FALSE
familiar,допомога,27,FALSE,35,TRUE
familiar,дорога,39,FALSE,35,FALSE
familiar,дорогий,30,FALSE,35,TRUE
familiar,дорослий,31,FALSE,35,TRUE
familiar,досвід,29,FALSE,35,TRUE
familiar,досить,33,FALSE,35,TRUE
familiar,досконалий,33,FALSE,35,TRUE
familiar,дослідження,29,FALSE,35,TRUE
familiar,дослідник,14,TRUE,35,TRUE
familiar,достатньо,30,FALSE,35,TRUE
familiar,досягати успіху,28,FALSE,35,TRUE
familiar,дотепний,38,FALSE,35,FALSE
familiar,дотепність,30,FALSE,35,TRUE
familiar,дохід,30,FALSE,35,TRUE
familiar,дочка,35,FALSE,35,FALSE
familiar,дощ,38,FALSE,35,FALSE
familiar,драма,15,TRUE,35,TRUE
familiar,драматичний,30,FALSE,35,TRUE
familiar,друг,35,FALSE,35,FALSE
familiar,дружба,33,FALSE,35,TRUE
familiar,дружина,28,FALSE,35,TRUE
familiar,дружній,30,FALSE,35,TRUE
familiar,дряпати,34,FALSE,35,TRUE
familiar,дрібний,27,FALSE,35,TRUE
familiar,дрімати,29,FALSE,35,TRUE
familiar,дуже,33,FALSE,35,TRUE
familiar,думати,29,FALSE,35,TRUE
familiar,думка,13,TRUE,35,TRUE
familiar,дурний,30,FALSE,35,TRUE
familiar,дурість,27,FALSE,35,TRUE
familiar,дух,36,FALSE,35,FALSE
familiar,духовка,26,FALSE,35,TRUE
familiar,душ,38,FALSE,35,FALSE
familiar,душа,37,FALSE,35,FALSE
familiar,дядько,35,FALSE,35,FALSE
familiar,діарея,36,FALSE,35,FALSE
familiar,дівчата,31,FALSE,35,TRUE
familiar,дівчина,26,FALSE,35,TRUE
familiar,дідусь,30,FALSE,35,TRUE
familiar,діяльність,37,FALSE,35,FALSE
familiar,еволюція,28,FALSE,35,TRUE
familiar,егоїстичний,35,FALSE,35,FALSE
familiar,екран,36,FALSE,35,FALSE
familiar,експеримент,29,FALSE,35,TRUE
familiar,експерт,32,FALSE,35,TRUE
familiar,екіпаж,33,FALSE,35,TRUE
familiar,елегантний,35,FALSE,35,FALSE
familiar,електрика,34,FALSE,35,TRUE
familiar,електричний,29,FALSE,35,TRUE
familiar,елемент,40,TRUE,35,FALSE
familiar,емоційний,34,FALSE,35,TRUE
familiar,енергія,29,FALSE,35,TRUE
familiar,ентузіазм,37,FALSE,35,FALSE
familiar,епізод,30,FALSE,35,TRUE
familiar,ескорт,26,FALSE,35,TRUE
familiar,ефект,39,FALSE,35,FALSE
familiar,ефективний,37,FALSE,35,FALSE
familiar,жаба,30,FALSE,35,TRUE
familiar,жалкий,39,FALSE,35,FALSE
familiar,жалюгідний,31,FALSE,35,TRUE
familiar,жарт,29,FALSE,35,TRUE
familiar,жах,26,FALSE,35,TRUE
familiar,жахливий,13,TRUE,35,TRUE
familiar,жертва,30,FALSE,35,TRUE
familiar,жест,39,TRUE,35,FALSE
familiar,живий,34,FALSE,35,TRUE
familiar,живопис,37,FALSE,35,FALSE
familiar,жити,27,FALSE,35,TRUE
familiar,жовтень,38,FALSE,35,FALSE
familiar,жовтий,29,FALSE,35,TRUE
familiar,жорсткий,28,FALSE,35,TRUE
familiar,жорстокий,29,FALSE,35,TRUE
familiar,жорстокість,34,FALSE,35,TRUE
familiar,жувати,38,FALSE,35,FALSE
familiar,журнал,14,TRUE,35,TRUE
familiar,журналіст,38,FALSE,35,FALSE
familiar,журналістика,27,FALSE,35,TRUE
familiar,жінка,12,TRUE,35,TRUE
familiar,жіночий,29,FALSE,35,TRUE
familiar,з,30,FALSE,35,TRUE
familiar,забавний,36,FALSE,35,FALSE
familiar,заборонений,29,FALSE,35,TRUE
familiar,забороняти,29,FALSE,35,TRUE
familiar,забруднення,29,FALSE,35,TRUE
familiar,забути,33,FALSE,35,TRUE
familiar,заважати,39,TRUE,35,FALSE
familiar,завантажувати,36,FALSE,35,FALSE
familiar,завдання,26,FALSE,35,TRUE
familiar,завжди,35,FALSE,35,FALSE
familiar,завиток,36,FALSE,35,FALSE
familiar,завтра,35,FALSE,35,FALSE
familiar,загалом,35,FALSE,35,FALSE
familiar,заголовок,35,FALSE,35,FALSE
familiar,загоюватися,36,FALSE,35,FALSE
familiar,задоволений,30,FALSE,35,TRUE
familiar,задоволення,31,FALSE,35,TRUE
familiar,зазвичай,36,FALSE,35,FALSE
familiar,закон,40,TRUE,35,FALSE
familiar,законний,34,FALSE,35,TRUE
familiar,закриття,32,FALSE,35,TRUE
familiar,закуска,30,FALSE,35,TRUE
familiar,закінчити,26,FALSE,35,TRUE
familiar,залучати,28,FALSE,35,TRUE
familiar,залізо,36,FALSE,35,FALSE
familiar,замикання,38,FALSE,35,FALSE
familiar,замкнений,29,FALSE,35,TRUE
familiar,замок,34,FALSE,35,TRUE
familiar,заморожувати,27,FALSE,35,TRUE
familiar,замінити,32,FALSE,35,TRUE
familiar,замінник,39,FALSE,35,FALSE
familiar,занепокоєння,33,FALSE,35,TRUE
familiar,занурений,37,TRUE,35,FALSE
familiar,запам'ятати,30,FALSE,35,TRUE
familiar,запах,27,FALSE,35,TRUE
familiar,записування,28,FALSE,35,TRUE
familiar,запит,27,FALSE,35,TRUE
familiar,запитання,38,FALSE,35,FALSE
familiar,запитувати,26,FALSE,35,TRUE
familiar,заповідник,30,FALSE,35,TRUE
familiar,запустити,29,FALSE,35,TRUE
familiar,зараз,26,FALSE,35,TRUE
familiar,зарозумілість,34,FALSE,35,TRUE
familiar,зарплата,37,FALSE,35,FALSE
familiar,заручення,35,FALSE,35,FALSE
familiar,заручниця,34,FALSE,35,TRUE
familiar,заслуговувати,27,FALSE,35,TRUE
familiar,застосовувати,30,FALSE,35,TRUE
familiar,затвердження,36,FALSE,35,FALSE
familiar,затверджувати,27,FALSE,35,TRUE
familiar,зателефонувати,29,FALSE,35,TRUE
familiar,захворювання,29,FALSE,35,TRUE
familiar,захищати,13,TRUE,35,TRUE
familiar,захоплюватися,38,FALSE,35,FALSE
familiar,захоплюючий,29,FALSE,35,TRUE
familiar,захід сонця,38,FALSE,35,FALSE
familiar,західний,39,FALSE,35,FALSE
familiar,зачинено,29,FALSE,35,TRUE
familiar,заява,29,FALSE,35,TRUE
familiar,зберігати,29,FALSE,35,TRUE
familiar,збирати,27,FALSE,35,TRUE
familiar,зброю,35,FALSE,35,FALSE
familiar,зброя,29,FALSE,35,TRUE
familiar,збільшити,35,FALSE,35,FALSE
familiar,звичайний,28,FALSE,35,TRUE
familiar,звук,13,TRUE,35,TRUE
familiar,звільнення,36,FALSE,35,FALSE
familiar,звір,35,FALSE,35,FALSE
familiar,здатність,38,FALSE,35,FALSE
familiar,здобич,27,FALSE,35,TRUE
familiar,здоров'я,28,FALSE,35,TRUE
familiar,здоровий,26,FALSE,35,TRUE
familiar,здравствуйте,34,FALSE,35,TRUE
familiar,зелений,14,TRUE,35,TRUE
familiar,землетрус,32,FALSE,35,TRUE
familiar,земля,36,FALSE,35,FALSE
familiar,зерно,34,FALSE,35,TRUE
familiar,зима,28,FALSE,35,TRUE
familiar,зйомка,14,TRUE,35,TRUE
familiar,злий,35,FALSE,35,FALSE
familiar,зло,33,FALSE,35,TRUE
familiar,зловмисник,30,FALSE,35,TRUE
familiar,злодій,38,TRUE,35,FALSE
familiar,злочинність,33,FALSE,35,TRUE
familiar,змагання,28,FALSE,35,TRUE
familiar,зміна,29,FALSE,35,TRUE
familiar,змія,35,FALSE,35,FALSE
familiar,знав,34,FALSE,35,TRUE
familiar,знак,37,FALSE,35,FALSE
familiar,знаменитий,30,FALSE,35,TRUE
familiar,знаменитість,37,FALSE,35,FALSE
familiar,знання,37,FALSE,35,FALSE
familiar,знаряддя,27,FALSE,35,TRUE
familiar,знаходження,13,TRUE,35,TRUE
familiar,значок,29,FALSE,35,TRUE
familiar,зникнення,33,FALSE,35,TRUE
familiar,зовнішній,29,FALSE,35,TRUE
familiar,зола,34,FALSE,35,TRUE
familiar,золотий,36,FALSE,35,FALSE
familiar,зонд,14,TRUE,35,TRUE
familiar,зоопарк,36,FALSE,35,FALSE
familiar,зосереджувати,39,FALSE,35,FALSE
familiar,зрадник,27,FALSE,35,TRUE
familiar,зрештою,37,FALSE,35,FALSE
familiar,зрозуміти,29,FALSE,35,TRUE
familiar,зрідка,35,FALSE,35,FALSE
familiar,зубний,29,FALSE,35,TRUE
familiar,зустріч,36,FALSE,35,FALSE
familiar,зустрічатися,36,FALSE,35,FALSE
familiar,зізнатися,30,FALSE,35,TRUE
familiar,зірка,27,FALSE,35,TRUE
familiar,ймовірно,33,FALSE,35,TRUE
familiar,йога,28,FALSE,35,TRUE
familiar,йти,33,FALSE,35,TRUE
familiar,кабель,36,FALSE,35,FALSE
familiar,кабіна,37,FALSE,35,FALSE
familiar,кабінет,38,FALSE,35,FALSE
familiar,кава,36,FALSE,35,FALSE
familiar,кавалерія,37,FALSE,35,FALSE
familiar,календар,30,FALSE,35,TRUE
familiar,калібр,34,FALSE,35,TRUE
familiar,камеру,30,FALSE,35,TRUE
familiar,кампанія,39,FALSE,35,FALSE
familiar,камінь,36,FALSE,35,FALSE
familiar,канал,36,FALSE,35,FALSE
familiar,канцлер,39,FALSE,35,FALSE
familiar,капелюх,33,FALSE,35,TRUE
familiar,каплиця,13,TRUE,35,TRUE
familiar,капсула,29,FALSE,35,TRUE
familiar,капітал,38,FALSE,35,FALSE
familiar,капіталізм,29,FALSE,35,TRUE
familiar,капітан,32,FALSE,35,TRUE
familiar,кар'єра,34,FALSE,35,TRUE
familiar,карати,27,FALSE,35,TRUE
familiar,карнавал,26,FALSE,35,TRUE
familiar,карта,29,FALSE,35,TRUE
familiar,картина,31,FALSE,35,TRUE
familiar,картопля,13,TRUE,35,TRUE
familiar,католицький,30,FALSE,35,TRUE
familiar,катування,33,FALSE,35,TRUE
familiar,кафедра,29,FALSE,35,TRUE
familiar,качка,29,FALSE,35,TRUE
familiar,кашель,26,FALSE,35,TRUE
familiar,квиток,27,FALSE,35,TRUE
familiar,квітка,30,FALSE,35,TRUE
familiar,кемпінг,34,FALSE,35,TRUE
familiar,керівник,28,FALSE,35,TRUE
familiar,кесар,33,FALSE,35,TRUE
familiar,килимок,34,FALSE,35,TRUE
familiar,кисень,35,FALSE,35,FALSE
familiar,кишеня,35,FALSE,35,FALSE
familiar,клан,36,FALSE,35,FALSE
familiar,клапан,30,FALSE,35,TRUE
familiar,клас,26,FALSE,35,TRUE
familiar,класичний,33,FALSE,35,TRUE
familiar,клуб,39,TRUE,35,FALSE
familiar,ключ,28,FALSE,35,TRUE
familiar,клятва,29,FALSE,35,TRUE
familiar,клініка,30,FALSE,35,TRUE
familiar,клітина,32,FALSE,35,TRUE
familiar,клієнт,36,FALSE,35,FALSE
familiar,кмітливий,29,FALSE,35,TRUE
familiar,книга,26,FALSE,35,TRUE
familiar,кнопок,30,FALSE,35,TRUE
familiar,князь,33,FALSE,35,TRUE
familiar,ковбойський,27,FALSE,35,TRUE
familiar,ковдра,35,FALSE,35,FALSE
familiar,ковток,36,FALSE,35,FALSE
familiar,кокаїн,34,FALSE,35,TRUE
familiar,кола,29,FALSE,35,TRUE
familiar,колега,35,FALSE,35,FALSE
familiar,колекціонувати,35,FALSE,35,FALSE
familiar,коли-небудь,35,FALSE,35,FALSE
familiar,колонія,28,FALSE,35,TRUE
familiar,коліна,13,TRUE,35,TRUE
familiar,команда,35,FALSE,35,FALSE
familiar,командування,13,TRUE,35,TRUE
familiar,командувач,28,FALSE,35,TRUE
familiar,комаха,36,FALSE,35,FALSE
familiar,комедія,14,TRUE,35,TRUE
familiar,коментар,26,FALSE,35,TRUE
familiar,комерційний,31,FALSE,35,TRUE
familiar,комп'ютер,26,FALSE,35,TRUE
familiar,компанія,30,FALSE,35,TRUE
familiar,компас,29,FALSE,35,TRUE
familiar,комплімент,38,FALSE,35,FALSE
familiar,комуніст,35,FALSE,35,FALSE
familiar,комісія,38,FALSE,35,FALSE
familiar,комітет,32,FALSE,35,TRUE
familiar,конверт,35,FALSE,35,FALSE
familiar,конкуренція,30,FALSE,35,TRUE
familiar,консервативний,13,TRUE,35,TRUE
familiar,конституція,35,FALSE,35,FALSE
familiar,консультація,39,FALSE,35,FALSE
familiar,контакт,26,FALSE,35,TRUE
familiar,контроль,26,FALSE,35,TRUE
familiar,конференція,26,FALSE,35,TRUE
familiar,конфлікт,34,FALSE,35,TRUE
familiar,концентрат,26,FALSE,35,TRUE
familiar,концепція,13,TRUE,35,TRUE
familiar,концерт,36,FALSE,35,FALSE
familiar,коньяк,26,FALSE,35,TRUE
familiar,копати,39,FALSE,35,FALSE
familiar,копіювати,34,FALSE,35,TRUE
familiar,корисний,39,FALSE,35,FALSE
familiar,кориця,30,FALSE,35,TRUE
familiar,коричневий,27,FALSE,35,TRUE
familiar,королева,35,FALSE,35,FALSE
familiar,короля,39,FALSE,35,FALSE
familiar,королівство,32,FALSE,35,TRUE
familiar,корона,33,FALSE,35,TRUE
familiar,короткий,29,FALSE,35,TRUE
familiar,корпорація,30,FALSE,35,TRUE
familiar,космонавт,36,FALSE,35,FALSE
familiar,коханець,38,FALSE,35,FALSE
familiar,кошик,34,FALSE,35,TRUE
familiar,кошмар,39,TRUE,35,FALSE
familiar,коштовність,27,FALSE,35,TRUE
familiar,краватка,34,FALSE,35,TRUE
familiar,крамниця,29,FALSE,35,TRUE
familiar,краса,29,FALSE,35,TRUE
familiar,красти,29,FALSE,35,TRUE
familiar,країна,39,FALSE,35,FALSE
familiar,кредит,37,FALSE,35,FALSE
familiar,крем,36,FALSE,35,FALSE
familiar,криза,37,FALSE,35,FALSE
familiar,кримінальний,29,FALSE,35,TRUE
familiar,кришка,34,FALSE,35,TRUE
familiar,кров,31,FALSE,35,TRUE
familiar,кролик,35,FALSE,35,FALSE
familiar,круглий,30,FALSE,35,TRUE
familiar,крутити,36,FALSE,35,FALSE
familiar,кузен,36,FALSE,35,FALSE
familiar,культура,36,FALSE,35,FALSE
familiar,купувати,35,FALSE,35,FALSE
familiar,куртка,13,TRUE,35,TRUE
familiar,курятина,29,FALSE,35,TRUE
familiar,кущ,29,FALSE,35,TRUE
familiar,кілограм,28,FALSE,35,TRUE
familiar,кілометр,13,TRUE,35,TRUE
familiar,кількість,26,FALSE,35,TRUE
familiar,кільце,33,FALSE,35,TRUE
familiar,кімната,30,FALSE,35,TRUE
familiar,кінець,29,FALSE,35,TRUE
familiar,кінотеатр,14,TRUE,35,TRUE
familiar,кінь,36,FALSE,35,FALSE
familiar,кістка,29,FALSE,35,TRUE
familiar,лазанья,14,TRUE,35,TRUE
familiar,лампа,14,TRUE,35,TRUE
familiar,ланцюг,31,FALSE,35,TRUE
familiar,лев,30,FALSE,35,TRUE
familiar,легенда,34,FALSE,35,TRUE
familiar,легкий,31,FALSE,35,TRUE
familiar,легіон,31,FALSE,35,TRUE
familiar,леді,29,FALSE,35,TRUE
familiar,лежати,31,FALSE,35,TRUE
familiar,лейтенант,34,FALSE,35,TRUE
familiar,лекція,34,FALSE,35,TRUE
familiar,лесбійський,36,FALSE,35,FALSE
familiar,лестити,14,TRUE,35,TRUE
familiar,лимонад,12,TRUE,35,TRUE
familiar,липень,33,FALSE,35,TRUE
familiar,лисиця,28,FALSE,35,TRUE
familiar,листопад,34,FALSE,35,TRUE
familiar,лихоманка,38,FALSE,35,FALSE
familiar,лобстер,28,FALSE,35,TRUE
familiar,ложка,29,FALSE,35,TRUE
familiar,лопатись,36,FALSE,35,FALSE
familiar,лорд,13,TRUE,35,TRUE
familiar,лояльний,27,FALSE,35,TRUE
familiar,лояльність,29,FALSE,35,TRUE
familiar,любов,36,FALSE,35,FALSE
familiar,люди,29,FALSE,35,TRUE
familiar,людина,14,TRUE,35,TRUE
familiar,людський,32,FALSE,35,TRUE
familiar,лють,29,FALSE,35,TRUE
familiar,лякати,35,FALSE,35,FALSE
familiar,лялька,28,FALSE,35,TRUE
familiar,ліберальний,29,FALSE,35,TRUE
familiar,ліворуч,34,FALSE,35,TRUE
familiar,лідер,29,FALSE,35,TRUE
familiar,ліжка,33,FALSE,35,TRUE
familiar,лікарня,14,TRUE,35,TRUE
familiar,ліки,29,FALSE,35,TRUE
familiar,лімузин,29,FALSE,35,TRUE
familiar,лін,30,FALSE,35,TRUE
familiar,ліс,30,FALSE,35,TRUE
familiar,літати,27,FALSE,35,TRUE
familiar,література,35,FALSE,35,FALSE
familiar,літній,29,FALSE,35,TRUE
familiar,м'яз,38,TRUE,35,FALSE
familiar,м'який,29,FALSE,35,TRUE
familiar,м'ясо,31,FALSE,35,TRUE
familiar,мабуть,31,FALSE,35,TRUE
familiar,мавпа,35,FALSE,35,FALSE
familiar,магазин,36,FALSE,35,FALSE
familiar,магнітний,39,TRUE,35,FALSE
familiar,магія,30,FALSE,35,TRUE
familiar,майбутнє,12,TRUE,35,TRUE
familiar,майно,30,FALSE,35,TRUE
familiar,майонез,28,FALSE,35,TRUE
familiar,малий,36,FALSE,35,FALSE
familiar,мало,32,FALSE,35,TRUE
familiar,малювати,36,FALSE,35,FALSE
familiar,маля,35,FALSE,35,FALSE
familiar,мама,35,FALSE,35,FALSE
familiar,маніпулювати,14,TRUE,35,TRUE
familiar,марафон,29,FALSE,35,TRUE
familiar,марка,26,FALSE,35,TRUE
familiar,маркетинг,34,FALSE,35,TRUE
familiar,марний,37,FALSE,35,FALSE
familiar,марс,34,FALSE,35,TRUE
familiar,маршрут,35,FALSE,35,FALSE
familiar,масаж,28,FALSE,35,TRUE
familiar,масло,31,FALSE,35,TRUE
familiar,математика,29,FALSE,35,TRUE
familiar,матерія,34,FALSE,35,TRUE
familiar,матрос,13,TRUE,35,TRUE
familiar,матч,35,FALSE,35,FALSE
familiar,мафія,13,TRUE,35,TRUE
familiar,машина,13,TRUE,35,TRUE
familiar,мед,29,FALSE,35,TRUE
familiar,медаль,39,FALSE,35,FALSE
familiar,медальйон,33,FALSE,35,TRUE
familiar,медичний,31,FALSE,35,TRUE
familiar,менеджмент,35,FALSE,35,FALSE
familiar,мера,28,FALSE,35,TRUE
familiar,мережа,14,TRUE,35,TRUE
familiar,мертвий,27,FALSE,35,TRUE
familiar,металевий,36,FALSE,35,FALSE
familiar,метелик,27,FALSE,35,TRUE
familiar,метод,35,FALSE,35,FALSE
familiar,метр,30,FALSE,35,TRUE
familiar,механічний,36,FALSE,35,FALSE
familiar,меч,13,TRUE,35,TRUE
familiar,милосердя,37,FALSE,35,FALSE
familiar,миля,36,FALSE,35,FALSE
familiar,минуле,30,FALSE,35,TRUE
familiar,мистецтво,29,FALSE,35,TRUE
familiar,мити,39,FALSE,35,FALSE
familiar,миша,30,FALSE,35,TRUE
familiar,мовчазний,38,FALSE,35,FALSE
familiar,мовчання,30,FALSE,35,TRUE
familiar,могила,26,FALSE,35,TRUE
familiar,модель,29,FALSE,35,TRUE
familiar,модний,35,FALSE,35,FALSE
familiar,може бути,38,FALSE,35,FALSE
familiar,можливість,29,FALSE,35,TRUE
familiar,мозок,27,FALSE,35,TRUE
familiar,молодий,28,FALSE,35,TRUE
familiar,молодший,33,FALSE,35,TRUE
familiar,молоток,33,FALSE,35,TRUE
familiar,молочний,14,TRUE,35,TRUE
familiar,монастир,28,FALSE,35,TRUE
familiar,монах,13,TRUE,35,TRUE
familiar,монстр,13,TRUE,35,TRUE
familiar,монтаж,39,FALSE,35,FALSE
familiar,монітор,14,TRUE,35,TRUE
familiar,море,36,FALSE,35,FALSE
familiar,морський,38,FALSE,35,FALSE
familiar,мотель,32,FALSE,35,TRUE
familiar,мотив,36,FALSE,35,FALSE
familiar,моторошний,38,FALSE,35,FALSE
familiar,мотузка,30,FALSE,35,TRUE
familiar,мрія,39,FALSE,35,FALSE
familiar,мужність,35,FALSE,35,FALSE
familiar,музей,35,FALSE,35,FALSE
familiar,музика,36,FALSE,35,FALSE
familiar,музикант,26,FALSE,35,TRUE
familiar,мутація,33,FALSE,35,TRUE
familiar,мучити,27,FALSE,35,TRUE
familiar,мікроскоп,38,FALSE,35,FALSE
familiar,мікрофон,14,TRUE,35,TRUE
familiar,мільйон,38,FALSE,35,FALSE
familiar,мільйонер,27,FALSE,35,TRUE
familiar,мільярд,35,FALSE,35,FALSE
familiar,мін,35,FALSE,35,FALSE
familiar,мінус,33,FALSE,35,TRUE
familiar,мінімальний,30,FALSE,35,TRUE
familiar,міністерство,29,FALSE,35,TRUE
familiar,міністр,28,FALSE,35,TRUE
familiar,міст,35,FALSE,35,FALSE
familiar,містити,35,FALSE,35,FALSE
familiar,місто,29,FALSE,35,TRUE
familiar,місце,33,FALSE,35,TRUE
familiar,місцевий,34,FALSE,35,TRUE
familiar,місяць,34,FALSE,35,TRUE
familiar,місячний,30,FALSE,35,TRUE
familiar,місія,34,FALSE,35,TRUE
familiar,міф,38,FALSE,35,FALSE
familiar,міцний,34,FALSE,35,TRUE
familiar,міцно,38,FALSE,35,FALSE
familiar,міць,33,FALSE,35,TRUE
familiar,мішок,33,FALSE,35,TRUE
familiar,навантаження,13,TRUE,35,TRUE
familiar,навколо,36,FALSE,35,FALSE
familiar,навчати,36,FALSE,35,FALSE
familiar,навчатися,30,FALSE,35,TRUE
familiar,навігація,38,TRUE,35,FALSE
familiar,нагорода,32,FALSE,35,TRUE
familiar,надавати,34,FALSE,35,TRUE
familiar,надзвичайний,32,FALSE,35,TRUE
familiar,надихати,35,FALSE,35,FALSE
familiar,надприродливий,29,FALSE,35,TRUE
familiar,надсилати,35,FALSE,35,FALSE
familiar,надія,38,FALSE,35,FALSE
familiar,назавжди,26,FALSE,35,TRUE
familiar,назва,33,FALSE,35,TRUE
familiar,назовні,29,FALSE,35,TRUE
familiar,налякати,35,FALSE,35,FALSE
familiar,намір,32,FALSE,35,TRUE
familiar,написання,26,FALSE,35,TRUE
familiar,наречена,30,FALSE,35,TRUE
familiar,наречений,35,FALSE,35,FALSE
familiar,нарешті,35,FALSE,35,FALSE
familiar,народ,36,FALSE,35,FALSE
familiar,народження,29,FALSE,35,TRUE
familiar,населення,29,FALSE,35,TRUE
familiar,насос,36,FALSE,35,FALSE
familiar,насправді,28,FALSE,35,TRUE
familiar,натовп,13,TRUE,35,TRUE
familiar,натхнення,33,FALSE,35,TRUE
familiar,наука,34,FALSE,35,TRUE
familiar,національний,34,FALSE,35,TRUE
familiar,наївний,28,FALSE,35,TRUE
familiar,небезпека,33,FALSE,35,TRUE
familiar,небезпечний,33,FALSE,35,TRUE
familiar,небесний,35,FALSE,35,FALSE
familiar,небо,30,FALSE,35,TRUE
familiar,невдаха,13,TRUE,35,TRUE
familiar,невинний,13,TRUE,35,TRUE
familiar,невідомий,37,FALSE,35,FALSE
familiar,негативний,34,FALSE,35,TRUE
familiar,недооцінювати,29,FALSE,35,TRUE
familiar,незаконний,30,FALSE,35,TRUE
familiar,незвичайний,30,FALSE,35,TRUE
familiar,нездатний,33,FALSE,35,TRUE
familiar,нездатність,28,FALSE,35,TRUE
familiar,нездоровий,36,FALSE,35,FALSE
familiar,незнання,34,FALSE,35,TRUE
familiar,незручний,29,FALSE,35,TRUE
familiar,неможливий,26,FALSE,35,TRUE
familiar,ненависть,36,FALSE,35,FALSE
familiar,необхідний,35,FALSE,35,FALSE
familiar,неправедність,36,FALSE,35,FALSE
familiar,неправильний,29,FALSE,35,TRUE
familiar,неприємний,30,FALSE,35,TRUE
familiar,неприємність,35,FALSE,35,FALSE
familiar,нервовий,29,FALSE,35,TRUE
familiar,нерозумний,27,FALSE,35,TRUE
familiar,несподівано,33,FALSE,35,TRUE
familiar,несправедливість,29,FALSE,35,TRUE
familiar,нещасний,37,FALSE,35,FALSE
familiar,нещодавно,26,FALSE,35,TRUE
familiar,низький,30,FALSE,35,TRUE
familiar,нирка,38,FALSE,35,FALSE
familiar,нова,30,FALSE,35,TRUE
familiar,новини,14,TRUE,35,TRUE
familiar,нормальний,14,TRUE,35,TRUE
familiar,нормально,27,FALSE,35,TRUE
familiar,нос,13,TRUE,35,TRUE
familiar,нудота,34,FALSE,35,TRUE
familiar,няня,26,FALSE,35,TRUE
familiar,ніж,29,FALSE,35,TRUE
familiar,ніжний,30,FALSE,35,TRUE
familiar,ніколи,13,TRUE,35,TRUE
familiar,нікчемний,30,FALSE,35,TRUE
familiar,ніндзя,33,FALSE,35,TRUE
familiar,ніч,30,FALSE,35,TRUE
familiar,ніщо,38,FALSE,35,FALSE
familiar,об'єкт,30,FALSE,35,TRUE
familiar,обговорення,37,FALSE,35,FALSE
familiar,обладнання,26,FALSE,35,TRUE
familiar,обладнувати,36,FALSE,35,FALSE
familiar,обов'язок,26,FALSE,35,TRUE
familiar,ображати,29,FALSE,35,TRUE
familiar,образливість,34,FALSE,35,TRUE
familiar,обстеження,26,FALSE,35,TRUE
familiar,обід,35,FALSE,35,FALSE
familiar,обіймати,37,FALSE,35,FALSE
familiar,обіцянка,36,FALSE,35,FALSE
familiar,огидний,26,FALSE,35,TRUE
familiar,оголений,30,FALSE,35,TRUE
familiar,один,35,FALSE,35,FALSE
familiar,одиночний,38,FALSE,35,FALSE
familiar,одружений,27,FALSE,35,TRUE
familiar,озеро,31,FALSE,35,TRUE
familiar,океан,14,TRUE,35,TRUE
familiar,око,39,FALSE,35,FALSE
familiar,округ,30,FALSE,35,TRUE
familiar,окуляри,36,FALSE,35,FALSE
familiar,оновити,13,TRUE,35,TRUE
familiar,онук,36,FALSE,35,FALSE
familiar,оперативний,30,FALSE,35,TRUE
familiar,опис,33,FALSE,35,TRUE
familiar,описувати,38,FALSE,35,FALSE
familiar,опонент,39,FALSE,35,FALSE
familiar,оптимістичний,36,FALSE,35,FALSE
familiar,опівдні,26,FALSE,35,TRUE
familiar,опівночі,34,FALSE,35,TRUE
familiar,опір,26,FALSE,35,TRUE
familiar,орбіта,38,TRUE,35,FALSE
familiar,оргазм,13,TRUE,35,TRUE
familiar,організувати,29,FALSE,35,TRUE
familiar,орендар,27,FALSE,35,TRUE
familiar,орендодавець,34,FALSE,35,TRUE
familiar,орендувати,34,FALSE,35,TRUE
familiar,оригінальний,30,FALSE,35,TRUE
familiar,оркестр,13,TRUE,35,TRUE
familiar,освіта,39,TRUE,35,FALSE
familiar,особливий,38,FALSE,35,FALSE
familiar,остання,38,FALSE,35,FALSE
familiar,останній,39,FALSE,35,FALSE
familiar,осінь,35,FALSE,35,FALSE
familiar,отворити,39,FALSE,35,FALSE
familiar,отрута,27,FALSE,35,TRUE
familiar,офіс,35,FALSE,35,FALSE
familiar,офіціант,39,FALSE,35,FALSE
familiar,офіціантка,29,FALSE,35,TRUE
familiar,офіційний,33,FALSE,35,TRUE
familiar,офіційно,38,FALSE,35,FALSE
familiar,охоронець,29,FALSE,35,TRUE
familiar,оцінка,30,FALSE,35,TRUE
familiar,оцінювати,32,FALSE,35,TRUE
familiar,очевидно,12,TRUE,35,TRUE
familiar,очікувати,27,FALSE,35,TRUE
familiar,п'яний,36,FALSE,35,FALSE
familiar,паб,40,TRUE,35,FALSE
familiar,павук,34,FALSE,35,TRUE
familiar,павутина,34,FALSE,35,TRUE
familiar,пагорб,38,TRUE,35,FALSE
familiar,падіння,35,FALSE,35,FALSE
familiar,пакет,37,FALSE,35,FALSE
familiar,палац,29,FALSE,35,TRUE
familiar,палець,34,FALSE,35,TRUE
familiar,паливо,29,FALSE,35,TRUE
familiar,палиця,36,FALSE,35,FALSE
familiar,палуба,13,TRUE,35,TRUE
familiar,пам'ятник,34,FALSE,35,TRUE
familiar,папа,26,FALSE,35,TRUE
familiar,папір,28,FALSE,35,TRUE
familiar,параграф,36,FALSE,35,FALSE
familiar,параметр,35,FALSE,35,FALSE
familiar,паранормальний,29,FALSE,35,TRUE
familiar,параноїдальний,39,TRUE,35,FALSE
familiar,парламент,34,FALSE,35,TRUE
familiar,пароль,28,FALSE,35,TRUE
familiar,партія,27,FALSE,35,TRUE
familiar,парфуми,30,FALSE,35,TRUE
familiar,пасажирський,33,FALSE,35,TRUE
familiar,паспорт,33,FALSE,35,TRUE
familiar,пастка,26,FALSE,35,TRUE
familiar,пацюк,14,TRUE,35,TRUE
familiar,пекло,29,FALSE,35,TRUE
familiar,пенсія,29,FALSE,35,TRUE
familiar,пеніс,26,FALSE,35,TRUE
familiar,первинний,39,FALSE,35,FALSE
familiar,перебування,26,FALSE,35,TRUE
familiar,перебільшувати,26,FALSE,35,TRUE
familiar,передавач,35,FALSE,35,FALSE
familiar,передача,36,FALSE,35,FALSE
familiar,перемога,27,FALSE,35,TRUE
familiar,перерва,30,FALSE,35,TRUE
familiar,переслідувати,30,FALSE,35,TRUE
familiar,перешкода,30,FALSE,35,TRUE
familiar,периметр,30,FALSE,35,TRUE
familiar,перспективний,29,FALSE,35,TRUE
familiar,період,38,TRUE,35,FALSE
familiar,печінка,36,FALSE,35,FALSE
familiar,пиво,38,FALSE,35,FALSE
familiar,пил,30,FALSE,35,TRUE
familiar,пильний,34,FALSE,35,TRUE
familiar,писати,35,FALSE,35,FALSE
familiar,письменник,29,FALSE,35,TRUE
familiar,пити,34,FALSE,35,TRUE
familiar,планета,30,FALSE,35,TRUE
familiar,планування,29,FALSE,35,TRUE
familiar,планувати,35,FALSE,35,FALSE
familiar,пластик,35,FALSE,35,FALSE
familiar,платформа,38,FALSE,35,FALSE
familiar,плейбой,40,TRUE,35,FALSE
familiar,племінник,30,FALSE,35,TRUE
familiar,плече,35,FALSE,35,FALSE
familiar,площа,36,FALSE,35,FALSE
familiar,пляжний,27,FALSE,35,TRUE
familiar,пляшка,31,FALSE,35,TRUE
familiar,плітки,26,FALSE,35,TRUE
familiar,пов'язувати,27,FALSE,35,TRUE
familiar,повага,36,FALSE,35,FALSE
familiar,повертатися,38,FALSE,35,FALSE
familiar,поверхня,30,FALSE,35,TRUE
familiar,повний,26,FALSE,35,TRUE
familiar,повністю,34,FALSE,35,TRUE
familiar,повідомляти,29,FALSE,35,TRUE
familiar,повільний,36,FALSE,35,FALSE
familiar,повільно,33,FALSE,35,TRUE
familiar,повітря,33,FALSE,35,TRUE
familiar,поганий,14,TRUE,35,TRUE
familiar,погляд,30,FALSE,35,TRUE
familiar,пограбування,26,FALSE,35,TRUE
familiar,подвійний,35,FALSE,35,FALSE
familiar,подивитися,15,TRUE,35,TRUE
familiar,подяка,29,FALSE,35,TRUE
familiar,подія,34,FALSE,35,TRUE
familiar,поема,37,FALSE,35,FALSE
familiar,позбавлення волі,31,FALSE,35,TRUE
familiar,позитивний,35,FALSE,35,FALSE
familiar,позиція,30,FALSE,35,TRUE
familiar,показувати,30,FALSE,35,TRUE
familiar,покер,29,FALSE,35,TRUE
familiar,покладати,26,FALSE,35,TRUE
familiar,покоївка,36,FALSE,35,FALSE
familiar,покривати,35,FALSE,35,FALSE
familiar,покупець,30,FALSE,35,TRUE
familiar,полк,29,FALSE,35,TRUE
familiar,полковник,30,FALSE,35,TRUE
familiar,половина,39,FALSE,35,FALSE
familiar,полум'я,34,FALSE,35,TRUE
familiar,полуниця,30,FALSE,35,TRUE
familiar,полювання,38,FALSE,35,FALSE
familiar,поліпшення,34,FALSE,35,TRUE
familiar,політ,33,FALSE,35,TRUE
familiar,політик,36,FALSE,35,FALSE
familiar,політика,38,FALSE,35,FALSE
familiar,політичний,14,TRUE,35,TRUE
familiar,помада,36,FALSE,35,FALSE
familiar,помаранчевий,14,TRUE,35,TRUE
familiar,померти,30,FALSE,35,TRUE
familiar,помилка,28,FALSE,35,TRUE
familiar,помилковий,33,FALSE,35,TRUE
familiar,помститися,29,FALSE,35,TRUE
familiar,помідор,34,FALSE,35,TRUE
familiar,помічник,36,FALSE,35,FALSE
familiar,понеділок,35,FALSE,35,FALSE
familiar,попит,28,FALSE,35,TRUE
familiar,попряма,36,FALSE,35,FALSE
familiar,популярний,29,FALSE,35,TRUE
familiar,поразка,30,FALSE,35,TRUE
familiar,порожній,39,FALSE,35,FALSE
familiar,портал,33,FALSE,35,TRUE
familiar,портфель,27,FALSE,35,TRUE
familiar,порядок,33,FALSE,35,TRUE
familiar,порятунок,33,FALSE,35,TRUE
familiar,посла,35,FALSE,35,FALSE
familiar,посольство,27,FALSE,35,TRUE
familiar,постріл,28,FALSE,35,TRUE
familiar,постійно,37,FALSE,35,FALSE
familiar,потреба,31,FALSE,35,TRUE
familiar,потрійний,32,FALSE,35,TRUE
familiar,потужність,27,FALSE,35,TRUE
familiar,потяг,33,FALSE,35,TRUE
familiar,потік,12,TRUE,35,TRUE
familiar,похибка,36,FALSE,35,FALSE
familiar,поховати,14,TRUE,35,TRUE
familiar,похоронний,38,FALSE,35,FALSE
familiar,поцілунок,35,FALSE,35,FALSE
familiar,почути,36,FALSE,35,FALSE
familiar,пошта,31,FALSE,35,TRUE
familiar,пошук,33,FALSE,35,TRUE
familiar,пояснення,39,FALSE,35,FALSE
familiar,правдоподібний,28,FALSE,35,TRUE
familiar,правий,32,FALSE,35,TRUE
familiar,правила,29,FALSE,35,TRUE
familiar,правильний,38,TRUE,35,FALSE
familiar,практика,38,TRUE,35,FALSE
familiar,практично,13,TRUE,35,TRUE
familiar,прапор,34,FALSE,35,TRUE
familiar,працювати,30,FALSE,35,TRUE
familiar,праця,28,FALSE,35,TRUE
familiar,предмет,38,FALSE,35,FALSE
familiar,президент,35,FALSE,35,FALSE
familiar,прес,36,FALSE,35,FALSE
familiar,престол,36,FALSE,35,FALSE
familiar,прибути,39,FALSE,35,FALSE
familiar,прибуток,35,FALSE,35,FALSE
familiar,прибуття,35,FALSE,35,FALSE
familiar,приватний,38,FALSE,35,FALSE
familiar,привілей,29,FALSE,35,TRUE
familiar,привітати,35,FALSE,35,FALSE
familiar,приз,28,FALSE,35,TRUE
familiar,призначення,29,FALSE,35,TRUE
familiar,приймати,30,FALSE,35,TRUE
familiar,прийом,30,FALSE,35,TRUE
familiar,приклад,32,FALSE,35,TRUE
familiar,прилад,38,FALSE,35,FALSE
familiar,приманка,39,FALSE,35,FALSE
familiar,приносити,37,FALSE,35,FALSE
familiar,принцеса,29,FALSE,35,TRUE
familiar,припущення,36,FALSE,35,FALSE
familiar,природний,34,FALSE,35,TRUE
familiar,природно,29,FALSE,35,TRUE
familiar,пристойний,12,TRUE,35,TRUE
familiar,пристрасть,36,FALSE,35,FALSE
familiar,присягати,38,FALSE,35,FALSE
familiar,притулок,35,FALSE,35,FALSE
familiar,причина,30,FALSE,35,TRUE
familiar,причіп,30,FALSE,35,TRUE
familiar,приємний,36,FALSE,35,FALSE
familiar,про,30,FALSE,35,TRUE
familiar,проблема,13,TRUE,35,TRUE
familiar,провал,33,FALSE,35,TRUE
familiar,програмне забезпечення,39,FALSE,35,FALSE
familiar,прогрес,29,FALSE,35,TRUE
familiar,прогулянка,29,FALSE,35,TRUE
familiar,продавати,34,FALSE,35,TRUE
familiar,продавець,36,FALSE,35,FALSE
familiar,продаж,38,FALSE,35,FALSE
familiar,продукт,29,FALSE,35,TRUE
familiar,продукти,34,FALSE,35,TRUE
familiar,продуктивність,37,FALSE,35,FALSE
familiar,проект,35,FALSE,35,FALSE
familiar,прокляття,28,FALSE,35,TRUE
familiar,проковтнути,34,FALSE,35,TRUE
familiar,прокурор,29,FALSE,35,TRUE
familiar,проповідь,35,FALSE,35,FALSE
familiar,пропозиція,39,FALSE,35,FALSE
familiar,пропонувати,29,FALSE,35,TRUE
familiar,проспект,38,FALSE,35,FALSE
familiar,простий,33,FALSE,35,TRUE
familiar,просто,31,FALSE,35,TRUE
familiar,протест,13,TRUE,35,TRUE
familiar,протокол,37,FALSE,35,FALSE
familiar,прототип,36,FALSE,35,FALSE
familiar,професор,32,FALSE,35,TRUE
familiar,профіль,33,FALSE,35,TRUE
familiar,прохолодний,30,FALSE,35,TRUE
familiar,процедура,31,FALSE,35,TRUE
familiar,процес,34,FALSE,35,TRUE
familiar,прощати,28,FALSE,35,TRUE
familiar,прощення,29,FALSE,35,TRUE
familiar,прямий,38,FALSE,35,FALSE
familiar,прізвище,26,FALSE,35,TRUE
familiar,псевдонім,27,FALSE,35,TRUE
familiar,психологічний,29,FALSE,35,TRUE
familiar,психологія,27,FALSE,35,TRUE
familiar,психічний,28,FALSE,35,TRUE
familiar,птах,26,FALSE,35,TRUE
familiar,пульс,32,FALSE,35,TRUE
familiar,пустеля,14,TRUE,35,TRUE
familiar,піаніно,30,FALSE,35,TRUE
familiar,південний,26,FALSE,35,TRUE
familiar,підводний човен,28,FALSE,35,TRUE
familiar,підготувати,29,FALSE,35,TRUE
familiar,підлітковий,34,FALSE,35,TRUE
familiar,підліток,29,FALSE,35,TRUE
familiar,підпис,14,TRUE,35,TRUE
familiar,підприємець,35,FALSE,35,FALSE
familiar,підробка,34,FALSE,35,TRUE
familiar,підрозділ,27,FALSE,35,TRUE
familiar,підсумок,33,FALSE,35,TRUE
familiar,підтвердження,34,FALSE,35,TRUE
familiar,підтверджувати,38,TRUE,35,FALSE
familiar,підтримувати,30,FALSE,35,TRUE
familiar,пізно,14,TRUE,35,TRUE
familiar,пікнік,36,FALSE,35,FALSE
familiar,пілот,29,FALSE,35,TRUE
familiar,пінг,29,FALSE,35,TRUE
familiar,піраміда,34,FALSE,35,TRUE
familiar,піратський,27,FALSE,35,TRUE
familiar,пісня,26,FALSE,35,TRUE
familiar,пісок,29,FALSE,35,TRUE
familiar,пістолет,38,FALSE,35,FALSE
familiar,раб,34,FALSE,35,TRUE
familiar,равлик,29,FALSE,35,TRUE
familiar,радар,36,FALSE,35,FALSE
familiar,радіо,36,FALSE,35,FALSE
familiar,радість,27,FALSE,35,TRUE
familiar,радіус,28,FALSE,35,TRUE
familiar,рай,30,FALSE,35,TRUE
familiar,район,27,FALSE,35,TRUE
familiar,рак,30,FALSE,35,TRUE
familiar,ракета,29,FALSE,35,TRUE
familiar,ракетний,38,TRUE,35,FALSE
familiar,раковина,39,TRUE,35,FALSE
familiar,рано,27,FALSE,35,TRUE
familiar,ранок,33,FALSE,35,TRUE
familiar,раноподібний,39,FALSE,35,FALSE
familiar,расист,27,FALSE,35,TRUE
familiar,рахувати,28,FALSE,35,TRUE
familiar,реагувати,30,FALSE,35,TRUE
familiar,реактор,26,FALSE,35,TRUE
familiar,реальний,29,FALSE,35,TRUE
familiar,реальність,29,FALSE,35,TRUE
familiar,ревнивий,37,FALSE,35,FALSE
familiar,регіональний,35,FALSE,35,FALSE
familiar,результат,36,FALSE,35,FALSE
familiar,реклама,36,FALSE,35,FALSE
familiar,рекомендувати,35,FALSE,35,FALSE
familiar,рекорд,30,FALSE,35,TRUE
familiar,релігія,39,FALSE,35,FALSE
familiar,ремонт,29,FALSE,35,TRUE
familiar,репортер,29,FALSE,35,TRUE
familiar,репутація,37,FALSE,35,FALSE
familiar,ресторан,30,FALSE,35,TRUE
familiar,речення,29,FALSE,35,TRUE
familiar,риба,30,FALSE,35,TRUE
familiar,риболовля,29,FALSE,35,TRUE
familiar,ризик,37,TRUE,35,FALSE
familiar,ризикований,34,FALSE,35,TRUE
familiar,ритм,30,FALSE,35,TRUE
familiar,робити,12,TRUE,35,TRUE
familiar,робот,38,FALSE,35,FALSE
familiar,робота,38,FALSE,35,FALSE
familiar,робітник,30,FALSE,35,TRUE
familiar,родео,13,TRUE,35,TRUE
familiar,родитель,27,FALSE,35,TRUE
familiar,розбити,34,FALSE,35,TRUE
familiar,розвал,30,FALSE,35,TRUE
familiar,розвиток,13,TRUE,35,TRUE
familiar,розглядати,29,FALSE,35,TRUE
familiar,розділ,33,FALSE,35,TRUE
familiar,розклад,29,FALSE,35,TRUE
familiar,розлучення,36,FALSE,35,FALSE
familiar,розмова,33,FALSE,35,TRUE
familiar,розмовляти,36,FALSE,35,FALSE
familiar,розмір,30,FALSE,35,TRUE
familiar,розповідати,26,FALSE,35,TRUE
familiar,розраховувати,27,FALSE,35,TRUE
familiar,розрив,36,FALSE,35,FALSE
familiar,розрізати,13,TRUE,35,TRUE
familiar,розслідувати,35,FALSE,35,FALSE
familiar,розташування,29,FALSE,35,TRUE
familiar,розтопити,37,FALSE,35,FALSE
familiar,розумний,38,FALSE,35,FALSE
familiar,розчарування,33,FALSE,35,TRUE
familiar,ром,14,TRUE,35,TRUE
familiar,романтичний,38,TRUE,35,FALSE
familiar,ромео,29,FALSE,35,TRUE
familiar,рослина,38,FALSE,35,FALSE
familiar,рот,15,TRUE,35,TRUE
familiar,руйнування,30,FALSE,35,TRUE
familiar,рухатися,38,FALSE,35,FALSE
familiar,ручний,30,FALSE,35,TRUE
familiar,рушник,34,FALSE,35,TRUE
familiar,рятівник,30,FALSE,35,TRUE
familiar,рівномірний,30,FALSE,35,TRUE
familiar,ріг,29,FALSE,35,TRUE
familiar,рідина,29,FALSE,35,TRUE
familiar,рідко,36,FALSE,35,FALSE
familiar,різдвяний,38,FALSE,35,FALSE
familiar,річка,28,FALSE,35,TRUE
familiar,салат,14,TRUE,35,TRUE
familiar,самогубство,27,FALSE,35,TRUE
familiar,самотній,39,FALSE,35,FALSE
familiar,самурай,34,FALSE,35,TRUE
familiar,сантиметр,34,FALSE,35,TRUE
familiar,свинина,36,FALSE,35,FALSE
familiar,свиня,29,FALSE,35,TRUE
familiar,свисток,27,FALSE,35,TRUE
familiar,свобода,34,FALSE,35,TRUE
familiar,свято,26,FALSE,35,TRUE
familiar,священик,35,FALSE,35,FALSE
familiar,свідок,37,FALSE,35,FALSE
familiar,свідчення,13,TRUE,35,TRUE
familiar,свіжий,30,FALSE,35,TRUE
familiar,світ,38,TRUE,35,FALSE
familiar,світанок,34,FALSE,35,TRUE
familiar,сейф,14,TRUE,35,TRUE
familiar,секретар,35,FALSE,35,FALSE
familiar,секретний,33,FALSE,35,TRUE
familiar,сексуальний,30,FALSE,35,TRUE
familiar,село,34,FALSE,35,TRUE
familiar,семінар,29,FALSE,35,TRUE
familiar,сенатор,26,FALSE,35,TRUE
familiar,сенс,30,FALSE,35,TRUE
familiar,сенсаційний,30,FALSE,35,TRUE
familiar,середовище,14,TRUE,35,TRUE
familiar,сержант,35,FALSE,35,FALSE
familiar,серія,29,FALSE,35,TRUE
familiar,сестра,29,FALSE,35,TRUE
familiar,сеча,27,FALSE,35,TRUE
familiar,сигара,30,FALSE,35,TRUE
familiar,сигарета,33,FALSE,35,TRUE
familiar,сигнал,30,FALSE,35,TRUE
familiar,сигналізація,31,FALSE,35,TRUE
familiar,сидіти,29,FALSE,35,TRUE
familiar,сила,34,FALSE,35,TRUE
familiar,сильний,13,TRUE,35,TRUE
familiar,сильно,33,FALSE,35,TRUE
familiar,символ,34,FALSE,35,TRUE
familiar,синдром,26,FALSE,35,TRUE
familiar,синяк,36,FALSE,35,FALSE
familiar,синій,35,FALSE,35,FALSE
familiar,сир,29,FALSE,35,TRUE
familiar,сиріт,27,FALSE,35,TRUE
familiar,система,29,FALSE,35,TRUE
familiar,ситуація,30,FALSE,35,TRUE
familiar,сказати,38,FALSE,35,FALSE
familiar,скандал,37,FALSE,35,FALSE
familiar,скарбниця,28,FALSE,35,TRUE
familiar,скарга,40,TRUE,35,FALSE
familiar,склянка,39,FALSE,35,FALSE
familiar,скорочувати,13,TRUE,35,TRUE
familiar,слабкий,30,FALSE,35,TRUE
familiar,слава,36,FALSE,35,FALSE
familiar,славний,31,FALSE,35,TRUE
familiar,словник,34,FALSE,35,TRUE
familiar,слово,29,FALSE,35,TRUE
familiar,служба,35,FALSE,35,FALSE
familiar,слух,31,FALSE,35,TRUE
familiar,слухати,35,FALSE,35,FALSE
familiar,слідувати,39,TRUE,35,FALSE
familiar,сліпий,29,FALSE,35,TRUE
familiar,смак,36,FALSE,35,FALSE
familiar,смачний,27,FALSE,35,TRUE
familiar,смертельний,34,FALSE,35,TRUE
familiar,смерть,29,FALSE,35,TRUE
familiar,смоктати,29,FALSE,35,TRUE
familiar,сміття,36,FALSE,35,FALSE
familiar,смішний,29,FALSE,35,TRUE
familiar,сміятися,26,FALSE,35,TRUE
familiar,снід,30,FALSE,35,TRUE
familiar,сніданок,36,FALSE,35,FALSE
familiar,собака,27,FALSE,35,TRUE
familiar,сода,29,FALSE,35,TRUE
familiar,солдат,33,FALSE,35,TRUE
familiar,солодкий,28,FALSE,35,TRUE
familiar,сонце,30,FALSE,35,TRUE
familiar,сонячний,13,TRUE,35,TRUE
familiar,сорочка,34,FALSE,35,TRUE
familiar,сортувати,13,TRUE,35,TRUE
familiar,соус,38,FALSE,35,FALSE
familiar,спадщина,14,TRUE,35,TRUE
familiar,спальня,38,FALSE,35,FALSE
familiar,спантеличеність,26,FALSE,35,TRUE
familiar,спати,31,FALSE,35,TRUE
familiar,спеціаліст,28,FALSE,35,TRUE
familiar,сповіщення,29,FALSE,35,TRUE
familiar,спокійний,31,FALSE,35,TRUE
familiar,спокійно,31,FALSE,35,TRUE
familiar,спорт,39,FALSE,35,FALSE
familiar,спостереження,29,FALSE,35,TRUE
familiar,спочатку,29,FALSE,35,TRUE
familiar,справедливість,30,FALSE,35,TRUE
familiar,спрага,26,FALSE,35,TRUE
familiar,спроба,35,FALSE,35,FALSE
familiar,спробувати,37,FALSE,35,FALSE
familiar,співак,34,FALSE,35,TRUE
familiar,співчувати,28,FALSE,35,TRUE
familiar,співчуття,30,FALSE,35,TRUE
familiar,спідниця,34,FALSE,35,TRUE
familiar,спілкування,39,FALSE,35,FALSE
familiar,спільнота,14,TRUE,35,TRUE
familiar,срібло,35,FALSE,35,FALSE
familiar,ставлення,35,FALSE,35,FALSE
familiar,стадіон,27,FALSE,35,TRUE
familiar,сталь,39,FALSE,35,FALSE
familiar,стандартний,29,FALSE,35,TRUE
familiar,станція,29,FALSE,35,TRUE
familiar,старий,26,FALSE,35,TRUE
familiar,старший,34,FALSE,35,TRUE
familiar,статися,35,FALSE,35,FALSE
familiar,стаття,35,FALSE,35,FALSE
familiar,статус,38,FALSE,35,FALSE
familiar,статуя,38,FALSE,35,FALSE
familiar,створення,34,FALSE,35,TRUE
familiar,створювати,15,TRUE,35,TRUE
familiar,створіння,30,FALSE,35,TRUE
familiar,стиль,33,FALSE,35,TRUE
familiar,сто,37,FALSE,35,FALSE
familiar,століття,38,FALSE,35,FALSE
familiar,стоп,35,FALSE,35,FALSE
familiar,стояти,13,TRUE,35,TRUE
familiar,страждання,29,FALSE,35,TRUE
familiar,страждати,29,FALSE,35,TRUE
familiar,страйк,13,TRUE,35,TRUE
familiar,стратегія,28,FALSE,35,TRUE
familiar,страх,34,FALSE,35,TRUE
familiar,страшний,31,FALSE,35,TRUE
familiar,стрес,39,FALSE,35,FALSE
familiar,стрибок,34,FALSE,35,TRUE
familiar,стриманий,30,FALSE,35,TRUE
familiar,структура,38,TRUE,35,FALSE
familiar,струм,14,TRUE,35,TRUE
familiar,студент,38,TRUE,35,FALSE
familiar,стурбований,34,FALSE,35,TRUE
familiar,стіна,29,FALSE,35,TRUE
familiar,субота,30,FALSE,35,TRUE
familiar,судити,28,FALSE,35,TRUE
familiar,судно,29,FALSE,35,TRUE
familiar,судовий,38,FALSE,35,FALSE
familiar,судовий процес,27,FALSE,35,TRUE
familiar,сукня,39,FALSE,35,FALSE
familiar,сума,34,FALSE,35,TRUE
familiar,сумний,26,FALSE,35,TRUE
familiar,суміш,14,TRUE,35,TRUE
familiar,суп,13,TRUE,35,TRUE
familiar,суперечка,33,FALSE,35,TRUE
familiar,супермен,35,FALSE,35,FALSE
familiar,супроводжувати,36,FALSE,35,FALSE
familiar,супротив,34,FALSE,35,TRUE
familiar,суспільство,35,FALSE,35,FALSE
familiar,сухий,30,FALSE,35,TRUE
familiar,сучасний,36,FALSE,35,FALSE
familiar,сховатися,13,TRUE,35,TRUE
familiar,східний,38,FALSE,35,FALSE
familiar,сьогодні,33,FALSE,35,TRUE
familiar,сюрприз,31,FALSE,35,TRUE
familiar,сік,38,FALSE,35,FALSE
familiar,сім'я,30,FALSE,35,TRUE
familiar,таблетка,36,FALSE,35,FALSE
familiar,таблиця,31,FALSE,35,TRUE
familiar,таймер,29,FALSE,35,TRUE
familiar,так,30,FALSE,35,TRUE
familiar,таксі,39,FALSE,35,FALSE
familiar,талант,29,FALSE,35,TRUE
familiar,там,39,FALSE,35,FALSE
familiar,танк,30,FALSE,35,TRUE
familiar,танцювати,29,FALSE,35,TRUE
familiar,танцівниця,37,FALSE,35,FALSE
familiar,тарілка,27,FALSE,35,TRUE
familiar,тато,38,FALSE,35,FALSE
familiar,татуювання,35,FALSE,35,FALSE
familiar,таємниця,27,FALSE,35,TRUE
familiar,тварина,26,FALSE,35,TRUE
familiar,тверезий,34,FALSE,35,TRUE
familiar,творчість,30,FALSE,35,TRUE
familiar,театр,36,FALSE,35,FALSE
familiar,текст,27,FALSE,35,TRUE
familiar,телебачення,34,FALSE,35,TRUE
familiar,телеграма,39,TRUE,35,FALSE
familiar,телескоп,29,FALSE,35,TRUE
familiar,телефон,34,FALSE,35,TRUE
familiar,темний,14,TRUE,35,TRUE
familiar,температура,36,FALSE,35,FALSE
familiar,темрява,36,FALSE,35,FALSE
familiar,теніс,30,FALSE,35,TRUE
familiar,теорія,34,FALSE,35,TRUE
familiar,теплий,33,FALSE,35,TRUE
familiar,тепло,26,FALSE,35,TRUE
familiar,терапія,29,FALSE,35,TRUE
familiar,термінал,29,FALSE,35,TRUE
familiar,терміновий,34,FALSE,35,TRUE
familiar,тестування,36,FALSE,35,FALSE
familiar,технологія,29,FALSE,35,TRUE
familiar,техніка,14,TRUE,35,TRUE
familiar,технічний,31,FALSE,35,TRUE
familiar,тиждень,28,FALSE,35,TRUE
familiar,типовий,26,FALSE,35,TRUE
familiar,тиск,26,FALSE,35,TRUE
familiar,тисяча,30,FALSE,35,TRUE
familiar,тихоокеанський,14,TRUE,35,TRUE
familiar,тканина,33,FALSE,35,TRUE
familiar,товстий,36,FALSE,35,FALSE
familiar,тонкий,13,TRUE,35,TRUE
familiar,торговець,29,FALSE,35,TRUE
familiar,торнадо,30,FALSE,35,TRUE
familiar,торт,30,FALSE,35,TRUE
familiar,тост,39,TRUE,35,FALSE
familiar,точка,13,TRUE,35,TRUE
familiar,трагічний,12,TRUE,35,TRUE
familiar,традиційний,29,FALSE,35,TRUE
familiar,транспортний засіб,30,FALSE,35,TRUE
familiar,тренер,34,FALSE,35,TRUE
familiar,третій,34,FALSE,35,TRUE
familiar,три,34,FALSE,35,TRUE
familiar,тригер,36,FALSE,35,FALSE
familiar,трикутник,36,FALSE,35,FALSE
familiar,трофей,30,FALSE,35,TRUE
familiar,трюк,38,FALSE,35,FALSE
familiar,туалет,12,TRUE,35,TRUE
familiar,туга,41,TRUE,35,FALSE
familiar,туман,13,TRUE,35,TRUE
familiar,тунель,35,FALSE,35,FALSE
familiar,тунець,26,FALSE,35,TRUE
familiar,турбота,29,FALSE,35,TRUE
familiar,турбувати,26,FALSE,35,TRUE
familiar,турист,29,FALSE,35,TRUE
familiar,турнір,30,FALSE,35,TRUE
familiar,тут,36,FALSE,35,FALSE
familiar,тютюн,39,FALSE,35,FALSE
familiar,тягнути,29,FALSE,35,TRUE
familiar,тіло,31,FALSE,35,TRUE
familiar,тінь,35,FALSE,35,FALSE
familiar,убивця,35,FALSE,35,FALSE
familiar,убити,12,TRUE,35,TRUE
familiar,ув'язнений,14,TRUE,35,TRUE
familiar,увага,14,TRUE,35,TRUE
familiar,уважність,37,FALSE,35,FALSE
familiar,угоду,35,FALSE,35,FALSE
familiar,ударити,38,FALSE,35,FALSE
familiar,університет,29,FALSE,35,TRUE
familiar,унікальний,29,FALSE,35,TRUE
familiar,упертий,38,FALSE,35,FALSE
familiar,управляти,30,FALSE,35,TRUE
familiar,уряд,14,TRUE,35,TRUE
familiar,урятувати,39,FALSE,35,FALSE
familiar,усвідомлювати,28,FALSE,35,TRUE
familiar,усмішка,35,FALSE,35,FALSE
familiar,успадковувати,27,FALSE,35,TRUE
familiar,успіх,38,TRUE,35,FALSE
familiar,усунути,36,FALSE,35,FALSE
familiar,утримувати,28,FALSE,35,TRUE
familiar,фаза,29,FALSE,35,TRUE
familiar,факс,35,FALSE,35,FALSE
familiar,фактично,30,FALSE,35,TRUE
familiar,фактор,13,TRUE,35,TRUE
familiar,фантазія,28,FALSE,35,TRUE
familiar,фантастичний,26,FALSE,35,TRUE
familiar,фарбувати,26,FALSE,35,TRUE
familiar,фатальний,32,FALSE,35,TRUE
familiar,фатум,30,FALSE,35,TRUE
familiar,федеральний,35,FALSE,35,FALSE
familiar,федерація,27,FALSE,35,TRUE
familiar,фермер,35,FALSE,35,FALSE
familiar,фестиваль,28,FALSE,35,TRUE
familiar,флот,34,FALSE,35,TRUE
familiar,форма,29,FALSE,35,TRUE
familiar,фотограф,13,TRUE,35,TRUE
familiar,фрагмент,39,FALSE,35,FALSE
familiar,фраза,36,FALSE,35,FALSE
familiar,французький,14,TRUE,35,TRUE
familiar,фронт,14,TRUE,35,TRUE
familiar,фрукти,38,FALSE,35,FALSE
familiar,функціональний,33,FALSE,35,TRUE
familiar,фунт,29,FALSE,35,TRUE
familiar,фургон,28,FALSE,35,TRUE
familiar,футбол,30,FALSE,35,TRUE
familiar,фізика,38,FALSE,35,FALSE
familiar,фізичний,34,FALSE,35,TRUE
familiar,філософія,30,FALSE,35,TRUE
familiar,фільм,29,FALSE,35,TRUE
familiar,фінансовий,29,FALSE,35,TRUE
familiar,фінансово,35,FALSE,35,FALSE
familiar,фінансування,26,FALSE,35,TRUE
familiar,фірма,29,FALSE,35,TRUE
familiar,хабар,26,FALSE,35,TRUE
familiar,хаос,39,FALSE,35,FALSE
familiar,хапати,36,FALSE,35,FALSE
familiar,характер,26,FALSE,35,TRUE
familiar,хвилина,30,FALSE,35,TRUE
familiar,хворий,13,TRUE,35,TRUE
familiar,хижак,38,FALSE,35,FALSE
familiar,хлопчик,28,FALSE,35,TRUE
familiar,хлопчики,40,TRUE,35,FALSE
familiar,хліб,34,FALSE,35,TRUE
familiar,хмара,13,TRUE,35,TRUE
familiar,хобі,14,TRUE,35,TRUE
familiar,холодний,29,FALSE,35,TRUE
familiar,хоробрий,29,FALSE,35,TRUE
familiar,храм,14,TRUE,35,TRUE
familiar,хребетний,13,TRUE,35,TRUE
familiar,християнин,34,FALSE,35,TRUE
familiar,художник,27,FALSE,35,TRUE
familiar,хустка,37,FALSE,35,FALSE
familiar,хімія,30,FALSE,35,TRUE
familiar,хірург,34,FALSE,35,TRUE
familiar,хірургія,26,FALSE,35,TRUE
familiar,цвинтар,30,FALSE,35,TRUE
familiar,цемент,29,FALSE,35,TRUE
familiar,церебральний,30,FALSE,35,TRUE
familiar,церемонія,29,FALSE,35,TRUE
familiar,церква,36,FALSE,35,FALSE
familiar,цибуля,28,FALSE,35,TRUE
familiar,цивільний,34,FALSE,35,TRUE
familiar,цивілізація,37,FALSE,35,FALSE
familiar,цинічний,31,FALSE,35,TRUE
familiar,цирк,29,FALSE,35,TRUE
familiar,цукор,15,TRUE,35,TRUE
familiar,цікавий,30,FALSE,35,TRUE
familiar,ціна,39,FALSE,35,FALSE
familiar,цінний,27,FALSE,35,TRUE
familiar,чарівний,31,FALSE,35,TRUE
familiar,чарівник,12,TRUE,35,TRUE
familiar,чарівність,29,FALSE,35,TRUE
familiar,часник,37,FALSE,35,FALSE
familiar,частка,30,FALSE,35,TRUE
familiar,частота,33,FALSE,35,TRUE
familiar,чаша,29,FALSE,35,TRUE
familiar,чашка,37,FALSE,35,FALSE
familiar,чекати,35,FALSE,35,FALSE
familiar,чемпіон,14,TRUE,35,TRUE
familiar,чемпіонат,34,FALSE,35,TRUE
familiar,червень,39,TRUE,35,FALSE
familiar,червоний,30,FALSE,35,TRUE
familiar,череп,30,FALSE,35,TRUE
familiar,черепаха,28,FALSE,35,TRUE
familiar,чесний,39,FALSE,35,FALSE
familiar,чесність,35,FALSE,35,FALSE
familiar,честь,38,FALSE,35,FALSE
familiar,четвертий,29,FALSE,35,TRUE
familiar,число,28,FALSE,35,TRUE
familiar,чистий,32,FALSE,35,TRUE
familiar,читання,29,FALSE,35,TRUE
familiar,читати,34,FALSE,35,TRUE
familiar,член,29,FALSE,35,TRUE
familiar,човен,26,FALSE,35,TRUE
familiar,чоловік,32,FALSE,35,TRUE
familiar,чоловічий,29,FALSE,35,TRUE
familiar,чорний,28,FALSE,35,TRUE
familiar,чотири,34,FALSE,35,TRUE
familiar,чудовий,34,FALSE,35,TRUE
familiar,чужий,35,FALSE,35,FALSE
familiar,чума,29,FALSE,35,TRUE
familiar,чутливий,35,FALSE,35,FALSE
familiar,чіп,32,FALSE,35,TRUE
familiar,чітко,27,FALSE,35,TRUE
familiar,шампанське,35,FALSE,35,FALSE
familiar,шантаж,33,FALSE,35,TRUE
familiar,шафа,35,FALSE,35,FALSE
familiar,шахрайство,36,FALSE,35,FALSE
familiar,швидка допомога,37,FALSE,35,FALSE
familiar,швидкий,31,FALSE,35,TRUE
familiar,швидко,35,FALSE,35,FALSE
familiar,швидкість,37,FALSE,35,FALSE
familiar,шериф,26,FALSE,35,TRUE
familiar,шерлок,33,FALSE,35,TRUE
familiar,шеф-кухар,26,FALSE,35,TRUE
familiar,шийка,30,FALSE,35,TRUE
familiar,широкий,13,TRUE,35,TRUE
familiar,школу,33,FALSE,35,TRUE
familiar,шкіра,31,FALSE,35,TRUE
familiar,шланг,34,FALSE,35,TRUE
familiar,шлунок,39,FALSE,35,FALSE
familiar,шлюб,35,FALSE,35,FALSE
familiar,шматок,36,FALSE,35,FALSE
familiar,шовк,41,TRUE,35,FALSE
familiar,шоколад,35,FALSE,35,FALSE
familiar,шолом,29,FALSE,35,TRUE
familiar,шосе,37,FALSE,35,FALSE
familiar,шпигун,34,FALSE,35,TRUE
familiar,шпигунство,30,FALSE,35,TRUE
familiar,шприц,38,FALSE,35,FALSE
familiar,шрам,28,FALSE,35,TRUE
familiar,штаб-квартира,30,FALSE,35,TRUE
familiar,штовхати,29,FALSE,35,TRUE
familiar,штраф,26,FALSE,35,TRUE
familiar,штучний,38,TRUE,35,FALSE
familiar,шутер,30,FALSE,35,TRUE
familiar,щасливий,26,FALSE,35,TRUE
familiar,ще,14,TRUE,35,TRUE
familiar,щедрий,14,TRUE,35,TRUE
familiar,щит,36,FALSE,35,FALSE
familiar,що,30,FALSE,35,TRUE
familiar,що саме,29,FALSE,35,TRUE
familiar,щока,30,FALSE,35,TRUE
familiar,щось,33,FALSE,35,TRUE
familiar,щотижня,36,FALSE,35,FALSE
familiar,ювілей,36,FALSE,35,FALSE
familiar,юрисдикція,36,FALSE,35,FALSE
familiar,юрист,29,FALSE,35,TRUE
familiar,явище,29,FALSE,35,TRUE
familiar,яйце,29,FALSE,35,TRUE
familiar,якор,39,TRUE,35,FALSE
familiar,ярмарок,30,FALSE,35,TRUE
familiar,яскравий,29,FALSE,35,TRUE
familiar,ящірка,30,FALSE,35,TRUE
familiar,єдиний,36,FALSE,35,FALSE
familiar,єпископ,39,FALSE,35,FALSE
familiar,іграшка,27,FALSE,35,TRUE
familiar,ідеальний,30,FALSE,35,TRUE
familiar,ідея,12,TRUE,35,TRUE
familiar,ідіот,34,FALSE,35,TRUE
familiar,ілюзія,39,FALSE,35,FALSE
familiar,імператор,37,FALSE,35,FALSE
familiar,імперія,13,TRUE,35,TRUE
familiar,ін'єкція,29,FALSE,35,TRUE
familiar,інвестор,30,FALSE,35,TRUE
familiar,інвестувати,39,FALSE,35,FALSE
familiar,індивідуальний,33,FALSE,35,TRUE
familiar,індичка,26,FALSE,35,TRUE
familiar,інженер,28,FALSE,35,TRUE
familiar,інспекція,32,FALSE,35,TRUE
familiar,інстинкт,30,FALSE,35,TRUE
familiar,інструмент,26,FALSE,35,TRUE
familiar,інтернет,35,FALSE,35,FALSE
familiar,інтимний,39,TRUE,35,FALSE
familiar,інтуїція,27,FALSE,35,TRUE
familiar,інфекція,26,FALSE,35,TRUE
familiar,інформатор,38,FALSE,35,FALSE
familiar,інформація,30,FALSE,35,TRUE
familiar,інцидент,27,FALSE,35,TRUE
familiar,інший,26,FALSE,35,TRUE
familiar,іронічний,38,FALSE,35,FALSE
familiar,їжа,26,FALSE,35,TRUE
familiar,їздити,29,FALSE,35,TRUE
familiar,їсти,29,FALSE,35,TRUE
image,НЛО,35,FALSE,35,FALSE
image,абсолютно,31,FALSE,35,TRUE
image,абсурдний,35,FALSE,35,FALSE
image,аварія,35,FALSE,35,FALSE
image,автобус,34,FALSE,35,TRUE
image,автограф,36,FALSE,35,FALSE
image,автор,33,FALSE,35,TRUE
image,агент,34,FALSE,35,TRUE
image,агентство,33,FALSE,35,TRUE
image,адміністративний,32,FALSE,35,TRUE
image,адміністрація,34,FALSE,35,TRUE
image,адреналін,34,FALSE,35,TRUE
image,адреса,32,FALSE,35,TRUE
image,аеропорт,35,FALSE,35,FALSE
image,акт,33,FALSE,35,TRUE
image,активний,36,FALSE,35,FALSE
image,активувати,35,FALSE,35,FALSE
image,актор,32,FALSE,35,TRUE
image,акула,34,FALSE,35,TRUE
image,акцент,36,FALSE,35,FALSE
image,алея,34,FALSE,35,TRUE
image,алкоголь,34,FALSE,35,TRUE
image,алмаз,34,FALSE,35,TRUE
image,альбом,36,FALSE,35,FALSE
image,альфа,32,FALSE,35,TRUE
image,алібі,13,TRUE,35,TRUE
image,аматорський,34,FALSE,35,TRUE
image,америка,33,FALSE,35,TRUE
image,аналогічний,34,FALSE,35,TRUE
image,аналіз,33,FALSE,35,TRUE
image,аналітик,34,FALSE,35,TRUE
image,анархія,33,FALSE,35,TRUE
image,анатомія,32,FALSE,35,TRUE
image,ангел,34,FALSE,35,TRUE
image,англійська мова,33,FALSE,35,TRUE
image,анонімний,35,FALSE,35,FALSE
image,антидот,37,FALSE,35,FALSE
image,апетитний,33,FALSE,35,TRUE
image,арена,33,FALSE,35,TRUE
image,арешт,35,FALSE,35,FALSE
image,армія,33,FALSE,35,TRUE
image,арсенал,35,FALSE,35,FALSE
image,артерія,32,FALSE,35,TRUE
image,артефакт,44,TRUE,35,FALSE
image,артилерія,34,FALSE,35,TRUE
image,архітектор,35,FALSE,35,FALSE
image,аспірин,34,FALSE,35,TRUE
image,атакувати,34,FALSE,35,TRUE
image,атлантичний,34,FALSE,35,TRUE
image,атмосфера,33,FALSE,35,TRUE
image,атомний,35,FALSE,35,FALSE
image,аудиторія,35,FALSE,35,FALSE
image,аукціон,33,FALSE,35,TRUE
image,аутопсія,32,FALSE,35,TRUE
image,африка,33,FALSE,35,TRUE
image,бабуся,33,FALSE,35,TRUE
image,бавовна,43,TRUE,35,FALSE
image,багатий,35,FALSE,35,FALSE
image,багатство,33,FALSE,35,TRUE
image,бажання,33,FALSE,35,TRUE
image,база,33,FALSE,35,TRUE
image,баланс,13,TRUE,35,TRUE
image,банан,31,FALSE,35,TRUE
image,банда,32,FALSE,35,TRUE
image,банківський,35,FALSE,35,FALSE
image,банкір,33,FALSE,35,TRUE
image,бар,31,FALSE,35,TRUE
image,барон,35,FALSE,35,FALSE
image,баскетбол,33,FALSE,35,TRUE
image,батальйон,33,FALSE,35,TRUE
image,батько,36,FALSE,35,FALSE
image,бачення,35,FALSE,35,FALSE
image,башта,36,FALSE,35,FALSE
image,бджола,34,FALSE,35,TRUE
image,безвідповідальний,36,FALSE,35,FALSE
image,безпека,34,FALSE,35,TRUE
image,безпечний,35,FALSE,35,FALSE
image,безпорадний,36,FALSE,35,FALSE
image,безпосередньо,31,FALSE,35,TRUE
image,безсилий,33,FALSE,35,TRUE
image,бейсбол,32,FALSE,35,TRUE
image,бекон,14,TRUE,35,TRUE
image,бетмен,31,FALSE,35,TRUE
image,бетон,13,TRUE,35,TRUE
image,битва,34,FALSE,35,TRUE
image,благодійність,36,FALSE,35,FALSE
image,благородний,13,TRUE,35,TRUE
image,близький,34,FALSE,35,TRUE
image,близько,36,FALSE,35,FALSE
image,блиск,34,FALSE,35,TRUE
image,блискавка,33,FALSE,35,TRUE
image,бог,33,FALSE,35,TRUE
image,божевілля,34,FALSE,35,TRUE
image,божевільний,35,FALSE,35,FALSE
image,божественний,31,FALSE,35,TRUE
image,бойовий,34,FALSE,35,TRUE
image,бомба,33,FALSE,35,TRUE
image,бонус,33,FALSE,35,TRUE
image,борг,33,FALSE,35,TRUE
image,борода,33,FALSE,35,TRUE
image,боронити,34,FALSE,35,TRUE
image,боротися,34,FALSE,35,TRUE
image,борошно,34,FALSE,35,TRUE
image,бос,32,FALSE,35,TRUE
image,бостон,36,FALSE,35,FALSE
image,браво,33,FALSE,35,TRUE
image,брат,35,FALSE,35,FALSE
image,брехун,34,FALSE,35,TRUE
image,броня,35,FALSE,35,FALSE
image,бруд,31,FALSE,35,TRUE
image,брудний,34,FALSE,35,TRUE
image,брутальний,13,TRUE,35,TRUE
image,будинок,32,FALSE,35,TRUE
image,будувати,34,FALSE,35,TRUE
image,будівельний,44,TRUE,35,FALSE
image,будівля,32,FALSE,35,TRUE
image,буква,34,FALSE,35,TRUE
image,буквально,36,FALSE,35,FALSE
image,бутерброд,33,FALSE,35,TRUE
image,бюджет,31,FALSE,35,TRUE
image,бібліотека,34,FALSE,35,TRUE
image,біблія,33,FALSE,35,TRUE
image,бігти,32,FALSE,35,TRUE
image,бідний,33,FALSE,35,TRUE
image,бідність,32,FALSE,35,TRUE
image,біженець,35,FALSE,35,FALSE
image,бізнес,33,FALSE,35,TRUE
image,білий,32,FALSE,35,TRUE
image,білка,33,FALSE,35,TRUE
image,білок,36,FALSE,35,FALSE
image,біль,35,FALSE,35,FALSE
image,більше,33,FALSE,35,TRUE
image,більшість,34,FALSE,35,TRUE
image,біологічний,33,FALSE,35,TRUE
image,біологія,34,FALSE,35,TRUE
image,в'язниця,34,FALSE,35,TRUE
image,вага,45,TRUE,35,FALSE
image,вагітність,43,TRUE,35,FALSE
image,важкий,35,FALSE,35,FALSE
image,важливий,32,FALSE,35,TRUE
image,важливість,33,FALSE,35,TRUE
image,вакцина,35,FALSE,35,FALSE
image,валіза,31,FALSE,35,TRUE
image,вампір,33,FALSE,35,TRUE
image,ванна кімната,33,FALSE,35,TRUE
image,вантаж,33,FALSE,35,TRUE
image,вантажівка,36,FALSE,35,FALSE
image,ваніль,33,FALSE,35,TRUE
image,вартість,32,FALSE,35,TRUE
image,ватсон,32,FALSE,35,TRUE
image,вашингтон,34,FALSE,35,TRUE
image,вбивство,35,FALSE,35,FALSE
image,вбивця,31,FALSE,35,TRUE
image,вводити,36,FALSE,35,FALSE
image,ввічливий,34,FALSE,35,TRUE
image,вгору,35,FALSE,35,FALSE
image,вдова,35,FALSE,35,FALSE
image,вдячний,33,FALSE,35,TRUE
image,ведмідь,33,FALSE,35,TRUE
image,великий,32,FALSE,35,TRUE
image,великий палець,36,FALSE,35,FALSE
image,величезний,34,FALSE,35,TRUE
image,величність,33,FALSE,35,TRUE
image,вена,33,FALSE,35,TRUE
image,венера,31,FALSE,35,TRUE
image,вентиляція,35,FALSE,35,FALSE
image,вересень,43,TRUE,35,FALSE
image,вертоліт,33,FALSE,35,TRUE
image,верхній,14,TRUE,35,TRUE
image,вершина,35,FALSE,35,FALSE
image,весна,32,FALSE,35,TRUE
image,весілля,31,FALSE,35,TRUE
image,вечір,33,FALSE,35,TRUE
image,вже,13,TRUE,35,TRUE
image,взуття,33,FALSE,35,TRUE
image,вибирати,34,FALSE,35,TRUE
image,виборець,33,FALSE,35,TRUE
image,вибори,34,FALSE,35,TRUE
image,вибух,31,FALSE,35,TRUE
image,вибухнути,32,FALSE,35,TRUE
image,вибуховий,33,FALSE,35,TRUE
image,вибір,34,FALSE,35,TRUE
image,вивчати,32,FALSE,35,TRUE
image,вивчення,37,FALSE,35,FALSE
image,вигнати,34,FALSE,35,TRUE
image,виграти,34,FALSE,35,TRUE
image,видалити,33,FALSE,35,TRUE
image,вижити,33,FALSE,35,TRUE
image,визнавати,44,TRUE,35,FALSE
image,визначення,34,FALSE,35,TRUE
image,викладач,33,FALSE,35,TRUE
image,виклик,33,FALSE,35,TRUE
image,виконання,32,FALSE,35,TRUE
image,використання,31,FALSE,35,TRUE
image,викрадати,34,FALSE,35,TRUE
image,викрадач,34,FALSE,35,TRUE
image,викуп,31,FALSE,35,TRUE
image,вилка,31,FALSE,35,TRUE
image,виловити,34,FALSE,35,TRUE
image,виникнути,32,FALSE,35,TRUE
image,винищувач,33,FALSE,35,TRUE
image,винним,35,FALSE,35,FALSE
image,виноробство,33,FALSE,35,TRUE
image,винятковий,34,FALSE,35,TRUE
image,випадково,33,FALSE,35,TRUE
image,виправдання,32,FALSE,35,TRUE
image,виправляти,33,FALSE,35,TRUE
image,випромінювання,35,FALSE,35,FALSE
image,випускник,32,FALSE,35,TRUE
image,виробляти,34,FALSE,35,TRUE
image,виробник,35,FALSE,35,FALSE
image,виробництво,35,FALSE,35,FALSE
image,висловлювати,34,FALSE,35,TRUE
image,висновок,34,FALSE,35,TRUE
image,високий,33,FALSE,35,TRUE
image,високість,34,FALSE,35,TRUE
image,висота,33,FALSE,35,TRUE
image,виставка,35,FALSE,35,FALSE
image,виступ,34,FALSE,35,TRUE
image,висячий,35,FALSE,35,FALSE
image,витрачати,36,FALSE,35,FALSE
image,вихід,33,FALSE,35,TRUE
image,вказувати,35,FALSE,35,FALSE
image,влада,33,FALSE,35,TRUE
image,власник,34,FALSE,35,TRUE
image,внизу,35,FALSE,35,FALSE
image,внутрішній,32,FALSE,35,TRUE
image,вовк,35,FALSE,35,FALSE
image,водити,33,FALSE,35,TRUE
image,водневий,36,FALSE,35,FALSE
image,водій,33,FALSE,35,TRUE
image,волонтер,33,FALSE,35,TRUE
image,волосся,35,FALSE,35,FALSE
image,ворог,34,FALSE,35,TRUE
image,ворота,36,FALSE,35,FALSE
image,воїн,13,TRUE,35,TRUE
image,вплив,36,FALSE,35,FALSE
image,вправа,34,FALSE,35,TRUE
image,вражати,35,FALSE,35,FALSE
image,вражаючий,32,FALSE,35,TRUE
image,враження,33,FALSE,35,TRUE
image,всередині,36,FALSE,35,FALSE
image,всесвіт,32,FALSE,35,TRUE
image,вставляти,33,FALSE,35,TRUE
image,втеча,32,FALSE,35,TRUE
image,втомлений,44,TRUE,35,FALSE
image,вторгнення,35,FALSE,35,FALSE
image,вторинний,36,FALSE,35,FALSE
image,втікач,34,FALSE,35,TRUE
image,вугілля,45,TRUE,35,FALSE
image,вузький,32,FALSE,35,TRUE
image,вулиця,33,FALSE,35,TRUE
image,вухо,32,FALSE,35,TRUE
image,вчений,33,FALSE,35,TRUE
image,вчора,33,FALSE,35,TRUE
image,вівторок,35,FALSE,35,FALSE
image,від'їзд,33,FALSE,35,TRUE
image,відбиток,32,FALSE,35,TRUE
image,відбиток пальця,33,FALSE,35,TRUE
image,відданість,33,FALSE,35,TRUE
image,відділ,35,FALSE,35,FALSE
image,відеоролик,36,FALSE,35,FALSE
image,відкриття,33,FALSE,35,TRUE
image,відмовляти,35,FALSE,35,FALSE
image,відмовлятися,33,FALSE,35,TRUE
image,відмінний,33,FALSE,35,TRUE
image,відновлювати,43,TRUE,35,FALSE
image,відносини,34,FALSE,35,TRUE
image,відносний,35,FALSE,35,FALSE
image,відповідальність,36,FALSE,35,FALSE
image,відповідати,36,FALSE,35,FALSE
image,відставка,32,FALSE,35,TRUE
image,відстань,36,FALSE,35,FALSE
image,відсутність,13,TRUE,35,TRUE
image,відходи,33,FALSE,35,TRUE
image,відчинено,44,TRUE,35,FALSE
image,відчуття,35,FALSE,35,FALSE
image,відьма,34,FALSE,35,TRUE
image,війна,43,TRUE,35,FALSE
image,військовий,32,FALSE,35,TRUE
image,вікно,35,FALSE,35,FALSE
image,віл,31,FALSE,35,TRUE
image,вільний,35,FALSE,35,FALSE
image,вільно,35,FALSE,35,FALSE
image,віра,32,FALSE,35,TRUE
image,вірити,32,FALSE,35,TRUE
image,вірний,31,FALSE,35,TRUE
image,вірність,34,FALSE,35,TRUE
image,вірогідність,34,FALSE,35,TRUE
image,вірус,32,FALSE,35,TRUE
image,віскі,36,FALSE,35,FALSE
image,вітамін,32,FALSE,35,TRUE
image,вітати,36,FALSE,35,FALSE
image,вітер,35,FALSE,35,FALSE
image,вітрило,13,TRUE,35,TRUE
image,вічний,35,FALSE,35,FALSE
image,гавань,33,FALSE,35,TRUE
image,газ,33,FALSE,35,TRUE
image,газета,33,FALSE,35,TRUE
image,галактика,32,FALSE,35,TRUE
image,галерея,36,FALSE,35,FALSE
image,галузь,44,TRUE,35,FALSE
image,галюкування,35,FALSE,35,FALSE
image,гаманець,33,FALSE,35,TRUE
image,гамбургер,35,FALSE,35,FALSE
image,гараж,33,FALSE,35,TRUE
image,гаразд,31,FALSE,35,TRUE
image,гарантія,34,FALSE,35,TRUE
image,гармонія,34,FALSE,35,TRUE
image,гарний,34,FALSE,35,TRUE
image,гарячий,34,FALSE,35,TRUE
image,гвинтівка,34,FALSE,35,TRUE
image,гей,32,FALSE,35,TRUE
image,генератор,32,FALSE,35,TRUE
image,геніальний,44,TRUE,35,FALSE
image,герой,33,FALSE,35,TRUE
image,героїн,34,FALSE,35,TRUE
image,глобальний,32,FALSE,35,TRUE
image,глухий,33,FALSE,35,TRUE
image,гнів,32,FALSE,35,TRUE
image,гніздо,32,FALSE,35,TRUE
image,годувати,35,FALSE,35,FALSE
image,голий,35,FALSE,35,FALSE
image,голка,34,FALSE,35,TRUE
image,голод,33,FALSE,35,TRUE
image,голодний,33,FALSE,35,TRUE
image,голос,32,FALSE,35,TRUE
image,голосувати,32,FALSE,35,TRUE
image,гольф,35,FALSE,35,FALSE
image,гонка,34,FALSE,35,TRUE
image,гора,35,FALSE,35,FALSE
image,гордий,33,FALSE,35,TRUE
image,гордість,36,FALSE,35,FALSE
image,горила,32,FALSE,35,TRUE
image,горло,35,FALSE,35,FALSE
image,гормон,36,FALSE,35,FALSE
image,горілка,34,FALSE,35,TRUE
image,господиня,34,FALSE,35,TRUE
image,гостинність,33,FALSE,35,TRUE
image,готель,34,FALSE,35,TRUE
image,готовий,35,FALSE,35,FALSE
image,готувати,34,FALSE,35,TRUE
image,готівка,34,FALSE,35,TRUE
image,гра,37,FALSE,35,FALSE
image,грабувати,32,FALSE,35,TRUE
image,гравець,31,FALSE,35,TRUE
image,гральний,32,FALSE,35,TRUE
image,гран,35,FALSE,35,FALSE
image,грати,35,FALSE,35,FALSE
image,графиня,14,TRUE,35,TRUE
image,грецький,31,FALSE,35,TRUE
image,грип,32,FALSE,35,TRUE
image,гроші,34,FALSE,35,TRUE
image,грудень,37,FALSE,35,FALSE
image,груди,36,FALSE,35,FALSE
image,група,31,FALSE,35,TRUE
image,грім,35,FALSE,35,FALSE
image,гріх,33,FALSE,35,TRUE
image,губа,33,FALSE,35,TRUE
image,губернатор,33,FALSE,35,TRUE
image,гусак,33,FALSE,35,TRUE
image,гідний,33,FALSE,35,TRUE
image,гідність,34,FALSE,35,TRUE
image,гітара,35,FALSE,35,FALSE
image,давати,33,FALSE,35,TRUE
image,далеко,36,FALSE,35,FALSE
image,дані,35,FALSE,35,FALSE
image,дар,33,FALSE,35,TRUE
image,датчик,35,FALSE,35,FALSE
image,два,33,FALSE,35,TRUE
image,двері,32,FALSE,35,TRUE
image,двигун,32,FALSE,35,TRUE
image,двійник,34,FALSE,35,TRUE
image,декан,33,FALSE,35,TRUE
image,делікатний,33,FALSE,35,TRUE
image,демократія,36,FALSE,35,FALSE
image,демонстрація,36,FALSE,35,FALSE
image,депресія,33,FALSE,35,TRUE
image,дерева,32,FALSE,35,TRUE
image,держава,34,FALSE,35,TRUE
image,десерт,35,FALSE,35,FALSE
image,десь,13,TRUE,35,TRUE
image,десятиліття,36,FALSE,35,FALSE
image,детектив,31,FALSE,35,TRUE
image,детермінація,32,FALSE,35,TRUE
image,детонатор,33,FALSE,35,TRUE
image,дешевий,33,FALSE,35,TRUE
image,деінде,35,FALSE,35,FALSE
image,джаз,35,FALSE,35,FALSE
image,джерело,34,FALSE,35,TRUE
image,джип,32,FALSE,35,TRUE
image,джульєтта,34,FALSE,35,TRUE
image,джунглі,33,FALSE,35,TRUE
image,дзеркало,33,FALSE,35,TRUE
image,диван,32,FALSE,35,TRUE
image,дивитися,34,FALSE,35,TRUE
image,дивний,34,FALSE,35,TRUE
image,дивовижний,35,FALSE,35,FALSE
image,дим,35,FALSE,35,FALSE
image,динаміт,34,FALSE,35,TRUE
image,династія,32,FALSE,35,TRUE
image,диплом,33,FALSE,35,TRUE
image,директор,35,FALSE,35,FALSE
image,дитина,32,FALSE,35,TRUE
image,дитинство,35,FALSE,35,FALSE
image,диявол,33,FALSE,35,TRUE
image,дна,36,FALSE,35,FALSE
image,дно,35,FALSE,35,FALSE
image,до побачення,31,FALSE,35,TRUE
image,добрий,13,TRUE,35,TRUE
image,добровільно,33,FALSE,35,TRUE
image,довго,34,FALSE,35,TRUE
image,довжина,34,FALSE,35,TRUE
image,довідка,35,FALSE,35,FALSE
image,довіра,45,TRUE,35,FALSE
image,договір,33,FALSE,35,TRUE
image,додатковий,36,FALSE,35,FALSE
image,доза,33,FALSE,35,TRUE
image,дозволяти,33,FALSE,35,TRUE
image,дозволяє,13,TRUE,35,TRUE
image,дозвіл,33,FALSE,35,TRUE
image,доказ,34,FALSE,35,TRUE
image,докази,13,TRUE,35,TRUE
image,доктор,33,FALSE,35,TRUE
image,документ,33,FALSE,35,TRUE
image,долар,33,FALSE,35,TRUE
image,долина,33,FALSE,35,TRUE
image,доля,33,FALSE,35,TRUE
image,доповідь,34,FALSE,35,TRUE
image,допомагати,33,FALSE,35,TRUE
image,допомога,31,FALSE,35,TRUE
image,дорога,32,FALSE,35,TRUE
image,дорогий,34,FALSE,35,TRUE
image,дорослий,35,FALSE,35,FALSE
image,доріжка,34,FALSE,35,TRUE
image,досвід,34,FALSE,35,TRUE
image,досить,33,FALSE,35,TRUE
image,досконалий,35,FALSE,35,FALSE
image,дослідження,35,FALSE,35,FALSE
image,дослідник,13,TRUE,35,TRUE
image,достатньо,35,FALSE,35,FALSE
image,досягати успіху,35,FALSE,35,FALSE
image,дотепний,33,FALSE,35,TRUE
image,дотепність,31,FALSE,35,TRUE
image,дохід,34,FALSE,35,TRUE
image,дочка,35,FALSE,35,FALSE
image,дощ,32,FALSE,35,TRUE
image,дракон,35,FALSE,35,FALSE
image,драма,13,TRUE,35,TRUE
image,драматичний,33,FALSE,35,TRUE
image,друг,36,FALSE,35,FALSE
image,другий,35,FALSE,35,FALSE
image,дружба,33,FALSE,35,TRUE
image,дружина,31,FALSE,35,TRUE
image,дружній,33,FALSE,35,TRUE
image,дряпати,33,FALSE,35,TRUE
image,дрібний,31,FALSE,35,TRUE
image,дрімати,31,FALSE,35,TRUE
image,дріт,36,FALSE,35,FALSE
image,дуже,35,FALSE,35,FALSE
image,думати,34,FALSE,35,TRUE
image,думка,13,TRUE,35,TRUE
image,дурень,34,FALSE,35,TRUE
image,дурний,33,FALSE,35,TRUE
image,дурість,31,FALSE,35,TRUE
image,дух,33,FALSE,35,TRUE
image,духовка,31,FALSE,35,TRUE
image,душ,33,FALSE,35,TRUE
image,душа,33,FALSE,35,TRUE
image,дядько,36,FALSE,35,FALSE
image,діарея,36,FALSE,35,FALSE
image,дівчата,35,FALSE,35,FALSE
image,дівчина,34,FALSE,35,TRUE
image,дідусь,35,FALSE,35,FALSE
image,діяльність,34,FALSE,35,TRUE
image,еволюція,32,FALSE,35,TRUE
image,егоїстичний,36,FALSE,35,FALSE
image,екран,32,FALSE,35,TRUE
image,експеримент,35,FALSE,35,FALSE
image,експерт,33,FALSE,35,TRUE
image,екіпаж,35,FALSE,35,FALSE
image,елегантний,36,FALSE,35,FALSE
image,електрика,33,FALSE,35,TRUE
image,електричний,31,FALSE,35,TRUE
image,елемент,34,FALSE,35,TRUE
image,емоційний,36,FALSE,35,FALSE
image,енергія,35,FALSE,35,FALSE
image,ентузіазм,32,FALSE,35,TRUE
image,епідемія,35,FALSE,35,FALSE
image,епізод,35,FALSE,35,FALSE
image,ескорт,35,FALSE,35,FALSE
image,ефект,34,FALSE,35,TRUE
image,ефективний,31,FALSE,35,TRUE
image,жаба,32,FALSE,35,TRUE
image,жалкий,45,TRUE,35,FALSE
image,жалюгідний,35,FALSE,35,FALSE
image,жарт,35,FALSE,35,FALSE
image,жах,33,FALSE,35,TRUE
image,жахливий,14,TRUE,35,TRUE
image,жертва,44,TRUE,35,FALSE
image,жест,34,FALSE,35,TRUE
image,живий,35,FALSE,35,FALSE
image,живопис,31,FALSE,35,TRUE
image,жити,32,FALSE,35,TRUE
image,жовтень,32,FALSE,35,TRUE
image,жовтий,34,FALSE,35,TRUE
image,жорсткий,31,FALSE,35,TRUE
image,жорстокий,33,FALSE,35,TRUE
image,жорстокість,36,FALSE,35,FALSE
image,жувати,33,FALSE,35,TRUE
image,журнал,13,TRUE,35,TRUE
image,журналіст,32,FALSE,35,TRUE
image,журналістика,34,FALSE,35,TRUE
image,жінка,13,TRUE,35,TRUE
image,жіночий,35,FALSE,35,FALSE
image,з,35,FALSE,35,FALSE
image,забавний,32,FALSE,35,TRUE
image,заборонений,35,FALSE,35,FALSE
image,забороняти,33,FALSE,35,TRUE
image,забруднення,34,FALSE,35,TRUE
image,забути,33,FALSE,35,TRUE
image,заважати,34,FALSE,35,TRUE
image,завантажувати,32,FALSE,35,TRUE
image,завдання,31,FALSE,35,TRUE
image,завжди,32,FALSE,35,TRUE
image,завиток,43,TRUE,35,FALSE
image,завод,35,FALSE,35,FALSE
image,завтра,36,FALSE,35,FALSE
image,загалом,36,FALSE,35,FALSE
image,загальний,35,FALSE,35,FALSE
image,заголовок,31,FALSE,35,TRUE
image,загоюватися,36,FALSE,35,FALSE
image,задоволений,34,FALSE,35,TRUE
image,задоволення,35,FALSE,35,FALSE
image,зазвичай,34,FALSE,35,TRUE
image,закон,34,FALSE,35,TRUE
image,законний,36,FALSE,35,FALSE
image,закриття,33,FALSE,35,TRUE
image,закуска,35,FALSE,35,FALSE
image,закінчити,34,FALSE,35,TRUE
image,залишати,34,FALSE,35,TRUE
image,залучати,32,FALSE,35,TRUE
image,залізо,32,FALSE,35,TRUE
image,замикання,32,FALSE,35,TRUE
image,замкнений,44,TRUE,35,FALSE
image,замку,34,FALSE,35,TRUE
image,замок,36,FALSE,35,FALSE
image,заморожувати,34,FALSE,35,TRUE
image,замінити,33,FALSE,35,TRUE
image,замінник,32,FALSE,35,TRUE
image,занепокоєння,33,FALSE,35,TRUE
image,занурений,33,FALSE,35,TRUE
image,запам'ятати,34,FALSE,35,TRUE
image,запах,31,FALSE,35,TRUE
image,записування,34,FALSE,35,TRUE
image,запит,34,FALSE,35,TRUE
image,запитання,44,TRUE,35,FALSE
image,запитувати,34,FALSE,35,TRUE
image,заповідник,35,FALSE,35,FALSE
image,запустити,31,FALSE,35,TRUE
image,зараз,34,FALSE,35,TRUE
image,зарозумілість,35,FALSE,35,FALSE
image,зарплата,31,FALSE,35,TRUE
image,заручення,36,FALSE,35,FALSE
image,заручниця,36,FALSE,35,FALSE
image,заслуговувати,44,TRUE,35,FALSE
image,застосовувати,35,FALSE,35,FALSE
image,затвердження,35,FALSE,35,FALSE
image,затверджувати,32,FALSE,35,TRUE
image,зателефонувати,31,FALSE,35,TRUE
image,затока,36,FALSE,35,FALSE
image,захворювання,35,FALSE,35,FALSE
image,захищати,13,TRUE,35,TRUE
image,захоплюватися,33,FALSE,35,TRUE
image,захоплюючий,33,FALSE,35,TRUE
image,захід сонця,32,FALSE,35,TRUE
image,західний,34,FALSE,35,TRUE
image,зачинено,35,FALSE,35,FALSE
image,заява,34,FALSE,35,TRUE
image,зберігати,34,FALSE,35,TRUE
image,збирати,31,FALSE,35,TRUE
image,зброю,32,FALSE,35,TRUE
image,зброя,34,FALSE,35,TRUE
image,збуджений,36,FALSE,35,FALSE
image,збільшити,35,FALSE,35,FALSE
image,звичайний,33,FALSE,35,TRUE
image,звук,13,TRUE,35,TRUE
image,звільнення,33,FALSE,35,TRUE
image,звір,36,FALSE,35,FALSE
image,здатність,32,FALSE,35,TRUE
image,здобич,35,FALSE,35,FALSE
image,здоров'я,31,FALSE,35,TRUE
image,здоровий,34,FALSE,35,TRUE
image,здравствуйте,36,FALSE,35,FALSE
image,зелений,13,TRUE,35,TRUE
image,землетрус,33,FALSE,35,TRUE
image,земля,33,FALSE,35,TRUE
image,зерно,33,FALSE,35,TRUE
image,ззаду,36,FALSE,35,FALSE
image,зима,31,FALSE,35,TRUE
image,зйомка,13,TRUE,35,TRUE
image,злий,36,FALSE,35,FALSE
image,зло,35,FALSE,35,FALSE
image,зловмисник,35,FALSE,35,FALSE
image,злодій,33,FALSE,35,TRUE
image,злочинність,33,FALSE,35,TRUE
image,змагання,31,FALSE,35,TRUE
image,зміна,33,FALSE,35,TRUE
image,зміст,35,FALSE,35,FALSE
image,змія,36,FALSE,35,FALSE
image,знав,36,FALSE,35,FALSE
image,знак,32,FALSE,35,TRUE
image,знаменитий,34,FALSE,35,TRUE
image,знаменитість,33,FALSE,35,TRUE
image,знання,32,FALSE,35,TRUE
image,знаряддя,44,TRUE,35,FALSE
image,знаходження,14,TRUE,35,TRUE
image,значок,33,FALSE,35,TRUE
image,зникнення,34,FALSE,35,TRUE
image,зовнішній,32,FALSE,35,TRUE
image,зола,33,FALSE,35,TRUE
image,золотий,32,FALSE,35,TRUE
image,зомбі,33,FALSE,35,TRUE
image,зона,35,FALSE,35,FALSE
image,зонд,13,TRUE,35,TRUE
image,зоопарк,32,FALSE,35,TRUE
image,зосереджувати,33,FALSE,35,TRUE
image,зрадник,31,FALSE,35,TRUE
image,зрештою,32,FALSE,35,TRUE
image,зрозуміти,32,FALSE,35,TRUE
image,зручний,36,FALSE,35,FALSE
image,зрідка,36,FALSE,35,FALSE
image,зубний,35,FALSE,35,FALSE
image,зустріч,32,FALSE,35,TRUE
image,зустрічатися,35,FALSE,35,FALSE
image,зізнатися,35,FALSE,35,FALSE
image,зірка,32,FALSE,35,TRUE
image,ймовірно,33,FALSE,35,TRUE
image,йога,44,TRUE,35,FALSE
image,йти,32,FALSE,35,TRUE
image,кабель,32,FALSE,35,TRUE
image,кабіна,33,FALSE,35,TRUE
image,кабінет,32,FALSE,35,TRUE
image,кава,33,FALSE,35,TRUE
image,кавалерія,33,FALSE,35,TRUE
image,календар,35,FALSE,35,FALSE
image,калібр,33,FALSE,35,TRUE
image,камеру,35,FALSE,35,FALSE
image,кампанія,33,FALSE,35,TRUE
image,камінь,32,FALSE,35,TRUE
image,канал,34,FALSE,35,TRUE
image,кандидат,34,FALSE,35,TRUE
image,канцлер,32,FALSE,35,TRUE
image,капелюх,33,FALSE,35,TRUE
image,каплиця,13,TRUE,35,TRUE
image,капсула,45,TRUE,35,FALSE
image,капітал,33,FALSE,35,TRUE
image,капіталізм,34,FALSE,35,TRUE
image,капітан,33,FALSE,35,TRUE
image,кар'єра,33,FALSE,35,TRUE
image,карати,34,FALSE,35,TRUE
image,кардинал,35,FALSE,35,FALSE
image,карнавал,34,FALSE,35,TRUE
image,карта,35,FALSE,35,FALSE
image,картель,33,FALSE,35,TRUE
image,картина,35,FALSE,35,FALSE
image,картопля,13,TRUE,35,TRUE
image,католицький,33,FALSE,35,TRUE
image,катування,33,FALSE,35,TRUE
image,кафедра,35,FALSE,35,FALSE
image,качка,33,FALSE,35,TRUE
image,кашель,33,FALSE,35,TRUE
image,квартал,35,FALSE,35,FALSE
image,квартира,35,FALSE,35,FALSE
image,квиток,34,FALSE,35,TRUE
image,квітка,34,FALSE,35,TRUE
image,кемпінг,35,FALSE,35,FALSE
image,керівник,32,FALSE,35,TRUE
image,кесар,33,FALSE,35,TRUE
image,кетчуп,34,FALSE,35,TRUE
image,килимок,36,FALSE,35,FALSE
image,кисень,35,FALSE,35,FALSE
image,кишеня,34,FALSE,35,TRUE
image,клан,33,FALSE,35,TRUE
image,клапан,35,FALSE,35,FALSE
image,клас,34,FALSE,35,TRUE
image,класичний,33,FALSE,35,TRUE
image,клуб,32,FALSE,35,TRUE
image,ключ,44,TRUE,35,FALSE
image,клятва,31,FALSE,35,TRUE
image,клініка,35,FALSE,35,FALSE
image,клітина,35,FALSE,35,FALSE
image,клієнт,33,FALSE,35,TRUE
image,кмітливий,34,FALSE,35,TRUE
image,книга,34,FALSE,35,TRUE
image,кнопок,34,FALSE,35,TRUE
image,князь,33,FALSE,35,TRUE
image,ковбойський,34,FALSE,35,TRUE
image,ковдра,35,FALSE,35,FALSE
image,ковток,32,FALSE,35,TRUE
image,кодекс,35,FALSE,35,FALSE
image,кокаїн,35,FALSE,35,FALSE
image,кола,35,FALSE,35,FALSE
image,колега,36,FALSE,35,FALSE
image,коледж,35,FALSE,35,FALSE
image,колекціонувати,36,FALSE,35,FALSE
image,коли-небудь,35,FALSE,35,FALSE
image,колонія,34,FALSE,35,TRUE
image,коліна,13,TRUE,35,TRUE
image,команда,32,FALSE,35,TRUE
image,командування,14,TRUE,35,TRUE
image,командувач,45,TRUE,35,FALSE
image,комаха,36,FALSE,35,FALSE
image,комедія,13,TRUE,35,TRUE
image,коментар,34,FALSE,35,TRUE
image,комерційний,35,FALSE,35,FALSE
image,комп'ютер,34,FALSE,35,TRUE
image,компанія,34,FALSE,35,TRUE
image,компас,32,FALSE,35,TRUE
image,комплімент,32,FALSE,35,TRUE
image,комуніст,33,FALSE,35,TRUE
image,комісар,33,FALSE,35,TRUE
image,комісія,33,FALSE,35,TRUE
image,комітет,33,FALSE,35,TRUE
image,конверт,33,FALSE,35,TRUE
image,конкуренція,33,FALSE,35,TRUE
image,консервативний,13,TRUE,35,TRUE
image,конституція,36,FALSE,35,FALSE
image,консультація,32,FALSE,35,TRUE
image,консультувати,36,FALSE,35,FALSE
image,контакт,34,FALSE,35,TRUE
image,контроль,34,FALSE,35,TRUE
image,конференція,33,FALSE,35,TRUE
image,конфлікт,35,FALSE,35,FALSE
image,конфіденційність,36,FALSE,35,FALSE
image,концентрат,35,FALSE,35,FALSE
image,концепція,13,TRUE,35,TRUE
image,концерт,33,FALSE,35,TRUE
image,коньяк,35,FALSE,35,FALSE
image,копати,33,FALSE,35,TRUE
image,копіювати,33,FALSE,35,TRUE
image,корабель,37,FALSE,35,FALSE
image,корисний,33,FALSE,35,TRUE
image,кориця,33,FALSE,35,TRUE
image,коричневий,35,FALSE,35,FALSE
image,коробка,37,FALSE,35,FALSE
image,корова,35,FALSE,35,FALSE
image,королева,33,FALSE,35,TRUE
image,короля,32,FALSE,35,TRUE
image,королівство,34,FALSE,35,TRUE
image,королівський,33,FALSE,35,TRUE
image,корона,33,FALSE,35,TRUE
image,короткий,43,TRUE,35,FALSE
image,корпорація,35,FALSE,35,FALSE
image,космонавт,35,FALSE,35,FALSE
image,коханець,32,FALSE,35,TRUE
image,кошик,35,FALSE,35,FALSE
image,кошмар,33,FALSE,35,TRUE
image,коштовність,34,FALSE,35,TRUE
image,краватка,33,FALSE,35,TRUE
image,крадіжка,37,FALSE,35,FALSE
image,крамниця,32,FALSE,35,TRUE
image,краса,34,FALSE,35,TRUE
image,красти,32,FALSE,35,TRUE
image,країна,32,FALSE,35,TRUE
image,кредит,31,FALSE,35,TRUE
image,крем,33,FALSE,35,TRUE
image,криза,33,FALSE,35,TRUE
image,кримінальний,35,FALSE,35,FALSE
image,критичний,34,FALSE,35,TRUE
image,кришка,36,FALSE,35,FALSE
image,кров,32,FALSE,35,TRUE
image,кролик,36,FALSE,35,FALSE
image,круглий,35,FALSE,35,FALSE
image,крутити,32,FALSE,35,TRUE
image,кузен,31,FALSE,35,TRUE
image,культура,32,FALSE,35,TRUE
image,куля,34,FALSE,35,TRUE
image,купувати,36,FALSE,35,FALSE
image,куртка,14,TRUE,35,TRUE
image,курятина,33,FALSE,35,TRUE
image,кут,36,FALSE,35,FALSE
image,кущ,32,FALSE,35,TRUE
image,кілограм,45,TRUE,35,FALSE
image,кілометр,13,TRUE,35,TRUE
image,кількість,34,FALSE,35,TRUE
image,кільце,33,FALSE,35,TRUE
image,кімната,32,FALSE,35,TRUE
image,кінець,44,TRUE,35,FALSE
image,кінотеатр,13,TRUE,35,TRUE
image,кінь,36,FALSE,35,FALSE
image,кістка,31,FALSE,35,TRUE
image,кішка,37,FALSE,35,FALSE
image,лазанья,13,TRUE,35,TRUE
image,лампа,14,TRUE,35,TRUE
image,ланцюг,33,FALSE,35,TRUE
image,лев,33,FALSE,35,TRUE
image,легенда,32,FALSE,35,TRUE
image,легкий,35,FALSE,35,FALSE
image,легіон,34,FALSE,35,TRUE
image,леді,31,FALSE,35,TRUE
image,лежати,35,FALSE,35,FALSE
image,лейтенант,33,FALSE,35,TRUE
image,лекція,33,FALSE,35,TRUE
image,лесбійський,44,TRUE,35,FALSE
image,лестити,14,TRUE,35,TRUE
image,лизати,33,FALSE,35,TRUE
image,лимонад,13,TRUE,35,TRUE
image,липень,33,FALSE,35,TRUE
image,лисиця,35,FALSE,35,FALSE
image,листопад,36,FALSE,35,FALSE
image,лихоманка,33,FALSE,35,TRUE
image,лобстер,35,FALSE,35,FALSE
image,ложка,34,FALSE,35,TRUE
image,лопатись,32,FALSE,35,TRUE
image,лорд,13,TRUE,35,TRUE
image,лояльний,34,FALSE,35,TRUE
image,лояльність,31,FALSE,35,TRUE
image,любов,32,FALSE,35,TRUE
image,люди,35,FALSE,35,FALSE
image,людина,13,TRUE,35,TRUE
image,людський,33,FALSE,35,TRUE
image,лють,34,FALSE,35,TRUE
image,лякати,33,FALSE,35,TRUE
image,лялька,44,TRUE,35,FALSE
image,ліберальний,35,FALSE,35,FALSE
image,ліворуч,34,FALSE,35,TRUE
image,ліга,34,FALSE,35,TRUE
image,лідер,32,FALSE,35,TRUE
image,ліжка,33,FALSE,35,TRUE
image,лікарня,13,TRUE,35,TRUE
image,ліки,34,FALSE,35,TRUE
image,лікування,35,FALSE,35,FALSE
image,лімузин,32,FALSE,35,TRUE
image,лін,34,FALSE,35,TRUE
image,ліс,34,FALSE,35,TRUE
image,літати,32,FALSE,35,TRUE
image,література,32,FALSE,35,TRUE
image,літній,35,FALSE,35,FALSE
image,м'яз,33,FALSE,35,TRUE
image,м'який,31,FALSE,35,TRUE
image,м'ясо,35,FALSE,35,FALSE
image,мабуть,35,FALSE,35,FALSE
image,мавпа,36,FALSE,35,FALSE
image,магазин,32,FALSE,35,TRUE
image,магнітний,33,FALSE,35,TRUE
image,магія,35,FALSE,35,FALSE
image,майбутнє,13,TRUE,35,TRUE
image,майно,33,FALSE,35,TRUE
image,майонез,32,FALSE,35,TRUE
image,максимальний,35,FALSE,35,FALSE
image,малий,32,FALSE,35,TRUE
image,мало,33,FALSE,35,TRUE
image,малювати,33,FALSE,35,TRUE
image,маля,36,FALSE,35,FALSE
image,мама,36,FALSE,35,FALSE
image,маніпулювати,13,TRUE,35,TRUE
image,марафон,34,FALSE,35,TRUE
image,марка,35,FALSE,35,FALSE
image,маркетинг,34,FALSE,35,TRUE
image,марний,33,FALSE,35,TRUE
image,марс,36,FALSE,35,FALSE
image,маршрут,36,FALSE,35,FALSE
image,масаж,34,FALSE,35,TRUE
image,масло,34,FALSE,35,TRUE
image,математика,35,FALSE,35,FALSE
image,матерія,36,FALSE,35,FALSE
image,матрос,14,TRUE,35,TRUE
image,матч,36,FALSE,35,FALSE
image,мафія,13,TRUE,35,TRUE
image,машина,13,TRUE,35,TRUE
image,мед,34,FALSE,35,TRUE
image,медаль,33,FALSE,35,TRUE
image,медальйон,33,FALSE,35,TRUE
image,медичний,34,FALSE,35,TRUE
image,менеджмент,33,FALSE,35,TRUE
image,мера,31,FALSE,35,TRUE
image,мережа,14,TRUE,35,TRUE
image,мертвий,33,FALSE,35,TRUE
image,металевий,33,FALSE,35,TRUE
image,метелик,33,FALSE,35,TRUE
image,метод,33,FALSE,35,TRUE
image,метр,33,FALSE,35,TRUE
image,механічний,32,FALSE,35,TRUE
image,меч,13,TRUE,35,TRUE
image,милий,35,FALSE,35,FALSE
image,милосердя,32,FALSE,35,TRUE
image,миля,31,FALSE,35,TRUE
image,минуле,34,FALSE,35,TRUE
image,мистецтво,35,FALSE,35,FALSE
image,мити,32,FALSE,35,TRUE
image,миша,35,FALSE,35,FALSE
image,мовчазний,33,FALSE,35,TRUE
image,мовчання,35,FALSE,35,FALSE
image,могила,34,FALSE,35,TRUE
image,модель,35,FALSE,35,FALSE
image,модний,35,FALSE,35,FALSE
image,може бути,33,FALSE,35,TRUE
image,можливість,35,FALSE,35,FALSE
image,мозок,31,FALSE,35,TRUE
image,мокрий,35,FALSE,35,FALSE
image,молодий,31,FALSE,35,TRUE
image,молодший,33,FALSE,35,TRUE
image,молодь,35,FALSE,35,FALSE
image,молоток,33,FALSE,35,TRUE
image,молочний,13,TRUE,35,TRUE
image,монастир,32,FALSE,35,TRUE
image,монах,13,TRUE,35,TRUE
image,монстр,13,TRUE,35,TRUE
image,монтаж,31,FALSE,35,TRUE
image,монітор,14,TRUE,35,TRUE
image,море,33,FALSE,35,TRUE
image,морський,32,FALSE,35,TRUE
image,морфін,35,FALSE,35,FALSE
image,мотель,33,FALSE,35,TRUE
image,мотив,33,FALSE,35,TRUE
image,моторошний,33,FALSE,35,TRUE
image,мотузка,34,FALSE,35,TRUE
image,мрія,32,FALSE,35,TRUE
image,мужність,36,FALSE,35,FALSE
image,музей,33,FALSE,35,TRUE
image,музика,33,FALSE,35,TRUE
image,музикант,33,FALSE,35,TRUE
image,мурашка,36,FALSE,35,FALSE
image,мутація,33,FALSE,35,TRUE
image,мучити,45,TRUE,35,FALSE
image,міжнародний,36,FALSE,35,FALSE
image,мікроскоп,33,FALSE,35,TRUE
image,мікрофон,13,TRUE,35,TRUE
image,мільйон,32,FALSE,35,TRUE
image,мільйонер,34,FALSE,35,TRUE
image,мільярд,33,FALSE,35,TRUE
image,мін,32,FALSE,35,TRUE
image,мінус,35,FALSE,35,FALSE
image,мінімальний,34,FALSE,35,TRUE
image,міністерство,31,FALSE,35,TRUE
image,міністр,32,FALSE,35,TRUE
image,міст,34,FALSE,35,TRUE
image,містити,32,FALSE,35,TRUE
image,місто,35,FALSE,35,FALSE
image,місце,33,FALSE,35,TRUE
image,місцевий,34,FALSE,35,TRUE
image,місяць,36,FALSE,35,FALSE
image,місячний,31,FALSE,35,TRUE
image,місія,35,FALSE,35,FALSE
image,міф,32,FALSE,35,TRUE
image,міцний,44,TRUE,35,FALSE
image,міцно,32,FALSE,35,TRUE
image,міць,34,FALSE,35,TRUE
image,мішок,33,FALSE,35,TRUE
image,навантаження,14,TRUE,35,TRUE
image,навколо,34,FALSE,35,TRUE
image,навмисно,34,FALSE,35,TRUE
image,навпаки,33,FALSE,35,TRUE
image,навчати,31,FALSE,35,TRUE
image,навчатися,35,FALSE,35,FALSE
image,навігація,34,FALSE,35,TRUE
image,нагорода,34,FALSE,35,TRUE
image,надавати,33,FALSE,35,TRUE
image,надзвичайний,33,FALSE,35,TRUE
image,надзвичайно,34,FALSE,35,TRUE
image,надихати,32,FALSE,35,TRUE
image,надприродливий,32,FALSE,35,TRUE
image,надсилати,33,FALSE,35,TRUE
image,надія,45,TRUE,35,FALSE
image,назавжди,33,FALSE,35,TRUE
image,назва,32,FALSE,35,TRUE
image,назовні,35,FALSE,35,FALSE
image,наймання,36,FALSE,35,FALSE
image,налякати,36,FALSE,35,FALSE
image,намисто,37,FALSE,35,FALSE
image,намір,33,FALSE,35,TRUE
image,написання,34,FALSE,35,TRUE
image,наречена,34,FALSE,35,TRUE
image,наречений,43,TRUE,35,FALSE
image,нарешті,36,FALSE,35,FALSE
image,народ,35,FALSE,35,FALSE
image,народження,34,FALSE,35,TRUE
image,населення,34,FALSE,35,TRUE
image,насос,31,FALSE,35,TRUE
image,насправді,35,FALSE,35,FALSE
image,натовп,13,TRUE,35,TRUE
image,натхнення,33,FALSE,35,TRUE
image,наука,33,FALSE,35,TRUE
image,національний,36,FALSE,35,FALSE
image,наємник,37,FALSE,35,FALSE
image,наївний,35,FALSE,35,FALSE
image,небезпека,33,FALSE,35,TRUE
image,небезпечний,36,FALSE,35,FALSE
image,небесний,32,FALSE,35,TRUE
image,небо,34,FALSE,35,TRUE
image,невдаха,14,TRUE,35,TRUE
image,невинний,13,TRUE,35,TRUE
image,невідомий,32,FALSE,35,TRUE
image,негативний,35,FALSE,35,FALSE
image,недооцінювати,34,FALSE,35,TRUE
image,неділя,33,FALSE,35,TRUE
image,незаконний,34,FALSE,35,TRUE
image,незвичайний,34,FALSE,35,TRUE
image,нездатний,33,FALSE,35,TRUE
image,нездатність,32,FALSE,35,TRUE
image,нездоровий,33,FALSE,35,TRUE
image,незнання,36,FALSE,35,FALSE
image,незручний,31,FALSE,35,TRUE
image,неможливий,34,FALSE,35,TRUE
image,ненависть,35,FALSE,35,FALSE
image,необхідний,35,FALSE,35,FALSE
image,неправедність,35,FALSE,35,FALSE
image,неправильний,31,FALSE,35,TRUE
image,неприємний,34,FALSE,35,TRUE
image,неприємність,35,FALSE,35,FALSE
image,нервовий,34,FALSE,35,TRUE
image,нерозумний,34,FALSE,35,TRUE
image,несподівано,33,FALSE,35,TRUE
image,несправедливість,35,FALSE,35,FALSE
image,нещасний,32,FALSE,35,TRUE
image,нещастя,35,FALSE,35,FALSE
image,нещодавно,33,FALSE,35,TRUE
image,нижній,36,FALSE,35,FALSE
image,низький,34,FALSE,35,TRUE
image,нирка,32,FALSE,35,TRUE
image,нова,31,FALSE,35,TRUE
image,новини,13,TRUE,35,TRUE
image,нормальний,13,TRUE,35,TRUE
image,нормально,33,FALSE,35,TRUE
image,нос,13,TRUE,35,TRUE
image,нудота,36,FALSE,35,FALSE
image,няня,31,FALSE,35,TRUE
image,ніж,32,FALSE,35,TRUE
image,ніжний,35,FALSE,35,FALSE
image,ніколи,13,TRUE,35,TRUE
image,нікчемний,35,FALSE,35,FALSE
image,ніндзя,33,FALSE,35,TRUE
image,ніч,34,FALSE,35,TRUE
image,ніщо,32,FALSE,35,TRUE
image,об'єкт,35,FALSE,35,FALSE
image,обвинувачення,36,FALSE,35,FALSE
image,обговорення,31,FALSE,35,TRUE
image,обирати,36,FALSE,35,FALSE
image,обладнання,35,FALSE,35,FALSE
image,обладнувати,35,FALSE,35,FALSE
image,обов'язок,34,FALSE,35,TRUE
image,ображати,34,FALSE,35,TRUE
image,образливість,33,FALSE,35,TRUE
image,обслуговування,35,FALSE,35,FALSE
image,обстеження,33,FALSE,35,TRUE
image,обід,34,FALSE,35,TRUE
image,обіймати,33,FALSE,35,TRUE
image,обіцянка,33,FALSE,35,TRUE
image,огидний,34,FALSE,35,TRUE
image,оголений,34,FALSE,35,TRUE
image,один,36,FALSE,35,FALSE
image,одиночний,32,FALSE,35,TRUE
image,одкровення,35,FALSE,35,FALSE
image,одружений,32,FALSE,35,TRUE
image,озеро,34,FALSE,35,TRUE
image,океан,13,TRUE,35,TRUE
image,око,33,FALSE,35,TRUE
image,округ,34,FALSE,35,TRUE
image,окуляри,44,TRUE,35,FALSE
image,оновити,14,TRUE,35,TRUE
image,онук,31,FALSE,35,TRUE
image,оперативний,31,FALSE,35,TRUE
image,опис,36,FALSE,35,FALSE
image,описувати,32,FALSE,35,TRUE
image,опонент,32,FALSE,35,TRUE
image,оптимістичний,33,FALSE,35,TRUE
image,опівдні,35,FALSE,35,FALSE
image,опівночі,35,FALSE,35,FALSE
image,опір,34,FALSE,35,TRUE
image,орбіта,33,FALSE,35,TRUE
image,оргазм,14,TRUE,35,TRUE
image,організувати,34,FALSE,35,TRUE
image,орендар,32,FALSE,35,TRUE
image,орендодавець,33,FALSE,35,TRUE
image,орендувати,32,FALSE,35,TRUE
image,оригінальний,34,FALSE,35,TRUE
image,оркестр,13,TRUE,35,TRUE
image,освіта,33,FALSE,35,TRUE
image,осел,34,FALSE,35,TRUE
image,особистий,36,FALSE,35,FALSE
image,особистість,36,FALSE,35,FALSE
image,особливий,32,FALSE,35,TRUE
image,остання,32,FALSE,35,TRUE
image,останній,32,FALSE,35,TRUE
image,остаточний,34,FALSE,35,TRUE
image,осінь,35,FALSE,35,FALSE
image,отворити,33,FALSE,35,TRUE
image,отрута,33,FALSE,35,TRUE
image,офіс,36,FALSE,35,FALSE
image,офіціант,32,FALSE,35,TRUE
image,офіціантка,32,FALSE,35,TRUE
image,офіційний,33,FALSE,35,TRUE
image,офіційно,32,FALSE,35,TRUE
image,охоронець,33,FALSE,35,TRUE
image,оцінка,35,FALSE,35,FALSE
image,оцінювати,33,FALSE,35,TRUE
image,очевидно,13,TRUE,35,TRUE
image,очікувати,31,FALSE,35,TRUE
image,п'яний,33,FALSE,35,TRUE
image,паб,34,FALSE,35,TRUE
image,павук,36,FALSE,35,FALSE
image,павутина,33,FALSE,35,TRUE
image,пагорб,34,FALSE,35,TRUE
image,падіння,33,FALSE,35,TRUE
image,пакет,33,FALSE,35,TRUE
image,палац,33,FALSE,35,TRUE
image,палець,33,FALSE,35,TRUE
image,паливо,31,FALSE,35,TRUE
image,палиця,34,FALSE,35,TRUE
image,палуба,13,TRUE,35,TRUE
image,пам'ятник,36,FALSE,35,FALSE
image,папа,34,FALSE,35,TRUE
image,папір,34,FALSE,35,TRUE
image,параграф,32,FALSE,35,TRUE
image,параметр,33,FALSE,35,TRUE
image,паранормальний,31,FALSE,35,TRUE
image,параноїдальний,34,FALSE,35,TRUE
image,паркан,36,FALSE,35,FALSE
image,парламент,36,FALSE,35,FALSE
image,пароль,31,FALSE,35,TRUE
image,партія,43,TRUE,35,FALSE
image,парфуми,34,FALSE,35,TRUE
image,пасажирський,33,FALSE,35,TRUE
image,паспорт,33,FALSE,35,TRUE
image,пастка,34,FALSE,35,TRUE
image,патруль,35,FALSE,35,FALSE
image,пацюк,13,TRUE,35,TRUE
image,пекло,34,FALSE,35,TRUE
image,пенсія,34,FALSE,35,TRUE
image,пеніс,35,FALSE,35,FALSE
image,первинний,32,FALSE,35,TRUE
image,перебування,34,FALSE,35,TRUE
image,перебільшувати,43,TRUE,35,FALSE
image,передавач,35,FALSE,35,FALSE
image,передача,32,FALSE,35,TRUE
image,перемога,32,FALSE,35,TRUE
image,переможець,36,FALSE,35,FALSE
image,перерва,31,FALSE,35,TRUE
image,переривати,35,FALSE,35,FALSE
image,переслідувати,35,FALSE,35,FALSE
image,перешкода,35,FALSE,35,FALSE
image,периметр,34,FALSE,35,TRUE
image,перспективний,32,FALSE,35,TRUE
image,період,32,FALSE,35,TRUE
image,печатка,35,FALSE,35,FALSE
image,печінка,32,FALSE,35,TRUE
image,пиво,33,FALSE,35,TRUE
image,пил,33,FALSE,35,TRUE
image,пильний,35,FALSE,35,FALSE
image,писати,32,FALSE,35,TRUE
image,письменник,33,FALSE,35,TRUE
image,пити,33,FALSE,35,TRUE
image,плавати,35,FALSE,35,FALSE
image,планета,34,FALSE,35,TRUE
image,планування,31,FALSE,35,TRUE
image,планувати,35,FALSE,35,FALSE
image,пластик,33,FALSE,35,TRUE
image,платформа,32,FALSE,35,TRUE
image,плейбой,34,FALSE,35,TRUE
image,племінник,33,FALSE,35,TRUE
image,плече,32,FALSE,35,TRUE
image,площа,32,FALSE,35,TRUE
image,плюс,37,FALSE,35,FALSE
image,пляжний,32,FALSE,35,TRUE
image,пляшка,34,FALSE,35,TRUE
image,плітки,33,FALSE,35,TRUE
image,пов'язувати,33,FALSE,35,TRUE
image,повага,34,FALSE,35,TRUE
image,повертатися,32,FALSE,35,TRUE
image,поверхня,34,FALSE,35,TRUE
image,повний,33,FALSE,35,TRUE
image,повністю,35,FALSE,35,FALSE
image,поворот,36,FALSE,35,FALSE
image,повідомлення,36,FALSE,35,FALSE
image,повідомляти,33,FALSE,35,TRUE
image,повільний,36,FALSE,35,FALSE
image,повільно,33,FALSE,35,TRUE
image,повітря,33,FALSE,35,TRUE
image,поганий,14,TRUE,35,TRUE
image,погляд,34,FALSE,35,TRUE
image,пограбування,34,FALSE,35,TRUE
image,подвійний,36,FALSE,35,FALSE
image,подивитися,13,TRUE,35,TRUE
image,подяка,31,FALSE,35,TRUE
image,подія,35,FALSE,35,FALSE
image,поема,32,FALSE,35,TRUE
image,поет,35,FALSE,35,FALSE
image,пожежа,37,FALSE,35,FALSE
image,пожертвування,35,FALSE,35,FALSE
image,позбавлення волі,35,FALSE,35,FALSE
image,позитивний,36,FALSE,35,FALSE
image,позиція,34,FALSE,35,TRUE
image,показувати,35,FALSE,35,FALSE
image,покер,31,FALSE,35,TRUE
image,покладати,33,FALSE,35,TRUE
image,покоївка,33,FALSE,35,TRUE
image,покривати,36,FALSE,35,FALSE
image,покупець,35,FALSE,35,FALSE
image,поле бою,36,FALSE,35,FALSE
image,полк,34,FALSE,35,TRUE
image,полковник,33,FALSE,35,TRUE
image,половина,33,FALSE,35,TRUE
image,полум'я,33,FALSE,35,TRUE
image,полуниця,34,FALSE,35,TRUE
image,полювання,32,FALSE,35,TRUE
image,поліпшення,33,FALSE,35,TRUE
image,політ,33,FALSE,35,TRUE
image,політик,32,FALSE,35,TRUE
image,політика,31,FALSE,35,TRUE
image,політичний,14,TRUE,35,TRUE
image,помада,35,FALSE,35,FALSE
image,помаранчевий,13,TRUE,35,TRUE
image,померти,35,FALSE,35,FALSE
image,помилка,32,FALSE,35,TRUE
image,помилковий,33,FALSE,35,TRUE
image,помститися,34,FALSE,35,TRUE
image,помідор,33,FALSE,35,TRUE
image,помічник,33,FALSE,35,TRUE
image,понеділок,36,FALSE,35,FALSE
image,попит,32,FALSE,35,TRUE
image,попряма,36,FALSE,35,FALSE
image,популярний,44,TRUE,35,FALSE
image,поразка,32,FALSE,35,TRUE
image,порно,36,FALSE,35,FALSE
image,порожній,33,FALSE,35,TRUE
image,порох,34,FALSE,35,TRUE
image,портал,33,FALSE,35,TRUE
image,портфель,44,TRUE,35,FALSE
image,порядок,33,FALSE,35,TRUE
image,порятунок,35,FALSE,35,FALSE
image,посадка,34,FALSE,35,TRUE
image,посла,36,FALSE,35,FALSE
image,посольство,33,FALSE,35,TRUE
image,постріл,32,FALSE,35,TRUE
image,постійно,32,FALSE,35,TRUE
image,потворний,35,FALSE,35,FALSE
image,потенціал,34,FALSE,35,TRUE
image,потреба,35,FALSE,35,FALSE
image,потрійний,33,FALSE,35,TRUE
image,потужність,43,TRUE,35,FALSE
image,потяг,34,FALSE,35,TRUE
image,потік,14,TRUE,35,TRUE
image,похибка,33,FALSE,35,TRUE
image,поховати,13,TRUE,35,TRUE
image,похоронний,32,FALSE,35,TRUE
image,поцілунок,31,FALSE,35,TRUE
image,почути,31,FALSE,35,TRUE
image,пошта,35,FALSE,35,FALSE
image,пошук,33,FALSE,35,TRUE
image,пояснення,32,FALSE,35,TRUE
image,поєднання,36,FALSE,35,FALSE
image,правдоподібний,35,FALSE,35,FALSE
image,правий,33,FALSE,35,TRUE
image,правила,35,FALSE,35,FALSE
image,правильний,34,FALSE,35,TRUE
image,практика,33,FALSE,35,TRUE
image,практично,13,TRUE,35,TRUE
image,прапор,35,FALSE,35,FALSE
image,працювати,35,FALSE,35,FALSE
image,праця,31,FALSE,35,TRUE
image,предмет,34,FALSE,35,TRUE
image,президент,31,FALSE,35,TRUE
image,прес,32,FALSE,35,TRUE
image,престол,33,FALSE,35,TRUE
image,прибути,32,FALSE,35,TRUE
image,прибуток,35,FALSE,35,FALSE
image,прибуття,32,FALSE,35,TRUE
image,привабливий,35,FALSE,35,FALSE
image,приватний,32,FALSE,35,TRUE
image,привілей,34,FALSE,35,TRUE
image,привітати,36,FALSE,35,FALSE
image,приз,32,FALSE,35,TRUE
image,призначення,32,FALSE,35,TRUE
image,приймати,35,FALSE,35,FALSE
image,прийом,34,FALSE,35,TRUE
image,приклад,32,FALSE,35,TRUE
image,прилад,32,FALSE,35,TRUE
image,приманка,33,FALSE,35,TRUE
image,приносити,43,TRUE,35,FALSE
image,принцеса,44,TRUE,35,FALSE
image,припущення,36,FALSE,35,FALSE
image,природний,36,FALSE,35,FALSE
image,природно,34,FALSE,35,TRUE
image,пристойний,14,TRUE,35,TRUE
image,пристрасть,35,FALSE,35,FALSE
image,присутність,35,FALSE,35,FALSE
image,присягати,33,FALSE,35,TRUE
image,притулок,35,FALSE,35,FALSE
image,приходити,36,FALSE,35,FALSE
image,причина,35,FALSE,35,FALSE
image,причіп,35,FALSE,35,FALSE
image,приємний,36,FALSE,35,FALSE
image,про,32,FALSE,35,TRUE
image,проблема,13,TRUE,35,TRUE
image,провал,33,FALSE,35,TRUE
image,програма,35,FALSE,35,FALSE
image,програмне забезпечення,34,FALSE,35,TRUE
image,прогрес,33,FALSE,35,TRUE
image,прогулянка,31,FALSE,35,TRUE
image,продавати,35,FALSE,35,FALSE
image,продавець,33,FALSE,35,TRUE
image,продаж,31,FALSE,35,TRUE
image,продовжувати,34,FALSE,35,TRUE
image,продукт,33,FALSE,35,TRUE
image,продукти,32,FALSE,35,TRUE
image,продуктивність,31,FALSE,35,TRUE
image,проект,36,FALSE,35,FALSE
image,прокляття,43,TRUE,35,FALSE
image,проковтнути,35,FALSE,35,FALSE
image,прокурор,34,FALSE,35,TRUE
image,проповідь,33,FALSE,35,TRUE
image,пропозиція,33,FALSE,35,TRUE
image,пропонувати,35,FALSE,35,FALSE
image,проспект,32,FALSE,35,TRUE
image,простий,33,FALSE,35,TRUE
image,просто,35,FALSE,35,FALSE
image,протест,13,TRUE,35,TRUE
image,протокол,32,FALSE,35,TRUE
image,прототип,32,FALSE,35,TRUE
image,професор,33,FALSE,35,TRUE
image,професійний,34,FALSE,35,TRUE
image,профіль,33,FALSE,35,TRUE
image,прохолодний,34,FALSE,35,TRUE
image,процедура,34,FALSE,35,TRUE
image,процес,36,FALSE,35,FALSE
image,прощати,34,FALSE,35,TRUE
image,прощення,44,TRUE,35,FALSE
image,прямий,33,FALSE,35,TRUE
image,прізвище,34,FALSE,35,TRUE
image,псевдонім,34,FALSE,35,TRUE
image,психологічний,34,FALSE,35,TRUE
image,психологія,31,FALSE,35,TRUE
image,психічний,32,FALSE,35,TRUE
image,птах,32,FALSE,35,TRUE
image,пульс,33,FALSE,35,TRUE
image,пустеля,13,TRUE,35,TRUE
image,пухлина,34,FALSE,35,TRUE
image,піаніно,35,FALSE,35,FALSE
image,південний,35,FALSE,35,FALSE
image,північний,34,FALSE,35,TRUE
image,підводний човен,32,FALSE,35,TRUE
image,підготовка,34,FALSE,35,TRUE
image,підготувати,35,FALSE,35,FALSE
image,підйом,36,FALSE,35,FALSE
image,підключення,35,FALSE,35,FALSE
image,підлога,35,FALSE,35,FALSE
image,підлітковий,35,FALSE,35,FALSE
image,підліток,35,FALSE,35,FALSE
image,підозрювати,33,FALSE,35,TRUE
image,підпис,13,TRUE,35,TRUE
image,підприємець,32,FALSE,35,TRUE
image,підробка,36,FALSE,35,FALSE
image,підрозділ,31,FALSE,35,TRUE
image,підсумок,33,FALSE,35,TRUE
image,підтвердження,36,FALSE,35,FALSE
image,підтверджувати,34,FALSE,35,TRUE
image,підтримка,35,FALSE,35,FALSE
image,підтримувати,34,FALSE,35,TRUE
image,пізно,13,TRUE,35,TRUE
image,пікнік,34,FALSE,35,TRUE
image,пілот,33,FALSE,35,TRUE
image,пінг,35,FALSE,35,FALSE
image,піраміда,36,FALSE,35,FALSE
image,піратський,34,FALSE,35,TRUE
image,пісня,32,FALSE,35,TRUE
image,пісок,35,FALSE,35,FALSE
image,пістолет,33,FALSE,35,TRUE
image,піхва,37,FALSE,35,FALSE
image,піч,35,FALSE,35,FALSE
image,раб,35,FALSE,35,FALSE
image,равлик,35,FALSE,35,FALSE
image,радар,32,FALSE,35,TRUE
image,радіо,32,FALSE,35,TRUE
image,радість,34,FALSE,35,TRUE
image,радіус,44,TRUE,35,FALSE
image,рай,34,FALSE,35,TRUE
image,район,31,FALSE,35,TRUE
image,рак,33,FALSE,35,TRUE
image,ракета,33,FALSE,35,TRUE
image,ракетний,35,FALSE,35,FALSE
image,раковина,33,FALSE,35,TRUE
image,рана,35,FALSE,35,FALSE
image,рано,43,TRUE,35,FALSE
image,ранок,32,FALSE,35,TRUE
image,раноподібний,32,FALSE,35,TRUE
image,раптом,33,FALSE,35,TRUE
image,расист,44,TRUE,35,FALSE
image,рахувати,32,FALSE,35,TRUE
image,реагувати,35,FALSE,35,FALSE
image,реактор,35,FALSE,35,FALSE
image,реальний,34,FALSE,35,TRUE
image,реальність,35,FALSE,35,FALSE
image,реалістичний,37,FALSE,35,FALSE
image,ревнивий,34,FALSE,35,TRUE
image,регіональний,33,FALSE,35,TRUE
image,результат,31,FALSE,35,TRUE
image,реклама,32,FALSE,35,TRUE
image,рекомендувати,31,FALSE,35,TRUE
image,рекорд,34,FALSE,35,TRUE
image,релігія,33,FALSE,35,TRUE
image,ремонт,34,FALSE,35,TRUE
image,репортер,32,FALSE,35,TRUE
image,репутація,32,FALSE,35,TRUE
image,ресторан,35,FALSE,35,FALSE
image,речення,35,FALSE,35,FALSE
image,риба,35,FALSE,35,FALSE
image,риболовля,34,FALSE,35,TRUE
image,ризик,32,FALSE,35,TRUE
image,ризикований,33,FALSE,35,TRUE
image,рим,36,FALSE,35,FALSE
image,римський,36,FALSE,35,FALSE
image,ритм,35,FALSE,35,FALSE
image,ритуальний,34,FALSE,35,TRUE
image,робити,13,TRUE,35,TRUE
image,робот,46,TRUE,35,FALSE
image,робота,32,FALSE,35,TRUE
image,робітник,35,FALSE,35,FALSE
image,родео,13,TRUE,35,TRUE
image,родитель,34,FALSE,35,TRUE
image,розбити,35,FALSE,35,FALSE
image,розвал,35,FALSE,35,FALSE
image,розвиток,14,TRUE,35,TRUE
image,розглядати,34,FALSE,35,TRUE
image,розділ,35,FALSE,35,FALSE
image,розклад,32,FALSE,35,TRUE
image,розлучення,34,FALSE,35,TRUE
image,розмова,33,FALSE,35,TRUE
image,розмовляти,32,FALSE,35,TRUE
image,розмір,35,FALSE,35,FALSE
image,розповідати,35,FALSE,35,FALSE
image,розраховувати,31,FALSE,35,TRUE
image,розрив,32,FALSE,35,TRUE
image,розрізати,13,TRUE,35,TRUE
image,розслідувати,35,FALSE,35,FALSE
image,розташування,34,FALSE,35,TRUE
image,розтопити,33,FALSE,35,TRUE
image,розумний,34,FALSE,35,TRUE
image,розчарування,35,FALSE,35,FALSE
image,рок,35,FALSE,35,FALSE
image,ром,13,TRUE,35,TRUE
image,романтичний,33,FALSE,35,TRUE
image,ромео,32,FALSE,35,TRUE
image,рослина,33,FALSE,35,TRUE
image,рот,13,TRUE,35,TRUE
image,руйнування,34,FALSE,35,TRUE
image,рухатися,33,FALSE,35,TRUE
image,ручка,36,FALSE,35,FALSE
image,ручний,35,FALSE,35,FALSE
image,рушник,33,FALSE,35,TRUE
image,рятівник,34,FALSE,35,TRUE
image,рівномірний,34,FALSE,35,TRUE
image,ріг,31,FALSE,35,TRUE
image,рідина,33,FALSE,35,TRUE
image,рідко,33,FALSE,35,TRUE
image,різдвяний,33,FALSE,35,TRUE
image,річка,35,FALSE,35,FALSE
image,саботаж,36,FALSE,35,FALSE
image,салат,13,TRUE,35,TRUE
image,самогубство,32,FALSE,35,TRUE
image,самотній,33,FALSE,35,TRUE
image,самурай,33,FALSE,35,TRUE
image,сантиметр,35,FALSE,35,FALSE
image,свинина,36,FALSE,35,FALSE
image,свиня,35,FALSE,35,FALSE
image,свисток,31,FALSE,35,TRUE
image,свобода,33,FALSE,35,TRUE
image,свято,33,FALSE,35,TRUE
image,священик,33,FALSE,35,TRUE
image,свідок,33,FALSE,35,TRUE
image,свідчення,13,TRUE,35,TRUE
image,свіжий,34,FALSE,35,TRUE
image,світ,33,FALSE,35,TRUE
image,світанок,33,FALSE,35,TRUE
image,свічка,35,FALSE,35,FALSE
image,сейф,13,TRUE,35,TRUE
image,секретар,33,FALSE,35,TRUE
image,секретний,33,FALSE,35,TRUE
image,сексуальний,34,FALSE,35,TRUE
image,село,36,FALSE,35,FALSE
image,семінар,32,FALSE,35,TRUE
image,сенат,36,FALSE,35,FALSE
image,сенатор,34,FALSE,35,TRUE
image,сенс,34,FALSE,35,TRUE
image,сенсаційний,35,FALSE,35,FALSE
image,середовище,13,TRUE,35,TRUE
image,сержант,44,TRUE,35,FALSE
image,серія,35,FALSE,35,FALSE
image,сестра,32,FALSE,35,TRUE
image,сеча,35,FALSE,35,FALSE
image,сигара,33,FALSE,35,TRUE
image,сигарета,33,FALSE,35,TRUE
image,сигнал,32,FALSE,35,TRUE
image,сигналізація,33,FALSE,35,TRUE
image,сидіти,34,FALSE,35,TRUE
image,сила,33,FALSE,35,TRUE
image,сильний,13,TRUE,35,TRUE
image,сильно,36,FALSE,35,FALSE
image,символ,31,FALSE,35,TRUE
image,симптом,35,FALSE,35,FALSE
image,син,35,FALSE,35,FALSE
image,синдром,33,FALSE,35,TRUE
image,синяк,31,FALSE,35,TRUE
image,синій,34,FALSE,35,TRUE
image,сир,35,FALSE,35,FALSE
image,сиріт,34,FALSE,35,TRUE
image,система,34,FALSE,35,TRUE
image,ситуація,32,FALSE,35,TRUE
image,сказати,33,FALSE,35,TRUE
image,скандал,33,FALSE,35,TRUE
image,скарбниця,35,FALSE,35,FALSE
image,скарга,34,FALSE,35,TRUE
image,склянка,32,FALSE,35,TRUE
image,скорочувати,14,TRUE,35,TRUE
image,скромний,35,FALSE,35,FALSE
image,слабкий,33,FALSE,35,TRUE
image,слава,31,FALSE,35,TRUE
image,славний,35,FALSE,35,FALSE
image,словник,33,FALSE,35,TRUE
image,слово,34,FALSE,35,TRUE
image,слуга,36,FALSE,35,FALSE
image,служба,33,FALSE,35,TRUE
image,слух,35,FALSE,35,FALSE
image,слухати,35,FALSE,35,FALSE
image,слідувати,34,FALSE,35,TRUE
image,сліпий,35,FALSE,35,FALSE
image,смак,35,FALSE,35,FALSE
image,смачний,31,FALSE,35,TRUE
image,смертельний,33,FALSE,35,TRUE
image,смерть,32,FALSE,35,TRUE
image,смоктати,44,TRUE,35,FALSE
image,сміття,33,FALSE,35,TRUE
image,смішний,45,TRUE,35,FALSE
image,сміятися,33,FALSE,35,TRUE
image,снайпер,36,FALSE,35,FALSE
image,сніг,34,FALSE,35,TRUE
image,снід,35,FALSE,35,FALSE
image,сніданок,33,FALSE,35,TRUE
image,собака,33,FALSE,35,TRUE
image,сода,35,FALSE,35,FALSE
image,солдат,33,FALSE,35,TRUE
image,солодкий,35,FALSE,35,FALSE
image,сонце,35,FALSE,35,FALSE
image,сонячний,13,TRUE,35,TRUE
image,сорочка,34,FALSE,35,TRUE
image,сортувати,13,TRUE,35,TRUE
image,соус,32,FALSE,35,TRUE
image,спагетті,33,FALSE,35,TRUE
image,спадщина,13,TRUE,35,TRUE
image,спальня,34,FALSE,35,TRUE
image,спантеличеність,31,FALSE,35,TRUE
image,спасибі,35,FALSE,35,FALSE
image,спати,35,FALSE,35,FALSE
image,спеціаліст,35,FALSE,35,FALSE
image,сповіщення,32,FALSE,35,TRUE
image,спокійний,35,FALSE,35,FALSE
image,спокійно,33,FALSE,35,TRUE
image,спорт,33,FALSE,35,TRUE
image,спостереження,34,FALSE,35,TRUE
image,спочатку,34,FALSE,35,TRUE
image,справедливість,35,FALSE,35,FALSE
image,справжній,36,FALSE,35,FALSE
image,спрага,33,FALSE,35,TRUE
image,спроба,33,FALSE,35,TRUE
image,спробувати,34,FALSE,35,TRUE
image,співак,33,FALSE,35,TRUE
image,співчувати,31,FALSE,35,TRUE
image,співчуття,35,FALSE,35,FALSE
image,спідниця,36,FALSE,35,FALSE
image,спілкування,32,FALSE,35,TRUE
image,спільнота,13,TRUE,35,TRUE
image,срібло,43,TRUE,35,FALSE
image,ставлення,33,FALSE,35,TRUE
image,стадіон,45,TRUE,35,FALSE
image,сталь,33,FALSE,35,TRUE
image,стандартний,32,FALSE,35,TRUE
image,станція,35,FALSE,35,FALSE
image,старий,31,FALSE,35,TRUE
image,старший,36,FALSE,35,FALSE
image,статися,33,FALSE,35,TRUE
image,стаття,32,FALSE,35,TRUE
image,статус,34,FALSE,35,TRUE
image,статуя,32,FALSE,35,TRUE
image,створення,33,FALSE,35,TRUE
image,створювати,13,TRUE,35,TRUE
image,створіння,33,FALSE,35,TRUE
image,стиль,33,FALSE,35,TRUE
image,сто,33,FALSE,35,TRUE
image,століття,33,FALSE,35,TRUE
image,стоп,33,FALSE,35,TRUE
image,стояти,13,TRUE,35,TRUE
image,страждання,35,FALSE,35,FALSE
image,страждати,32,FALSE,35,TRUE
image,страйк,13,TRUE,35,TRUE
image,стратегія,32,FALSE,35,TRUE
image,страх,33,FALSE,35,TRUE
image,страшний,35,FALSE,35,FALSE
image,стрес,33,FALSE,35,TRUE
image,стрибок,35,FALSE,35,FALSE
image,стриманий,34,FALSE,35,TRUE
image,структура,33,FALSE,35,TRUE
image,струм,13,TRUE,35,TRUE
image,студент,34,FALSE,35,TRUE
image,стурбований,36,FALSE,35,FALSE
image,стіл,37,FALSE,35,FALSE
image,стіна,32,FALSE,35,TRUE
image,субота,35,FALSE,35,FALSE
image,судити,31,FALSE,35,TRUE
image,судно,32,FALSE,35,TRUE
image,судовий,33,FALSE,35,TRUE
image,судовий процес,35,FALSE,35,FALSE
image,сукня,31,FALSE,35,TRUE
image,сума,32,FALSE,35,TRUE
image,сумний,33,FALSE,35,TRUE
image,сумніватися,37,FALSE,35,FALSE
image,суміш,13,TRUE,35,TRUE
image,суп,13,TRUE,35,TRUE
image,суперечка,32,FALSE,35,TRUE
image,супермен,34,FALSE,35,TRUE
image,супроводжувати,36,FALSE,35,FALSE
image,супротив,36,FALSE,35,FALSE
image,супутник,36,FALSE,35,FALSE
image,суспільство,36,FALSE,35,FALSE
image,сухий,34,FALSE,35,TRUE
image,сучасний,33,FALSE,35,TRUE
image,сховатися,13,TRUE,35,TRUE
image,східний,32,FALSE,35,TRUE
image,сьогодні,36,FALSE,35,FALSE
image,сюрприз,33,FALSE,35,TRUE
image,сік,33,FALSE,35,TRUE
image,сім'я,34,FALSE,35,TRUE
image,таблетка,36,FALSE,35,FALSE
image,таблиця,35,FALSE,35,FALSE
image,табір,35,FALSE,35,FALSE
image,таймер,34,FALSE,35,TRUE
image,так,34,FALSE,35,TRUE
image,таксі,33,FALSE,35,TRUE
image,талант,32,FALSE,35,TRUE
image,там,32,FALSE,35,TRUE
image,танк,35,FALSE,35,FALSE
image,танцювати,31,FALSE,35,TRUE
image,танцівниця,32,FALSE,35,TRUE
image,тарілка,33,FALSE,35,TRUE
image,тато,33,FALSE,35,TRUE
image,татуювання,33,FALSE,35,TRUE
image,таємниця,43,TRUE,35,FALSE
image,тварина,34,FALSE,35,TRUE
image,тверезий,33,FALSE,35,TRUE
image,творчість,34,FALSE,35,TRUE
image,театр,31,FALSE,35,TRUE
image,текст,31,FALSE,35,TRUE
image,телебачення,33,FALSE,35,TRUE
image,телеграма,35,FALSE,35,FALSE
image,телескоп,34,FALSE,35,TRUE
image,телефон,34,FALSE,35,TRUE
image,темний,14,TRUE,35,TRUE
image,температура,33,FALSE,35,TRUE
image,темрява,44,TRUE,35,FALSE
image,теніс,33,FALSE,35,TRUE
image,теорія,36,FALSE,35,FALSE
image,теплий,36,FALSE,35,FALSE
image,тепло,33,FALSE,35,TRUE
image,терапія,35,FALSE,35,FALSE
image,термінал,44,TRUE,35,FALSE
image,терміновий,36,FALSE,35,FALSE
image,терпіння,35,FALSE,35,FALSE
image,тестування,32,FALSE,35,TRUE
image,технологія,35,FALSE,35,FALSE
image,техніка,13,TRUE,35,TRUE
image,технічний,35,FALSE,35,FALSE
image,тиждень,35,FALSE,35,FALSE
image,типовий,34,FALSE,35,TRUE
image,тиск,33,FALSE,35,TRUE
image,тисяча,33,FALSE,35,TRUE
image,тихоокеанський,14,TRUE,35,TRUE
image,тканина,33,FALSE,35,TRUE
image,товстий,32,FALSE,35,TRUE
image,тонкий,13,TRUE,35,TRUE
image,торговець,33,FALSE,35,TRUE
image,торнадо,35,FALSE,35,FALSE
image,торт,35,FALSE,35,FALSE
image,тост,35,FALSE,35,FALSE
image,точка,13,TRUE,35,TRUE
image,травма,36,FALSE,35,FALSE
image,трагічний,13,TRUE,35,TRUE
image,традиційний,33,FALSE,35,TRUE
image,транспортний засіб,35,FALSE,35,FALSE
image,тренер,36,FALSE,35,FALSE
image,третій,35,FALSE,35,FALSE
image,три,33,FALSE,35,TRUE
image,тригер,33,FALSE,35,TRUE
image,трикутник,32,FALSE,35,TRUE
image,трофей,34,FALSE,35,TRUE
image,труна,34,FALSE,35,TRUE
image,труп,35,FALSE,35,FALSE
image,трюк,33,FALSE,35,TRUE
image,тріщина,36,FALSE,35,FALSE
image,туалет,14,TRUE,35,TRUE
image,туга,34,FALSE,35,TRUE
image,туман,13,TRUE,35,TRUE
image,тунель,33,FALSE,35,TRUE
image,тунець,44,TRUE,35,FALSE
image,турбота,33,FALSE,35,TRUE
image,турбувати,31,FALSE,35,TRUE
image,турист,45,TRUE,35,FALSE
image,турнір,34,FALSE,35,TRUE
image,тут,36,FALSE,35,FALSE
image,тютюн,32,FALSE,35,TRUE
image,тягнути,35,FALSE,35,FALSE
image,тіло,33,FALSE,35,TRUE
image,тінь,32,FALSE,35,TRUE
image,убивця,32,FALSE,35,TRUE
image,убити,13,TRUE,35,TRUE
image,ув'язнений,13,TRUE,35,TRUE
image,увага,13,TRUE,35,TRUE
image,уважність,33,FALSE,35,TRUE
image,угоду,36,FALSE,35,FALSE
image,ударити,32,FALSE,35,TRUE
image,узбережжі,36,FALSE,35,FALSE
image,університет,35,FALSE,35,FALSE
image,унікальний,35,FALSE,35,FALSE
image,упертий,32,FALSE,35,TRUE
image,управляти,34,FALSE,35,TRUE
image,ураган,34,FALSE,35,TRUE
image,уряд,13,TRUE,35,TRUE
image,урятувати,32,FALSE,35,TRUE
image,усвідомлювати,34,FALSE,35,TRUE
image,усмішка,36,FALSE,35,FALSE
image,успадковувати,34,FALSE,35,TRUE
image,успіх,34,FALSE,35,TRUE
image,усунути,34,FALSE,35,TRUE
image,утримувати,31,FALSE,35,TRUE
image,уява,34,FALSE,35,TRUE
image,фаза,31,FALSE,35,TRUE
image,факс,36,FALSE,35,FALSE
image,фактично,35,FALSE,35,FALSE
image,фактор,13,TRUE,35,TRUE
image,фантазія,32,FALSE,35,TRUE
image,фантастичний,33,FALSE,35,TRUE
image,фарбувати,32,FALSE,35,TRUE
image,фатальний,34,FALSE,35,TRUE
image,фатум,34,FALSE,35,TRUE
image,федеральний,32,FALSE,35,TRUE
image,федерація,35,FALSE,35,FALSE
image,фермер,36,FALSE,35,FALSE
image,фестиваль,32,FALSE,35,TRUE
image,флот,35,FALSE,35,FALSE
image,форма,32,FALSE,35,TRUE
image,фотограф,13,TRUE,35,TRUE
image,фотографія,36,FALSE,35,FALSE
image,фрагмент,32,FALSE,35,TRUE
image,фраза,31,FALSE,35,TRUE
image,французький,13,TRUE,35,TRUE
image,фронт,13,TRUE,35,TRUE
image,фрукти,32,FALSE,35,TRUE
image,функціональний,33,FALSE,35,TRUE
image,фунт,33,FALSE,35,TRUE
image,фургон,31,FALSE,35,TRUE
image,футбол,35,FALSE,35,FALSE
image,фізика,33,FALSE,35,TRUE
image,фізичний,33,FALSE,35,TRUE
image,філософія,34,FALSE,35,TRUE
image,фільм,34,FALSE,35,TRUE
image,фінансовий,34,FALSE,35,TRUE
image,фінансово,31,FALSE,35,TRUE
image,фінансування,33,FALSE,35,TRUE
image,фірма,35,FALSE,35,FALSE
image,хабар,34,FALSE,35,TRUE
image,хаос,32,FALSE,35,TRUE
image,хапати,32,FALSE,35,TRUE
image,характер,34,FALSE,35,TRUE
image,хвилина,35,FALSE,35,FALSE
image,хворий,13,TRUE,35,TRUE
image,хижак,32,FALSE,35,TRUE
image,хлопчик,35,FALSE,35,FALSE
image,хлопчики,34,FALSE,35,TRUE
image,хліб,35,FALSE,35,FALSE
image,хмара,13,TRUE,35,TRUE
image,хобі,13,TRUE,35,TRUE
image,холодний,32,FALSE,35,TRUE
image,хоробрий,35,FALSE,35,FALSE
image,храм,13,TRUE,35,TRUE
image,хребетний,13,TRUE,35,TRUE
image,християнин,35,FALSE,35,FALSE
image,художник,32,FALSE,35,TRUE
image,хустка,33,FALSE,35,TRUE
image,хімічний,36,FALSE,35,FALSE
image,хімія,35,FALSE,35,FALSE
image,хірург,35,FALSE,35,FALSE
image,хірургія,34,FALSE,35,TRUE
image,цвинтар,35,FALSE,35,FALSE
image,цвях,34,FALSE,35,TRUE
image,цемент,33,FALSE,35,TRUE
image,церебральний,35,FALSE,35,FALSE
image,церемонія,35,FALSE,35,FALSE
image,церква,32,FALSE,35,TRUE
image,цибуля,32,FALSE,35,TRUE
image,цивільний,36,FALSE,35,FALSE
image,цивілізація,32,FALSE,35,TRUE
image,цинічний,35,FALSE,35,FALSE
image,цирк,32,FALSE,35,TRUE
image,цукор,13,TRUE,35,TRUE
image,цікавий,34,FALSE,35,TRUE
image,ціна,33,FALSE,35,TRUE
image,цінний,45,TRUE,35,FALSE
image,чарівний,35,FALSE,35,FALSE
image,чарівник,13,TRUE,35,TRUE
image,чарівність,35,FALSE,35,FALSE
image,часник,33,FALSE,35,TRUE
image,частка,35,FALSE,35,FALSE
image,часто,35,FALSE,35,FALSE
image,частота,33,FALSE,35,TRUE
image,чаша,33,FALSE,35,TRUE
image,чашка,32,FALSE,35,TRUE
image,чекати,32,FALSE,35,TRUE
image,чемпіон,13,TRUE,35,TRUE
image,чемпіонат,36,FALSE,35,FALSE
image,черв'як,35,FALSE,35,FALSE
image,червень,34,FALSE,35,TRUE
image,червоний,34,FALSE,35,TRUE
image,черевний,37,FALSE,35,FALSE
image,череп,35,FALSE,35,FALSE
image,черепаха,32,FALSE,35,TRUE
image,чесний,33,FALSE,35,TRUE
image,чесність,32,FALSE,35,TRUE
image,честь,32,FALSE,35,TRUE
image,четвертий,33,FALSE,35,TRUE
image,число,44,TRUE,35,FALSE
image,чистий,33,FALSE,35,TRUE
image,читання,31,FALSE,35,TRUE
image,читати,35,FALSE,35,FALSE
image,член,35,FALSE,35,FALSE
image,човен,35,FALSE,35,FALSE
image,чоловік,34,FALSE,35,TRUE
image,чоловічий,35,FALSE,35,FALSE
image,чорний,35,FALSE,35,FALSE
image,чотири,36,FALSE,35,FALSE
image,чувак,36,FALSE,35,FALSE
image,чудовий,35,FALSE,35,FALSE
image,чужий,36,FALSE,35,FALSE
image,чума,34,FALSE,35,TRUE
image,чутливий,36,FALSE,35,FALSE
image,чіп,33,FALSE,35,TRUE
image,чітко,35,FALSE,35,FALSE
image,шампанське,34,FALSE,35,TRUE
image,шанс,34,FALSE,35,TRUE
image,шантаж,33,FALSE,35,TRUE
image,шар,34,FALSE,35,TRUE
image,шафа,33,FALSE,35,TRUE
image,шахрайство,31,FALSE,35,TRUE
image,швидка допомога,32,FALSE,35,TRUE
image,швидкий,35,FALSE,35,FALSE
image,швидко,35,FALSE,35,FALSE
image,швидкість,33,FALSE,35,TRUE
image,шериф,34,FALSE,35,TRUE
image,шерлок,35,FALSE,35,FALSE
image,шеф-кухар,33,FALSE,35,TRUE
image,шийка,31,FALSE,35,TRUE
image,широкий,13,TRUE,35,TRUE
image,школу,33,FALSE,35,TRUE
image,шкіра,33,FALSE,35,TRUE
image,шланг,36,FALSE,35,FALSE
image,шлунок,33,FALSE,35,TRUE
image,шлюб,35,FALSE,35,FALSE
image,шматок,35,FALSE,35,FALSE
image,шовк,34,FALSE,35,TRUE
image,шоколад,36,FALSE,35,FALSE
image,шолом,34,FALSE,35,TRUE
image,шосе,32,FALSE,35,TRUE
image,шпигун,33,FALSE,35,TRUE
image,шпигунство,35,FALSE,35,FALSE
image,шприц,33,FALSE,35,TRUE
image,шрам,31,FALSE,35,TRUE
image,штаб-квартира,35,FALSE,35,FALSE
image,штовхати,32,FALSE,35,TRUE
image,штраф,35,FALSE,35,FALSE
image,штурм,34,FALSE,35,TRUE
image,штучний,32,FALSE,35,TRUE
image,шум,36,FALSE,35,FALSE
image,шутер,31,FALSE,35,TRUE
image,щасливий,31,FALSE,35,TRUE
image,ще,13,TRUE,35,TRUE
image,щедрий,13,TRUE,35,TRUE
image,щит,36,FALSE,35,FALSE
image,що,35,FALSE,35,FALSE
image,що саме,33,FALSE,35,TRUE
image,щодня,36,FALSE,35,FALSE
image,щока,33,FALSE,35,TRUE
image,щось,32,FALSE,35,TRUE
image,щотижня,33,FALSE,35,TRUE
image,ювілей,32,FALSE,35,TRUE
image,юрисдикція,33,FALSE,35,TRUE
image,юрист,35,FALSE,35,FALSE
image,яблучний,36,FALSE,35,FALSE
image,явище,35,FALSE,35,FALSE
image,ядерний,34,FALSE,35,TRUE
image,яйце,34,FALSE,35,TRUE
image,якор,44,TRUE,35,FALSE
image,якість,35,FALSE,35,FALSE
image,ярмарок,35,FALSE,35,FALSE
image,яскравий,31,FALSE,35,TRUE
image,ящірка,35,FALSE,35,FALSE
image,єдиний,33,FALSE,35,TRUE
image,єпископ,33,FALSE,35,TRUE
image,іграшка,34,FALSE,35,TRUE
image,ідеальний,34,FALSE,35,TRUE
image,ідея,14,TRUE,35,TRUE
image,ідіот,33,FALSE,35,TRUE
image,ілюзія,32,FALSE,35,TRUE
image,імператор,32,FALSE,35,TRUE
image,імперський,35,FALSE,35,FALSE
image,імперія,13,TRUE,35,TRUE
image,ін'єкція,33,FALSE,35,TRUE
image,інвестор,31,FALSE,35,TRUE
image,інвестувати,32,FALSE,35,TRUE
image,індивідуальний,33,FALSE,35,TRUE
image,індичка,34,FALSE,35,TRUE
image,інженер,32,FALSE,35,TRUE
image,іноді,35,FALSE,35,FALSE
image,інспектор,35,FALSE,35,FALSE
image,інспекція,33,FALSE,35,TRUE
image,інстинкт,35,FALSE,35,FALSE
image,інструмент,34,FALSE,35,TRUE
image,інтернет,34,FALSE,35,TRUE
image,інтимний,35,FALSE,35,FALSE
image,інтуїція,32,FALSE,35,TRUE
image,інфекція,32,FALSE,35,TRUE
image,інформатор,32,FALSE,35,TRUE
image,інформація,35,FALSE,35,FALSE
image,інцидент,45,TRUE,35,FALSE
image,інший,34,FALSE,35,TRUE
image,іржавий,36,FALSE,35,FALSE
image,іронічний,34,FALSE,35,TRUE
image,іронія,35,FALSE,35,FALSE
image,їжа,34,FALSE,35,TRUE
image,їздити,32,FALSE,35,TRUE
image,їсти,34,FALSE,35,TRUE
valence,НЛО,35,FALSE,35,FALSE
valence,абсолютно,37,FALSE,35,FALSE
valence,абсурдний,34,FALSE,35,TRUE
valence,аварія,35,FALSE,35,FALSE
valence,автобус,36,FALSE,35,FALSE
valence,автограф,33,FALSE,35,TRUE
valence,автор,34,FALSE,35,TRUE
valence,агент,35,FALSE,35,FALSE
valence,агентство,34,FALSE,35,TRUE
valence,адміністративний,33,FALSE,35,TRUE
valence,адміністрація,35,FALSE,35,FALSE
valence,адреналін,35,FALSE,35,FALSE
valence,адреса,34,FALSE,35,TRUE
valence,аеропорт,34,FALSE,35,TRUE
valence,акт,35,FALSE,35,FALSE
valence,активний,35,FALSE,35,FALSE
valence,активувати,34,FALSE,35,TRUE
valence,актор,33,FALSE,35,TRUE
valence,акула,34,FALSE,35,TRUE
valence,акцент,33,FALSE,35,TRUE
valence,алея,33,FALSE,35,TRUE
valence,алкоголь,34,FALSE,35,TRUE
valence,алмаз,53,TRUE,35,FALSE
valence,альбом,34,FALSE,35,TRUE
valence,альфа,34,FALSE,35,TRUE
valence,алібі,20,TRUE,35,TRUE
valence,аматорський,35,FALSE,35,FALSE
valence,америка,35,FALSE,35,FALSE
valence,аналогічний,37,FALSE,35,FALSE
valence,аналіз,34,FALSE,35,TRUE
valence,аналітик,34,FALSE,35,TRUE
valence,анархія,36,FALSE,35,FALSE
valence,анатомія,36,FALSE,35,FALSE
valence,ангел,33,FALSE,35,TRUE
valence,англійська мова,35,FALSE,35,FALSE
valence,анонімний,53,TRUE,35,FALSE
valence,антидот,55,TRUE,35,FALSE
valence,апетитний,34,FALSE,35,TRUE
valence,арена,34,FALSE,35,TRUE
valence,арешт,35,FALSE,35,FALSE
valence,армія,32,FALSE,35,TRUE
valence,арсенал,33,FALSE,35,TRUE
valence,артерія,37,FALSE,35,FALSE
valence,артефакт,33,FALSE,35,TRUE
valence,артилерія,34,FALSE,35,TRUE
valence,архітектор,36,FALSE,35,FALSE
valence,аспірин,33,FALSE,35,TRUE
valence,атакувати,35,FALSE,35,FALSE
valence,атлантичний,34,FALSE,35,TRUE
valence,атмосфера,34,FALSE,35,TRUE
valence,атомний,36,FALSE,35,FALSE
valence,аудиторія,35,FALSE,35,FALSE
valence,аукціон,35,FALSE,35,FALSE
valence,аутопсія,35,FALSE,35,FALSE
valence,африка,36,FALSE,35,FALSE
valence,бабуся,35,FALSE,35,FALSE
valence,бавовна,37,FALSE,35,FALSE
valence,багатий,35,FALSE,35,FALSE
valence,багатство,34,FALSE,35,TRUE
valence,бажання,34,FALSE,35,TRUE
valence,база,35,FALSE,35,FALSE
valence,баланс,21,TRUE,35,TRUE
valence,банан,36,FALSE,35,FALSE
valence,банда,35,FALSE,35,FALSE
valence,банківський,34,FALSE,35,TRUE
valence,банкір,34,FALSE,35,TRUE
valence,бар,34,FALSE,35,TRUE
valence,барон,35,FALSE,35,FALSE
valence,баскетбол,35,FALSE,35,FALSE
valence,батальйон,34,FALSE,35,TRUE
valence,батько,33,FALSE,35,TRUE
valence,бачення,35,FALSE,35,FALSE
valence,башта,33,FALSE,35,TRUE
valence,бджола,35,FALSE,35,FALSE
valence,безвідповідальний,35,FALSE,35,FALSE
valence,безпека,35,FALSE,35,FALSE
valence,безпечний,36,FALSE,35,FALSE
valence,безпорадний,34,FALSE,35,TRUE
valence,безпосередньо,37,FALSE,35,FALSE
valence,безсилий,36,FALSE,35,FALSE
valence,бейсбол,37,FALSE,35,FALSE
valence,бекон,19,TRUE,35,TRUE
valence,бетмен,35,FALSE,35,FALSE
valence,бетон,21,TRUE,35,TRUE
valence,битва,35,FALSE,35,FALSE
valence,благодійність,34,FALSE,35,TRUE
valence,благородний,21,TRUE,35,TRUE
valence,близький,35,FALSE,35,FALSE
valence,близько,34,FALSE,35,TRUE
valence,блиск,37,FALSE,35,FALSE
valence,блискавка,35,FALSE,35,FALSE
valence,бог,36,FALSE,35,FALSE
valence,божевілля,34,FALSE,35,TRUE
valence,божевільний,35,FALSE,35,FALSE
valence,божественний,36,FALSE,35,FALSE
valence,бойовий,35,FALSE,35,FALSE
valence,бомба,34,FALSE,35,TRUE
valence,бонус,33,FALSE,35,TRUE
valence,борг,35,FALSE,35,FALSE
valence,борода,34,FALSE,35,TRUE
valence,боронити,35,FALSE,35,FALSE
valence,боротися,34,FALSE,35,TRUE
valence,борошно,35,FALSE,35,FALSE
valence,бос,36,FALSE,35,FALSE
valence,бостон,34,FALSE,35,TRUE
valence,браво,54,TRUE,35,FALSE
valence,брат,35,FALSE,35,FALSE
valence,брехун,34,FALSE,35,TRUE
valence,броня,33,FALSE,35,TRUE
valence,бруд,37,FALSE,35,FALSE
valence,брудний,34,FALSE,35,TRUE
valence,брутальний,22,TRUE,35,TRUE
valence,будинок,35,FALSE,35,FALSE
valence,будувати,32,FALSE,35,TRUE
valence,будівельний,35,FALSE,35,FALSE
valence,будівля,35,FALSE,35,FALSE
valence,буква,34,FALSE,35,TRUE
valence,буквально,34,FALSE,35,TRUE
valence,бутерброд,35,FALSE,35,FALSE
valence,бюджет,35,FALSE,35,FALSE
valence,бібліотека,35,FALSE,35,FALSE
valence,біблія,36,FALSE,35,FALSE
valence,бігти,34,FALSE,35,TRUE
valence,бідний,35,FALSE,35,FALSE
valence,бідність,34,FALSE,35,TRUE
valence,біженець,34,FALSE,35,TRUE
valence,бізнес,34,FALSE,35,TRUE
valence,білий,36,FALSE,35,FALSE
valence,білка,34,FALSE,35,TRUE
valence,білок,33,FALSE,35,TRUE
valence,біль,34,FALSE,35,TRUE
valence,більше,35,FALSE,35,FALSE
valence,більшість,35,FALSE,35,FALSE
valence,біологічний,34,FALSE,35,TRUE
valence,біологія,34,FALSE,35,TRUE
valence,в'язниця,35,FALSE,35,FALSE
valence,вага,35,FALSE,35,FALSE
valence,вагітність,36,FALSE,35,FALSE
valence,важкий,35,FALSE,35,FALSE
valence,важливий,36,FALSE,35,FALSE
valence,важливість,36,FALSE,35,FALSE
valence,вакцина,35,FALSE,35,FALSE
valence,валіза,35,FALSE,35,FALSE
valence,вампір,34,FALSE,35,TRUE
valence,ванна кімната,34,FALSE,35,TRUE
valence,вантаж,35,FALSE,35,FALSE
valence,вантажівка,35,FALSE,35,FALSE
valence,ваніль,34,FALSE,35,TRUE
valence,вартість,35,FALSE,35,FALSE
valence,ватсон,33,FALSE,35,TRUE
valence,вашингтон,34,FALSE,35,TRUE
valence,вбивство,35,FALSE,35,FALSE
valence,вбивця,37,FALSE,35,FALSE
valence,вводити,34,FALSE,35,TRUE
valence,ввічливий,36,FALSE,35,FALSE
valence,вгору,33,FALSE,35,TRUE
valence,вдова,33,FALSE,35,TRUE
valence,вдячний,35,FALSE,35,FALSE
valence,ведмідь,33,FALSE,35,TRUE
valence,великий,36,FALSE,35,FALSE
valence,великий палець,33,FALSE,35,TRUE
valence,величезний,36,FALSE,35,FALSE
valence,величність,36,FALSE,35,FALSE
valence,вена,34,FALSE,35,TRUE
valence,венера,35,FALSE,35,FALSE
valence,вентиляція,36,FALSE,35,FALSE
valence,вересень,34,FALSE,35,TRUE
valence,вертоліт,32,FALSE,35,TRUE
valence,верхній,22,TRUE,35,TRUE
valence,вершина,35,FALSE,35,FALSE
valence,весна,36,FALSE,35,FALSE
valence,весілля,35,FALSE,35,FALSE
valence,вечір,34,FALSE,35,TRUE
valence,вже,22,TRUE,35,TRUE
valence,взуття,35,FALSE,35,FALSE
valence,вибирати,32,FALSE,35,TRUE
valence,виборець,33,FALSE,35,TRUE
valence,вибори,35,FALSE,35,FALSE
valence,вибух,35,FALSE,35,FALSE
valence,вибухнути,33,FALSE,35,TRUE
valence,вибуховий,50,TRUE,35,FALSE
valence,вибір,35,FALSE,35,FALSE
valence,вивчати,36,FALSE,35,FALSE
valence,вивчення,34,FALSE,35,TRUE
valence,вигнати,35,FALSE,35,FALSE
valence,виграти,35,FALSE,35,FALSE
valence,видалити,33,FALSE,35,TRUE
valence,вижити,35,FALSE,35,FALSE
valence,визнавати,34,FALSE,35,TRUE
valence,визначення,36,FALSE,35,FALSE
valence,викладач,36,FALSE,35,FALSE
valence,виклик,35,FALSE,35,FALSE
valence,виконання,36,FALSE,35,FALSE
valence,використання,35,FALSE,35,FALSE
valence,викрадати,34,FALSE,35,TRUE
valence,викрадач,34,FALSE,35,TRUE
valence,викуп,35,FALSE,35,FALSE
valence,вилка,35,FALSE,35,FALSE
valence,виловити,34,FALSE,35,TRUE
valence,виникнути,34,FALSE,35,TRUE
valence,винищувач,35,FALSE,35,FALSE
valence,винним,33,FALSE,35,TRUE
valence,виноробство,34,FALSE,35,TRUE
valence,винятковий,35,FALSE,35,FALSE
valence,випадково,34,FALSE,35,TRUE
valence,виправдання,33,FALSE,35,TRUE
valence,виправляти,35,FALSE,35,FALSE
valence,випромінювання,34,FALSE,35,TRUE
valence,випускник,51,TRUE,35,FALSE
valence,виробляти,32,FALSE,35,TRUE
valence,виробник,33,FALSE,35,TRUE
valence,виробництво,35,FALSE,35,FALSE
valence,висловлювати,35,FALSE,35,FALSE
valence,висновок,36,FALSE,35,FALSE
valence,високий,33,FALSE,35,TRUE
valence,високість,35,FALSE,35,FALSE
valence,висота,35,FALSE,35,FALSE
valence,виставка,33,FALSE,35,TRUE
valence,виступ,34,FALSE,35,TRUE
valence,висячий,33,FALSE,35,TRUE
valence,витрачати,52,TRUE,35,FALSE
valence,вихід,34,FALSE,35,TRUE
valence,вказувати,37,FALSE,35,FALSE
valence,влада,34,FALSE,35,TRUE
valence,власник,34,FALSE,35,TRUE
valence,внизу,35,FALSE,35,FALSE
valence,внутрішній,34,FALSE,35,TRUE
valence,вовк,35,FALSE,35,FALSE
valence,водити,35,FALSE,35,FALSE
valence,водневий,34,FALSE,35,TRUE
valence,водій,35,FALSE,35,FALSE
valence,волонтер,35,FALSE,35,FALSE
valence,волосся,35,FALSE,35,FALSE
valence,ворог,35,FALSE,35,FALSE
valence,ворота,32,FALSE,35,TRUE
valence,воїн,21,TRUE,35,TRUE
valence,вплив,34,FALSE,35,TRUE
valence,вправа,33,FALSE,35,TRUE
valence,вражати,35,FALSE,35,FALSE
valence,вражаючий,37,FALSE,35,FALSE
valence,враження,33,FALSE,35,TRUE
valence,всередині,33,FALSE,35,TRUE
valence,всесвіт,35,FALSE,35,FALSE
valence,вставляти,34,FALSE,35,TRUE
valence,втеча,35,FALSE,35,FALSE
valence,втомлений,35,FALSE,35,FALSE
valence,вторгнення,35,FALSE,35,FALSE
valence,вторинний,53,TRUE,35,FALSE
valence,втікач,35,FALSE,35,FALSE
valence,вугілля,36,FALSE,35,FALSE
valence,вузький,33,FALSE,35,TRUE
valence,вулиця,35,FALSE,35,FALSE
valence,вухо,35,FALSE,35,FALSE
valence,вчений,36,FALSE,35,FALSE
valence,вчора,36,FALSE,35,FALSE
valence,вівторок,35,FALSE,35,FALSE
valence,від'їзд,36,FALSE,35,FALSE
valence,відбиток,36,FALSE,35,FALSE
valence,відбиток пальця,34,FALSE,35,TRUE
valence,відданість,34,FALSE,35,TRUE
valence,відділ,32,FALSE,35,TRUE
valence,відеоролик,34,FALSE,35,TRUE
valence,відкриття,34,FALSE,35,TRUE
valence,відмовляти,34,FALSE,35,TRUE
valence,відмовлятися,52,TRUE,35,FALSE
valence,відмінний,53,TRUE,35,FALSE
valence,відновлювати,35,FALSE,35,FALSE
valence,відносини,34,FALSE,35,TRUE
valence,відносний,35,FALSE,35,FALSE
valence,відповідальність,33,FALSE,35,TRUE
valence,відповідати,33,FALSE,35,TRUE
valence,відставка,36,FALSE,35,FALSE
valence,відстань,34,FALSE,35,TRUE
valence,відсутність,21,TRUE,35,TRUE
valence,відходи,33,FALSE,35,TRUE
valence,відчинено,36,FALSE,35,FALSE
valence,відчуття,36,FALSE,35,FALSE
valence,відьма,36,FALSE,35,FALSE
valence,війна,36,FALSE,35,FALSE
valence,військовий,37,FALSE,35,FALSE
valence,вікно,36,FALSE,35,FALSE
valence,віл,35,FALSE,35,FALSE
valence,вільний,35,FALSE,35,FALSE
valence,вільно,33,FALSE,35,TRUE
valence,віра,34,FALSE,35,TRUE
valence,вірити,38,FALSE,35,FALSE
valence,вірний,35,FALSE,35,FALSE
valence,вірність,35,FALSE,35,FALSE
valence,вірогідність,54,TRUE,35,FALSE
valence,вірус,36,FALSE,35,FALSE
valence,віскі,34,FALSE,35,TRUE
valence,вітамін,36,FALSE,35,FALSE
valence,вітати,34,FALSE,35,TRUE
valence,вітер,35,FALSE,35,FALSE
valence,вітрило,21,TRUE,35,TRUE
valence,вічний,35,FALSE,35,FALSE
valence,гавань,35,FALSE,35,FALSE
valence,газ,34,FALSE,35,TRUE
valence,газета,35,FALSE,35,FALSE
valence,галактика,36,FALSE,35,FALSE
valence,галерея,35,FALSE,35,FALSE
valence,галузь,35,FALSE,35,FALSE
valence,галюкування,35,FALSE,35,FALSE
valence,гаманець,35,FALSE,35,FALSE
valence,гамбургер,37,FALSE,35,FALSE
valence,гараж,35,FALSE,35,FALSE
valence,гаразд,37,FALSE,35,FALSE
valence,гарантія,33,FALSE,35,TRUE
valence,гармонія,34,FALSE,35,TRUE
valence,гарний,34,FALSE,35,TRUE
valence,гарячий,36,FALSE,35,FALSE
valence,гвинтівка,35,FALSE,35,FALSE
valence,гей,33,FALSE,35,TRUE
valence,генератор,36,FALSE,35,FALSE
valence,геніальний,35,FALSE,35,FALSE
valence,герой,34,FALSE,35,TRUE
valence,героїн,34,FALSE,35,TRUE
valence,глобальний,36,FALSE,35,FALSE
valence,глухий,35,FALSE,35,FALSE
valence,гнів,35,FALSE,35,FALSE
valence,гніздо,34,FALSE,35,TRUE
valence,годувати,36,FALSE,35,FALSE
valence,голий,32,FALSE,35,TRUE
valence,голка,34,FALSE,35,TRUE
valence,голод,35,FALSE,35,FALSE
valence,голодний,33,FALSE,35,TRUE
valence,голос,36,FALSE,35,FALSE
valence,голосувати,35,FALSE,35,FALSE
valence,гольф,35,FALSE,35,FALSE
valence,гонка,34,FALSE,35,TRUE
valence,гора,35,FALSE,35,FALSE
valence,гордий,34,FALSE,35,TRUE
valence,гордість,35,FALSE,35,FALSE
valence,горила,34,FALSE,35,TRUE
valence,горло,36,FALSE,35,FALSE
valence,гормон,33,FALSE,35,TRUE
valence,горілка,34,FALSE,35,TRUE
valence,господиня,33,FALSE,35,TRUE
valence,гостинність,34,FALSE,35,TRUE
valence,готель,35,FALSE,35,FALSE
valence,готовий,37,FALSE,35,FALSE
valence,готувати,35,FALSE,35,FALSE
valence,готівка,35,FALSE,35,FALSE
valence,гра,33,FALSE,35,TRUE
valence,грабувати,36,FALSE,35,FALSE
valence,гравець,37,FALSE,35,FALSE
valence,гральний,35,FALSE,35,FALSE
valence,гран,34,FALSE,35,TRUE
valence,грати,35,FALSE,35,FALSE
valence,графиня,20,TRUE,35,TRUE
valence,грецький,35,FALSE,35,FALSE
valence,грип,34,FALSE,35,TRUE
valence,гроші,35,FALSE,35,FALSE
valence,грудень,33,FALSE,35,TRUE
valence,груди,32,FALSE,35,TRUE
valence,група,34,FALSE,35,TRUE
valence,грім,36,FALSE,35,FALSE
valence,гріх,35,FALSE,35,FALSE
valence,губа,34,FALSE,35,TRUE
valence,губернатор,35,FALSE,35,FALSE
valence,гусак,35,FALSE,35,FALSE
valence,гідний,34,FALSE,35,TRUE
valence,гідність,35,FALSE,35,FALSE
valence,гітара,36,FALSE,35,FALSE
valence,давати,35,FALSE,35,FALSE
valence,далеко,33,FALSE,35,TRUE
valence,дані,35,FALSE,35,FALSE
valence,дар,34,FALSE,35,TRUE
valence,датчик,33,FALSE,35,TRUE
valence,два,33,FALSE,35,TRUE
valence,двері,34,FALSE,35,TRUE
valence,двигун,34,FALSE,35,TRUE
valence,двійник,35,FALSE,35,FALSE
valence,декан,34,FALSE,35,TRUE
valence,делікатний,34,FALSE,35,TRUE
valence,демократія,34,FALSE,35,TRUE
valence,демонстрація,33,FALSE,35,TRUE
valence,депресія,34,FALSE,35,TRUE
valence,дерева,34,FALSE,35,TRUE
valence,держава,34,FALSE,35,TRUE
valence,десерт,35,FALSE,35,FALSE
valence,десь,20,TRUE,35,TRUE
valence,десятиліття,35,FALSE,35,FALSE
valence,детектив,35,FALSE,35,FALSE
valence,детермінація,34,FALSE,35,TRUE
valence,детонатор,35,FALSE,35,FALSE
valence,дешевий,35,FALSE,35,FALSE
valence,деінде,35,FALSE,35,FALSE
valence,джаз,37,FALSE,35,FALSE
valence,джерело,52,TRUE,35,FALSE
valence,джип,34,FALSE,35,TRUE
valence,джульєтта,36,FALSE,35,FALSE
valence,джунглі,52,TRUE,35,FALSE
valence,дзеркало,35,FALSE,35,FALSE
valence,диван,34,FALSE,35,TRUE
valence,дивитися,36,FALSE,35,FALSE
valence,дивний,34,FALSE,35,TRUE
valence,дивовижний,33,FALSE,35,TRUE
valence,дим,35,FALSE,35,FALSE
valence,динаміт,53,TRUE,35,FALSE
valence,династія,35,FALSE,35,FALSE
valence,диплом,34,FALSE,35,TRUE
valence,директор,33,FALSE,35,TRUE
valence,дитина,34,FALSE,35,TRUE
valence,дитинство,34,FALSE,35,TRUE
valence,диявол,34,FALSE,35,TRUE
valence,дна,34,FALSE,35,TRUE
valence,дно,35,FALSE,35,FALSE
valence,до побачення,35,FALSE,35,FALSE
valence,добрий,22,TRUE,35,TRUE
valence,добровільно,35,FALSE,35,FALSE
valence,довго,34,FALSE,35,TRUE
valence,довжина,34,FALSE,35,TRUE
valence,довідка,34,FALSE,35,TRUE
valence,довіра,34,FALSE,35,TRUE
valence,договір,32,FALSE,35,TRUE
valence,додатковий,33,FALSE,35,TRUE
valence,доза,34,FALSE,35,TRUE
valence,дозволяти,35,FALSE,35,FALSE
valence,дозволяє,20,TRUE,35,TRUE
valence,дозвіл,34,FALSE,35,TRUE
valence,доказ,34,FALSE,35,TRUE
valence,докази,22,TRUE,35,TRUE
valence,доктор,35,FALSE,35,FALSE
valence,документ,36,FALSE,35,FALSE
valence,долар,35,FALSE,35,FALSE
valence,долина,35,FALSE,35,FALSE
valence,доля,34,FALSE,35,TRUE
valence,доповідь,35,FALSE,35,FALSE
valence,допомагати,36,FALSE,35,FALSE
valence,допомога,35,FALSE,35,FALSE
valence,дорога,36,FALSE,35,FALSE
valence,дорогий,35,FALSE,35,FALSE
valence,дорослий,35,FALSE,35,FALSE
valence,доріжка,33,FALSE,35,TRUE
valence,досвід,35,FALSE,35,FALSE
valence,досить,35,FALSE,35,FALSE
valence,досконалий,34,FALSE,35,TRUE
valence,дослідження,36,FALSE,35,FALSE
valence,дослідник,20,TRUE,35,TRUE
valence,достатньо,35,FALSE,35,FALSE
valence,досягати успіху,35,FALSE,35,FALSE
valence,дотепний,36,FALSE,35,FALSE
valence,дотепність,35,FALSE,35,FALSE
valence,дохід,36,FALSE,35,FALSE
valence,дочка,32,FALSE,35,TRUE
valence,дощ,32,FALSE,35,TRUE
valence,дракон,34,FALSE,35,TRUE
valence,драма,22,TRUE,35,TRUE
valence,драматичний,35,FALSE,35,FALSE
valence,друг,34,FALSE,35,TRUE
valence,другий,34,FALSE,35,TRUE
valence,дружба,35,FALSE,35,FALSE
valence,дружина,37,FALSE,35,FALSE
valence,дружній,36,FALSE,35,FALSE
valence,дряпати,35,FALSE,35,FALSE
valence,дрібний,34,FALSE,35,TRUE
valence,дрімати,37,FALSE,35,FALSE
valence,дріт,34,FALSE,35,TRUE
valence,дуже,34,FALSE,35,TRUE
valence,думати,36,FALSE,35,FALSE
valence,думка,20,TRUE,35,TRUE
valence,дурень,53,TRUE,35,FALSE
valence,дурний,36,FALSE,35,FALSE
valence,дурість,34,FALSE,35,TRUE
valence,дух,51,TRUE,35,FALSE
valence,духовка,36,FALSE,35,FALSE
valence,душ,51,TRUE,35,FALSE
valence,душа,34,FALSE,35,TRUE
valence,дядько,32,FALSE,35,TRUE
valence,діарея,53,TRUE,35,FALSE
valence,дівчата,35,FALSE,35,FALSE
valence,дівчина,34,FALSE,35,TRUE
valence,дідусь,34,FALSE,35,TRUE
valence,діяльність,33,FALSE,35,TRUE
valence,еволюція,35,FALSE,35,FALSE
valence,егоїстичний,34,FALSE,35,TRUE
valence,екран,36,FALSE,35,FALSE
valence,експеримент,36,FALSE,35,FALSE
valence,експерт,33,FALSE,35,TRUE
valence,екіпаж,34,FALSE,35,TRUE
valence,елегантний,34,FALSE,35,TRUE
valence,електрика,35,FALSE,35,FALSE
valence,електричний,35,FALSE,35,FALSE
valence,елемент,35,FALSE,35,FALSE
valence,емоційний,33,FALSE,35,TRUE
valence,енергія,36,FALSE,35,FALSE
valence,ентузіазм,32,FALSE,35,TRUE
valence,епідемія,34,FALSE,35,TRUE
valence,епізод,35,FALSE,35,FALSE
valence,ескорт,34,FALSE,35,TRUE
valence,ефект,33,FALSE,35,TRUE
valence,ефективний,34,FALSE,35,TRUE
valence,жаба,36,FALSE,35,FALSE
valence,жалкий,36,FALSE,35,FALSE
valence,жалюгідний,35,FALSE,35,FALSE
valence,жарт,36,FALSE,35,FALSE
valence,жах,35,FALSE,35,FALSE
valence,жахливий,22,TRUE,35,TRUE
valence,жертва,35,FALSE,35,FALSE
valence,жест,34,FALSE,35,TRUE
valence,живий,35,FALSE,35,FALSE
valence,живопис,34,FALSE,35,TRUE
valence,жити,36,FALSE,35,FALSE
valence,жовтень,35,FALSE,35,FALSE
valence,жовтий,35,FALSE,35,FALSE
valence,жорсткий,35,FALSE,35,FALSE
valence,жорстокий,36,FALSE,35,FALSE
valence,жорстокість,33,FALSE,35,TRUE
valence,жувати,33,FALSE,35,TRUE
valence,журнал,22,TRUE,35,TRUE
valence,журналіст,35,FALSE,35,FALSE
valence,журналістика,34,FALSE,35,TRUE
valence,жінка,21,TRUE,35,TRUE
valence,жіночий,36,FALSE,35,FALSE
valence,з,35,FALSE,35,FALSE
valence,забавний,34,FALSE,35,TRUE
valence,заборонений,36,FALSE,35,FALSE
valence,забороняти,38,FALSE,35,FALSE
valence,забруднення,33,FALSE,35,TRUE
valence,забути,54,TRUE,35,FALSE
valence,заважати,35,FALSE,35,FALSE
valence,завантажувати,34,FALSE,35,TRUE
valence,завдання,36,FALSE,35,FALSE
valence,завжди,35,FALSE,35,FALSE
valence,завиток,33,FALSE,35,TRUE
valence,завод,33,FALSE,35,TRUE
valence,завтра,33,FALSE,35,TRUE
valence,загалом,34,FALSE,35,TRUE
valence,загальний,33,FALSE,35,TRUE
valence,заголовок,37,FALSE,35,FALSE
valence,загоюватися,35,FALSE,35,FALSE
valence,задоволений,35,FALSE,35,FALSE
valence,задоволення,35,FALSE,35,FALSE
valence,зазвичай,36,FALSE,35,FALSE
valence,закон,34,FALSE,35,TRUE
valence,законний,33,FALSE,35,TRUE
valence,закриття,32,FALSE,35,TRUE
valence,закуска,34,FALSE,35,TRUE
valence,закінчити,36,FALSE,35,FALSE
valence,залишати,35,FALSE,35,FALSE
valence,залучати,36,FALSE,35,FALSE
valence,залізо,34,FALSE,35,TRUE
valence,замикання,36,FALSE,35,FALSE
valence,замкнений,35,FALSE,35,FALSE
valence,замку,34,FALSE,35,TRUE
valence,замок,33,FALSE,35,TRUE
valence,заморожувати,35,FALSE,35,FALSE
valence,замінити,36,FALSE,35,FALSE
valence,замінник,34,FALSE,35,TRUE
valence,занепокоєння,34,FALSE,35,TRUE
valence,занурений,34,FALSE,35,TRUE
valence,запам'ятати,34,FALSE,35,TRUE
valence,запах,36,FALSE,35,FALSE
valence,записування,33,FALSE,35,TRUE
valence,запит,33,FALSE,35,TRUE
valence,запитання,35,FALSE,35,FALSE
valence,запитувати,36,FALSE,35,FALSE
valence,заповідник,35,FALSE,35,FALSE
valence,запустити,36,FALSE,35,FALSE
valence,зараз,35,FALSE,35,FALSE
valence,зарозумілість,35,FALSE,35,FALSE
valence,зарплата,34,FALSE,35,TRUE
valence,заручення,33,FALSE,35,TRUE
valence,заручниця,33,FALSE,35,TRUE
valence,заслуговувати,36,FALSE,35,FALSE
valence,застосовувати,36,FALSE,35,FALSE
valence,затвердження,33,FALSE,35,TRUE
valence,затверджувати,37,FALSE,35,FALSE
valence,зателефонувати,35,FALSE,35,FALSE
valence,затока,34,FALSE,35,TRUE
valence,захворювання,36,FALSE,35,FALSE
valence,захищати,21,TRUE,35,TRUE
valence,захоплюватися,34,FALSE,35,TRUE
valence,захоплюючий,33,FALSE,35,TRUE
valence,захід сонця,36,FALSE,35,FALSE
valence,західний,33,FALSE,35,TRUE
valence,зачинено,35,FALSE,35,FALSE
valence,заява,36,FALSE,35,FALSE
valence,зберігати,34,FALSE,35,TRUE
valence,збирати,35,FALSE,35,FALSE
valence,зброю,35,FALSE,35,FALSE
valence,зброя,36,FALSE,35,FALSE
valence,збуджений,33,FALSE,35,TRUE
valence,збільшити,35,FALSE,35,FALSE
valence,звичайний,35,FALSE,35,FALSE
valence,звук,20,TRUE,35,TRUE
valence,звільнення,36,FALSE,35,FALSE
valence,звір,33,FALSE,35,TRUE
valence,здатність,34,FALSE,35,TRUE
valence,здобич,34,FALSE,35,TRUE
valence,здоров'я,36,FALSE,35,FALSE
valence,здоровий,34,FALSE,35,TRUE
valence,здравствуйте,33,FALSE,35,TRUE
valence,зелений,22,TRUE,35,TRUE
valence,землетрус,37,FALSE,35,FALSE
valence,земля,33,FALSE,35,TRUE
valence,зерно,36,FALSE,35,FALSE
valence,ззаду,51,TRUE,35,FALSE
valence,зима,36,FALSE,35,FALSE
valence,зйомка,22,TRUE,35,TRUE
valence,злий,34,FALSE,35,TRUE
valence,зло,33,FALSE,35,TRUE
valence,зловмисник,34,FALSE,35,TRUE
valence,злодій,35,FALSE,35,FALSE
valence,злочинність,34,FALSE,35,TRUE
valence,змагання,35,FALSE,35,FALSE
valence,зміна,34,FALSE,35,TRUE
valence,зміст,36,FALSE,35,FALSE
valence,змія,33,FALSE,35,TRUE
valence,знав,34,FALSE,35,TRUE
valence,знак,53,TRUE,35,FALSE
valence,знаменитий,33,FALSE,35,TRUE
valence,знаменитість,34,FALSE,35,TRUE
valence,знання,34,FALSE,35,TRUE
valence,знаряддя,36,FALSE,35,FALSE
valence,знаходження,20,TRUE,35,TRUE
valence,значок,34,FALSE,35,TRUE
valence,зникнення,36,FALSE,35,FALSE
valence,зовнішній,35,FALSE,35,FALSE
valence,зола,34,FALSE,35,TRUE
valence,золотий,34,FALSE,35,TRUE
valence,зомбі,33,FALSE,35,TRUE
valence,зона,34,FALSE,35,TRUE
valence,зонд,22,TRUE,35,TRUE
valence,зоопарк,33,FALSE,35,TRUE
valence,зосереджувати,52,TRUE,35,FALSE
valence,зрадник,35,FALSE,35,FALSE
valence,зрештою,36,FALSE,35,FALSE
valence,зрозуміти,36,FALSE,35,FALSE
valence,зручний,33,FALSE,35,TRUE
valence,зрідка,33,FALSE,35,TRUE
valence,зубний,35,FALSE,35,FALSE
valence,зустріч,34,FALSE,35,TRUE
valence,зустрічатися,34,FALSE,35,TRUE
valence,зізнатися,35,FALSE,35,FALSE
valence,зірка,35,FALSE,35,FALSE
valence,ймовірно,34,FALSE,35,TRUE
valence,йога,36,FALSE,35,FALSE
valence,йти,35,FALSE,35,FALSE
valence,кабель,35,FALSE,35,FALSE
valence,кабіна,35,FALSE,35,FALSE
valence,кабінет,35,FALSE,35,FALSE
valence,кава,34,FALSE,35,TRUE
valence,кавалерія,36,FALSE,35,FALSE
valence,календар,35,FALSE,35,FALSE
valence,калібр,36,FALSE,35,FALSE
valence,камеру,35,FALSE,35,FALSE
valence,кампанія,34,FALSE,35,TRUE
valence,камінь,35,FALSE,35,FALSE
valence,канал,35,FALSE,35,FALSE
valence,кандидат,34,FALSE,35,TRUE
valence,канцлер,37,FALSE,35,FALSE
valence,капелюх,36,FALSE,35,FALSE
valence,каплиця,21,TRUE,35,TRUE
valence,капсула,36,FALSE,35,FALSE
valence,капітал,52,TRUE,35,FALSE
valence,капіталізм,37,FALSE,35,FALSE
valence,капітан,34,FALSE,35,TRUE
valence,кар'єра,34,FALSE,35,TRUE
valence,карати,34,FALSE,35,TRUE
valence,кардинал,33,FALSE,35,TRUE
valence,карнавал,35,FALSE,35,FALSE
valence,карта,35,FALSE,35,FALSE
valence,картель,34,FALSE,35,TRUE
valence,картина,35,FALSE,35,FALSE
valence,картопля,21,TRUE,35,TRUE
valence,католицький,34,FALSE,35,TRUE
valence,катування,33,FALSE,35,TRUE
valence,кафедра,34,FALSE,35,TRUE
valence,качка,34,FALSE,35,TRUE
valence,кашель,34,FALSE,35,TRUE
valence,квартал,33,FALSE,35,TRUE
valence,квартира,35,FALSE,35,FALSE
valence,квиток,34,FALSE,35,TRUE
valence,квітка,34,FALSE,35,TRUE
valence,кемпінг,34,FALSE,35,TRUE
valence,керівник,36,FALSE,35,FALSE
valence,кесар,34,FALSE,35,TRUE
valence,кетчуп,35,FALSE,35,FALSE
valence,килимок,34,FALSE,35,TRUE
valence,кисень,34,FALSE,35,TRUE
valence,кишеня,35,FALSE,35,FALSE
valence,клан,35,FALSE,35,FALSE
valence,клапан,35,FALSE,35,FALSE
valence,клас,35,FALSE,35,FALSE
valence,класичний,34,FALSE,35,TRUE
valence,клуб,33,FALSE,35,TRUE
valence,ключ,34,FALSE,35,TRUE
valence,клятва,35,FALSE,35,FALSE
valence,клініка,36,FALSE,35,FALSE
valence,клітина,37,FALSE,35,FALSE
valence,клієнт,37,FALSE,35,FALSE
valence,кмітливий,34,FALSE,35,TRUE
valence,книга,35,FALSE,35,FALSE
valence,кнопок,35,FALSE,35,FALSE
valence,князь,34,FALSE,35,TRUE
valence,ковбойський,34,FALSE,35,TRUE
valence,ковдра,35,FALSE,35,FALSE
valence,ковток,36,FALSE,35,FALSE
valence,кодекс,34,FALSE,35,TRUE
valence,кокаїн,33,FALSE,35,TRUE
valence,кола,35,FALSE,35,FALSE
valence,колега,33,FALSE,35,TRUE
valence,коледж,35,FALSE,35,FALSE
valence,колекціонувати,34,FALSE,35,TRUE
valence,коли-небудь,34,FALSE,35,TRUE
valence,колонія,33,FALSE,35,TRUE
valence,коліна,22,TRUE,35,TRUE
valence,команда,33,FALSE,35,TRUE
valence,командування,21,TRUE,35,TRUE
valence,командувач,35,FALSE,35,FALSE
valence,комаха,33,FALSE,35,TRUE
valence,комедія,21,TRUE,35,TRUE
valence,коментар,33,FALSE,35,TRUE
valence,комерційний,37,FALSE,35,FALSE
valence,комп'ютер,36,FALSE,35,FALSE
valence,компанія,34,FALSE,35,TRUE
valence,компас,38,FALSE,35,FALSE
valence,комплімент,51,TRUE,35,FALSE
valence,комуніст,33,FALSE,35,TRUE
valence,комісар,33,FALSE,35,TRUE
valence,комісія,33,FALSE,35,TRUE
valence,комітет,34,FALSE,35,TRUE
valence,конверт,36,FALSE,35,FALSE
valence,конкуренція,35,FALSE,35,FALSE
valence,консервативний,22,TRUE,35,TRUE
valence,конституція,33,FALSE,35,TRUE
valence,консультація,34,FALSE,35,TRUE
valence,консультувати,34,FALSE,35,TRUE
valence,контакт,35,FALSE,35,FALSE
valence,контроль,34,FALSE,35,TRUE
valence,конференція,34,FALSE,35,TRUE
valence,конфлікт,33,FALSE,35,TRUE
valence,конфіденційність,36,FALSE,35,FALSE
valence,концентрат,34,FALSE,35,TRUE
valence,концепція,20,TRUE,35,TRUE
valence,концерт,35,FALSE,35,FALSE
valence,коньяк,34,FALSE,35,TRUE
valence,копати,33,FALSE,35,TRUE
valence,копіювати,34,FALSE,35,TRUE
valence,корабель,33,FALSE,35,TRUE
valence,корисний,33,FALSE,35,TRUE
valence,кориця,35,FALSE,35,FALSE
valence,коричневий,34,FALSE,35,TRUE
valence,коробка,52,TRUE,35,FALSE
valence,корова,35,FALSE,35,FALSE
valence,королева,34,FALSE,35,TRUE
valence,короля,36,FALSE,35,FALSE
valence,королівство,36,FALSE,35,FALSE
valence,королівський,34,FALSE,35,TRUE
valence,корона,37,FALSE,35,FALSE
valence,короткий,35,FALSE,35,FALSE
valence,корпорація,35,FALSE,35,FALSE
valence,космонавт,32,FALSE,35,TRUE
valence,коханець,36,FALSE,35,FALSE
valence,кошик,33,FALSE,35,TRUE
valence,кошмар,35,FALSE,35,FALSE
valence,коштовність,33,FALSE,35,TRUE
valence,краватка,33,FALSE,35,TRUE
valence,крадіжка,34,FALSE,35,TRUE
valence,крамниця,37,FALSE,35,FALSE
valence,краса,35,FALSE,35,FALSE
valence,красти,33,FALSE,35,TRUE
valence,країна,33,FALSE,35,TRUE
valence,кредит,35,FALSE,35,FALSE
valence,крем,36,FALSE,35,FALSE
valence,криза,35,FALSE,35,FALSE
valence,кримінальний,35,FALSE,35,FALSE
valence,критичний,33,FALSE,35,TRUE
valence,кришка,34,FALSE,35,TRUE
valence,кров,36,FALSE,35,FALSE
valence,кролик,53,TRUE,35,FALSE
valence,круглий,35,FALSE,35,FALSE
valence,крутити,32,FALSE,35,TRUE
valence,кузен,35,FALSE,35,FALSE
valence,культура,36,FALSE,35,FALSE
valence,куля,36,FALSE,35,FALSE
valence,купувати,32,FALSE,35,TRUE
valence,куртка,22,TRUE,35,TRUE
valence,курятина,36,FALSE,35,FALSE
valence,кут,33,FALSE,35,TRUE
valence,кущ,35,FALSE,35,FALSE
valence,кілограм,36,FALSE,35,FALSE
valence,кілометр,21,TRUE,35,TRUE
valence,кількість,34,FALSE,35,TRUE
valence,кільце,54,TRUE,35,FALSE
valence,кімната,35,FALSE,35,FALSE
valence,кінець,34,FALSE,35,TRUE
valence,кінотеатр,21,TRUE,35,TRUE
valence,кінь,32,FALSE,35,TRUE
valence,кістка,37,FALSE,35,FALSE
valence,кішка,34,FALSE,35,TRUE
valence,лазанья,20,TRUE,35,TRUE
valence,лампа,20,TRUE,35,TRUE
valence,ланцюг,34,FALSE,35,TRUE
valence,лев,35,FALSE,35,FALSE
valence,легенда,35,FALSE,35,FALSE
valence,легкий,35,FALSE,35,FALSE
valence,легіон,36,FALSE,35,FALSE
valence,леді,36,FALSE,35,FALSE
valence,лежати,35,FALSE,35,FALSE
valence,лейтенант,35,FALSE,35,FALSE
valence,лекція,36,FALSE,35,FALSE
valence,лесбійський,33,FALSE,35,TRUE
valence,лестити,21,TRUE,35,TRUE
valence,лизати,33,FALSE,35,TRUE
valence,лимонад,21,TRUE,35,TRUE
valence,липень,34,FALSE,35,TRUE
valence,лисиця,35,FALSE,35,FALSE
valence,листопад,53,TRUE,35,FALSE
valence,лихоманка,34,FALSE,35,TRUE
valence,лобстер,35,FALSE,35,FALSE
valence,ложка,35,FALSE,35,FALSE
valence,лопатись,35,FALSE,35,FALSE
valence,лорд,20,TRUE,35,TRUE
valence,лояльний,35,FALSE,35,FALSE
valence,лояльність,36,FALSE,35,FALSE
valence,любов,35,FALSE,35,FALSE
valence,люди,35,FALSE,35,FALSE
valence,людина,20,TRUE,35,TRUE
valence,людський,32,FALSE,35,TRUE
valence,лють,32,FALSE,35,TRUE
valence,лякати,37,FALSE,35,FALSE
valence,лялька,37,FALSE,35,FALSE
valence,ліберальний,36,FALSE,35,FALSE
valence,ліворуч,34,FALSE,35,TRUE
valence,ліга,34,FALSE,35,TRUE
valence,лідер,36,FALSE,35,FALSE
valence,ліжка,36,FALSE,35,FALSE
valence,лікарня,20,TRUE,35,TRUE
valence,ліки,36,FALSE,35,FALSE
valence,лікування,34,FALSE,35,TRUE
valence,лімузин,37,FALSE,35,FALSE
valence,лін,35,FALSE,35,FALSE
valence,ліс,37,FALSE,35,FALSE
valence,літати,34,FALSE,35,TRUE
valence,література,33,FALSE,35,TRUE
valence,літній,37,FALSE,35,FALSE
valence,м'яз,36,FALSE,35,FALSE
valence,м'який,35,FALSE,35,FALSE
valence,м'ясо,36,FALSE,35,FALSE
valence,мабуть,36,FALSE,35,FALSE
valence,мавпа,35,FALSE,35,FALSE
valence,магазин,33,FALSE,35,TRUE
valence,магнітний,35,FALSE,35,FALSE
valence,магія,35,FALSE,35,FALSE
valence,майбутнє,22,TRUE,35,TRUE
valence,майно,36,FALSE,35,FALSE
valence,майонез,36,FALSE,35,FALSE
valence,максимальний,35,FALSE,35,FALSE
valence,малий,34,FALSE,35,TRUE
valence,мало,33,FALSE,35,TRUE
valence,малювати,36,FALSE,35,FALSE
valence,маля,33,FALSE,35,TRUE
valence,мама,33,FALSE,35,TRUE
valence,маніпулювати,22,TRUE,35,TRUE
valence,марафон,34,FALSE,35,TRUE
valence,марка,35,FALSE,35,FALSE
valence,маркетинг,33,FALSE,35,TRUE
valence,марний,36,FALSE,35,FALSE
valence,марс,34,FALSE,35,TRUE
valence,маршрут,51,TRUE,35,FALSE
valence,масаж,34,FALSE,35,TRUE
valence,масло,36,FALSE,35,FALSE
valence,математика,35,FALSE,35,FALSE
valence,матерія,34,FALSE,35,TRUE
valence,матрос,22,TRUE,35,TRUE
valence,матч,34,FALSE,35,TRUE
valence,мафія,19,TRUE,35,TRUE
valence,машина,22,TRUE,35,TRUE
valence,мед,33,FALSE,35,TRUE
valence,медаль,33,FALSE,35,TRUE
valence,медальйон,34,FALSE,35,TRUE
valence,медичний,37,FALSE,35,FALSE
valence,менеджмент,33,FALSE,35,TRUE
valence,мера,35,FALSE,35,FALSE
valence,мережа,22,TRUE,35,TRUE
valence,мертвий,34,FALSE,35,TRUE
valence,металевий,35,FALSE,35,FALSE
valence,метелик,35,FALSE,35,FALSE
valence,метод,33,FALSE,35,TRUE
valence,метр,34,FALSE,35,TRUE
valence,механічний,37,FALSE,35,FALSE
valence,меч,21,TRUE,35,TRUE
valence,милий,34,FALSE,35,TRUE
valence,милосердя,36,FALSE,35,FALSE
valence,миля,35,FALSE,35,FALSE
valence,минуле,33,FALSE,35,TRUE
valence,мистецтво,35,FALSE,35,FALSE
valence,мити,38,FALSE,35,FALSE
valence,миша,35,FALSE,35,FALSE
valence,мовчазний,34,FALSE,35,TRUE
valence,мовчання,36,FALSE,35,FALSE
valence,могила,34,FALSE,35,TRUE
valence,модель,35,FALSE,35,FALSE
valence,модний,35,FALSE,35,FALSE
valence,може бути,34,FALSE,35,TRUE
valence,можливість,35,FALSE,35,FALSE
valence,мозок,36,FALSE,35,FALSE
valence,мокрий,33,FALSE,35,TRUE
valence,молодий,36,FALSE,35,FALSE
valence,молодший,37,FALSE,35,FALSE
valence,молодь,54,TRUE,35,FALSE
valence,молоток,33,FALSE,35,TRUE
valence,молочний,21,TRUE,35,TRUE
valence,монастир,35,FALSE,35,FALSE
valence,монах,21,TRUE,35,TRUE
valence,монстр,20,TRUE,35,TRUE
valence,монтаж,32,FALSE,35,TRUE
valence,монітор,20,TRUE,35,TRUE
valence,море,36,FALSE,35,FALSE
valence,морський,36,FALSE,35,FALSE
valence,морфін,35,FALSE,35,FALSE
valence,мотель,34,FALSE,35,TRUE
valence,мотив,34,FALSE,35,TRUE
valence,моторошний,35,FALSE,35,FALSE
valence,мотузка,34,FALSE,35,TRUE
valence,мрія,34,FALSE,35,TRUE
valence,мужність,34,FALSE,35,TRUE
valence,музей,34,FALSE,35,TRUE
valence,музика,36,FALSE,35,FALSE
valence,музикант,35,FALSE,35,FALSE
valence,мурашка,51,TRUE,35,FALSE
valence,мутація,34,FALSE,35,TRUE
valence,мучити,36,FALSE,35,FALSE
valence,міжнародний,32,FALSE,35,TRUE
valence,мікроскоп,35,FALSE,35,FALSE
valence,мікрофон,21,TRUE,35,TRUE
valence,мільйон,37,FALSE,35,FALSE
valence,мільйонер,35,FALSE,35,FALSE
valence,мільярд,36,FALSE,35,FALSE
valence,мін,35,FALSE,35,FALSE
valence,мінус,33,FALSE,35,TRUE
valence,мінімальний,36,FALSE,35,FALSE
valence,міністерство,35,FALSE,35,FALSE
valence,міністр,37,FALSE,35,FALSE
valence,міст,36,FALSE,35,FALSE
valence,містити,33,FALSE,35,TRUE
valence,місто,35,FALSE,35,FALSE
valence,місце,34,FALSE,35,TRUE
valence,місцевий,33,FALSE,35,TRUE
valence,місяць,35,FALSE,35,FALSE
valence,місячний,36,FALSE,35,FALSE
valence,місія,33,FALSE,35,TRUE
valence,міф,37,FALSE,35,FALSE
valence,міцний,35,FALSE,35,FALSE
valence,міцно,34,FALSE,35,TRUE
valence,міць,34,FALSE,35,TRUE
valence,мішок,35,FALSE,35,FALSE
valence,навантаження,22,TRUE,35,TRUE
valence,навколо,36,FALSE,35,FALSE
valence,навмисно,34,FALSE,35,TRUE
valence,навпаки,33,FALSE,35,TRUE
valence,навчати,36,FALSE,35,FALSE
valence,навчатися,35,FALSE,35,FALSE
valence,навігація,34,FALSE,35,TRUE
valence,нагорода,34,FALSE,35,TRUE
valence,надавати,34,FALSE,35,TRUE
valence,надзвичайний,33,FALSE,35,TRUE
valence,надзвичайно,36,FALSE,35,FALSE
valence,надихати,35,FALSE,35,FALSE
valence,надприродливий,35,FALSE,35,FALSE
valence,надсилати,33,FALSE,35,TRUE
valence,надія,34,FALSE,35,TRUE
valence,назавжди,33,FALSE,35,TRUE
valence,назва,33,FALSE,35,TRUE
valence,назовні,35,FALSE,35,FALSE
valence,наймання,33,FALSE,35,TRUE
valence,налякати,35,FALSE,35,FALSE
valence,намисто,35,FALSE,35,FALSE
valence,намір,36,FALSE,35,FALSE
valence,написання,34,FALSE,35,TRUE
valence,наречена,34,FALSE,35,TRUE
valence,наречений,35,FALSE,35,FALSE
valence,нарешті,33,FALSE,35,TRUE
valence,народ,35,FALSE,35,FALSE
valence,народження,33,FALSE,35,TRUE
valence,населення,37,FALSE,35,FALSE
valence,насос,35,FALSE,35,FALSE
valence,насправді,36,FALSE,35,FALSE
valence,натовп,20,TRUE,35,TRUE
valence,натхнення,35,FALSE,35,FALSE
valence,наука,34,FALSE,35,TRUE
valence,національний,33,FALSE,35,TRUE
valence,наємник,35,FALSE,35,FALSE
valence,наївний,36,FALSE,35,FALSE
valence,небезпека,34,FALSE,35,TRUE
valence,небезпечний,34,FALSE,35,TRUE
valence,небесний,35,FALSE,35,FALSE
valence,небо,35,FALSE,35,FALSE
valence,невдаха,22,TRUE,35,TRUE
valence,невинний,20,TRUE,35,TRUE
valence,невідомий,34,FALSE,35,TRUE
valence,негативний,33,FALSE,35,TRUE
valence,недооцінювати,35,FALSE,35,FALSE
valence,неділя,34,FALSE,35,TRUE
valence,незаконний,34,FALSE,35,TRUE
valence,незвичайний,34,FALSE,35,TRUE
valence,нездатний,36,FALSE,35,FALSE
valence,нездатність,34,FALSE,35,TRUE
valence,нездоровий,35,FALSE,35,FALSE
valence,незнання,33,FALSE,35,TRUE
valence,незручний,36,FALSE,35,FALSE
valence,неможливий,33,FALSE,35,TRUE
valence,ненависть,34,FALSE,35,TRUE
valence,необхідний,33,FALSE,35,TRUE
valence,неправедність,33,FALSE,35,TRUE
valence,неправильний,35,FALSE,35,FALSE
valence,неприємний,36,FALSE,35,FALSE
valence,неприємність,35,FALSE,35,FALSE
valence,нервовий,35,FALSE,35,FALSE
valence,нерозумний,35,FALSE,35,FALSE
valence,несподівано,34,FALSE,35,TRUE
valence,несправедливість,35,FALSE,35,FALSE
valence,нещасний,36,FALSE,35,FALSE
valence,нещастя,34,FALSE,35,TRUE
valence,нещодавно,35,FALSE,35,FALSE
valence,нижній,35,FALSE,35,FALSE
valence,низький,35,FALSE,35,FALSE
valence,нирка,51,TRUE,35,FALSE
valence,нова,36,FALSE,35,FALSE
valence,новини,21,TRUE,35,TRUE
valence,нормальний,22,TRUE,35,TRUE
valence,нормально,35,FALSE,35,FALSE
valence,нос,22,TRUE,35,TRUE
valence,нудота,34,FALSE,35,TRUE
valence,няня,36,FALSE,35,FALSE
valence,ніж,35,FALSE,35,FALSE
valence,ніжний,36,FALSE,35,FALSE
valence,ніколи,20,TRUE,35,TRUE
valence,нікчемний,35,FALSE,35,FALSE
valence,ніндзя,34,FALSE,35,TRUE
valence,ніч,36,FALSE,35,FALSE
valence,ніщо,33,FALSE,35,TRUE
valence,об'єкт,35,FALSE,35,FALSE
valence,обвинувачення,33,FALSE,35,TRUE
valence,обговорення,35,FALSE,35,FALSE
valence,обирати,33,FALSE,35,TRUE
valence,обладнання,33,FALSE,35,TRUE
valence,обладнувати,34,FALSE,35,TRUE
valence,обов'язок,33,FALSE,35,TRUE
valence,ображати,35,FALSE,35,FALSE
valence,образливість,35,FALSE,35,FALSE
valence,обслуговування,35,FALSE,35,FALSE
valence,обстеження,34,FALSE,35,TRUE
valence,обід,37,FALSE,35,FALSE
valence,обіймати,33,FALSE,35,TRUE
valence,обіцянка,34,FALSE,35,TRUE
valence,огидний,34,FALSE,35,TRUE
valence,оголений,35,FALSE,35,FALSE
valence,один,32,FALSE,35,TRUE
valence,одиночний,37,FALSE,35,FALSE
valence,одкровення,33,FALSE,35,TRUE
valence,одружений,35,FALSE,35,FALSE
valence,озеро,36,FALSE,35,FALSE
valence,океан,21,TRUE,35,TRUE
valence,око,33,FALSE,35,TRUE
valence,округ,36,FALSE,35,FALSE
valence,окуляри,35,FALSE,35,FALSE
valence,оновити,20,TRUE,35,TRUE
valence,онук,36,FALSE,35,FALSE
valence,оперативний,34,FALSE,35,TRUE
valence,опис,35,FALSE,35,FALSE
valence,описувати,36,FALSE,35,FALSE
valence,опонент,35,FALSE,35,FALSE
valence,оптимістичний,35,FALSE,35,FALSE
valence,опівдні,35,FALSE,35,FALSE
valence,опівночі,53,TRUE,35,FALSE
valence,опір,34,FALSE,35,TRUE
valence,орбіта,35,FALSE,35,FALSE
valence,оргазм,22,TRUE,35,TRUE
valence,організувати,34,FALSE,35,TRUE
valence,орендар,37,FALSE,35,FALSE
valence,орендодавець,33,FALSE,35,TRUE
valence,орендувати,35,FALSE,35,FALSE
valence,оригінальний,35,FALSE,35,FALSE
valence,оркестр,20,TRUE,35,TRUE
valence,освіта,35,FALSE,35,FALSE
valence,осел,34,FALSE,35,TRUE
valence,особистий,52,TRUE,35,FALSE
valence,особистість,52,TRUE,35,FALSE
valence,особливий,35,FALSE,35,FALSE
valence,остання,36,FALSE,35,FALSE
valence,останній,34,FALSE,35,TRUE
valence,остаточний,34,FALSE,35,TRUE
valence,осінь,32,FALSE,35,TRUE
valence,отворити,51,TRUE,35,FALSE
valence,отрута,34,FALSE,35,TRUE
valence,офіс,33,FALSE,35,TRUE
valence,офіціант,36,FALSE,35,FALSE
valence,офіціантка,36,FALSE,35,FALSE
valence,офіційний,33,FALSE,35,TRUE
valence,офіційно,32,FALSE,35,TRUE
valence,охоронець,35,FALSE,35,FALSE
valence,оцінка,35,FALSE,35,FALSE
valence,оцінювати,36,FALSE,35,FALSE
valence,очевидно,22,TRUE,35,TRUE
valence,очікувати,35,FALSE,35,FALSE
valence,п'яний,36,FALSE,35,FALSE
valence,паб,35,FALSE,35,FALSE
valence,павук,34,FALSE,35,TRUE
valence,павутина,33,FALSE,35,TRUE
valence,пагорб,35,FALSE,35,FALSE
valence,падіння,35,FALSE,35,FALSE
valence,пакет,36,FALSE,35,FALSE
valence,палац,36,FALSE,35,FALSE
valence,палець,35,FALSE,35,FALSE
valence,паливо,36,FALSE,35,FALSE
valence,палиця,34,FALSE,35,TRUE
valence,палуба,20,TRUE,35,TRUE
valence,пам'ятник,33,FALSE,35,TRUE
valence,папа,35,FALSE,35,FALSE
valence,папір,35,FALSE,35,FALSE
valence,параграф,36,FALSE,35,FALSE
valence,параметр,35,FALSE,35,FALSE
valence,паранормальний,35,FALSE,35,FALSE
valence,параноїдальний,33,FALSE,35,TRUE
valence,паркан,34,FALSE,35,TRUE
valence,парламент,32,FALSE,35,TRUE
valence,пароль,37,FALSE,35,FALSE
valence,партія,35,FALSE,35,FALSE
valence,парфуми,35,FALSE,35,FALSE
valence,пасажирський,36,FALSE,35,FALSE
valence,паспорт,35,FALSE,35,FALSE
valence,пастка,32,FALSE,35,TRUE
valence,патруль,35,FALSE,35,FALSE
valence,пацюк,22,TRUE,35,TRUE
valence,пекло,35,FALSE,35,FALSE
valence,пенсія,34,FALSE,35,TRUE
valence,пеніс,35,FALSE,35,FALSE
valence,первинний,32,FALSE,35,TRUE
valence,перебування,33,FALSE,35,TRUE
valence,перебільшувати,36,FALSE,35,FALSE
valence,передавач,35,FALSE,35,FALSE
valence,передача,36,FALSE,35,FALSE
valence,перемога,35,FALSE,35,FALSE
valence,переможець,34,FALSE,35,TRUE
valence,перерва,36,FALSE,35,FALSE
valence,переривати,32,FALSE,35,TRUE
valence,переслідувати,35,FALSE,35,FALSE
valence,перешкода,36,FALSE,35,FALSE
valence,периметр,36,FALSE,35,FALSE
valence,перспективний,36,FALSE,35,FALSE
valence,період,35,FALSE,35,FALSE
valence,печатка,33,FALSE,35,TRUE
valence,печінка,34,FALSE,35,TRUE
valence,пиво,35,FALSE,35,FALSE
valence,пил,36,FALSE,35,FALSE
valence,пильний,33,FALSE,35,TRUE
valence,писати,35,FALSE,35,FALSE
valence,письменник,37,FALSE,35,FALSE
valence,пити,34,FALSE,35,TRUE
valence,плавати,34,FALSE,35,TRUE
valence,планета,35,FALSE,35,FALSE
valence,планування,37,FALSE,35,FALSE
valence,планувати,34,FALSE,35,TRUE
valence,пластик,36,FALSE,35,FALSE
valence,платформа,35,FALSE,35,FALSE
valence,плейбой,33,FALSE,35,TRUE
valence,племінник,33,FALSE,35,TRUE
valence,плече,36,FALSE,35,FALSE
valence,площа,36,FALSE,35,FALSE
valence,плюс,54,TRUE,35,FALSE
valence,пляжний,36,FALSE,35,FALSE
valence,пляшка,36,FALSE,35,FALSE
valence,плітки,34,FALSE,35,TRUE
valence,пов'язувати,35,FALSE,35,FALSE
valence,повага,37,FALSE,35,FALSE
valence,повертатися,36,FALSE,35,FALSE
valence,поверхня,35,FALSE,35,FALSE
valence,повний,36,FALSE,35,FALSE
valence,повністю,34,FALSE,35,TRUE
valence,поворот,34,FALSE,35,TRUE
valence,повідомлення,35,FALSE,35,FALSE
valence,повідомляти,34,FALSE,35,TRUE
valence,повільний,32,FALSE,35,TRUE
valence,повільно,35,FALSE,35,FALSE
valence,повітря,35,FALSE,35,FALSE
valence,поганий,20,TRUE,35,TRUE
valence,погляд,35,FALSE,35,FALSE
valence,пограбування,34,FALSE,35,TRUE
valence,подвійний,33,FALSE,35,TRUE
valence,подивитися,21,TRUE,35,TRUE
valence,подяка,37,FALSE,35,FALSE
valence,подія,33,FALSE,35,TRUE
valence,поема,35,FALSE,35,FALSE
valence,поет,33,FALSE,35,TRUE
valence,пожежа,34,FALSE,35,TRUE
valence,пожертвування,35,FALSE,35,FALSE
valence,позбавлення волі,35,FALSE,35,FALSE
valence,позитивний,33,FALSE,35,TRUE
valence,позиція,35,FALSE,35,FALSE
valence,показувати,36,FALSE,35,FALSE
valence,покер,36,FALSE,35,FALSE
valence,покладати,34,FALSE,35,TRUE
valence,покоївка,36,FALSE,35,FALSE
valence,покривати,32,FALSE,35,TRUE
valence,покупець,35,FALSE,35,FALSE
valence,поле бою,34,FALSE,35,TRUE
valence,полк,35,FALSE,35,FALSE
valence,полковник,36,FALSE,35,FALSE
valence,половина,37,FALSE,35,FALSE
valence,полум'я,34,FALSE,35,TRUE
valence,полуниця,36,FALSE,35,FALSE
valence,полювання,32,FALSE,35,TRUE
valence,поліпшення,34,FALSE,35,TRUE
valence,політ,35,FALSE,35,FALSE
valence,політик,34,FALSE,35,TRUE
valence,політика,33,FALSE,35,TRUE
valence,політичний,19,TRUE,35,TRUE
valence,помада,33,FALSE,35,TRUE
valence,помаранчевий,21,TRUE,35,TRUE
valence,померти,35,FALSE,35,FALSE
valence,помилка,34,FALSE,35,TRUE
valence,помилковий,36,FALSE,35,FALSE
valence,помститися,35,FALSE,35,FALSE
valence,помідор,34,FALSE,35,TRUE
valence,помічник,33,FALSE,35,TRUE
valence,понеділок,52,TRUE,35,FALSE
valence,попит,36,FALSE,35,FALSE
valence,попряма,34,FALSE,35,TRUE
valence,популярний,35,FALSE,35,FALSE
valence,поразка,36,FALSE,35,FALSE
valence,порно,32,FALSE,35,TRUE
valence,порожній,36,FALSE,35,FALSE
valence,порох,34,FALSE,35,TRUE
valence,портал,35,FALSE,35,FALSE
valence,портфель,36,FALSE,35,FALSE
valence,порядок,34,FALSE,35,TRUE
valence,порятунок,35,FALSE,35,FALSE
valence,посадка,33,FALSE,35,TRUE
valence,посла,34,FALSE,35,TRUE
valence,посольство,35,FALSE,35,FALSE
valence,постріл,35,FALSE,35,FALSE
valence,постійно,35,FALSE,35,FALSE
valence,потворний,34,FALSE,35,TRUE
valence,потенціал,54,TRUE,35,FALSE
valence,потреба,36,FALSE,35,FALSE
valence,потрійний,37,FALSE,35,FALSE
valence,потужність,35,FALSE,35,FALSE
valence,потяг,34,FALSE,35,TRUE
valence,потік,20,TRUE,35,TRUE
valence,похибка,35,FALSE,35,FALSE
valence,поховати,20,TRUE,35,TRUE
valence,похоронний,33,FALSE,35,TRUE
valence,поцілунок,36,FALSE,35,FALSE
valence,почути,35,FALSE,35,FALSE
valence,пошта,36,FALSE,35,FALSE
valence,пошук,33,FALSE,35,TRUE
valence,пояснення,35,FALSE,35,FALSE
valence,поєднання,33,FALSE,35,TRUE
valence,правдоподібний,35,FALSE,35,FALSE
valence,правий,35,FALSE,35,FALSE
valence,правила,35,FALSE,35,FALSE
valence,правильний,35,FALSE,35,FALSE
valence,практика,35,FALSE,35,FALSE
valence,практично,21,TRUE,35,TRUE
valence,прапор,33,FALSE,35,TRUE
valence,працювати,35,FALSE,35,FALSE
valence,праця,36,FALSE,35,FALSE
valence,предмет,35,FALSE,35,FALSE
valence,президент,35,FALSE,35,FALSE
valence,прес,33,FALSE,35,TRUE
valence,престол,35,FALSE,35,FALSE
valence,прибути,35,FALSE,35,FALSE
valence,прибуток,35,FALSE,35,FALSE
valence,прибуття,36,FALSE,35,FALSE
valence,привабливий,35,FALSE,35,FALSE
valence,приватний,37,FALSE,35,FALSE
valence,привілей,37,FALSE,35,FALSE
valence,привітати,33,FALSE,35,TRUE
valence,приз,37,FALSE,35,FALSE
valence,призначення,36,FALSE,35,FALSE
valence,приймати,33,FALSE,35,TRUE
valence,прийом,35,FALSE,35,FALSE
valence,приклад,34,FALSE,35,TRUE
valence,прилад,33,FALSE,35,TRUE
valence,приманка,33,FALSE,35,TRUE
valence,приносити,34,FALSE,35,TRUE
valence,принцеса,35,FALSE,35,FALSE
valence,припущення,35,FALSE,35,FALSE
valence,природний,34,FALSE,35,TRUE
valence,природно,34,FALSE,35,TRUE
valence,пристойний,21,TRUE,35,TRUE
valence,пристрасть,35,FALSE,35,FALSE
valence,присутність,33,FALSE,35,TRUE
valence,присягати,33,FALSE,35,TRUE
valence,притулок,32,FALSE,35,TRUE
valence,приходити,34,FALSE,35,TRUE
valence,причина,35,FALSE,35,FALSE
valence,причіп,35,FALSE,35,FALSE
valence,приємний,33,FALSE,35,TRUE
valence,про,36,FALSE,35,FALSE
valence,проблема,20,TRUE,35,TRUE
valence,провал,35,FALSE,35,FALSE
valence,програма,33,FALSE,35,TRUE
valence,програмне забезпечення,53,TRUE,35,FALSE
valence,прогрес,34,FALSE,35,TRUE
valence,прогулянка,35,FALSE,35,FALSE
valence,продавати,33,FALSE,35,TRUE
valence,продавець,36,FALSE,35,FALSE
valence,продаж,37,FALSE,35,FALSE
valence,продовжувати,33,FALSE,35,TRUE
valence,продукт,36,FALSE,35,FALSE
valence,продукти,55,TRUE,35,FALSE
valence,продуктивність,35,FALSE,35,FALSE
valence,проект,33,FALSE,35,TRUE
valence,прокляття,35,FALSE,35,FALSE
valence,проковтнути,34,FALSE,35,TRUE
valence,прокурор,34,FALSE,35,TRUE
valence,проповідь,34,FALSE,35,TRUE
valence,пропозиція,36,FALSE,35,FALSE
valence,пропонувати,36,FALSE,35,FALSE
valence,проспект,53,TRUE,35,FALSE
valence,простий,33,FALSE,35,TRUE
valence,просто,35,FALSE,35,FALSE
valence,протест,22,TRUE,35,TRUE
valence,протокол,32,FALSE,35,TRUE
valence,прототип,34,FALSE,35,TRUE
valence,професор,34,FALSE,35,TRUE
valence,професійний,36,FALSE,35,FALSE
valence,профіль,52,TRUE,35,FALSE
valence,прохолодний,35,FALSE,35,FALSE
valence,процедура,35,FALSE,35,FALSE
valence,процес,32,FALSE,35,TRUE
valence,прощати,33,FALSE,35,TRUE
valence,прощення,34,FALSE,35,TRUE
valence,прямий,53,TRUE,35,FALSE
valence,прізвище,34,FALSE,35,TRUE
valence,псевдонім,34,FALSE,35,TRUE
valence,психологічний,36,FALSE,35,FALSE
valence,психологія,35,FALSE,35,FALSE
valence,психічний,36,FALSE,35,FALSE
valence,птах,35,FALSE,35,FALSE
valence,пульс,34,FALSE,35,TRUE
valence,пустеля,21,TRUE,35,TRUE
valence,пухлина,34,FALSE,35,TRUE
valence,піаніно,35,FALSE,35,FALSE
valence,південний,34,FALSE,35,TRUE
valence,північний,34,FALSE,35,TRUE
valence,підводний човен,36,FALSE,35,FALSE
valence,підготовка,33,FALSE,35,TRUE
valence,підготувати,36,FALSE,35,FALSE
valence,підйом,32,FALSE,35,TRUE
valence,підключення,34,FALSE,35,TRUE
valence,підлога,35,FALSE,35,FALSE
valence,підлітковий,33,FALSE,35,TRUE
valence,підліток,36,FALSE,35,FALSE
valence,підозрювати,34,FALSE,35,TRUE
valence,підпис,20,TRUE,35,TRUE
valence,підприємець,34,FALSE,35,TRUE
valence,підробка,34,FALSE,35,TRUE
valence,підрозділ,34,FALSE,35,TRUE
valence,підсумок,35,FALSE,35,FALSE
valence,підтвердження,33,FALSE,35,TRUE
valence,підтверджувати,34,FALSE,35,TRUE
valence,підтримка,33,FALSE,35,TRUE
valence,підтримувати,36,FALSE,35,FALSE
valence,пізно,21,TRUE,35,TRUE
valence,пікнік,34,FALSE,35,TRUE
valence,пілот,34,FALSE,35,TRUE
valence,пінг,36,FALSE,35,FALSE
valence,піраміда,33,FALSE,35,TRUE
valence,піратський,34,FALSE,35,TRUE
valence,пісня,33,FALSE,35,TRUE
valence,пісок,34,FALSE,35,TRUE
valence,пістолет,35,FALSE,35,FALSE
valence,піхва,35,FALSE,35,FALSE
valence,піч,37,FALSE,35,FALSE
valence,раб,33,FALSE,35,TRUE
valence,равлик,32,FALSE,35,TRUE
valence,радар,37,FALSE,35,FALSE
valence,радіо,36,FALSE,35,FALSE
valence,радість,33,FALSE,35,TRUE
valence,радіус,36,FALSE,35,FALSE
valence,рай,36,FALSE,35,FALSE
valence,район,34,FALSE,35,TRUE
valence,рак,33,FALSE,35,TRUE
valence,ракета,34,FALSE,35,TRUE
valence,ракетний,35,FALSE,35,FALSE
valence,раковина,34,FALSE,35,TRUE
valence,рана,32,FALSE,35,TRUE
valence,рано,34,FALSE,35,TRUE
valence,ранок,34,FALSE,35,TRUE
valence,раноподібний,36,FALSE,35,FALSE
valence,раптом,54,TRUE,35,FALSE
valence,расист,36,FALSE,35,FALSE
valence,рахувати,34,FALSE,35,TRUE
valence,реагувати,36,FALSE,35,FALSE
valence,реактор,34,FALSE,35,TRUE
valence,реальний,35,FALSE,35,FALSE
valence,реальність,35,FALSE,35,FALSE
valence,реалістичний,33,FALSE,35,TRUE
valence,ревнивий,34,FALSE,35,TRUE
valence,регіональний,34,FALSE,35,TRUE
valence,результат,36,FALSE,35,FALSE
valence,реклама,35,FALSE,35,FALSE
valence,рекомендувати,33,FALSE,35,TRUE
valence,рекорд,36,FALSE,35,FALSE
valence,релігія,34,FALSE,35,TRUE
valence,ремонт,33,FALSE,35,TRUE
valence,репортер,37,FALSE,35,FALSE
valence,репутація,36,FALSE,35,FALSE
valence,ресторан,37,FALSE,35,FALSE
valence,речення,33,FALSE,35,TRUE
valence,риба,35,FALSE,35,FALSE
valence,риболовля,34,FALSE,35,TRUE
valence,ризик,35,FALSE,35,FALSE
valence,ризикований,36,FALSE,35,FALSE
valence,рим,33,FALSE,35,TRUE
valence,римський,35,FALSE,35,FALSE
valence,ритм,35,FALSE,35,FALSE
valence,ритуальний,34,FALSE,35,TRUE
valence,робити,21,TRUE,35,TRUE
valence,робот,35,FALSE,35,FALSE
valence,робота,34,FALSE,35,TRUE
valence,робітник,36,FALSE,35,FALSE
valence,родео,22,TRUE,35,TRUE
valence,родитель,33,FALSE,35,TRUE
valence,розбити,35,FALSE,35,FALSE
valence,розвал,35,FALSE,35,FALSE
valence,розвиток,21,TRUE,35,TRUE
valence,розглядати,36,FALSE,35,FALSE
valence,розділ,34,FALSE,35,TRUE
valence,розклад,37,FALSE,35,FALSE
valence,розлучення,36,FALSE,35,FALSE
valence,розмова,34,FALSE,35,TRUE
valence,розмовляти,35,FALSE,35,FALSE
valence,розмір,36,FALSE,35,FALSE
valence,розповідати,35,FALSE,35,FALSE
valence,розраховувати,36,FALSE,35,FALSE
valence,розрив,35,FALSE,35,FALSE
valence,розрізати,22,TRUE,35,TRUE
valence,розслідувати,34,FALSE,35,TRUE
valence,розташування,36,FALSE,35,FALSE
valence,розтопити,53,TRUE,35,FALSE
valence,розумний,34,FALSE,35,TRUE
valence,розчарування,33,FALSE,35,TRUE
valence,рок,34,FALSE,35,TRUE
valence,ром,20,TRUE,35,TRUE
valence,романтичний,35,FALSE,35,FALSE
valence,ромео,35,FALSE,35,FALSE
valence,рослина,53,TRUE,35,FALSE
valence,рот,22,TRUE,35,TRUE
valence,руйнування,36,FALSE,35,FALSE
valence,рухатися,50,TRUE,35,FALSE
valence,ручка,35,FALSE,35,FALSE
valence,ручний,35,FALSE,35,FALSE
valence,рушник,35,FALSE,35,FALSE
valence,рятівник,35,FALSE,35,FALSE
valence,рівномірний,36,FALSE,35,FALSE
valence,ріг,38,FALSE,35,FALSE
valence,рідина,35,FALSE,35,FALSE
valence,рідко,35,FALSE,35,FALSE
valence,різдвяний,35,FALSE,35,FALSE
valence,річка,35,FALSE,35,FALSE
valence,саботаж,34,FALSE,35,TRUE
valence,салат,20,TRUE,35,TRUE
valence,самогубство,34,FALSE,35,TRUE
valence,самотній,34,FALSE,35,TRUE
valence,самурай,32,FALSE,35,TRUE
valence,сантиметр,34,FALSE,35,TRUE
valence,свинина,34,FALSE,35,TRUE
valence,свиня,35,FALSE,35,FALSE
valence,свисток,36,FALSE,35,FALSE
valence,свобода,36,FALSE,35,FALSE
valence,свято,34,FALSE,35,TRUE
valence,священик,33,FALSE,35,TRUE
valence,свідок,34,FALSE,35,TRUE
valence,свідчення,21,TRUE,35,TRUE
valence,свіжий,35,FALSE,35,FALSE
valence,світ,34,FALSE,35,TRUE
valence,світанок,34,FALSE,35,TRUE
valence,свічка,36,FALSE,35,FALSE
valence,сейф,20,TRUE,35,TRUE
valence,секретар,35,FALSE,35,FALSE
valence,секретний,35,FALSE,35,FALSE
valence,сексуальний,35,FALSE,35,FALSE
valence,село,34,FALSE,35,TRUE
valence,семінар,37,FALSE,35,FALSE
valence,сенат,34,FALSE,35,TRUE
valence,сенатор,35,FALSE,35,FALSE
valence,сенс,34,FALSE,35,TRUE
valence,сенсаційний,35,FALSE,35,FALSE
valence,середовище,22,TRUE,35,TRUE
valence,сержант,34,FALSE,35,TRUE
valence,серія,36,FALSE,35,FALSE
valence,сестра,36,FALSE,35,FALSE
valence,сеча,34,FALSE,35,TRUE
valence,сигара,35,FALSE,35,FALSE
valence,сигарета,34,FALSE,35,TRUE
valence,сигнал,35,FALSE,35,FALSE
valence,сигналізація,34,FALSE,35,TRUE
valence,сидіти,35,FALSE,35,FALSE
valence,сила,36,FALSE,35,FALSE
valence,сильний,20,TRUE,35,TRUE
valence,сильно,33,FALSE,35,TRUE
valence,символ,35,FALSE,35,FALSE
valence,симптом,35,FALSE,35,FALSE
valence,син,34,FALSE,35,TRUE
valence,синдром,33,FALSE,35,TRUE
valence,синяк,35,FALSE,35,FALSE
valence,синій,34,FALSE,35,TRUE
valence,сир,35,FALSE,35,FALSE
valence,сиріт,35,FALSE,35,FALSE
valence,система,35,FALSE,35,FALSE
valence,ситуація,37,FALSE,35,FALSE
valence,сказати,34,FALSE,35,TRUE
valence,скандал,37,FALSE,35,FALSE
valence,скарбниця,36,FALSE,35,FALSE
valence,скарга,35,FALSE,35,FALSE
valence,склянка,35,FALSE,35,FALSE
valence,скорочувати,22,TRUE,35,TRUE
valence,скромний,34,FALSE,35,TRUE
valence,слабкий,34,FALSE,35,TRUE
valence,слава,35,FALSE,35,FALSE
valence,славний,36,FALSE,35,FALSE
valence,словник,36,FALSE,35,FALSE
valence,слово,35,FALSE,35,FALSE
valence,слуга,34,FALSE,35,TRUE
valence,служба,35,FALSE,35,FALSE
valence,слух,35,FALSE,35,FALSE
valence,слухати,34,FALSE,35,TRUE
valence,слідувати,35,FALSE,35,FALSE
valence,сліпий,36,FALSE,35,FALSE
valence,смак,52,TRUE,35,FALSE
valence,смачний,36,FALSE,35,FALSE
valence,смертельний,34,FALSE,35,TRUE
valence,смерть,36,FALSE,35,FALSE
valence,смоктати,35,FALSE,35,FALSE
valence,сміття,32,FALSE,35,TRUE
valence,смішний,36,FALSE,35,FALSE
valence,сміятися,35,FALSE,35,FALSE
valence,снайпер,34,FALSE,35,TRUE
valence,сніг,34,FALSE,35,TRUE
valence,снід,35,FALSE,35,FALSE
valence,сніданок,35,FALSE,35,FALSE
valence,собака,36,FALSE,35,FALSE
valence,сода,35,FALSE,35,FALSE
valence,солдат,36,FALSE,35,FALSE
valence,солодкий,35,FALSE,35,FALSE
valence,сонце,36,FALSE,35,FALSE
valence,сонячний,20,TRUE,35,TRUE
valence,сорочка,33,FALSE,35,TRUE
valence,сортувати,21,TRUE,35,TRUE
valence,соус,34,FALSE,35,TRUE
valence,спагетті,36,FALSE,35,FALSE
valence,спадщина,22,TRUE,35,TRUE
valence,спальня,35,FALSE,35,FALSE
valence,спантеличеність,36,FALSE,35,FALSE
valence,спасибі,52,TRUE,35,FALSE
valence,спати,35,FALSE,35,FALSE
valence,спеціаліст,35,FALSE,35,FALSE
valence,сповіщення,37,FALSE,35,FALSE
valence,спокійний,36,FALSE,35,FALSE
valence,спокійно,34,FALSE,35,TRUE
valence,спорт,35,FALSE,35,FALSE
valence,спостереження,33,FALSE,35,TRUE
valence,спочатку,34,FALSE,35,TRUE
valence,справедливість,35,FALSE,35,FALSE
valence,справжній,36,FALSE,35,FALSE
valence,спрага,34,FALSE,35,TRUE
valence,спроба,34,FALSE,35,TRUE
valence,спробувати,35,FALSE,35,FALSE
valence,співак,34,FALSE,35,TRUE
valence,співчувати,38,FALSE,35,FALSE
valence,співчуття,35,FALSE,35,FALSE
valence,спідниця,34,FALSE,35,TRUE
valence,спілкування,34,FALSE,35,TRUE
valence,спільнота,20,TRUE,35,TRUE
valence,срібло,34,FALSE,35,TRUE
valence,ставлення,35,FALSE,35,FALSE
valence,стадіон,34,FALSE,35,TRUE
valence,сталь,34,FALSE,35,TRUE
valence,стандартний,35,FALSE,35,FALSE
valence,станція,35,FALSE,35,FALSE
valence,старий,36,FALSE,35,FALSE
valence,старший,33,FALSE,35,TRUE
valence,статися,34,FALSE,35,TRUE
valence,стаття,35,FALSE,35,FALSE
valence,статус,52,TRUE,35,FALSE
valence,статуя,32,FALSE,35,TRUE
valence,створення,34,FALSE,35,TRUE
valence,створювати,22,TRUE,35,TRUE
valence,створіння,34,FALSE,35,TRUE
valence,стиль,33,FALSE,35,TRUE
valence,сто,53,TRUE,35,FALSE
valence,століття,34,FALSE,35,TRUE
valence,стоп,35,FALSE,35,FALSE
valence,стояти,21,TRUE,35,TRUE
valence,страждання,35,FALSE,35,FALSE
valence,страждати,36,FALSE,35,FALSE
valence,страйк,22,TRUE,35,TRUE
valence,стратегія,38,FALSE,35,FALSE
valence,страх,34,FALSE,35,TRUE
valence,страшний,36,FALSE,35,FALSE
valence,стрес,53,TRUE,35,FALSE
valence,стрибок,32,FALSE,35,TRUE
valence,стриманий,34,FALSE,35,TRUE
valence,структура,34,FALSE,35,TRUE
valence,струм,22,TRUE,35,TRUE
valence,студент,35,FALSE,35,FALSE
valence,стурбований,52,TRUE,35,FALSE
valence,стіл,33,FALSE,35,TRUE
valence,стіна,36,FALSE,35,FALSE
valence,субота,36,FALSE,35,FALSE
valence,судити,37,FALSE,35,FALSE
valence,судно,35,FALSE,35,FALSE
valence,судовий,36,FALSE,35,FALSE
valence,судовий процес,34,FALSE,35,TRUE
valence,сукня,52,TRUE,35,FALSE
valence,сума,34,FALSE,35,TRUE
valence,сумний,34,FALSE,35,TRUE
valence,сумніватися,35,FALSE,35,FALSE
valence,суміш,21,TRUE,35,TRUE
valence,суп,19,TRUE,35,TRUE
valence,суперечка,34,FALSE,35,TRUE
valence,супермен,33,FALSE,35,TRUE
valence,супроводжувати,33,FALSE,35,TRUE
valence,супротив,34,FALSE,35,TRUE
valence,супутник,34,FALSE,35,TRUE
valence,суспільство,34,FALSE,35,TRUE
valence,сухий,36,FALSE,35,FALSE
valence,сучасний,33,FALSE,35,TRUE
valence,сховатися,21,TRUE,35,TRUE
valence,східний,34,FALSE,35,TRUE
valence,сьогодні,52,TRUE,35,FALSE
valence,сюрприз,35,FALSE,35,FALSE
valence,сік,33,FALSE,35,TRUE
valence,сім'я,33,FALSE,35,TRUE
valence,таблетка,34,FALSE,35,TRUE
valence,таблиця,35,FALSE,35,FALSE
valence,табір,34,FALSE,35,TRUE
valence,таймер,34,FALSE,35,TRUE
valence,так,35,FALSE,35,FALSE
valence,таксі,35,FALSE,35,FALSE
valence,талант,34,FALSE,35,TRUE
valence,там,35,FALSE,35,FALSE
valence,танк,35,FALSE,35,FALSE
valence,танцювати,35,FALSE,35,FALSE
valence,танцівниця,36,FALSE,35,FALSE
valence,тарілка,34,FALSE,35,TRUE
valence,тато,33,FALSE,35,TRUE
valence,татуювання,36,FALSE,35,FALSE
valence,таємниця,36,FALSE,35,FALSE
valence,тварина,34,FALSE,35,TRUE
valence,тверезий,37,FALSE,35,FALSE
valence,творчість,34,FALSE,35,TRUE
valence,театр,33,FALSE,35,TRUE
valence,текст,35,FALSE,35,FALSE
valence,телебачення,35,FALSE,35,FALSE
valence,телеграма,36,FALSE,35,FALSE
valence,телескоп,36,FALSE,35,FALSE
valence,телефон,35,FALSE,35,FALSE
valence,темний,22,TRUE,35,TRUE
valence,температура,36,FALSE,35,FALSE
valence,темрява,37,FALSE,35,FALSE
valence,теніс,36,FALSE,35,FALSE
valence,теорія,34,FALSE,35,TRUE
valence,теплий,32,FALSE,35,TRUE
valence,тепло,35,FALSE,35,FALSE
valence,терапія,35,FALSE,35,FALSE
valence,термінал,36,FALSE,35,FALSE
valence,терміновий,54,TRUE,35,FALSE
valence,терпіння,35,FALSE,35,FALSE
valence,тестування,36,FALSE,35,FALSE
valence,технологія,35,FALSE,35,FALSE
valence,техніка,21,TRUE,35,TRUE
valence,технічний,36,FALSE,35,FALSE
valence,тиждень,36,FALSE,35,FALSE
valence,типовий,34,FALSE,35,TRUE
valence,тиск,35,FALSE,35,FALSE
valence,тисяча,34,FALSE,35,TRUE
valence,тихоокеанський,20,TRUE,35,TRUE
valence,тканина,36,FALSE,35,FALSE
valence,товстий,36,FALSE,35,FALSE
valence,тонкий,21,TRUE,35,TRUE
valence,торговець,34,FALSE,35,TRUE
valence,торнадо,34,FALSE,35,TRUE
valence,торт,35,FALSE,35,FALSE
valence,тост,35,FALSE,35,FALSE
valence,точка,21,TRUE,35,TRUE
valence,травма,36,FALSE,35,FALSE
valence,трагічний,22,TRUE,35,TRUE
valence,традиційний,36,FALSE,35,FALSE
valence,транспортний засіб,36,FALSE,35,FALSE
valence,тренер,33,FALSE,35,TRUE
valence,третій,34,FALSE,35,TRUE
valence,три,35,FALSE,35,FALSE
valence,тригер,34,FALSE,35,TRUE
valence,трикутник,35,FALSE,35,FALSE
valence,трофей,36,FALSE,35,FALSE
valence,труна,33,FALSE,35,TRUE
valence,труп,36,FALSE,35,FALSE
valence,трюк,52,TRUE,35,FALSE
valence,тріщина,33,FALSE,35,TRUE
valence,туалет,21,TRUE,35,TRUE
valence,туга,35,FALSE,35,FALSE
valence,туман,22,TRUE,35,TRUE
valence,тунель,35,FALSE,35,FALSE
valence,тунець,35,FALSE,35,FALSE
valence,турбота,37,FALSE,35,FALSE
valence,турбувати,36,FALSE,35,FALSE
valence,турист,36,FALSE,35,FALSE
valence,турнір,34,FALSE,35,TRUE
valence,тут,34,FALSE,35,TRUE
valence,тютюн,32,FALSE,35,TRUE
valence,тягнути,37,FALSE,35,FALSE
valence,тіло,37,FALSE,35,FALSE
valence,тінь,35,FALSE,35,FALSE
valence,убивця,33,FALSE,35,TRUE
valence,убити,21,TRUE,35,TRUE
valence,ув'язнений,20,TRUE,35,TRUE
valence,увага,21,TRUE,35,TRUE
valence,уважність,35,FALSE,35,FALSE
valence,угоду,35,FALSE,35,FALSE
valence,ударити,33,FALSE,35,TRUE
valence,узбережжі,32,FALSE,35,TRUE
valence,університет,35,FALSE,35,FALSE
valence,унікальний,35,FALSE,35,FALSE
valence,упертий,34,FALSE,35,TRUE
valence,управляти,37,FALSE,35,FALSE
valence,ураган,35,FALSE,35,FALSE
valence,уряд,19,TRUE,35,TRUE
valence,урятувати,34,FALSE,35,TRUE
valence,усвідомлювати,35,FALSE,35,FALSE
valence,усмішка,33,FALSE,35,TRUE
valence,успадковувати,35,FALSE,35,FALSE
valence,успіх,35,FALSE,35,FALSE
valence,усунути,33,FALSE,35,TRUE
valence,утримувати,37,FALSE,35,FALSE
valence,уява,36,FALSE,35,FALSE
valence,фаза,37,FALSE,35,FALSE
valence,факс,34,FALSE,35,TRUE
valence,фактично,35,FALSE,35,FALSE
valence,фактор,21,TRUE,35,TRUE
valence,фантазія,36,FALSE,35,FALSE
valence,фантастичний,34,FALSE,35,TRUE
valence,фарбувати,33,FALSE,35,TRUE
valence,фатальний,34,FALSE,35,TRUE
valence,фатум,36,FALSE,35,FALSE
valence,федеральний,33,FALSE,35,TRUE
valence,федерація,35,FALSE,35,FALSE
valence,фермер,33,FALSE,35,TRUE
valence,фестиваль,36,FALSE,35,FALSE
valence,флот,33,FALSE,35,TRUE
valence,форма,35,FALSE,35,FALSE
valence,фотограф,19,TRUE,35,TRUE
valence,фотографія,34,FALSE,35,TRUE
valence,фрагмент,32,FALSE,35,TRUE
valence,фраза,34,FALSE,35,TRUE
valence,французький,20,TRUE,35,TRUE
valence,фронт,22,TRUE,35,TRUE
valence,фрукти,34,FALSE,35,TRUE
valence,функціональний,33,FALSE,35,TRUE
valence,фунт,36,FALSE,35,FALSE
valence,фургон,36,FALSE,35,FALSE
valence,футбол,37,FALSE,35,FALSE
valence,фізика,33,FALSE,35,TRUE
valence,фізичний,35,FALSE,35,FALSE
valence,філософія,33,FALSE,35,TRUE
valence,фільм,35,FALSE,35,FALSE
valence,фінансовий,35,FALSE,35,FALSE
valence,фінансово,34,FALSE,35,TRUE
valence,фінансування,35,FALSE,35,FALSE
valence,фірма,36,FALSE,35,FALSE
valence,хабар,34,FALSE,35,TRUE
valence,хаос,53,TRUE,35,FALSE
valence,хапати,34,FALSE,35,TRUE
valence,характер,34,FALSE,35,TRUE
valence,хвилина,34,FALSE,35,TRUE
valence,хворий,21,TRUE,35,TRUE
valence,хижак,37,FALSE,35,FALSE
valence,хлопчик,36,FALSE,35,FALSE
valence,хлопчики,35,FALSE,35,FALSE
valence,хліб,35,FALSE,35,FALSE
valence,хмара,21,TRUE,35,TRUE
valence,хобі,20,TRUE,35,TRUE
valence,холодний,35,FALSE,35,FALSE
valence,хоробрий,36,FALSE,35,FALSE
valence,храм,21,TRUE,35,TRUE
valence,хребетний,21,TRUE,35,TRUE
valence,християнин,34,FALSE,35,TRUE
valence,художник,37,FALSE,35,FALSE
valence,хустка,34,FALSE,35,TRUE
valence,хімічний,34,FALSE,35,TRUE
valence,хімія,35,FALSE,35,FALSE
valence,хірург,52,TRUE,35,FALSE
valence,хірургія,34,FALSE,35,TRUE
valence,цвинтар,36,FALSE,35,FALSE
valence,цвях,35,FALSE,35,FALSE
valence,цемент,34,FALSE,35,TRUE
valence,церебральний,35,FALSE,35,FALSE
valence,церемонія,35,FALSE,35,FALSE
valence,церква,35,FALSE,35,FALSE
valence,цибуля,35,FALSE,35,FALSE
valence,цивільний,34,FALSE,35,TRUE
valence,цивілізація,36,FALSE,35,FALSE
valence,цинічний,35,FALSE,35,FALSE
valence,цирк,35,FALSE,35,FALSE
valence,цукор,21,TRUE,35,TRUE
valence,цікавий,35,FALSE,35,FALSE
valence,ціна,37,FALSE,35,FALSE
valence,цінний,36,FALSE,35,FALSE
valence,чарівний,35,FALSE,35,FALSE
valence,чарівник,21,TRUE,35,TRUE
valence,чарівність,35,FALSE,35,FALSE
valence,часник,35,FALSE,35,FALSE
valence,частка,35,FALSE,35,FALSE
valence,часто,35,FALSE,35,FALSE
valence,частота,34,FALSE,35,TRUE
valence,чаша,34,FALSE,35,TRUE
valence,чашка,35,FALSE,35,FALSE
valence,чекати,34,FALSE,35,TRUE
valence,чемпіон,19,TRUE,35,TRUE
valence,чемпіонат,32,FALSE,35,TRUE
valence,черв'як,35,FALSE,35,FALSE
valence,червень,33,FALSE,35,TRUE
valence,червоний,35,FALSE,35,FALSE
valence,черевний,35,FALSE,35,FALSE
valence,череп,35,FALSE,35,FALSE
valence,черепаха,36,FALSE,35,FALSE
valence,чесний,34,FALSE,35,TRUE
valence,чесність,34,FALSE,35,TRUE
valence,честь,37,FALSE,35,FALSE
valence,четвертий,34,FALSE,35,TRUE
valence,число,36,FALSE,35,FALSE
valence,чистий,33,FALSE,35,TRUE
valence,читання,35,FALSE,35,FALSE
valence,читати,34,FALSE,35,TRUE
valence,член,35,FALSE,35,FALSE
valence,човен,34,FALSE,35,TRUE
valence,чоловік,36,FALSE,35,FALSE
valence,чоловічий,34,FALSE,35,TRUE
valence,чорний,35,FALSE,35,FALSE
valence,чотири,34,FALSE,35,TRUE
valence,чувак,33,FALSE,35,TRUE
valence,чудовий,33,FALSE,35,TRUE
valence,чужий,33,FALSE,35,TRUE
valence,чума,33,FALSE,35,TRUE
valence,чутливий,34,FALSE,35,TRUE
valence,чіп,36,FALSE,35,FALSE
valence,чітко,34,FALSE,35,TRUE
valence,шампанське,36,FALSE,35,FALSE
valence,шанс,34,FALSE,35,TRUE
valence,шантаж,33,FALSE,35,TRUE
valence,шар,35,FALSE,35,FALSE
valence,шафа,36,FALSE,35,FALSE
valence,шахрайство,38,FALSE,35,FALSE
valence,швидка допомога,33,FALSE,35,TRUE
valence,швидкий,35,FALSE,35,FALSE
valence,швидко,33,FALSE,35,TRUE
valence,швидкість,34,FALSE,35,TRUE
valence,шериф,35,FALSE,35,FALSE
valence,шерлок,34,FALSE,35,TRUE
valence,шеф-кухар,34,FALSE,35,TRUE
valence,шийка,36,FALSE,35,FALSE
valence,широкий,20,TRUE,35,TRUE
valence,школу,35,FALSE,35,FALSE
valence,шкіра,32,FALSE,35,TRUE
valence,шланг,50,TRUE,35,FALSE
valence,шлунок,53,TRUE,35,FALSE
valence,шлюб,34,FALSE,35,TRUE
valence,шматок,34,FALSE,35,TRUE
valence,шовк,35,FALSE,35,FALSE
valence,шоколад,33,FALSE,35,TRUE
valence,шолом,35,FALSE,35,FALSE
valence,шосе,35,FALSE,35,FALSE
valence,шпигун,35,FALSE,35,FALSE
valence,шпигунство,34,FALSE,35,TRUE
valence,шприц,51,TRUE,35,FALSE
valence,шрам,37,FALSE,35,FALSE
valence,штаб-квартира,37,FALSE,35,FALSE
valence,штовхати,36,FALSE,35,FALSE
valence,штраф,35,FALSE,35,FALSE
valence,штурм,35,FALSE,35,FALSE
valence,штучний,34,FALSE,35,TRUE
valence,шум,33,FALSE,35,TRUE
valence,шутер,35,FALSE,35,FALSE
valence,щасливий,34,FALSE,35,TRUE
valence,ще,22,TRUE,35,TRUE
valence,щедрий,20,TRUE,35,TRUE
valence,щит,33,FALSE,35,TRUE
valence,що,36,FALSE,35,FALSE
valence,що саме,33,FALSE,35,TRUE
valence,щодня,34,FALSE,35,TRUE
valence,щока,34,FALSE,35,TRUE
valence,щось,35,FALSE,35,FALSE
valence,щотижня,35,FALSE,35,FALSE
valence,ювілей,34,FALSE,35,TRUE
valence,юрисдикція,36,FALSE,35,FALSE
valence,юрист,35,FALSE,35,FALSE
valence,яблучний,32,FALSE,35,TRUE
valence,явище,35,FALSE,35,FALSE
valence,ядерний,33,FALSE,35,TRUE
valence,яйце,35,FALSE,35,FALSE
valence,якор,36,FALSE,35,FALSE
valence,якість,35,FALSE,35,FALSE
valence,ярмарок,35,FALSE,35,FALSE
valence,яскравий,38,FALSE,35,FALSE
valence,ящірка,36,FALSE,35,FALSE
valence,єдиний,34,FALSE,35,TRUE
valence,єпископ,36,FALSE,35,FALSE
valence,іграшка,34,FALSE,35,TRUE
valence,ідеальний,36,FALSE,35,FALSE
valence,ідея,21,TRUE,35,TRUE
valence,ідіот,35,FALSE,35,FALSE
valence,ілюзія,33,FALSE,35,TRUE
valence,імператор,34,FALSE,35,TRUE
valence,імперський,35,FALSE,35,FALSE
valence,імперія,21,TRUE,35,TRUE
valence,ін'єкція,34,FALSE,35,TRUE
valence,інвестор,36,FALSE,35,FALSE
valence,інвестувати,33,FALSE,35,TRUE
valence,індивідуальний,35,FALSE,35,FALSE
valence,індичка,35,FALSE,35,FALSE
valence,інженер,36,FALSE,35,FALSE
valence,іноді,33,FALSE,35,TRUE
valence,інспектор,33,FALSE,35,TRUE
valence,інспекція,35,FALSE,35,FALSE
valence,інстинкт,35,FALSE,35,FALSE
valence,інструмент,34,FALSE,35,TRUE
valence,інтернет,34,FALSE,35,TRUE
valence,інтимний,36,FALSE,35,FALSE
valence,інтуїція,36,FALSE,35,FALSE
valence,інфекція,34,FALSE,35,TRUE
valence,інформатор,34,FALSE,35,TRUE
valence,інформація,35,FALSE,35,FALSE
valence,інцидент,35,FALSE,35,FALSE
valence,інший,35,FALSE,35,FALSE
valence,іржавий,32,FALSE,35,TRUE
valence,іронічний,34,FALSE,35,TRUE
valence,іронія,33,FALSE,35,TRUE
valence,їжа,34,FALSE,35,TRUE
valence,їздити,38,FALSE,35,FALSE
valence,їсти,33,FALSE,35,TRUE
