"","term","semd","prop"
"1","смішний",0.38049347995879,0.0110271927964374
"2","абсурдний",0.363466890545316,0.000326248307586904
"3","інцидент",0.401480291963959,0.0100973851198147
"4","аварія",0.410866607740132,0.0117612514885079
"5","потяг",0.404148272093525,0.0231962546694289
"6","автобус",0.434229532072365,0.0277963558064043
"7","фірма",0.384030479125011,0.00760158556677487
"8","агентство",0.448261071965889,0.00694908895160106
"9","менеджмент",0.372709191146973,0.00107661941503678
"10","адміністративний",0.428912874338814,0.00040781038448363
"11","гормон",0.496621798518188,0.000587246953656428
"12","адреналін",0.381665847388387,0.00350716930655922
"13","число",0.461024178610937,0.0122179991191296
"14","адреса",0.401597175059084,0.0198358971012838
"15","термінал",0.408501789689655,0.00269154853759196
"16","аеропорт",0.394136039010934,0.0157741056718268
"17","жест",0.444876135502995,0.00706327585925648
"18","акт",0.448259095171658,0.0108640686426439
"19","тригер",0.375874471019967,0.000456747630621666
"20","активувати",0.410252416822598,0.00352348172193857
"21","автор",0.456721936869215,0.0172095982252092
"22","актор",0.393320634350356,0.0129031205650621
"23","голос",0.453715961989476,0.0740094285760893
"24","акцент",0.423664711948245,0.0102768216889875
"25","кут",0.443044730934388,0.0201947702396294
"26","алея",0.418063214611181,0.00122343115345089
"27","мотив",0.446156250891351,0.0095590754122963
"28","алібі",0.356578960946895,0.00924913952008874
"29","браво",0.421365702584646,0.0258062411301241
"30","альфа",0.443751070679047,0.0101789471967114
"31","африка",0.442727804212612,0.00396391693718089
"32","америка",0.446961807481014,0.0167039133484495
"33","аутопсія",NA,0
"34","аналіз",0.398506817699383,0.0158882925794822
"35","карати",0.397840843997005,0.00482847495228618
"36","арешт",0.396713304371547,0.0149911097336183
"37","легіон",0.417901486382267,0.00176174086096928
"38","армія",0.426569583456246,0.0271275467758511
"39","вена",0.502544392648747,0.000978744922760713
"40","артерія",0.362419954433712,0.001370242891865
"41","кавалерія",0.4323949021071,0.0018759277686247
"42","артилерія",0.405786578728033,0.00161492912255518
"43","інженер",0.392603305349872,0.00603559369035773
"44","архітектор",0.390040928912695,0.00331142032200708
"45","вторгнення",0.421746100330211,0.0116796894116112
"46","атакувати",0.468078118065633,0.00765052281291291
"47","тихоокеанський",0.424293939382659,0.000489372461380357
"48","атлантичний",0.436036320196243,0.00122343115345089
"49","середовище",0.420784927582374,0.00497528669070029
"50","атмосфера",0.455811521627052,0.00771577247443029
"51","натовп",0.437599631775984,0.0153173580412052
"52","аудиторія",0.423582567154347,0.00336035756814512
"53","дідусь",0.385297479079616,0.0257899287147448
"54","бабуся",0.385504713432051,0.0365561228651126
"55","шовк",0.396953240133099,0.00305042167593756
"56","бавовна",0.384105793624916,0.00075037110744988
"57","бідний",0.395933195995996,0.0153826077027225
"58","багатий",0.408979808291987,0.0147301110875487
"59","скарбниця",0.422451295134496,0.00115818149193351
"60","багатство",0.447904341127935,0.00776470972056832
"61","туга",0.390390893487974,0.00185961535324536
"62","бажання",0.409160466523433,0.059915501688335
"63","клуб",0.442699724453566,0.037045495326493
"64","бар",0.425474708563252,0.0283183530985433
"65","полк",0.41454067393091,0.00295254718366148
"66","батальйон",0.424959564368624,0.00252842438379851
"67","дорослий",0.395806491956561,0.0171932858098299
"68","родитель",0.422128502223492,0.000179436569172797
"69","мама",0.428710366406711,0.245436601797628
"70","батько",0.392595739040064,0.229825620279595
"71","одкровення",0.383280151234941,0.00277311061448869
"72","бачення",0.425738478380682,0.00926545193546808
"73","нерозумний",0.3943947128485,0.000799308353587916
"74","безвідповідальний",0.370749867839488,0.00122343115345089
"75","гарантія",0.400296800987946,0.00327879549124839
"76","безпека",0.40711896536644,0.00897182845863987
"77","сейф",0.409661719360102,0.00977113681222779
"78","безпечний",0.407878235004374,0.0080093959512585
"79","прямий",0.412222419494151,0.0111413797040928
"80","безпосередньо",0.417391185726226,0.00639446682870333
"81","безпорадний",0.398382808346563,0.00159861670717583
"82","безсилий",0.418094731787833,0.00213692641469422
"83","стадіон",0.413787438832675,0.00482847495228618
"84","бейсбол",0.436094589122222,0.00833564425884541
"85","тост",0.423142338499184,0.016867037502243
"86","бекон",0.42064787625895,0.00479585012152749
"87","супермен",0.421696185472528,0.00370291829111136
"88","бетмен",0.405196317806682,0.00352348172193857
"89","війна",0.413765840745246,0.0501606772914866
"90","битва",0.493117395745622,0.0174053472097613
"91","галузь",0.452246623502602,0.00132130564572696
"92","бізнес",0.37957864178955,0.0507152994143843
"93","страждання",0.406053240884845,0.0151052966412737
"94","біль",0.392361850796523,0.0576643883659854
"95","хімічний",0.405559901703435,0.00192486501476274
"96","біологічний",0.393920115242307,0.0022348009069703
"97","хімія",0.381018255622552,0.00337666998352446
"98","біологія",0.371240969688958,0.00110924424579548
"99","відчинено",0.380119673102849,0.00686752687470434
"100","близький",0.425733469909785,0.0101789471967114
"101","параноїдальний",0.343184981207536,0.000195748984552143
"102","божевільний",0.395667602623803,0.0463925093388578
"103","бог",0.461230091305356,0.0976787432915192
"104","божественний",0.409892748892549,0.00200642709165946
"105","волосся",0.391092464265029,0.076782539190578
"106","борода",0.436448048428135,0.00583984470580559
"107","бойовий",0.476970063124394,0.00680227721318696
"108","боротися",0.415467920175676,0.0307489029900657
"109","зерно",0.440282694264949,0.00367029346035267
"110","борошно",0.43742626016542,0.00189224018400405
"111","керівник",0.388369897964901,0.0176989706865896
"112","бос",0.392676927456314,0.0427711531246432
"113","вашингтон",0.465861525528111,0.0149911097336183
"114","бостон",0.427909037783873,0.00686752687470434
"115","чувак",0.477675325607147,0.0683490204394565
"116","брат",0.455755756217856,0.122261553268192
"117","сестра",0.455295419581565,0.0886579775867413
"118","лежати",0.395571666438266,0.0151379214720324
"119","брехун",0.390759648611036,0.0186124659478329
"120","щит",0.476823599714319,0.007324274505326
"121","броня",0.466257482674033,0.00213692641469422
"122","неприємний",0.413722452469767,0.00378448036800809
"123","брудний",0.399718622038706,0.0144364876107205
"124","башта",0.405443432112616,0.000864558015105297
"125","будівля",0.407379876498839,0.0126421219189925
"126","будівельний",0.433545175598732,0.00125605598420958
"127","будувати",0.414456374174509,0.01195700047306
"128","телеграма",0.409237599246473,0.00241423747614309
"129","буква",0.43675796616946,0.00153336704565845
"130","клітина",0.409447792347391,0.00107661941503678
"131","в'язниця",0.402357852078458,0.0129357453958208
"132","народження",0.386910496363448,0.0921162096471625
"133","вагітність",0.365243785540684,0.00657390339787612
"134","цінний",0.40562795656141,0.00526891016752851
"135","важливий",0.404396539301138,0.0312545878668254
"136","сенс",0.385137726081786,0.0412214736636054
"137","важливість",0.439298035722428,0.00365398104497333
"138","антидот",0.567108266925055,0.00132130564572696
"139","вакцина",0.46993673225548,0.00138655530724434
"140","портфель",0.413504016629439,0.00319723341435166
"141","валіза",0.381765747368757,0.00471428804463077
"142","зомбі",0.405318813442982,0.00866189256643231
"143","вампір",0.401362227453533,0.00355610655269726
"144","причіп",0.384157508099561,0.000277311061448869
"145","фургон",0.416879721523765,0.0196727729474903
"146","кориця",0.371842247499097,0.000831933184346606
"147","ваніль",0.359551351985976,0.00104399458427809
"148","душ",0.435934224220015,0.0329184542355187
"149","ванна кімната",NA,0
"150","навантаження",0.414569034636772,0.00367029346035267
"151","вантаж",0.464240753200701,0.0109456307195406
"152","джип",0.476358728635708,0.00331142032200708
"153","вантажівка",0.391647795662472,0.00985269888912451
"154","шерлок",0.528058517652678,0.00231636298386702
"155","ватсон",0.615696648309723,0.00148442979952041
"156","самогубство",0.40173456430662,0.0207983296086652
"157","вбивство",0.390726658552449,0.0606169355496468
"158","убивця",0.394824792480948,0.0200479585012153
"159","вбивця",0.407917197860438,0.0399817300947751
"160","наємник",NA,0
"161","внизу",0.486506631753043,0.0398838556024991
"162","вгору",0.423160618183976,0.0470776307847903
"163","відмінний",0.40056975597332,0.00734058692070535
"164","великий",0.422967514913684,0.136844852617327
"165","палець",0.399523004048766,0.0214018889777009
"166","великий палець",NA,0
"167","величезний",0.429807137191278,0.0239466257768788
"168","марс",0.440921754736926,0.00526891016752851
"169","венера",0.464314084288615,0.00195748984552143
"170","клапан",0.446624361789574,0.00314829616821363
"171","вентиляція",0.39080655522742,0.00107661941503678
"172","швидка допомога",NA,0
"173","вертоліт",0.385037372740091,0.00685121445932499
"174","нижній",0.430020278437584,0.0046164135523547
"175","верхній",0.410001695498485,0.00637815441332398
"176","заручення",0.416421960722543,0.00037518555372494
"177","весілля",0.370924370561677,0.0534394727827349
"178","ніч",0.394463024562797,0.156811249041646
"179","вечір",0.375122189539749,0.104220021858637
"180","завантажувати",0.4180094790265,0.000799308353587916
"181","взуття",0.401903491905491,0.0256757418070894
"182","обирати",0.390667629037871,0.0120222501345774
"183","вибирати",0.405559296639267,0.00880870430484642
"184","кампанія",0.415614384943604,0.0032461706604897
"185","вибори",0.398286545434166,0.00952645058153761
"186","кандидат",0.440664141252643,0.00655759098249678
"187","виборець",0.388952723983822,0.000277311061448869
"188","землетрус",0.424702094140841,0.00549728398283934
"189","вибух",0.443932054628545,0.0191181508245926
"190","лопатись",NA,0
"191","вибухнути",0.481655823182201,0.00291992235290279
"192","бомба",0.441736481504799,0.0198522095166631
"193","вибуховий",0.417827062929111,0.00135393047648565
"194","дослідження",0.405986839661291,0.0255289300686753
"195","вивчення",0.406458380938248,0.00557884605973607
"196","викрадати",0.389997013081066,0.00194117743014208
"197","вигнати",0.413948503698411,0.00965694990457237
"198","завиток",0.42405553292162,0.000228373815310833
"199","виграти",0.456985340245111,0.0286935386522682
"200","усунути",0.428950445009245,0.00505684876759702
"201","видалити",0.387858138942596,0.00882501672022576
"202","жити",0.415735684577664,0.181312496941422
"203","вижити",0.447286274626465,0.0339135115736587
"204","концепція",0.412371652535081,0.00230005056848768
"205","визначення",0.413004061211125,0.00495897427532095
"206","студент",0.437476603788952,0.00587246953656428
"207","викладач",0.362943100561946,0.00311567133745494
"208","перешкода",0.407872356433897,0.00293623476828214
"209","виклик",0.43844090149773,0.032037583805034
"210","висячий",NA,0
"211","виконання",0.421176084947571,0.00975482439684844
"212","застосовувати",0.424731230543863,0.00293623476828214
"213","використання",0.430427168663847,0.0112555666117482
"214","викрадач",0.42260259807624,0.00336035756814512
"215","викуп",0.45679117545303,0.00463272596773404
"216","ложка",0.429782466184857,0.00185961535324536
"217","вилка",0.611781558103588,0.000293623476828214
"218","хапати",0.403971980204842,0.00213692641469422
"219","виловити",0.384287607904915,0.000293623476828214
"220","чемпіон",0.434558151610439,0.0116633769962318
"221","винищувач",0.434464868394607,0.00184330293786601
"222","невинний",0.400581650154446,0.00960801265843433
"223","винним",0.412939220687786,0.0129683702265794
"224","прощати",0.383227585866453,0.00166386636869321
"225","виправдання",0.392551619951673,0.0140449896416162
"226","забруднення",0.414237386548914,0.00301779684517887
"227","випромінювання",0.426322789181611,0.00176174086096928
"228","диплом",0.408591611049641,0.00660652822863481
"229","випускник",0.425939249606201,0.00269154853759196
"230","створювати",0.411254971305817,0.00926545193546808
"231","виробляти",0.423818947379585,0.00239792506076375
"232","завод",0.438527204753743,0.00799308353587916
"233","виробництво",0.421651191749811,0.00970588715071041
"234","описувати",0.391440912024043,0.00106030699965744
"235","висловлювати",0.392033347781658,0.00199011467628012
"236","низький",0.427099756439592,0.0068185896285663
"237","високий",0.418083799531416,0.0202437074857674
"238","величність",0.401057676173609,0.0098853237198832
"239","високість",0.420214072299154,0.00429016524476779
"240","вага",0.448033361569077,0.00738952416684338
"241","висота",0.437907946365632,0.00504053635221767
"242","галерея",0.392900579185421,0.0022348009069703
"243","виставка",0.379616125056299,0.00415966592173303
"244","відходи",0.418294314899666,0.00233267539924637
"245","витрачати",0.406305366740836,0.0118754383961633
"246","двері",0.389030307465888,0.174542844558994
"247","вихід",0.406726986839113,0.0702086357927018
"248","понеділок",0.376400793162938,0.021026703423976
"249","вівторок",0.384723292861164,0.0152684207950671
"250","прибуття",0.441862972588168,0.0121364370422328
"251","від'їзд",0.3877706221004,0.00226742573772899
"252","дна",0.473748193094351,0.00970588715071041
"253","відбиток пальця",NA,0
"254","вірність",0.402822124713595,0.00947751333539957
"255","відданість",0.406461419019483,0.010113697535194
"256","двійник",0.40748832555266,0.00159861670717583
"257","відеоролик",0.350449039057912,0.000391497969104285
"258","залишати",0.409482698468336,0.018759277686247
"259","відмовлятися",0.382335794887977,0.00401285418331892
"260","реагувати",0.403348176268598,0.00437172732166452
"261","відповідати",0.387913844700577,0.024289186499845
"262","присутність",0.422233409717794,0.0131478067957522
"263","відсутність",0.410904039687008,0.013327243364925
"264","враження",0.392899630253144,0.0349738185733161
"265","відчуття",0.393239465313791,0.0740094285760893
"266","прокляття",0.412890688657943,0.0499649283069344
"267","відьма",0.391483758567887,0.0145017372722379
"268","цивільний",0.402832737794696,0.00350716930655922
"269","військовий",0.413593090877519,0.0127726212420273
"270","снід",0.383504807064931,0.00203905192241815
"271","віл",0.372898387945235,0.00329510790662773
"272","вільно",0.420786400994987,0.0166876009330702
"273","вільний",0.397022657805769,0.0382363016491852
"274","надія",0.414710258331106,0.0286935386522682
"275","віра",0.401114973982642,0.0133761806110631
"276","довіра",0.397329861973773,0.00497528669070029
"277","вірити",0.391183595107813,0.0574849517968126
"278","лояльний",0.380720670943336,0.000277311061448869
"279","вірний",0.408408176883481,0.0111576921194721
"280","білок",0.383144947141604,0.00283836027600607
"281","вітамін",0.371970681267685,0.000929807676622678
"282","якор",NA,0
"283","вітрило",0.435773321013209,0.0015496794610378
"284","точка",0.483329204857814,0.00844983116650082
"285","вказувати",0.391502216595396,0.0053015349982872
"286","юрисдикція",0.371798529758974,0.00166386636869321
"287","влада",0.416765671335142,0.0220054483467367
"288","майно",0.406395538708043,0.0085150808280182
"289","власник",0.392329311808852,0.024713309299708
"290","ведмідь",0.502341716595273,0.0101626347813321
"291","вовк",0.413365079745142,0.0120385625499568
"292","пасажирський",0.412115530292672,0.000734058692070535
"293","водій",0.380253263914339,0.0209451413470793
"294","вугілля",0.418250686335304,0.00518734809063178
"295","водневий",NA,0
"296","солдат",0.494649256004011,0.0194933363783175
"297","воїн",0.442643805071896,0.0113534411040243
"298","портал",0.381544218424244,0.00559515847511541
"299","ворота",0.458584861909678,0.0246806844689493
"300","практика",0.445641017385755,0.00567672055201214
"301","вправа",0.38675529999392,0.0023816126453844
"302","лестити",0.395973760287991,0.000766683522829225
"303","вражати",0.394876033067512,0.00107661941503678
"304","сенсаційний",0.402660986512258,0.000391497969104285
"305","вражаючий",0.424507733638139,0.00239792506076375
"306","назовні",0.417590999626772,0.0184167169632808
"307","всередині",0.408405077696123,0.0741725527298827
"308","бігти",0.40481293626279,0.0293623476828214
"309","втеча",0.42138059303847,0.00601928127497839
"310","біженець",0.384268758092664,0.000766683522829225
"311","втікач",0.384376720003447,0.00192486501476274
"312","проспект",0.447072004033805,0.00078299593820857
"313","вулиця",0.404349681078156,0.0116470645808525
"314","око",0.423941632926045,0.0347617571733847
"315","вухо",0.400095946123913,0.0120711873807155
"316","геніальний",0.392837705747472,0.0046164135523547
"317","вчений",0.427528042384971,0.00533415982904589
"318","сьогодні",0.396236893991279,0.495554866809128
"319","вчора",0.385256882196913,0.124414792098266
"320","затока",0.441572935587747,0.00215323883007357
"321","гавань",0.539259839189629,0.00362135621421464
"322","стаття",0.389343881726928,0.0112229417809895
"323","газета",0.442207715800645,0.00703065102849779
"324","всесвіт",0.395314959439921,0.0127889336574067
"325","галактика",0.436355312204187,0.00153336704565845
"326","ілюзія",0.401151493910514,0.00548097156745999
"327","галюкування",NA,0
"328","кишеня",0.3946883064184,0.000848245599725951
"329","гаманець",0.379793837398066,0.0147301110875487
"330","бутерброд",0.459809140224141,0.00412704109097434
"331","гамбургер",0.427618540224996,0.00270786095297131
"332","семінар",0.385087063150041,0.00234898781462571
"333","гараж",0.432728118104168,0.00859664290491493
"334","баланс",0.431484805983127,0.00748739865911946
"335","гармонія",0.39172870602456,0.00172911603021059
"336","привабливий",0.397933131215267,0.0066391530593935
"337","гарний",0.392321834174778,0.127481526189583
"338","лесбійський",0.350350381610265,0.000293623476828214
"339","гей",0.396529165815651,0.343833091365839
"340","кокаїн",0.371195775441378,0.00853139324339755
"341","героїн",0.36160526940403,0.00559515847511541
"342","заслуговувати",NA,0
"343","гідний",0.403945471798576,0.00893920362788118
"344","гордість",0.411823956465099,0.0130173074727175
"345","гідність",0.391259080520599,0.00628027992104791
"346","піаніно",0.388158082872558,0.0101463223659527
"347","гітара",0.383056337691342,0.00295254718366148
"348","національний",0.40817007211648,0.00637815441332398
"349","глобальний",0.449273123523528,0.000831933184346606
"350","сліпий",0.398543275546017,0.0112555666117482
"351","глухий",0.424229100379377,0.0140939268877543
"352","оголений",0.406482131820527,0.000734058692070535
"353","голий",0.393896408256789,0.00696540136698041
"354","втомлений",0.392935340083452,0.00569303296739148
"355","голодний",0.396872359163719,0.0340603233120728
"356","більшість",0.413397459305662,0.0643851035022756
"357","голосувати",0.403104049062819,0.00499159910607964
"358","марафон",0.427161985943244,0.00213692641469422
"359","гонка",0.555794388180482,0.00181067810710732
"360","пагорб",0.452790144355089,0.00469797562925142
"361","гора",0.470486398876026,0.011435003180921
"362","мавпа",0.44976548614503,0.00797677112049981
"363","горила",0.403516302311864,0.00163124153793452
"364","віскі",0.380742243103671,0.0266544867298501
"365","горілка",0.381430848467825,0.00433910249090583
"366","грати",0.399670901558205,0.0888700389866728
"367","гра",0.408764054653613,0.0679412100549728
"368","красти",0.394166101909667,0.0134414302725805
"369","грабувати",0.408311401861582,0.00541572190594261
"370","тренер",0.445293643454716,0.0167528505945875
"371","гравець",0.397167435219333,0.0138329282416847
"372","кілограм",0.411692005118038,0.00349085689117988
"373","гран",0.426439969960562,0.000831933184346606
"374","барон",0.502157758903285,0.00285467269138541
"375","графиня",0.390422052015746,0.0020553643377975
"376","римський",0.421487642914495,0.00254473679917785
"377","грецький",0.396159967241116,0.00189224018400405
"378","блискавка",0.428795607515445,0.00893920362788118
"379","грім",0.42161869395014,0.00734058692070535
"380","готівка",0.386318346793286,0.00639446682870333
"381","гроші",0.383350994781918,0.264881000929808
"382","листопад",0.443459651851546,0.00241423747614309
"383","грудень",0.464139974482436,0.00295254718366148
"384","шлунок",0.415474105514953,0.00949382575077892
"385","груди",0.449016584400352,0.0252842438379851
"386","банда",0.447481475522054,0.0133598681956837
"387","група",0.42266791049126,0.0389051106797383
"388","оркестр",0.42172933117661,0.00468166321387208
"389","пропозиція",0.389606887883044,0.0281878537755085
"390","давати",0.407219502363217,0.0271112343604718
"391","близько",0.420000091878239,0.111788982594653
"392","далеко",0.45725739084661,0.119912565453567
"393","комплімент",0.368459234809222,0.0107988189811265
"394","дар",0.454274969101026,0.0221359476697715
"395","вікно",0.39150884766454,0.0432279007552648
"396","танк",0.422621995159374,0.00433910249090583
"397","двигун",0.442517093594774,0.0177642203481069
"398","свобода",0.440857070864792,0.0138655530724434
"399","демократія",0.389308384382616,0.00305042167593756
"400","протест",0.429311922369127,0.00507316118297636
"401","демонстрація",0.415846298765476,0.0032461706604897
"402","стрес",0.380087003635986,0.0130009950573381
"403","депресія",0.376924097147487,0.00678596479780761
"404","кущ",0.397151916951414,0.00202273950703881
"405","дерева",0.437119984439044,0.0324943314356557
"406","федеральний",0.384548186870464,0.00557884605973607
"407","держава",0.408565175909006,0.0053015349982872
"408","деінде",0.38880285553399,0.0139634275647195
"409","десь",0.39617167161354,0.193367371906758
"410","століття",0.411645431486388,0.0209451413470793
"411","десятиліття",0.421577502632746,0.00466535079849273
"412","агент",0.461787095479288,0.0335220136045544
"413","детектив",0.476789825238246,0.0307978402362038
"414","мужність",0.419898906914632,0.00729164967456731
"415","детермінація",NA,0
"416","дорогий",0.409509113553732,0.0236856271308093
"417","дешевий",0.387381769167972,0.00489372461380357
"418","ромео",0.420596290573511,0.00680227721318696
"419","джульєтта",0.384492452932652,0.00336035756814512
"420","відбиток",0.382108780048845,0.0051220984291144
"421","дзеркало",0.384772281637297,0.0165407891946561
"422","подивитися",0.392785378324212,0.08046914506631
"423","дивитися",0.399276736265939,0.0874345464332904
"424","незвичайний",0.405587212436316,0.00424122799862976
"425","дивний",0.415392326185369,0.033783012250624
"426","дивовижний",0.428484529469452,0.0100484478736767
"427","порох",0.444611895601255,0.00603559369035773
"428","динаміт",0.410603166875052,0.00336035756814512
"429","виробник",0.386149209132086,0.00190855259938339
"430","директор",0.4676222297406,0.0246969968843287
"431","маля",0.477710834740929,0.0064923413209794
"432","дитина",0.396319806793949,0.122000554622123
"433","молодь",0.40339688544258,0.00853139324339755
"434","дитинство",0.393554158351794,0.0107988189811265
"435","ангел",0.462779286275004,0.00769946005905094
"436","диявол",0.401008608292686,0.0186940280247296
"437","хлопчики",0.399654099729843,0.0154641697796193
"438","дівчата",0.375666991395096,0.0846451234034223
"439","активний",0.437411001504592,0.00283836027600607
"440","діяльність",0.413956807081014,0.00779733455132701
"441","вершина",0.449455155043225,0.00234898781462571
"442","дно",0.447944236452108,0.018808214932385
"443","здравствуйте",0.367707663183583,0.00523628533676982
"444","до побачення",NA,0
"445","волонтер",0.393153034321931,0.0011908063226922
"446","добровільно",0.406441951913676,0.00781364696670636
"447","короткий",0.470218696056427,0.0114023783501623
"448","довго",0.403592849096347,0.189289268061922
"449","розмір",0.404881630213757,0.018286217640246
"450","довжина",0.421974676142882,0.00197380226090077
"451","повага",0.388955070733874,0.00508947359835571
"452","більше",0.401241577422432,0.628354240412378
"453","додатковий",0.422210595316078,0.00600296885959904
"454","дозволяти",0.395863745957529,0.0054483467367013
"455","дозволяє",0.42430328124211,0.0212224524085281
"456","докази",0.394878621693462,0.0483989364305173
"457","доказ",0.399825809910622,0.0266381743144707
"458","хірург",0.36976022823983,0.00626396750566856
"459","доктор",0.502844571146172,0.0655595974095884
"460","управляти",0.381848080218704,0.00257736162993654
"461","документ",0.419846786278575,0.00911864019705398
"462","фунт",0.491974164175655,0.00226742573772899
"463","долар",0.392357549005032,0.0107009444888505
"464","пустеля",0.464994032873939,0.0044369769831819
"465","долина",0.440511978431904,0.00491003702918291
"466","фатум",0.391715408983613,0.000570934538277083
"467","доля",0.435462336260962,0.044891767123958
"468","довідка",0.385479829310634,0.00127236839958893
"469","допомагати",0.389765190657279,0.0344681336965564
"470","підтримка",0.399903086037037,0.0146811738414107
"471","допомога",0.398233311372656,0.110483989364305
"472","маршрут",0.456653440221136,0.0108477562272646
"473","доріжка",0.421607344502415,0.0018759277686247
"474","ідеальний",0.38869790112912,0.0247459341304667
"475","досконалий",0.417448864510675,0.00275679819910934
"476","аналітик",0.389520249826775,0.00161492912255518
"477","дослідник",0.443186779051544,0.00212061399931488
"478","досить",0.400580163931108,0.267882485359607
"479","достатньо",0.417989788848601,0.114268469732313
"480","досягати успіху",NA,0
"481","прибуток",0.403683345563656,0.00957538782767564
"482","дохід",0.402657553699993,0.00371923070649071
"483","пінг",0.404085995022804,0.000424122799862976
"484","дрібний",0.397506393695125,0.00471428804463077
"485","кабель",0.461766757774663,0.00367029346035267
"486","дріт",0.410393917654981,0.00538309707518392
"487","колега",0.377894009912457,0.010537820335057
"488","друг",0.502122422253329,0.169975368252777
"489","відносини",0.392085086826666,0.0133924930264424
"490","дружба",0.443231032588895,0.0117938763192666
"491","чоловік",0.399122931073925,0.242484054613967
"492","дружина",0.39442868525223,0.127008466143582
"493","ввічливий",0.400251407823137,0.00231636298386702
"494","дружній",0.40351539609287,0.00350716930655922
"495","надзвичайно",0.417560229245486,0.0374859305417353
"496","дуже",0.404348612223802,0.755705267278926
"497","розглядати",0.402894764863987,0.00360504379883529
"498","думати",0.392783720686053,0.0986574882142799
"499","божевілля",0.385605670963773,0.0514982953525929
"500","дурість",0.389288478466908,0.012381123272923
"501","наївний",0.399430002815554,0.00298517201442018
"502","дурний",0.402011965732764,0.0366050601112507
"503","душа",0.456997986475577,0.0280247296217151
"504","дух",0.466742790372973,0.0359525634960769
"505","упертий",0.3902023198511,0.00296885959904083
"506","егоїстичний",0.372008515751209,0.0025610492145572
"507","модний",0.406688979122586,0.00296885959904083
"508","елегантний",0.401625329652702,0.00203905192241815
"509","струм",0.434530640745004,0.00396391693718089
"510","електрика",0.398715431029352,0.00520366050601113
"511","магнітний",0.389415806103231,0.000685121445932499
"512","електричний",0.416690251384886,0.00378448036800809
"513","фактор",0.438257898240803,0.00246317472228113
"514","елемент",0.43630053983065,0.00479585012152749
"515","психічний",0.404029606506329,0.00251211196841916
"516","емоційний",0.39844773012419,0.00597034402884035
"517","потужність",0.44110922321604,0.00577459504428821
"518","енергія",0.42120406959323,0.0114186907655417
"519","чума",0.44246180901733,0.00442066456780255
"520","епідемія",0.396087743839332,0.0025610492145572
"521","серія",0.417559266084618,0.0110924424579547
"522","епізод",0.433774663634898,0.00892289121250183
"523","вплив",0.433039599068881,0.0153336704565845
"524","ефект",0.42676493372056,0.00991794855064189
"525","корисний",0.395933050377099,0.00495897427532095
"526","ефективний",0.415413992595402,0.00176174086096928
"527","жалкий",0.242740231720416,0.00040781038448363
"528","жалюгідний",0.393375918438254,0.0116633769962318
"529","трюк",0.44185513043877,0.0136534916725119
"530","жарт",0.392542301091153,0.05954031613461
"531","страшний",0.404580262852035,0.014224426210789
"532","жахливий",0.402381949804001,0.0336198880968305
"533","художник",0.450874573905308,0.0106520072427124
"534","живопис",0.421051610347223,0.00115818149193351
"535","вдова",0.445598246850431,0.00614978059801315
"536","жінка",0.390279918219688,0.156745999380128
"537","чоловічий",0.409769212070668,0.00601928127497839
"538","жіночий",0.406917677511174,0.00668809030553154
"539","вересень",0.419526937018058,0.00247948713766047
"540","жовтень",0.420560962779908,0.00282204786062672
"541","червоний",0.405420036165242,0.0256268045609513
"542","жовтий",0.401078475065718,0.00755264832063684
"543","міцний",0.412735493831582,0.01195700047306
"544","жорсткий",0.409262748242706,0.00538309707518392
"545","брутальний",0.376774452814296,0.000799308353587916
"546","жорстокий",0.414530570743065,0.010113697535194
"547","зло",0.447420381139101,0.0242239368383277
"548","жорстокість",0.41852945381313,0.0059866564442197
"549","проковтнути",0.42355569978533,0.00287098510676476
"550","жувати",0.396234000966197,0.0028872975221441
"551","плейбой",0.39584684618783,0.00151705463027911
"552","журнал",0.433479687681526,0.0141591765492717
"553","репортер",0.422762380399187,0.00683490204394565
"554","журналіст",0.396302320435653,0.00701433861311844
"555","дотепний",0.375439219313972,0.00243054989152244
"556","забавний",0.374271903111725,0.000668809030553154
"557","заборонений",0.407294368413074,0.004110728675595
"558","забороняти",0.37768060990905,0.00078299593820857
"559","природно",0.409348073753207,0.0128378709035447
"560","загалом",0.398592191257599,0.0249253706996395
"561","назва",0.411382726904528,0.0230005056848768
"562","заголовок",0.456640058561393,0.00275679819910934
"563","відновлювати",0.398986827999598,0.000897182845863987
"564","загоюватися",NA,0
"565","нормально",0.458157661796147,0.146159241798933
"566","зазвичай",0.396893905479224,0.0931765166468199
"567","кінець",0.406305237985862,0.162618468916692
"568","закінчити",0.396997868450371,0.0386277996182895
"569","незаконний",0.406141186044362,0.00172911603021059
"570","законний",0.416174653037017,0.00308304650669625
"571","відкриття",0.413203086338815,0.0199990212550772
"572","закриття",0.40206794021373,0.00561147089049476
"573","перебування",0.424233624358535,0.0102115720274701
"574","уважність",0.388379009489064,0.000521997292139047
"575","залучати",0.409438415068859,0.0018759277686247
"576","замінити",0.390854940802512,0.0172911603021059
"577","замінник",0.373160717098503,0.00040781038448363
"578","палац",0.427970703526185,0.0125116225959578
"579","замку",0.429664007277972,0.0202110826550087
"580","ключ",0.472056309681526,0.0477953770614815
"581","замок",0.473856746760172,0.0260998646069523
"582","розтопити",0.418765764041442,0.000913495261243332
"583","заморожувати",0.392242405392508,0.000244686230690178
"584","забути",0.389160961857929,0.0552827757206009
"585","запам'ятати",0.399350373503573,0.00982007405836582
"586","смак",0.390490423254957,0.0424612172324356
"587","запах",0.453951835243734,0.0460173237851329
"588","рекорд",0.440603974731592,0.00983638647374517
"589","записування",0.386977264205239,0.000146811738414107
"590","попит",0.408166556557736,0.00327879549124839
"591","запит",0.39624076180228,0.0101463223659527
"592","запитання",0.395886334275488,0.0582190104888831
"593","запитувати",0.405976013216121,0.00381710519876678
"594","незнання",0.398638372328486,0.00179436569172797
"595","зарозумілість",0.402272365034839,0.00141918013800303
"596","пенсія",0.376370084141584,0.00200642709165946
"597","зарплата",0.464910780198323,0.00402916659869827
"598","дозвіл",0.409930198611804,0.0290197869598551
"599","затвердження",0.366959729433499,0.000848245599725951
"600","грип",0.388155121848123,0.00406179142945696
"601","захворювання",0.392992785944118,0.00477953770614815
"602","боронити",0.419085213443679,0.00102768216889875
"603","захищати",0.407319425443894,0.0378448036800809
"604","південний",0.426328808319546,0.00778102213594767
"605","західний",0.443482005388855,0.00331142032200708
"606","замкнений",0.385069757956245,0.00234898781462571
"607","зачинено",0.397614391821855,0.0120548749653361
"608","коментар",0.395426128902678,0.00435541490628517
"609","заява",0.402455167486147,0.00872714222794969
"610","колекціонувати",0.380031862206685,0.000391497969104285
"611","збирати",0.40846014937091,0.0140449896416162
"612","пістолет",0.376619901824032,0.052542289936871
"613","зброю",0.411599608809514,0.0847756227264571
"614","арсенал",0.472661796513182,0.00275679819910934
"615","зброя",0.410635836982087,0.0526238520137677
"616","гордий",0.416904023061603,0.00463272596773404
"617","збуджений",0.380174090680037,0.00277311061448869
"618","стандартний",0.396511806148792,0.00260998646069524
"619","звичайний",0.403809930800602,0.0253984307456405
"620","відставка",0.391796554739755,0.00107661941503678
"621","звільнення",0.392016544301897,0.0212877020700455
"622","шум",0.477051251612505,0.0204720813010783
"623","звук",0.460706872845235,0.0410420370944326
"624","потенціал",0.395654769135047,0.0113371286886449
"625","здатність",0.42476355460917,0.0107009444888505
"626","фронт",0.439388782522733,0.00389866727566351
"627","ззаду",0.416302385463589,0.0230820677617735
"628","літній",0.3997543334126,0.00588878195194362
"629","зима",0.507992006931136,0.00906970295091594
"630","визнавати",0.395823998589708,0.00525259775214916
"631","зізнатися",0.376212260268812,0.0179273445019004
"632","знаменитість",0.380481935709954,0.00499159910607964
"633","зірка",0.408248910424751,0.0264098004991599
"634","постріл",0.421873520901038,0.0157414808410681
"635","зйомка",0.415792103882837,0.00272417336835065
"636","ревнивий",0.386910354027993,0.00179436569172797
"637","злий",0.427334951216334,0.028775100729165
"638","жертва",0.467267345380423,0.026132489437711
"639","зловмисник",0.415025131948955,0.00125605598420958
"640","гріх",0.401396731510856,0.0139144903185815
"641","злочинність",0.390776256247453,0.00319723341435166
"642","містити",0.485731741423519,0.000685121445932499
"643","зміст",0.419005475150679,0.00396391693718089
"644","черв'як",0.458254696902435,0.0016964911994519
"645","змія",0.422426159977232,0.0109782555502993
"646","знав",0.394770780056116,0.295988777058219
"647","форма",0.45897185755224,0.0185635287016949
"648","знак",0.444841995954404,0.0493124316917606
"649","популярний",0.394739134235948,0.00590509436732297
"650","знаменитий",0.400858817738569,0.00572565779815017
"651","зараз",0.405328570608617,0.70378284912647
"652","знання",0.427143056659351,0.0175847837789341
"653","досвід",0.393931390063134,0.0321028334665514
"654","пошук",0.410428266483678,0.0165081643638974
"655","знаходження",0.427719105914834,0.00172911603021059
"656","смерть",0.444158005173959,0.120140939268878
"657","зникнення",0.400251267566135,0.0145343621029966
"658","внутрішній",0.418033938444162,0.00721008759767059
"659","зовнішній",0.443526958591467,0.00531784741366654
"660","площа",0.429584939907673,0.004110728675595
"661","зона",0.444262828256019,0.0161656036409311
"662","капсула",0.4276942541271,0.00241423747614309
"663","зонд",0.46566342456439,0.00190855259938339
"664","шпигун",0.447591056830523,0.0078625842128444
"665","зрадник",0.40778140494566,0.0124463729344404
"666","нарешті",0.401636588236995,0.169698057191328
"667","зрештою",0.407846571344814,0.062231864672202
"668","усвідомлювати",0.429930265656644,0.00313198375283428
"669","зрозуміти",0.395711531681262,0.107531442180644
"670","цвях",0.398048164838992,0.00247948713766047
"671","зубний",0.392369447637323,0.000831933184346606
"672","конференція",0.413065830980408,0.00247948713766047
"673","зустріч",0.38198120434665,0.0914147757858506
"674","зустрічатися",0.364718823885221,0.0230168181002561
"675","лялька",0.410396459839186,0.00823776976656934
"676","іграшка",0.398352586961522,0.00960801265843433
"677","дурень",0.403430676147239,0.0438803973704386
"678","ідіот",0.384991324771992,0.0433094628321616
"679","продукти",0.402803812706026,0.0111413797040928
"680","їжа",0.405658523575755,0.0482521246921032
"681","водити",0.380457629544903,0.00965694990457237
"682","їздити",0.398590400741576,0.0204720813010783
"683","імперський",0.386337372288736,0.0011908063226922
"684","імператор",0.414192396513416,0.00668809030553154
"685","династія",0.441843575674805,0.00145180496876172
"686","імперія",0.39455721921718,0.00582353229042624
"687","доза",0.455380419010299,0.00420860316787107
"688","ін'єкція",0.419556636512877,0.000636184199794464
"689","банкір",0.380664625011578,0.00236530023000506
"690","інвестор",0.379807899659076,0.00150074221489976
"691","фінансування",0.387572188108785,0.00621503025953053
"692","інвестувати",0.392655420191557,0.00300148442979952
"693","людина",0.394731519610631,0.255044614456063
"694","індивідуальний",0.39351501310911,0.000570934538277083
"695","курятина",0.431733901039778,0.000929807676622678
"696","індичка",0.383107323933401,0.0025610492145572
"697","обстеження",0.384473081259231,0.00464903838311339
"698","інспекція",0.39101560647622,0.000831933184346606
"699","знаряддя",0.396345137486698,0.00787889662822374
"700","інструмент",0.410278627420379,0.00833564425884541
"701","особистий",0.391921372997563,0.0127073715805099
"702","інтимний",0.386798441313312,0.00075037110744988
"703","інстинкт",0.394305366532201,0.00579090745966755
"704","інтуїція",0.381110429118506,0.00489372461380357
"705","вірус",0.399702910619805,0.0111250672887134
"706","інфекція",0.373136124406647,0.00491003702918291
"707","джерело",0.420675907757575,0.02017845782425
"708","інформатор",0.373397733742878,0.00548097156745999
"709","дані",0.399411993874763,0.0422980930786422
"710","інформація",0.398651905091302,0.037094432572631
"711","аналогічний",NA,0
"712","інший",0.405074365713693,0.137627848555536
"713","іронія",0.38729446417608,0.00600296885959904
"714","іронічний",0.368809656460646,0.000195748984552143
"715","годувати",0.406041052308278,0.0132946185341664
"716","їсти",0.397575454116558,0.0920835848164038
"717","вірогідність",0.390786668679094,0.00274048578373
"718","ймовірно",0.407314248240696,0.0221685725005302
"719","вводити",0.403308966858307,0.00202273950703881
"720","йти",0.423610737446831,0.23392003653981
"721","чашка",0.45930511466395,0.0034256072296625
"722","кава",0.385364663274133,0.0218912614390813
"723","рок",0.483182026969995,0.00965694990457237
"724","камінь",0.415793053399907,0.0290524117906138
"725","шолом",0.413655998929348,0.00805833319739654
"726","капелюх",0.41967903165648,0.0138655530724434
"727","анархія",0.367590612672442,0.00115818149193351
"728","капіталізм",0.376083916876352,0.001370242891865
"729","командувач",0.448408294002457,0.0023816126453844
"730","капітан",0.423229787374506,0.0463925093388578
"731","церква",0.392182329102561,0.0140286772262369
"732","каплиця",0.375045798150793,0.00109293183041613
"733","єпископ",0.39035752335687,0.00260998646069524
"734","кардинал",0.450218595843107,0.00179436569172797
"735","компас",0.488618618107249,0.00464903838311339
"736","карта",0.481507258490638,0.0136045544263739
"737","мафія",0.395186278335828,0.00360504379883529
"738","картель",0.442947003162552,0.00295254718366148
"739","мучити",0.418593798208883,0.00473060046001011
"740","катування",0.401763335363928,0.00174542844558994
"741","таблиця",0.464733760550619,0.000668809030553154
"742","кафедра",0.356883467036042,0.000619871784415118
"743","гусак",0.479069223011842,0.00114186907655417
"744","качка",0.536749080519903,0.00460010113697535
"745","половина",0.448298776766209,0.0269644226220576
"746","квартал",0.41785008499915,0.00908601536629529
"747","будинок",0.394547541224719,0.139095965939677
"748","квартира",0.43258945716584,0.0229841932694974
"749","рослина",0.424795361187358,0.00295254718366148
"750","квітка",0.405624529632182,0.00735689933608469
"751","пікнік",0.395497633132406,0.00536678465980458
"752","кемпінг",0.383314116584389,0.00123974356883024
"753","підлога",0.389808758774659,0.00538309707518392
"754","килимок",0.38935631736997,0.00207167675317684
"755","повітря",0.427814432378536,0.0509110483989364
"756","кисень",0.422680899810506,0.00735689933608469
"757","осел",0.458031066431086,0.00259367404531589
"758","кінь",0.40652837684278,0.0183677797171427
"759","собака",0.440553228455762,0.0302595305286854
"760","кішка",0.420745692089869,0.00569303296739148
"761","типовий",0.38833154034892,0.00427385282938845
"762","класичний",0.393859682967458,0.0051220984291144
"763","хворий",0.391314872964058,0.0303247801902028
"764","клієнт",0.383711452015944,0.0240771250999135
"765","лікарня",0.389859205513045,0.01644291470238
"766","клініка",0.381028616402103,0.00445328939856124
"767","присягати",NA,0
"768","клятва",0.415313313412405,0.00158230429179649
"769","біблія",0.405388264866922,0.00448591422931994
"770","книга",0.455142087480774,0.0299985318826159
"771","принцеса",0.407951978691568,0.01918340048611
"772","князь",0.510937490422731,0.00221848849159095
"773","родео",0.423512398079737,0.00329510790662773
"774","ковбойський",0.384849296162754,0.000570934538277083
"775","падіння",0.434199365201112,0.0170790989021744
"776","ковток",0.394460576527493,0.00513841084449374
"777","ніколи",0.397139031874471,0.529501003213546
"778","коли-небудь",0.405606200817593,0.0597197527037829
"779","плече",0.442094810130595,0.012283248780647
"780","коліна",0.407280695316198,0.0317276479128265
"781","ліга",0.401764151697008,0.00371923070649071
"782","команда",0.462611302589265,0.0697029509159421
"783","павук",0.41417081293761,0.00543203432132196
"784","комаха",0.402383493138175,0.00189224018400405
"785","драма",0.416840019097704,0.00471428804463077
"786","комедія",0.386290068678241,0.00300148442979952
"787","інспектор",0.381270957442438,0.00951013816615826
"788","комісар",0.382152258044174,0.00486109978304488
"789","комісія",0.410355770802065,0.00554622122897737
"790","комітет",0.399310526158955,0.00864558015105297
"791","програмне забезпечення",NA,0
"792","комп'ютер",0.39716675963272,0.0190692135784546
"793","расист",0.427240003308906,0.00257736162993654
"794","комуніст",0.39476738040085,0.00179436569172797
"795","закон",0.440738277839651,0.0404058528946381
"796","конституція",0.390998301907992,0.000929807676622678
"797","консультація",0.363860769372158,0.00141918013800303
"798","консультувати",0.376439734696059,0.00037518555372494
"799","приватний",0.387156490505406,0.0108151313965059
"800","конфіденційність",0.35986612242381,0.00243054989152244
"801","зосереджувати",NA,0
"802","концентрат",0.431379668504944,0.000163124153793452
"803","турист",0.433867526270834,0.00233267539924637
"804","концерт",0.42184655839374,0.0174542844558994
"805","ром",0.418689343697316,0.00314829616821363
"806","коньяк",0.40228263970691,0.00197380226090077
"807","оригінальний",0.371774204943435,0.0217607621160465
"808","копіювати",0.409790286679927,0.0015496794610378
"809","королівський",0.418052371709852,0.00721008759767059
"810","королівство",0.410949440443876,0.0121527494576122
"811","королева",0.456400195733715,0.0304226546824788
"812","короля",0.478158894341273,0.0382036768184265
"813","компанія",0.390918315121426,0.0409930998482945
"814","корпорація",0.411085831498828,0.00497528669070029
"815","господиня",0.388773306604619,0.00396391693718089
"816","коханець",0.378050019985503,0.00670440272091089
"817","алмаз",0.537788775673076,0.000880870430484642
"818","коштовність",0.459369793686233,0.00122343115345089
"819","пов'язувати",0.384778491361673,0.000489372461380357
"820","краватка",0.381472627645384,0.00458378872159601
"821","чарівність",0.409992078963924,0.00202273950703881
"822","краса",0.398016335279166,0.0356915648500073
"823","борг",0.401359753008018,0.0201458329934913
"824","кредит",0.415544874877716,0.0102278844428495
"825","ситуація",0.405563069551014,0.0526564768445264
"826","криза",0.397092396199087,0.00916757744319201
"827","злодій",0.412502341484066,0.0144364876107205
"828","кримінальний",0.400860063910615,0.00322985824511035
"829","окуляри",0.396640498047685,0.0228047567003246
"830","кришка",0.414067438918145,0.00215323883007357
"831","лисиця",0.410119100440358,0.00243054989152244
"832","кролик",0.428045923632456,0.00840089392036279
"833","відносний",0.461068044783525,0.000195748984552143
"834","кузен",0.430713309650953,0.011859125980784
"835","калібр",0.393586295262029,0.00283836027600607
"836","куля",0.431235961096781,0.0195912108705936
"837","сорочка",0.383488724812339,0.0105215079196777
"838","куртка",0.407602149789302,0.00725902484380862
"839","дракон",0.450324738577935,0.00784627179746505
"840","лев",0.480458531418665,0.0085477056587769
"841","міф",0.390844499002452,0.00535047224442523
"842","легенда",0.436584487134259,0.0144528000260999
"843","неможливий",0.421581971502547,0.00190855259938339
"844","легкий",0.471990179208384,0.00874345464332904
"845","темрява",0.41646495155452,0.00995057338140058
"846","лорд",0.527393859208331,0.0160024794871377
"847","леді",0.396542342897934,0.0724108118689134
"848","сержант",0.448627895134515,0.0183188424710047
"849","лейтенант",0.460718907648288,0.0165571016100354
"850","лекція",0.370102957028544,0.00216955124545291
"851","смоктати",0.365702040930086,0.00270786095297131
"852","лизати",0.361763933251012,0.0018759277686247
"853","червень",0.418881250831911,0.0025610492145572
"854","липень",0.431373827608906,0.00300148442979952
"855","кашель",0.49751251187709,0.00314829616821363
"856","лихоманка",0.39951806320287,0.00456747630621666
"857","консервативний",0.39387087191823,0.000652496615173809
"858","ліберальний",0.364805344311135,0.000244686230690178
"859","правий",0.406872246971833,0.0717909400844983
"860","ліворуч",0.414896088915302,0.0385462375413928
"861","член",0.437984876415184,0.0446797057240266
"862","лідер",0.427012619657925,0.0172095982252092
"863","диван",0.411997797969768,0.0101952596120908
"864","ліжка",0.388949541129657,0.0267523612221262
"865","алкоголь",0.416040627096376,0.0155131070257573
"866","ліки",0.38984453507607,0.0428853400322986
"867","терапія",0.354870623774057,0.0061334681826338
"868","лікування",0.38239117982381,0.0207004551163891
"869","таксі",0.376805465795431,0.0381547395722885
"870","лімузин",0.374068880011337,0.00363766862959398
"871","мін",0.416576630776581,0.00735689933608469
"872","лін",0.376510033859023,0.00414335350635369
"873","джунглі",0.429348019168269,0.00707958827463583
"874","ліс",0.42407882856156,0.0223153842389443
"875","земля",0.456485890539344,0.0447612678009233
"876","літати",0.441579288318374,0.0227395070388072
"877","мистецтво",0.39372920855409,0.0206678302856304
"878","література",0.371892733607264,0.00189224018400405
"879","тунець",0.374083680306506,0.00177805327634863
"880","лобстер",0.422534898918583,0.000929807676622678
"881","ненависть",0.452094836199348,0.0125768722574752
"882","любов",0.403000813100108,0.0682348335318011
"883","населення",0.441033462730422,0.0126258095036132
"884","люди",0.448257189422922,0.414661598942955
"885","людський",0.415880101656233,0.00745477382836077
"886","гнів",0.406331656833104,0.0149421724874802
"887","лють",0.431060152797401,0.00960801265843433
"888","налякати",0.391649784053463,0.0130499323034762
"889","лякати",0.381703677162107,0.00809095802815523
"890","нервовий",0.381652842226716,0.00600296885959904
"891","м'яз",0.425989666960882,0.0022021760762116
"892","свинина",0.455056801562814,0.00185961535324536
"893","м'ясо",0.403682482691865,0.0222990718235649
"894","може бути",NA,0
"895","мабуть",0.391547293449073,0.361564686883187
"896","крамниця",0.386319881169328,0.00621503025953053
"897","магазин",0.449482809226127,0.0344518212811771
"898","кетчуп",0.442130394149151,0.00316460858359297
"899","майонез",0.465001411311756,0.00172911603021059
"900","мінімальний",0.410052581655296,0.00132130564572696
"901","максимальний",0.449204702975624,0.00140286772262369
"902","мало",0.434855579024659,0.167707942515048
"903","малий",0.396068184510324,0.0918388985857136
"904","фарбувати",0.393271183414215,0.00216955124545291
"905","малювати",0.386186038334874,0.00910232778167463
"906","тато",0.377787526881517,0.179420256757418
"907","контроль",0.461257974114249,0.0319397093127579
"908","маніпулювати",0.383734185408079,0.00378448036800809
"909","реклама",0.414029769678685,0.00791152145898243
"910","маркетинг",0.414931503233515,0.00177805327634863
"911","йога",0.428527856854019,0.00195748984552143
"912","масаж",0.384698239786805,0.00866189256643231
"913","масло",0.439050257955104,0.0097385119814691
"914","мед",0.468281025298534,0.00626396750566856
"915","фізика",0.388676703980508,0.00233267539924637
"916","математика",0.403589795247347,0.00570934538277083
"917","піратський",0.409888761641906,0.00122343115345089
"918","матрос",0.452948176125462,0.000848245599725951
"919","турнір",0.406689054031463,0.00585615712118493
"920","матч",0.441027504354689,0.0130336198880968
"921","робот",0.42630411252292,0.00789520904360309
"922","машина",0.439209845790021,0.0878097319870153
"923","транспортний засіб",NA,0
"924","трофей",0.459109238710736,0.004110728675595
"925","медаль",0.435240140166142,0.00752002348987815
"926","артефакт",0.472462072073643,0.00195748984552143
"927","медальйон",0.38945954047604,0.00254473679917785
"928","шериф",0.485999557117402,0.0148279855798248
"929","мера",0.408651009941545,0.0103910085966429
"930","живий",0.442270045438795,0.0866678629104611
"931","мертвий",0.39368059168048,0.0743683017144349
"932","залізо",0.404865794009752,0.00363766862959398
"933","металевий",0.405233038913367,0.00185961535324536
"934","кілометр",0.424006851750718,0.0049426618599416
"935","метр",0.445164800881016,0.00665546547477285
"936","технічний",0.425447479827891,0.00295254718366148
"937","механічний",0.370422629346134,0.0010113697535194
"938","солодкий",0.393081478542344,0.00743846141298142
"939","милий",0.39688671691516,0.0638304813793778
"940","прощення",0.396514700850855,0.0100321354582973
"941","милосердя",0.408774645194451,0.00959170024305499
"942","майбутнє",0.399894828153076,0.0753633590525749
"943","минуле",0.394759861332862,0.041580346801951
"944","чистий",0.400345094235385,0.0226416325465312
"945","мити",0.39792687412247,0.00634552958256529
"946","телескоп",0.430369432139842,0.00213692641469422
"947","мікроскоп",0.404309272261052,0.000815620768967261
"948","камеру",0.44333918215546,0.0324290817741383
"949","мікрофон",0.390292378451109,0.00964063748919303
"950","мільйон",0.401430297934332,0.0349738185733161
"951","мільярд",0.432159027412266,0.0058072198750469
"952","посольство",0.465356652353851,0.00429016524476779
"953","міністерство",0.407284749280438,0.00675333996704892
"954","посла",0.436184110829244,0.00318092099897232
"955","міністр",0.424460496978781,0.0109945679656787
"956","плюс",0.455526377507745,0.0277474185602662
"957","мінус",0.42216256965503,0.00900445328939856
"958","завдання",0.407119459944641,0.0697192633313215
"959","місія",0.423145841288886,0.0193791494706621
"960","капітал",0.382115724692802,0.00365398104497333
"961","місто",0.409363122622559,0.108102376718921
"962","регіональний",0.388730288346005,0.00148442979952041
"963","місцевий",0.389721912282118,0.0134414302725805
"964","коробка",0.43410626927197,0.00928176435084743
"965","мішок",0.397025184833796,0.014599611764514
"966","мовчазний",0.400522458721053,0.0023816126453844
"967","мовчання",0.398163870176089,0.0111250672887134
"968","шанс",0.443575669902293,0.14400600296886
"969","можливість",0.406928044127357,0.063553170317929
"970","сухий",0.428577209708365,0.00491003702918291
"971","мокрий",0.398786130121526,0.00536678465980458
"972","старий",0.402007826050517,0.128917018742965
"973","молодий",0.422865179682087,0.0341418853889695
"974","старший",0.455601198912998,0.0309283395592385
"975","молодший",0.402750991826969,0.019656460532111
"976","палиця",0.413755433783425,0.0022021760762116
"977","молоток",0.436108935860875,0.00521997292139047
"978","сиріт",0.402004660784448,0.00254473679917785
"979","монастир",0.400141503404397,0.00391497969104285
"980","храм",0.45665035074634,0.00877607947408773
"981","екран",0.413695603157608,0.0090533905355366
"982","монітор",0.410367750177287,0.0023816126453844
"983","оргазм",0.379553598238859,0.00350716930655922
"984","монтаж",0.460910842069535,0.00370291829111136
"985","аспірин",0.383660847257597,0.0035724189680766
"986","морфін",0.374924188482777,0.00156599187641714
"987","готель",0.381224596777798,0.0427711531246432
"988","мотель",0.427649354734588,0.00791152145898243
"989","моторошний",0.407602686992832,0.00243054989152244
"990","ланцюг",0.434381415327519,0.00623134267490987
"991","мотузка",0.427748852848944,0.00489372461380357
"992","кошмар",0.461222984913149,0.0170954113175538
"993","мрія",0.396427169214386,0.0256757418070894
"994","бібліотека",0.386864904084103,0.00574197021352952
"995","музей",0.437194727271151,0.00952645058153761
"996","джаз",0.432405287403237,0.0044369769831819
"997","музика",0.415838459557143,0.0452017030161656
"998","співак",0.400848499316861,0.00355610655269726
"999","музикант",0.390516700400787,0.00513841084449374
"1000","бджола",0.422068935826499,0.0028872975221441
"1001","мурашка",0.502107474246532,0.000146811738414107
"1002","еволюція",0.442179396482549,0.0018759277686247
"1003","мутація",0.373396991574859,0.000880870430484642
"1004","круглий",0.441709384324451,0.0016964911994519
"1005","навколо",0.421265513621757,0.0804854574816893
"1006","випадково",0.397510721385198,0.0431137138476094
"1007","навмисно",0.399599626314896,0.0178457824250037
"1008","навпаки",0.39305417357275,0.0376490546955288
"1009","навчатися",0.384292496037367,0.00499159910607964
"1010","навчати",0.428649459171409,0.00579090745966755
"1011","бонус",0.420499658719851,0.00517103567525243
"1012","нагорода",0.416060064146686,0.00760158556677487
"1013","надавати",0.402798287282434,0.00363766862959398
"1014","терміновий",0.404913590292206,0.00230005056848768
"1015","надзвичайний",0.446884857566651,0.00639446682870333
"1016","приносити",0.393759820934177,0.00587246953656428
"1017","надсилати",0.405516341701942,0.00337666998352446
"1018","вічний",0.414868959275662,0.0053015349982872
"1019","назавжди",0.405506340697477,0.0757385446062998
"1020","кільце",0.403639440058769,0.00792783387436178
"1021","намисто",0.400358113061434,0.00672071513629023
"1022","призначення",0.41883076321127,0.0191997129014893
"1023","намір",0.410055019916105,0.0143059882876858
"1024","читання",0.400247082798361,0.0071774627669119
"1025","написання",0.411736887672011,0.00329510790662773
"1026","наречений",0.377220625158293,0.00944488850464088
"1027","наречена",0.38628268209962,0.0139960523954782
"1028","країна",0.410797240708497,0.0281715413601292
"1029","народ",0.426424579373984,0.0847429978956984
"1030","ювілей",0.380377883305479,0.00168017878407256
"1031","фактично",0.438048350055979,0.0165081643638974
"1032","насправді",0.394829421817166,0.206074743487268
"1033","надихати",0.39187060795461,0.00138655530724434
"1034","натхнення",0.408356418407399,0.0088739539663638
"1035","технологія",0.391328671100309,0.00523628533676982
"1036","наука",0.432450746304241,0.0124300605190611
"1037","ризик",0.404522716783632,0.0251700569303297
"1038","небезпека",0.429875268753334,0.0157414808410681
"1039","ризикований",0.416630966352852,0.000815620768967261
"1040","небезпечний",0.409903515422681,0.0209614537624586
"1041","небо",0.454568286875186,0.0321354582973101
"1042","небесний",0.428998585469382,0.0035724189680766
"1043","анонімний",0.387706974190838,0.00231636298386702
"1044","невідомий",0.410911473098281,0.010015823042918
"1045","позитивний",0.394949997444822,0.00404547901407761
"1046","негативний",0.381766796956553,0.00290360993752345
"1047","субота",0.407318534789646,0.00781364696670636
"1048","неділя",0.40150104192785,0.0066391530593935
"1049","нездатність",0.393480179592645,0.00133761806110631
"1050","нездатний",0.385211652614554,0.000766683522829225
"1051","незручний",0.406007824800963,0.000978744922760713
"1052","стурбований",0.389759131894996,0.00363766862959398
"1053","раптом",0.396352473597214,0.0976950557068985
"1054","несподівано",0.402182982040751,0.0156272939334127
"1055","неправедність",NA,0
"1056","несправедливість",0.393676535539513,0.00295254718366148
"1057","бідність",0.412838320786524,0.00260998646069524
"1058","нещастя",0.41303894647016,0.0112066293656102
"1059","нещасний",0.386835291122211,0.0277311061448869
"1060","просто",0.459699938581169,0.801885715217852
"1061","нещодавно",0.396973163060329,0.0383994258029786
"1062","м'який",0.421138571444935,0.00526891016752851
"1063","ніжний",0.402877876502807,0.00386604244490482
"1064","марний",0.39700455675004,0.00109293183041613
"1065","нікчемний",0.39180136114297,0.00698171378235975
"1066","канал",0.437346230387977,0.017862094840383
"1067","новини",0.397422904418464,0.103485963166566
"1068","меч",0.469253801243576,0.0200316460858359
"1069","ніж",0.408208890058257,0.41854395380324
"1070","здоровий",0.402324292527951,0.0210593282547347
"1071","нормальний",0.38249391356531,0.0151542338874117
"1072","рот",0.48636133486767,0.029770158067305
"1073","нос",0.307012498329239,0.00177805327634863
"1074","діарея",0.35824893991836,0.00143549255338238
"1075","нудота",0.374418281352085,0.00321354582973101
"1076","скарга",0.377147233421867,0.00164755395331387
"1077","обвинувачення",0.391037849931257,0.0110761300425754
"1078","розмова",0.380000734160601,0.033831949496762
"1079","обговорення",0.406860344136235,0.00592140678270232
"1080","закуска",0.482383272097886,0.00146811738414107
"1081","обід",0.395172987563782,0.0509762980604538
"1082","поцілунок",0.376652672406881,0.0165734140254147
"1083","обіймати",0.389002382388176,0.00182699052248666
"1084","обіцянка",0.400543569746285,0.00386604244490482
"1085","обладнання",0.411287301499695,0.0163939774562419
"1086","обладнувати",NA,0
"1087","відповідальність",0.397733319421916,0.0321680831280688
"1088","обов'язок",0.419362530799274,0.027975792375577
"1089","образливість",NA,0
"1090","ображати",0.387555611978646,0.00660652822863481
"1091","служба",0.437634349948802,0.0218096993621846
"1092","обслуговування",0.394475501362921,0.00743846141298142
"1093","огидний",0.390971333057335,0.0107335693196092
"1094","одиночний",0.45477370232047,0.000244686230690178
"1095","одружений",0.373198238404895,0.0221359476697715
"1096","річка",0.438641089690048,0.00915126502781267
"1097","озеро",0.434095344999994,0.0136208668417533
"1098","море",0.46371294976333,0.0305205291747549
"1099","океан",0.446795225529484,0.0188734645939024
"1100","свіжий",0.393433891774861,0.00711221310539452
"1101","оновити",0.384429292676046,0.00246317472228113
"1102","профіль",0.381349271349251,0.00629659233642726
"1103","опис",0.409647023307779,0.00716115035153255
"1104","опівночі",0.401698265183092,0.0127236839958893
"1105","опівдні",0.395764324070128,0.00660652822863481
"1106","супротив",0.411281759527896,0.000570934538277083
"1107","опір",0.427187549974425,0.0124789977651991
"1108","ворог",0.427447876196899,0.0261161770223317
"1109","опонент",0.413855005132589,0.00102768216889875
"1110","планета",0.455567559638193,0.0117449390731286
"1111","орбіта",0.420592747655216,0.000603559369035773
"1112","сортувати",0.384803094031575,0.000538309707518392
"1113","організувати",0.396234722239455,0.0101626347813321
"1114","орендар",0.382576706833584,0.000685121445932499
"1115","орендодавець",0.396597394070561,0.00078299593820857
"1116","наймання",0.402065174582781,0.000163124153793452
"1117","орендувати",0.375228015640625,0.0028872975221441
"1118","здоров'я",0.405763634541897,0.0442392705087842
"1119","освіта",0.38748309880069,0.00561147089049476
"1120","весна",0.447297023620016,0.00683490204394565
"1121","осінь",0.433445782563181,0.0044369769831819
"1122","характер",0.457026274219934,0.0156599187641714
"1123","особистість",0.390609800222302,0.0130336198880968
"1124","спочатку",0.409914498226689,0.139781087385609
"1125","остання",0.410874752440454,0.0502096145376246
"1126","останній",0.415665652639068,0.111495359117825
"1127","остаточний",0.407870926127585,0.00177805327634863
"1128","тріщина",0.386178646687552,0.00197380226090077
"1129","отворити",NA,0
"1130","стіл",0.390699518262461,0.043423649739817
"1131","офіс",0.383599458532081,0.0362461869729051
"1132","офіціант",0.369267861021694,0.00446960181394059
"1133","офіціантка",0.368933435937367,0.00368660587573202
"1134","офіційно",0.387850826391167,0.0275679819910934
"1135","офіційний",0.399148944141023,0.00528522258290785
"1136","спостереження",0.397622157125813,0.0200642709165946
"1137","оцінка",0.402813683934823,0.00440435215242321
"1138","захоплюватися",0.382164710793808,0.00189224018400405
"1139","оцінювати",0.39376157697276,0.00212061399931488
"1140","чітко",0.401432128542677,0.0307325905746864
"1141","очевидно",0.46030581209717,0.0670114023783502
"1142","чекати",0.396368604571957,0.0913984633704713
"1143","очікувати",0.409150546026346,0.0085150808280182
"1144","тверезий",0.379100568434555,0.0032461706604897
"1145","п'яний",0.3987939866255,0.0247948713766047
"1146","інтернет",0.387692822972698,0.0121201246268535
"1147","павутина",0.524064343642814,0.000913495261243332
"1148","конверт",0.447355954428727,0.00548097156745999
"1149","пакет",0.440929403407701,0.0150237345643769
"1150","газ",0.451668150343514,0.0173564099636233
"1151","паливо",0.452596583107262,0.00484478736766553
"1152","кабіна",0.4376415553791,0.00102768216889875
"1153","палуба",0.492343053496401,0.000995057338140058
"1154","дядько",0.395599506296714,0.0447449553855439
"1155","папа",0.711201975114643,0.0148279855798248
"1156","розділ",0.401760009794458,0.0126094970882339
"1157","параграф",0.440596630257751,0.0010113697535194
"1158","вибір",0.383417977121186,0.0849224344648712
"1159","параметр",0.377550655664683,0.000163124153793452
"1160","надприродливий",NA,0
"1161","паранормальний",0.367751686983823,0.000179436569172797
"1162","стіна",0.41450023411875,0.0106846320734711
"1163","паркан",0.398609671540143,0.00525259775214916
"1164","кодекс",0.462050742714204,0.00632921716718595
"1165","пароль",0.430288184401537,0.0134903675187185
"1166","прийом",0.42527889949579,0.0394434203872567
"1167","партія",0.415346478057477,0.00846614358188017
"1168","помада",0.424457608670041,0.00321354582973101
"1169","парфуми",0.383003315570244,0.00484478736766553
"1170","квиток",0.393324780254346,0.0265892370683327
"1171","паспорт",0.42347911642857,0.0148442979952041
"1172","охоронець",0.398693643207463,0.0123648108575437
"1173","патруль",0.415977897215111,0.00830301942808672
"1174","миша",0.431762617887177,0.00610084335187511
"1175","пацюк",0.411555576787913,0.00367029346035267
"1176","рай",0.456524661981749,0.0192975873937654
"1177","пекло",0.401611936492783,0.0333915142815197
"1178","піхва",0.368600358104662,0.00230005056848768
"1179","пеніс",0.356110932881083,0.0069980261977391
"1180","вторинний",0.385128589469677,0.000195748984552143
"1181","первинний",0.412170353007481,0.000799308353587916
"1182","недооцінювати",0.396148214047336,0.00383341761414613
"1183","перебільшувати",0.379617585868357,0.00127236839958893
"1184","датчик",0.44777703549365,0.00225111332234964
"1185","передавач",0.390425601314998,0.00295254718366148
"1186","рухатися",0.416852645330386,0.0388235486028416
"1187","передача",0.461445269994696,0.00686752687470434
"1188","невдаха",0.384203225972838,0.0172259106405886
"1189","переможець",0.426130332300259,0.0128215584881653
"1190","розбити",0.418723636041118,0.00792783387436178
"1191","перерва",0.393881919687425,0.01469748625679
"1192","слідувати",0.41417058797591,0.00433910249090583
"1193","переслідувати",0.402829598020062,0.00685121445932499
"1194","радіус",0.41369538713678,0.00216955124545291
"1195","периметр",0.433748900739927,0.00822145735118999
"1196","фаза",0.449119468063296,0.00275679819910934
"1197","період",0.416185750736767,0.0192649625630067
"1198","погляд",0.405501855320757,0.0320049589742753
"1199","перспективний",0.375350182851911,0.000880870430484642
"1200","нирка",0.389956657612293,0.00151705463027911
"1201","печінка",0.399016661183336,0.00415966592173303
"1202","пити",0.408795421913062,0.0591325057501264
"1203","пиво",0.415485569470819,0.0348759440810401
"1204","зола",0.416770427236093,0.000473060046001011
"1205","пил",0.553670676226281,0.0102115720274701
"1206","іржавий",0.425251879164505,0.000929807676622678
"1207","пильний",0.437238849857981,0.000685121445932499
"1208","читати",0.398143680374088,0.0427059034631258
"1209","писати",0.391799073558472,0.0414172226481575
"1210","поет",0.439704397623477,0.0059866564442197
"1211","письменник",0.392654790171862,0.0088739539663638
"1212","північний",0.438275485640118,0.00986901130450386
"1213","готовий",0.412328540229104,0.171737109113746
"1214","підготувати",0.40883299440479,0.0112229417809895
"1215","контакт",0.447097339105411,0.0210430158393553
"1216","підключення",0.396020404369082,0.00107661941503678
"1217","підлітковий",0.358990704353771,0.00110924424579548
"1218","підліток",0.375681616726655,0.00577459504428821
"1219","сумніватися",0.405093748956908,0.00796045870512047
"1220","підозрювати",0.374386194889799,0.00350716930655922
"1221","печатка",0.419552731667271,0.00164755395331387
"1222","підпис",0.386777058257907,0.0133761806110631
"1223","мільйонер",0.376555359728112,0.0022021760762116
"1224","підприємець",0.394900579111138,0.00145180496876172
"1225","відділ",0.389258272783015,0.030243218113306
"1226","підрозділ",0.405503969795908,0.00833564425884541
"1227","відмовляти",0.383165985715725,0.00275679819910934
"1228","затверджувати",NA,0
"1229","підтвердження",0.416804047683852,0.0114513155963003
"1230","підтверджувати",0.393237140974253,0.000440435215242321
"1231","заповідник",0.401145887178617,0.0016964911994519
"1232","підтримувати",0.404832601818107,0.0171932858098299
"1233","космонавт",0.412704115811098,0.001370242891865
"1234","пілот",0.479976115603788,0.0122016867037502
"1235","альбом",0.42853975740753,0.0122669363652676
"1236","пісня",0.398154702612951,0.0395576072949122
"1237","бруд",0.418542434385989,0.00944488850464088
"1238","пісок",0.425247134589906,0.00939595125850285
"1239","гвинтівка",0.401173656917727,0.00213692641469422
"1240","духовка",0.413322429617223,0.000701433861311844
"1241","піч",0.401487678465449,0.00422491558325041
"1242","занурений",0.386265649534117,0.000636184199794464
"1243","плавати",0.408873625946209,0.0153499828719639
"1244","підготовка",0.407954674262068,0.00652496615173809
"1245","планування",0.406414059379673,0.00538309707518392
"1246","цемент",0.47461099925757,0.00123974356883024
"1247","пластик",0.41957479071833,0.00287098510676476
"1248","онук",0.389457006045915,0.00636184199794464
"1249","племінник",0.391576304603652,0.00659021581325547
"1250","склянка",0.383076550424184,0.00303410926055821
"1251","пляшка",0.385033002607366,0.00895551604326053
"1252","замикання",0.415778767887714,0.00176174086096928
"1253","повертатися",0.388864428018329,0.0380731774953917
"1254","шар",0.500806748474928,0.00448591422931994
"1255","поверхня",0.45094097407081,0.00212061399931488
"1256","увага",0.4198597175932,0.0578601373505375
"1257","повідомлення",0.38903191479969,0.0975808687992431
"1258","доповідь",0.40405877288507,0.00360504379883529
"1259","повідомляти",0.379719706451435,0.00433910249090583
"1260","порожній",0.407265056074378,0.0115002528424384
"1261","повний",0.40589656247511,0.051269921537282
"1262","загальний",0.433823715400896,0.00430647766014714
"1263","абсолютно",0.462144857360257,0.0700128868081497
"1264","повністю",0.413363523739027,0.0729817464071905
"1265","поворот",0.465473165834302,0.0137839909955467
"1266","крутити",0.460348969972124,0.00365398104497333
"1267","добрий",0.399236068086432,0.118640197053978
"1268","поганий",0.391905374962213,0.0547444660130826
"1269","крадіжка",0.385735109170522,0.00621503025953053
"1270","пограбування",0.37876391879543,0.0215976379622531
"1271","явище",0.427112109771262,0.00429016524476779
"1272","подія",0.408972005233492,0.01469748625679
"1273","гостинність",0.413284476731472,0.0049426618599416
"1274","подяка",0.404993585558758,0.00546465915208065
"1275","текст",0.42868510699121,0.00944488850464088
"1276","поема",0.396196106166759,0.000734058692070535
"1277","благодійність",0.376889495294687,0.00401285418331892
"1278","пожертвування",0.382153730877136,0.00185961535324536
"1279","штраф",0.438239444271311,0.00916757744319201
"1280","позбавлення волі",NA,0
"1281","статус",0.595433257049388,0.0137187413340293
"1282","позиція",0.435118614597117,0.00745477382836077
"1283","гральний",0.394155694449546,0.000880870430484642
"1284","покер",0.408126214706641,0.0061334681826338
"1285","вставляти",0.39373329511982,0.00107661941503678
"1286","покладати",0.388256456052034,0.00037518555372494
"1287","няня",0.473560911770376,0.00577459504428821
"1288","покоївка",0.389153185511612,0.00492634944456226
"1289","продавець",0.397676313823483,0.00763421039753356
"1290","покупець",0.383672844865498,0.00521997292139047
"1291","арена",0.469621626601128,0.00168017878407256
"1292","поле бою",NA,0
"1293","зміна",0.403208092150045,0.0210103910085966
"1294","поліпшення",0.395321703168991,0.000799308353587916
"1295","посадка",0.476921395103946,0.00590509436732297
"1296","політ",0.435723572439431,0.0101952596120908
"1297","політика",0.401634635766108,0.0117775639038872
"1298","політик",0.410157145226033,0.00352348172193857
"1299","журналістика",0.375643705206783,0.00114186907655417
"1300","критичний",0.441327730232776,0.00265892370683327
"1301","політичний",0.409103322014808,0.00345823206042119
"1302","полковник",0.474549690314088,0.0126910591651306
"1303","пожежа",0.408384573252612,0.0145017372722379
"1304","полум'я",0.444137482031065,0.0141428641338923
"1305","банан",0.401791488467946,0.00360504379883529
"1306","полуниця",0.389741289346321,0.00138655530724434
"1307","зелений",0.414425655494762,0.0165734140254147
"1308","помаранчевий",0.395469506101404,0.0022021760762116
"1309","страждати",0.383304682211157,0.00990163613526255
"1310","померти",0.399907883061979,0.0717420028383603
"1311","похибка",0.418102223344641,0.000309935892207559
"1312","помилка",0.402282917064091,0.0547934032592206
"1313","підробка",0.394828651292207,0.00654127856711743
"1314","помилковий",0.394429624042462,0.00078299593820857
"1315","картопля",0.40607755485397,0.0069980261977391
"1316","помідор",0.398622356449442,0.00135393047648565
"1317","секретар",0.415058360479125,0.00735689933608469
"1318","помічник",0.406623239842995,0.017389034794382
"1319","перемога",0.437532896077072,0.0222664469928062
"1320","поразка",0.42518154021815,0.00435541490628517
"1321","командування",0.433656296904435,0.00866189256643231
"1322","порядок",0.504024702172908,0.0310262140515146
"1323","завжди",0.395906575342286,0.526695267768298
"1324","постійно",0.386632666324904,0.130727696850073
"1325","потворний",0.391805196221243,0.004110728675595
"1326","необхідний",0.409331308771392,0.00388235486028416
"1327","потреба",0.385880258448345,0.00538309707518392
"1328","подвійний",0.410484178627196,0.00942857608926154
"1329","потрійний",0.397156615349957,0.00192486501476274
"1330","копати",0.419552386261929,0.00753633590525749
"1331","поховати",0.390930774304389,0.00813989527429326
"1332","труна",0.384229832412252,0.00225111332234964
"1333","похоронний",0.444349339877572,0.000685121445932499
"1334","слухати",0.39409731090115,0.0512372967065233
"1335","почути",0.392974613019199,0.0696703260851834
"1336","пояснення",0.40548731933179,0.0187429652708677
"1337","правдоподібний",NA,0
"1338","неправильний",0.41667776704583,0.00507316118297636
"1339","правильний",0.400937498508912,0.0139960523954782
"1340","буквально",0.432773833062299,0.0282694158524053
"1341","практично",0.410509043829558,0.0216792000391498
"1342","об'єкт",0.420602261769991,0.0141428641338923
"1343","предмет",0.454621885809457,0.00835195667422475
"1344","канцлер",0.484084201041778,0.00179436569172797
"1345","президент",0.480779887984321,0.0347943820041434
"1346","кнопок",0.399800825903082,0.000929807676622678
"1347","прес",0.386406320760173,0.00365398104497333
"1348","корона",0.44053754458947,0.00570934538277083
"1349","престол",0.458574865621078,0.00202273950703881
"1350","вітати",0.411022363698297,0.00588878195194362
"1351","привітати",0.39550827762473,0.0141591765492717
"1352","зручний",0.387714051591326,0.00290360993752345
"1353","приємний",0.390924294084314,0.0130009950573381
"1354","нова",0.404375764499541,0.0757059197755412
"1355","приз",0.438932469863701,0.0123484984421643
"1356","приймати",0.396023252745988,0.0280736668678531
"1357","попряма",NA,0
"1358","приклад",0.40682388650284,0.0220870104236334
"1359","чіп",0.375663973989664,0.00577459504428821
"1360","прилад",0.399566948741383,0.00384973002952547
"1361","пастка",0.416819046863924,0.0158556677487236
"1362","приманка",0.483261644011007,0.00303410926055821
"1363","висновок",0.41396402372742,0.00802570836663785
"1364","припущення",0.398001533289886,0.00993426096602124
"1365","ентузіазм",0.385370606299206,0.00272417336835065
"1366","пристрасть",0.402809221945944,0.0116144397500938
"1367","притулок",0.412050778047391,0.0157088560103094
"1368","прибути",0.440697193060176,0.0035724189680766
"1369","приходити",0.37823459162185,0.0256431169763307
"1370","результат",0.449560105416137,0.026132489437711
"1371","причина",0.484804925765211,0.0597360651191622
"1372","псевдонім",0.370756302382718,0.00298517201442018
"1373","прізвище",0.384972677104602,0.0292807856059247
"1374","з",0.446640147066833,0.950948566954309
"1375","про",0.43031942284684,0.896301975433502
"1376","неприємність",0.422424464822451,0.00158230429179649
"1377","проблема",0.44062126998604,0.158246741595028
"1378","успіх",0.41595296431405,0.0227558194541866
"1379","провал",0.4307023235252,0.00825408218194868
"1380","проект",0.470139233867064,0.016067729148655
"1381","програма",0.400055775183211,0.0184982790401775
"1382","дрімати",0.356949277526859,0.000570934538277083
"1383","прогулянка",0.391968677668894,0.00538309707518392
"1384","запустити",0.421413631557014,0.00939595125850285
"1385","купувати",0.393995429571965,0.0159372298256203
"1386","продавати",0.395177923867335,0.0203905192241815
"1387","аукціон",0.37794658006654,0.00417597833711238
"1388","продаж",0.397599815376732,0.0156925435949301
"1389","дотепність",0.378645281545385,0.000570934538277083
"1390","продовжувати",0.416541842438824,0.0291339738675106
"1391","марка",0.446537585281374,0.00933070159698546
"1392","продукт",0.482169268029482,0.00755264832063684
"1393","показувати",0.403525039249217,0.0130662447188555
"1394","продуктивність",0.428676470251748,0.00102768216889875
"1395","юрист",0.399844942955365,0.00957538782767564
"1396","прокурор",0.44215267845939,0.0136534916725119
"1397","виступ",0.392581905010642,0.021499763469977
"1398","проповідь",0.410435714910914,0.00265892370683327
"1399","рекомендувати",0.367426131644309,0.000978744922760713
"1400","пропонувати",0.394824066498272,0.00252842438379851
"1401","простий",0.413108364687311,0.0148279855798248
"1402","правила",0.436098530454057,0.0629822357796519
"1403","протокол",0.462554924433764,0.0107825065657472
"1404","модель",0.456899675930351,0.0179762817480384
"1405","прототип",0.420688215274473,0.00365398104497333
"1406","аматорський",0.468348838823411,0.000293623476828214
"1407","професійний",0.382648740820731,0.00626396750566856
"1408","декан",0.480186284662139,0.0015496794610378
"1409","професор",0.41001420655531,0.0205047061318369
"1410","теплий",0.395961530800001,0.00675333996704892
"1411","прохолодний",0.42536320295928,0.000978744922760713
"1412","процес",0.404509292999323,0.0239629381922581
"1413","процедура",0.433091403646209,0.00897182845863987
"1414","медичний",0.394100389930535,0.00729164967456731
"1415","психологічний",0.382863814143951,0.00252842438379851
"1416","анатомія",0.343301605955058,0.000652496615173809
"1417","психологія",0.363877085003477,0.00148442979952041
"1418","метелик",0.407608086219762,0.00455116389083732
"1419","птах",0.437439983402312,0.0106520072427124
"1420","задоволення",0.402358196747331,0.0291339738675106
"1421","радість",0.397890714455058,0.0238324388692234
"1422","округ",0.440310488103839,0.00965694990457237
"1423","район",0.419866976675156,0.0224785083927377
"1424","пухлина",0.38059413809787,0.00473060046001011
"1425","рак",0.428865841434362,0.0206678302856304
"1426","ракета",0.512355190785086,0.00946120092002023
"1427","ракетний",0.534784939230325,0.00106030699965744
"1428","туалет",0.411534206310807,0.0417108461249857
"1429","раковина",0.435521574653776,0.00128868081496827
"1430","пізно",0.391759462887906,0.113224475148035
"1431","рано",0.447056546138769,0.0768477888520953
"1432","завтра",0.435899997097927,0.260949708823385
"1433","ранок",0.403596362689343,0.0362298745575257
"1434","білка",0.390231910671984,0.00347454447580053
"1435","раноподібний",NA,0
"1436","генератор",0.435721889886541,0.00575828262890886
"1437","реактор",0.423375571907158,0.00260998646069524
"1438","оптимістичний",0.358896490299895,0.000391497969104285
"1439","реалістичний",0.425629733716171,0.000668809030553154
"1440","справжній",0.404452541696845,0.10040291665987
"1441","реальний",0.391633051961339,0.00765052281291291
"1442","підсумок",0.411722460665347,0.00132130564572696
"1443","філософія",0.400076023792659,0.0030667340913169
"1444","релігія",0.385997322492415,0.00458378872159601
"1445","виправляти",0.385177255896282,0.00285467269138541
"1446","ремонт",0.419517857255667,0.015594669102654
"1447","кар'єра",0.382366453360816,0.0102931341043668
"1448","репутація",0.392036375368815,0.00910232778167463
"1449","паб",0.41600736444067,0.00327879549124839
"1450","ресторан",0.425694415830856,0.0304389670978582
"1451","слово",0.452619436466012,0.128329771789309
"1452","речення",0.387376444290096,0.0056277833058741
"1453","акула",0.424570030824803,0.00482847495228618
"1454","риба",0.41237270647952,0.0190529011630752
"1455","полювання",0.435345662777111,0.0217933869468052
"1456","риболовля",0.390269838980202,0.00130499323034762
"1457","кесар",NA,0
"1458","рим",0.447416218502833,0.00830301942808672
"1459","значок",0.464914158991139,0.00941226367388219
"1460","рівномірний",NA,0
"1461","потік",0.427039601789358,0.00807464561277588
"1462","рідина",0.411308785648789,0.00360504379883529
"1463","зрідка",0.411979001568448,0.00179436569172797
"1464","рідко",0.40115786101285,0.021548700716115
"1465","робити",0.402127897163057,0.425444105508703
"1466","фермер",0.460937499999577,0.00429016524476779
"1467","робітник",0.399797999321769,0.00262629887607458
"1468","праця",0.417350757722626,0.00774839730518898
"1469","робота",0.399191862363165,0.195732672136763
"1470","розвал",0.420560019896838,0.000260998646069524
"1471","прогрес",0.384461441268676,0.0116796894116112
"1472","розвиток",0.423123578499154,0.00686752687470434
"1473","календар",0.392669694432737,0.00313198375283428
"1474","розклад",0.387472235163217,0.0115491900885764
"1475","розмовляти",0.3852133433299,0.046262010015823
"1476","сказати",0.396560638978537,0.44619349787123
"1477","розповідати",0.382300702150538,0.0284325400061987
"1478","рахувати",0.398664674522342,0.0107172569042298
"1479","розраховувати",0.406978844819906,0.0102441968582288
"1480","розрив",0.39648618356866,0.00787889662822374
"1481","розрізати",0.399280732700845,0.00358873138345595
"1482","вивчати",0.41901221288958,0.00840089392036279
"1483","розслідувати",0.384169138736359,0.00533415982904589
"1484","місце",0.397580534986832,0.332626462000228
"1485","розташування",0.427445714903028,0.00712852552077386
"1486","кмітливий",0.395881535820574,0.00409441626021565
"1487","розумний",0.397089716003823,0.0398022935256023
"1488","ярмарок",0.396975390816143,0.00486109978304488
"1489","сюрприз",0.435291184118195,0.0501769897068659
"1490","розчарування",0.403445336364622,0.00967326231995171
"1491","драматичний",0.500701167923923,0.00122343115345089
"1492","романтичний",0.372964584245446,0.00381710519876678
"1493","створення",0.436813738428419,0.0135393047648565
"1494","руйнування",0.436330622636959,0.00644340407484136
"1495","ручний",0.404869200755317,0.0015496794610378
"1496","ручка",0.423063644312286,0.0081888325204313
"1497","папір",0.399746153486968,0.0152031711335497
"1498","ковдра",0.381903474941437,0.00332773273738642
"1499","рушник",0.398980462959973,0.00712852552077386
"1500","герой",0.438881921216941,0.0354958158654552
"1501","рятівник",0.401165471155941,0.00340929481428315
"1502","шпигунство",0.404382793234458,0.00132130564572696
"1503","саботаж",0.439293083134,0.00114186907655417
"1504","суп",0.452331126890065,0.0158393553333442
"1505","салат",0.422091862189112,0.0116960018269905
"1506","єдиний",0.429369393972177,0.112523041286723
"1507","самотній",0.38822376154447,0.0147137986721694
"1508","ніндзя",0.376681083898089,0.00468166321387208
"1509","самурай",0.449073440802032,0.0022348009069703
"1510","миля",0.448516733768329,0.001370242891865
"1511","сантиметр",0.435276991896689,0.00303410926055821
"1512","корова",0.458792546333847,0.00789520904360309
"1513","свиня",0.415319960065442,0.016018791902517
"1514","ріг",0.409308153914344,0.00554622122897737
"1515","свисток",0.445667487351598,0.00388235486028416
"1516","свідок",0.389655650955494,0.0187266528554883
"1517","свідчення",0.395670314080826,0.0225111332234964
"1518","міжнародний",0.411014756996428,0.0068185896285663
"1519","світ",0.410681016741883,0.19057794887689
"1520","захід сонця",NA,0
"1521","світанок",0.424971533512582,0.00642709165946202
"1522","лампа",0.44248863526178,0.00344191964504184
"1523","свічка",0.379550553306624,0.00213692641469422
"1524","різдвяний",0.389445153706763,0.00590509436732297
"1525","свято",0.396445808566495,0.0291829111136486
"1526","монах",0.449298621709696,0.00231636298386702
"1527","священик",0.401846587226917,0.00799308353587916
"1528","табір",0.40330353618084,0.0216302627930118
"1529","село",0.414253360397724,0.014175488964651
"1530","парламент",0.463055874288203,0.0022348009069703
"1531","сенат",0.473011753249094,0.00243054989152244
"1532","губернатор",0.510078039593765,0.00675333996704892
"1533","сенатор",0.452570729415856,0.00608453093649577
"1534","кров",0.412945285203716,0.092899205585371
"1535","сеча",0.397070353850199,0.00336035756814512
"1536","дим",0.445586419737305,0.0139308027339608
"1537","сигара",0.411543109908222,0.000978744922760713
"1538","тютюн",0.425606514744108,0.00264261129145393
"1539","сигарета",0.460397981598432,0.00200642709165946
"1540","частота",0.455899695159754,0.00184330293786601
"1541","сигнал",0.469723131991251,0.0416129716327097
"1542","сповіщення",0.394901713566297,0.00231636298386702
"1543","сигналізація",0.381744816937083,0.00521997292139047
"1544","стояти",0.408411758265915,0.0526564768445264
"1545","сидіти",0.3949447926264,0.061334681826338
"1546","міць",0.446977693312087,0.0040781038448363
"1547","сила",0.462187276768878,0.0536352217672871
"1548","міцно",0.416188585645348,0.0226090077157725
"1549","сильно",0.472617627121699,0.110304552795132
"1550","важкий",0.401745465822764,0.0336525129275892
"1551","прапор",0.429489462365186,0.0100810727044353
"1552","символ",0.462524166984729,0.0125931846728545
"1553","дочка",0.405001759612497,0.0498181165685203
"1554","син",0.405466134730208,0.16591357682332
"1555","симптом",0.48021621396991,0.00184330293786601
"1556","синдром",0.49178503483419,0.00619871784415118
"1557","коричневий",0.39231274787014,0.00290360993752345
"1558","синій",0.408333096764021,0.0141102393031336
"1559","дряпати",0.365396806610403,0.000424122799862976
"1560","синяк",0.632963774717367,0.000603559369035773
"1561","хліб",0.405437264489366,0.0195748984552143
"1562","сир",0.450079318615369,0.0157088560103094
"1563","мережа",0.399797640526653,0.00680227721318696
"1564","система",0.443074615470111,0.0372086194802864
"1565","молочний",0.37703710593732,0.0022348009069703
"1566","сік",0.391696919507964,0.0141102393031336
"1567","клан",0.438859777704576,0.00520366050601113
"1568","сім'я",0.388705123398657,0.0812195161737598
"1569","плітки",0.387501625331539,0.00856401807415624
"1570","скандал",0.433723932069729,0.0107335693196092
"1571","збільшити",0.413218228876435,0.00890657879712249
"1572","скорочувати",0.376606431778799,0.000554622122897738
"1573","стриманий",0.392587300284883,0.00078299593820857
"1574","скромний",0.408683408855514,0.00479585012152749
"1575","сильний",0.423654428881315,0.0400796045870512
"1576","слабкий",0.416781992774422,0.0138655530724434
"1577","славний",0.432077149827658,0.00322985824511035
"1578","слава",0.478636358062598,0.0523302285369395
"1579","раб",0.50690468405014,0.00446960181394059
"1580","слуга",0.448603607272709,0.0075037110744988
"1581","апетитний",0.353060049014226,0.000554622122897738
"1582","смачний",0.38875516166519,0.0111740045348515
"1583","кошик",0.409193092312217,0.00614978059801315
"1584","сміття",0.387899251490677,0.0301290312056506
"1585","усмішка",0.404669213475357,0.00526891016752851
"1586","сміятися",0.398200468174123,0.0147464235029281
"1587","шутер",0.278490889157154,0.000212061399931488
"1588","снайпер",0.428547082767627,0.0039312921064222
"1589","дощ",0.412914032689031,0.0314666492667569
"1590","сніг",0.416899069004308,0.0168017878407256
"1591","сніданок",0.380590238184376,0.0344518212811771
"1592","лимонад",0.407910764763853,0.004110728675595
"1593","сода",0.376374030962024,0.000538309707518392
"1594","місяць",0.394593155972554,0.0930623297391645
"1595","сонце",0.411042886314787,0.0589041319348156
"1596","місячний",0.415885351032281,0.00257736162993654
"1597","сонячний",0.412329589849672,0.00409441626021565
"1598","крем",0.409253681219125,0.00773208488980963
"1599","соус",0.404426710999023,0.0111250672887134
"1600","лазанья",0.378773274293026,0.00125605598420958
"1601","спагетті",0.396013803753639,0.00120711873807155
"1602","кімната",0.394446913892295,0.0469308190463762
"1603","спальня",0.4147960213636,0.00686752687470434
"1604","хаос",0.445404673719673,0.0184819666247981
"1605","спантеличеність",NA,0
"1606","вдячний",0.421451297776387,0.0408136632791217
"1607","спасибі",0.384647889834216,0.060861621780337
"1608","спокійний",0.402330450931304,0.0106683196580918
"1609","спати",0.391274807901062,0.115116715332039
"1610","експерт",0.398387854533184,0.0117775639038872
"1611","спеціаліст",0.409573869252498,0.00552990881359803
"1612","терпіння",0.406328000449742,0.0177152831019689
"1613","співчуття",0.388618672335412,0.0216139503776324
"1614","навігація",0.410042923982355,0.00075037110744988
"1615","спілкування",0.386387110416903,0.0111250672887134
"1616","суспільство",0.409710032771305,0.0116960018269905
"1617","спільнота",0.388486552670523,0.00412704109097434
"1618","спокійно",0.39963565692004,0.112278355056033
"1619","хобі",0.37310513166994,0.00928176435084743
"1620","спорт",0.42255944602376,0.0115491900885764
"1621","помститися",0.405450538233395,0.0154641697796193
"1622","справедливість",0.399417828487391,0.0110761300425754
"1623","голод",0.457110679232677,0.00802570836663785
"1624","спрага",0.426441438121815,0.00254473679917785
"1625","спробувати",0.400402499792238,0.0825245094041075
"1626","спроба",0.415792275946354,0.0218260117775639
"1627","золотий",0.423002933715554,0.0123974356883024
"1628","срібло",0.429017195579521,0.00629659233642726
"1629","думка",0.404029986204237,0.0577133256121234
"1630","ставлення",0.401300765352437,0.0164592271177593
"1631","бетон",0.430296536222022,0.00184330293786601
"1632","сталь",0.468619612638029,0.00424122799862976
"1633","платформа",0.450286078632948,0.00291992235290279
"1634","станція",0.424108874919092,0.0110761300425754
"1635","виникнути",0.419087741234155,0.00300148442979952
"1636","статися",0.401413847285047,0.0391171720796698
"1637","пам'ятник",0.415117144068074,0.00262629887607458
"1638","статуя",0.452548482470426,0.00391497969104285
"1639","монстр",0.463849471521549,0.0159372298256203
"1640","створіння",0.41969282052566,0.0148279855798248
"1641","ритм",0.46390419791176,0.00964063748919303
"1642","стиль",0.43833249778878,0.0220054483467367
"1643","тисяча",0.422735603399612,0.013327243364925
"1644","сто",0.441474958504046,0.0624928633182715
"1645","заважати",0.38111503227415,0.0132619937034077
"1646","стоп",0.435256224067978,0.0544671549516337
"1647","ударити",0.39336695992488,0.00221848849159095
"1648","страйк",0.404359384676078,0.00655759098249678
"1649","планувати",0.386343728977442,0.00528522258290785
"1650","стратегія",0.41652383438541,0.0066391530593935
"1651","жах",0.394634920037594,0.0471755052770664
"1652","страх",0.441837917519452,0.0390845472489111
"1653","підйом",0.425912727668344,0.0097385119814691
"1654","стрибок",0.431299023820635,0.00897182845863987
"1655","піраміда",0.466607940219157,0.0015496794610378
"1656","структура",0.472540223159812,0.00282204786062672
"1657","судовий",0.391663960431989,0.00574197021352952
"1658","судити",0.403840926457709,0.0122343115345089
"1659","екіпаж",0.432284954971494,0.00823776976656934
"1660","судно",0.459606527263633,0.00840089392036279
"1661","слух",0.479913701664428,0.00582353229042624
"1662","судовий процес",NA,0
"1663","спідниця",0.422618652310619,0.00251211196841916
"1664","сукня",0.377807988456529,0.0198522095166631
"1665","сума",0.393087563365786,0.0115328776731971
"1666","поєднання",0.419583206723658,0.00694908895160106
"1667","суміш",0.403210109602218,0.00794414628974112
"1668","конфлікт",0.408517703465865,0.00799308353587916
"1669","суперечка",0.402919628801756,0.00280573544524738
"1670","ескорт",0.41531806485808,0.00174542844558994
"1671","супроводжувати",0.418052199612923,0.00300148442979952
"1672","радар",0.447311023272985,0.00321354582973101
"1673","супутник",0.420483798386755,0.00623134267490987
"1674","східний",0.430665585401718,0.00381710519876678
"1675","покривати",0.394134607798762,0.000815620768967261
"1676","сховатися",0.408092801356486,0.0179925941634178
"1677","таблетка",0.455824690983884,0.00127236839958893
"1678","секретний",0.435354492474017,0.00487741219842422
"1679","таємниця",0.410959480027623,0.0202437074857674
"1680","детонатор",0.403257976514189,0.00267523612221262
"1681","таймер",0.429121732133804,0.00301779684517887
"1682","гаразд",0.39935567546053,0.685251945255534
"1683","так",0.480872699847168,0.975955499730845
"1684","талант",0.421399548929689,0.024713309299708
"1685","тут",0.447923365405026,0.901864509077859
"1686","там",0.444877194495588,0.766047338629431
"1687","танцівниця",0.37558049438035,0.00265892370683327
"1688","танцювати",0.393544293049395,0.0321843955434481
"1689","чаша",0.414931903688325,0.00244686230690178
"1690","тарілка",0.405052232871204,0.00285467269138541
"1691","звір",0.410723840047655,0.0124300605190611
"1692","тварина",0.425100996953434,0.0173564099636233
"1693","уява",0.408431176000489,0.00724271242842928
"1694","творчість",0.387010002821365,0.00265892370683327
"1695","кінотеатр",0.38589734752864,0.00352348172193857
"1696","театр",0.425081452567805,0.0120874997960948
"1697","радіо",0.418719652138536,0.0322333327895862
"1698","телебачення",0.399153996828485,0.0109945679656787
"1699","зателефонувати",0.377162830958976,0.0185798411170742
"1700","телефон",0.42936091448362,0.103176027274359
"1701","тінь",0.429147410640626,0.0138655530724434
"1702","темний",0.424760461360957,0.0101789471967114
"1703","тепло",0.469412274928997,0.0186124659478329
"1704","температура",0.475852432722719,0.015594669102654
"1705","гольф",0.435267734945867,0.00884132913560511
"1706","теніс",0.385598141974108,0.00442066456780255
"1707","ідея",0.391781668683923,0.149584849028596
"1708","теорія",0.390111961986099,0.0134740551033392
"1709","експеримент",0.401681431166006,0.0107988189811265
"1710","тестування",0.380987626980577,0.00305042167593756
"1711","метод",0.465386064725122,0.008694517397191
"1712","техніка",0.413601538272463,0.00807464561277588
"1713","тиждень",0.385743867334833,0.110957049410306
"1714","пульс",0.46631743651412,0.0115002528424384
"1715","тиск",0.418769327028788,0.0271112343604718
"1716","шкіра",0.398493605572559,0.0189060894246611
"1717","тканина",0.414421872449408,0.00376816795262875
"1718","тонкий",0.4407011215061,0.00239792506076375
"1719","товстий",0.406377759714688,0.0083682690896041
"1720","комерційний",0.392282330105788,0.00130499323034762
"1721","торговець",0.406282279273008,0.00383341761414613
"1722","ураган",0.475172698146408,0.0046164135523547
"1723","торнадо",0.409219546480602,0.00340929481428315
"1724","десерт",0.423159084772143,0.011908063226922
"1725","торт",0.42975495299704,0.0176663458558309
"1726","рана",0.480852021904185,0.0118754383961633
"1727","травма",0.459350514573438,0.00880870430484642
"1728","сумний",0.390487136230613,0.00895551604326053
"1729","трагічний",0.415413282835639,0.00145180496876172
"1730","сучасний",0.430981736058557,0.0035724189680766
"1731","традиційний",0.383820577362823,0.00228373815310833
"1732","кола",0.409117636871607,0.011908063226922
"1733","трикутник",0.41420298803488,0.00283836027600607
"1734","тіло",0.401448817166757,0.0975482439684844
"1735","труп",0.452978015469107,0.0281878537755085
"1736","один",0.459133190254709,0.520953297554769
"1737","три",0.445246350638612,0.342968533350733
"1738","хмара",0.450078010599587,0.00394760452180154
"1739","туман",0.482292131707386,0.00706327585925648
"1740","міст",0.41826468488468,0.0226742573772899
"1741","тунель",0.416735156776959,0.0116470645808525
"1742","занепокоєння",0.405551461512648,0.00546465915208065
"1743","турбота",0.394448900365048,0.00424122799862976
"1744","переривати",0.419076772817023,0.00305042167593756
"1745","турбувати",0.398778246660383,0.0133598681956837
"1746","штовхати",0.398039382129605,0.00337666998352446
"1747","тягнути",0.418311153518206,0.00716115035153255
"1748","отрута",0.409174974711951,0.00972219956608975
"1749","убити",0.40525148257417,0.0480890005383097
"1750","заручниця",0.367437891374479,0.00159861670717583
"1751","ув'язнений",0.39860798697356,0.00321354582973101
"1752","договір",0.402094227508521,0.010537820335057
"1753","угоду",0.397366019751825,0.0427874655400225
"1754","пляжний",0.418936719581243,0.00133761806110631
"1755","узбережжі",0.4042795743762,0.00725902484380862
"1756","коледж",0.371782869544861,0.0212550772392868
"1757","університет",0.391785756514007,0.0163124153793452
"1758","особливий",0.400706788439961,0.0290360993752345
"1759","унікальний",0.418836651820645,0.00657390339787612
"1760","адміністрація",0.419917517429713,0.00388235486028416
"1761","уряд",0.414191479051141,0.0284651648369574
"1762","порятунок",0.411706008837753,0.0131151819649936
"1763","урятувати",0.392500730088275,0.0138492406570641
"1764","спадщина",0.418833313586067,0.00301779684517887
"1765","успадковувати",NA,0
"1766","зберігати",0.40232355492569,0.0169812244098984
"1767","утримувати",0.41973010222375,0.00628027992104791
"1768","пошта",0.390345658962712,0.00872714222794969
"1769","факс",0.424629585438999,0.0020553643377975
"1770","реальність",0.390241592641021,0.0167528505945875
"1771","фантазія",0.379868434145809,0.00456747630621666
"1772","чудовий",0.398739139792466,0.122636738821917
"1773","фантастичний",0.442866321095013,0.00352348172193857
"1774","смертельний",0.424692521518922,0.00412704109097434
"1775","фатальний",0.434261327416404,0.000521997292139047
"1776","колонія",0.421976000366907,0.00265892370683327
"1777","федерація",0.418267279507871,0.00106030699965744
"1778","карнавал",0.454076891688073,0.00251211196841916
"1779","фестиваль",0.485029809701654,0.00791152145898243
"1780","сексуальний",0.369513208006536,0.00844983116650082
"1781","фізичний",0.385252167837473,0.00329510790662773
"1782","порно",0.443207030992872,0.00975482439684844
"1783","фільм",0.404625017063717,0.0585615712118493
"1784","банківський",0.39283633838579,0.00257736162993654
"1785","фінансовий",0.398745807052901,0.00344191964504184
"1786","бюджет",0.415559113388873,0.00787889662822374
"1787","фінансово",0.376383486375068,0.00202273950703881
"1788","морський",0.443809393491651,0.00742214899760207
"1789","флот",0.482651822276279,0.00934701401236481
"1790","корабель",0.416232174394409,0.0427059034631258
"1791","автограф",0.458016584795827,0.00748739865911946
"1792","фотограф",0.46475071359592,0.00521997292139047
"1793","картина",0.441563586774215,0.0123974356883024
"1794","фотографія",0.392506432494414,0.00706327585925648
"1795","словник",0.374908930645219,0.00260998646069524
"1796","фраза",0.439036401732974,0.00644340407484136
"1797","англійська мова",NA,0
"1798","французький",0.411366040192016,0.00626396750566856
"1799","яблучний",0.36565551971581,0.00326248307586904
"1800","фрукти",0.415078641131976,0.00668809030553154
"1801","оперативний",0.425658402569228,0.00107661941503678
"1802","функціональний",0.342109366983932,0.000179436569172797
"1803","баскетбол",0.435488637605109,0.0066391530593935
"1804","футбол",0.413315695540131,0.0197217101936284
"1805","другий",0.41605113708997,0.0802407712509991
"1806","хвилина",0.417184802928382,0.0131967440418903
"1807","нездоровий",0.37775525714241,0.00115818149193351
"1808","здобич",0.469809826031762,0.0106030699965744
"1809","хижак",0.474525402395133,0.00409441626021565
"1810","працювати",0.39933000230913,0.142211637277132
"1811","хірургія",0.375156330766491,0.0011908063226922
"1812","дівчина",0.384245928148085,0.137611536140156
"1813","хлопчик",0.399483676356618,0.0725902484380862
"1814","гарячий",0.404644851942455,0.0125605598420958
"1815","холодний",0.402904273623976,0.00960801265843433
"1816","благородний",0.412998851497086,0.00225111332234964
"1817","хоробрий",0.424507857104255,0.00799308353587916
"1818","католицький",0.369155714807981,0.000538309707518392
"1819","християнин",0.399043582469859,0.00293623476828214
"1820","хустка",0.380956407436151,0.00104399458427809
"1821","могила",0.419628380958214,0.00430647766014714
"1822","цвинтар",0.413787522809496,0.00417597833711238
"1823","мозок",0.400132514470277,0.0438314601243006
"1824","церебральний",0.333101546349955,0.000163124153793452
"1825","ритуальний",0.39475856638043,0.00040781038448363
"1826","церемонія",0.398344271039893,0.00621503025953053
"1827","часник",0.39360523139177,0.00234898781462571
"1828","цибуля",0.392943509645701,0.00244686230690178
"1829","культура",0.439485919003229,0.00429016524476779
"1830","цивілізація",0.431384005450285,0.00339298239890381
"1831","цинічний",0.38395082790588,0.000505684876759702
"1832","зоопарк",0.439425486247236,0.0059866564442197
"1833","цирк",0.429227689449806,0.00964063748919303
"1834","захоплюючий",0.438633703056728,0.000995057338140058
"1835","цікавий",0.395908394759723,0.018335154886384
"1836","вартість",0.391779511175543,0.00897182845863987
"1837","ціна",0.396670327633073,0.0239140009461201
"1838","чарівний",0.394088878423957,0.0159372298256203
"1839","магія",0.39246114355963,0.0151868587181704
"1840","чарівник",0.398841685230487,0.00614978059801315
"1841","матерія",0.427141296393911,0.00115818149193351
"1842","частка",0.393132272887425,0.00712852552077386
"1843","іноді",0.384355229889391,0.152292709981567
"1844","часто",0.436991973889582,0.115883398854868
"1845","конкуренція",0.439297611973095,0.00236530023000506
"1846","чемпіонат",0.410156395367896,0.0066717778901522
"1847","хребетний",NA,0
"1848","черевний",0.400283757114351,0.000163124153793452
"1849","кістка",0.410073166098298,0.00419229075249172
"1850","череп",0.44621624683593,0.00828670701270737
"1851","равлик",0.384547448965703,0.00106030699965744
"1852","черепаха",0.423357336625167,0.00334404515276577
"1853","пристойний",0.40924971287126,0.00309935892207559
"1854","чесний",0.402209276508911,0.0116307521654731
"1855","лояльність",0.387452274318802,0.000978744922760713
"1856","чесність",0.374188281757024,0.00693277653622172
"1857","привілей",0.391235542351586,0.00406179142945696
"1858","честь",0.448623658686569,0.098380177152831
"1859","третій",0.404629953784657,0.0490840578764498
"1860","четвертий",0.419856001460848,0.0149421724874802
"1861","підводний човен",NA,0
"1862","човен",0.407459179356704,0.0313198375283428
"1863","білий",0.411963521500315,0.0368986835880789
"1864","чорний",0.406992777552294,0.040307978402362
"1865","два",0.446751546793708,0.387925550136209
"1866","чотири",0.408344411831519,0.165228455377388
"1867","винятковий",0.411569597554928,0.00135393047648565
"1868","НЛО",0.427512535080288,0.00267523612221262
"1869","чужий",0.420020911776204,0.00538309707518392
"1870","делікатний",0.383252773108589,0.00102768216889875
"1871","чутливий",0.396799805396835,0.00486109978304488
"1872","виноробство",NA,0
"1873","шампанське",0.373753775126103,0.0133109309495457
"1874","хабар",0.392361845159707,0.00362135621421464
"1875","шантаж",0.4407901423478,0.00404547901407761
"1876","кабінет",0.379011346211767,0.0243218113306037
"1877","шафа",0.408317595233572,0.00404547901407761
"1878","змагання",0.422038952398167,0.0174869092866581
"1879","шахрайство",0.399065451674373,0.00688383929008368
"1880","повільний",0.421248758206495,0.00450222664469928
"1881","швидкий",0.445052081404795,0.0129683702265794
"1882","відстань",0.439462203919636,0.0146648614260314
"1883","швидкість",0.430600846821595,0.0252353065918471
"1884","повільно",0.411107946406901,0.0428527152015399
"1885","швидко",0.418292082888834,0.230836990033114
"1886","готувати",0.380766841819833,0.024191312007569
"1887","шеф-кухар",0.366058894356239,0.0030667340913169
"1888","горло",0.463103218290323,0.0207167675317684
"1889","шийка",0.349681933728143,0.00037518555372494
"1890","вузький",0.469764283300577,0.00123974356883024
"1891","широкий",0.444638222718522,0.00355610655269726
"1892","клас",0.381903374167455,0.0657553463941406
"1893","школу",0.474121092312225,0.0494103061840367
"1894","насос",0.43133493824826,0.00249579955303982
"1895","шланг",0.444039079562138,0.00337666998352446
"1896","розлучення",0.37129865227498,0.0232125670848082
"1897","шлюб",0.394436488014372,0.0373064939725625
"1898","фрагмент",0.453587455760718,0.00247948713766047
"1899","шматок",0.400482519645669,0.0296885959904083
"1900","цукор",0.393309664546616,0.0103420713505049
"1901","шоколад",0.419025568217058,0.0103910085966429
"1902","дорога",0.434702487111782,0.0441413960165082
"1903","шосе",0.39065004034427,0.0141918013800303
"1904","голка",0.411665079454899,0.00252842438379851
"1905","шприц",0.43633828613807,0.00234898781462571
"1906","татуювання",0.373426034137949,0.00709590069001517
"1907","шрам",0.441431783358999,0.00959170024305499
"1908","база",0.451333234901225,0.0140939268877543
"1909","штаб-квартира",0.498454937812433,0.00228373815310833
"1910","вітер",0.426369614578594,0.03288582940476
"1911","штурм",0.469172938970256,0.00301779684517887
"1912","природний",0.421742304194445,0.00463272596773404
"1913","штучний",0.394919391874322,0.00290360993752345
"1914","задоволений",0.394575426767286,0.018759277686247
"1915","щасливий",0.398652259717935,0.0523954781984568
"1916","вже",0.40590840717802,0.749098739050291
"1917","ще",0.407107612791036,0.853367698155066
"1918","співчувати",0.380717068248795,0.00212061399931488
"1919","щедрий",0.410418237480621,0.00481216253690684
"1920","що саме",NA,0
"1921","що",0.437911540278744,0.949643573723961
"1922","губа",0.459603825671239,0.000962432507381368
"1923","щока",0.4049111434984,0.000766683522829225
"1924","ніщо",0.40750855209495,0.057126078658467
"1925","щось",0.40419928974068,0.701417548896465
"1926","щодня",0.394909690167985,0.0837642529729377
"1927","щотижня",0.376631908676797,0.008694517397191
"1928","атомний",0.401563207722835,0.00107661941503678
"1929","ядерний",0.412685195678558,0.00287098510676476
"1930","гніздо",0.43665896352955,0.00729164967456731
"1931","яйце",0.423647493034817,0.0102768216889875
"1932","кількість",0.430643580861693,0.032037583805034
"1933","якість",0.395909289374572,0.0078625842128444
"1934","блиск",0.421873039582897,0.00432279007552648
"1935","яскравий",0.437050809403856,0.00388235486028416
"1936","жаба",0.409308170803392,0.0039312921064222
"1937","ящірка",0.460738697419878,0.00190855259938339
