uk_cue,uk_target,type,cue_type,target_type,uk_cosine,still_over_threshold
смішний,абсурдний,related,word,word,0.686082954803078,FALSE
інцидент,аварія,related,word,word,0.298643576192395,FALSE
потяг,автобус,related,word,word,0.304825581987445,FALSE
фірма,агентство,related,word,word,0.350523456478551,FALSE
менеджмент,адміністративний,related,word,word,0.290826072818781,FALSE
гормон,адреналін,related,word,word,0.597885933173832,FALSE
число,адреса,related,word,word,0.235502069603716,FALSE
термінал,аеропорт,related,word,word,0.49283132533252,FALSE
жест,акт,related,word,word,0.28837508763014,FALSE
тригер,активувати,related,word,word,0.360264613401127,FALSE
автор,актор,related,word,word,0.435007600968154,FALSE
голос,акцент,related,word,word,0.263045045869437,FALSE
кут,алея,related,word,word,0.168386793545676,FALSE
мотив,алібі,related,word,word,0.251854923704554,FALSE
браво,альфа,related,word,word,0.0793206747856417,FALSE
африка,америка,related,word,word,0.47854597130985,FALSE
аутопсія,аналіз,related,word,word,0.304604752325684,FALSE
карати,арешт,related,word,word,0.309269582704828,FALSE
легіон,армія,related,word,word,0.292184223395847,FALSE
вена,артерія,related,word,word,0.536823787482043,FALSE
кавалерія,артилерія,related,word,word,0.627945160803917,FALSE
інженер,архітектор,related,word,word,0.44387891604879,FALSE
вторгнення,атакувати,related,word,word,0.320027068760372,FALSE
тихоокеанський,атлантичний,related,word,word,0.514892518772677,FALSE
середовище,атмосфера,related,word,word,0.265828068619193,FALSE
натовп,аудиторія,related,word,word,0.259807622798034,FALSE
дідусь,бабуся,related,word,word,0.658132544410682,FALSE
шовк,бавовна,related,word,word,0.536562018334602,FALSE
бідний,багатий,related,word,word,0.520587590323803,FALSE
скарбниця,багатство,related,word,word,0.388512985566644,FALSE
туга,бажання,related,word,word,0.198558858621507,FALSE
клуб,бар,related,word,word,0.224000155317747,FALSE
полк,батальйон,related,word,word,0.606237420354049,FALSE
дорослий,родитель,related,word,word,0.201161045806585,FALSE
мама,батько,related,word,word,0.470830072579857,FALSE
одкровення,бачення,related,word,word,0.477328520950674,FALSE
нерозумний,безвідповідальний,related,word,word,0.474685674310053,FALSE
гарантія,безпека,related,word,word,0.323496596760563,FALSE
сейф,безпечний,related,word,word,0.204436957726535,FALSE
прямий,безпосередньо,related,word,word,0.210791970098939,FALSE
безпорадний,безсилий,related,word,word,0.542818930626645,FALSE
стадіон,бейсбол,related,word,word,0.310011655709795,FALSE
тост,бекон,related,word,word,0.353486578875757,FALSE
супермен,бетмен,related,word,word,0.561969173593314,FALSE
війна,битва,related,word,word,0.423014214697607,FALSE
галузь,бізнес,related,word,word,0.293764956275941,FALSE
страждання,біль,related,word,word,0.435482317742092,FALSE
хімічний,біологічний,related,word,word,0.679630133501421,FALSE
хімія,біологія,related,word,word,0.631867641621995,FALSE
відчинено,близький,related,word,word,0.0883760332220826,FALSE
параноїдальний,божевільний,related,word,word,0.614324207524891,FALSE
бог,божественний,related,word,word,0.369618636255583,FALSE
волосся,борода,related,word,word,0.549779529820936,FALSE
бойовий,боротися,related,word,word,0.155047213899757,FALSE
зерно,борошно,related,word,word,0.567108644098352,FALSE
керівник,бос,related,word,word,0.168367923681416,FALSE
вашингтон,бостон,related,word,word,0.491299019167821,FALSE
чувак,брат,related,word,word,0.262311418883068,FALSE
сестра,брат,related,word,word,0.522652756159753,FALSE
лежати,брехун,related,word,word,0.164902700121949,FALSE
щит,броня,related,word,word,0.254766526870705,FALSE
неприємний,брудний,related,word,word,0.471954799028148,FALSE
башта,будівля,related,word,word,0.501050362747329,FALSE
будівельний,будувати,related,word,word,0.344953473208867,FALSE
телеграма,буква,related,word,word,0.238389900587218,FALSE
клітина,в'язниця,related,word,word,0,FALSE
народження,вагітність,related,word,word,0.347274481622102,FALSE
цінний,важливий,related,word,word,0.440624384516018,FALSE
сенс,важливість,related,word,word,0.301067413202027,FALSE
антидот,вакцина,related,word,word,0.355479587171463,FALSE
портфель,валіза,related,word,word,0.411755221803349,FALSE
зомбі,вампір,related,word,word,0.379010019331032,FALSE
причіп,фургон,related,word,word,0.446619057524009,FALSE
кориця,ваніль,related,word,word,0.586159021908424,FALSE
душ,ванна кімната,related,word,word,0,FALSE
навантаження,вантаж,related,word,word,0.525413461250102,FALSE
джип,вантажівка,related,word,word,0.487256886335785,FALSE
шерлок,ватсон,related,word,word,0.434646368498481,FALSE
самогубство,вбивство,related,word,word,0.567117677949045,FALSE
убивця,вбивця,related,word,word,0.837067965390118,FALSE
наємник,вбивця,related,word,word,0,FALSE
внизу,вгору,related,word,word,0.312660686188669,FALSE
відмінний,великий,related,word,word,0.430280127180003,FALSE
палець,великий палець,related,word,word,0,FALSE
великий,величезний,related,word,word,0.584421467651024,FALSE
марс,венера,related,word,word,0.214431771606676,FALSE
клапан,вентиляція,related,word,word,0.530116509853188,FALSE
швидка допомога,вертоліт,related,word,word,0,FALSE
нижній,верхній,related,word,word,0.697627848031602,FALSE
заручення,весілля,related,word,word,0.476904857016547,FALSE
ніч,вечір,related,word,word,0.334698635701102,FALSE
завантажувати,взуття,related,word,word,0.209290679825071,FALSE
обирати,вибирати,related,word,word,0.752389077366011,FALSE
кампанія,вибори,related,word,word,0.289303228833882,FALSE
кандидат,виборець,related,word,word,0.337980492165663,FALSE
землетрус,вибух,related,word,word,0.419821584979353,FALSE
лопатись,вибухнути,related,word,word,0,FALSE
бомба,вибуховий,related,word,word,0.418448130649717,FALSE
дослідження,вивчення,related,word,word,0.563741340772942,FALSE
викрадати,вигнати,related,word,word,0.509018871602349,FALSE
завиток,виграти,related,word,word,0.168548534834445,FALSE
усунути,видалити,related,word,word,0.458475171771184,FALSE
жити,вижити,related,word,word,0.540764227260979,FALSE
концепція,визначення,related,word,word,0.261363394135107,FALSE
студент,викладач,related,word,word,0.507207462558751,FALSE
перешкода,виклик,related,word,word,0.243142728176334,FALSE
висячий,виконання,related,word,word,0.102876341186726,FALSE
застосовувати,використання,related,word,word,0.298893569886391,FALSE
викрадач,викуп,related,word,word,0.405789205619985,FALSE
ложка,вилка,related,word,word,0.313767733611254,FALSE
хапати,виловити,related,word,word,0.479718694135245,FALSE
чемпіон,винищувач,related,word,word,0.23714768715776,FALSE
невинний,винним,related,word,word,0.42292632085444,FALSE
прощати,виправдання,related,word,word,0.297770879281478,FALSE
забруднення,випромінювання,related,word,word,0.469933919823324,FALSE
диплом,випускник,related,word,word,0.35987151577615,FALSE
створювати,виробляти,related,word,word,0.349700198311699,FALSE
завод,виробництво,related,word,word,0.352902698594056,FALSE
описувати,висловлювати,related,word,word,0.510343641365207,FALSE
низький,високий,related,word,word,0.614889435386929,FALSE
величність,високість,related,word,word,0.597868817010333,FALSE
вага,висота,related,word,word,0.431951645610577,FALSE
галерея,виставка,related,word,word,0.527137268200182,FALSE
відходи,витрачати,related,word,word,0.21594414094261,FALSE
двері,вихід,related,word,word,0.230025612180182,FALSE
понеділок,вівторок,related,word,word,0.626776698703865,FALSE
прибуття,від'їзд,related,word,word,0,FALSE
дна,відбиток пальця,related,word,word,0,FALSE
вірність,відданість,related,word,word,0.670296685290429,FALSE
двійник,відеоролик,related,word,word,0.374028112081513,FALSE
залишати,відмовлятися,related,word,word,0.509472007894921,FALSE
реагувати,відповідати,related,word,word,0.396695295838519,FALSE
присутність,відсутність,related,word,word,0.709801016810935,FALSE
враження,відчуття,related,word,word,0.47262950072767,FALSE
прокляття,відьма,related,word,word,0.387477705042217,FALSE
цивільний,військовий,related,word,word,0.463399650479155,FALSE
снід,віл,related,word,word,0.276415522018317,FALSE
вільно,вільний,related,word,word,0.555883149236701,FALSE
надія,віра,related,word,word,0.516302806408032,FALSE
довіра,вірити,related,word,word,0.295180376766577,FALSE
лояльний,вірний,related,word,word,0.466902895530537,FALSE
білок,вітамін,related,word,word,0.388754967221121,FALSE
якор,вітрило,related,word,word,0,FALSE
точка,вказувати,related,word,word,0.130600045577471,FALSE
юрисдикція,влада,related,word,word,0.399961875652679,FALSE
майно,власник,related,word,word,0.192915883034734,FALSE
ведмідь,вовк,related,word,word,0.491514427062957,FALSE
пасажирський,водій,related,word,word,0.290055161947826,FALSE
вугілля,водневий,related,word,word,0.239753494605043,FALSE
солдат,воїн,related,word,word,0.27332823316204,FALSE
портал,ворота,related,word,word,0.233218419895964,FALSE
практика,вправа,related,word,word,0.435128613686256,FALSE
лестити,вражати,related,word,word,0.347822932039106,FALSE
сенсаційний,вражаючий,related,word,word,0.407895613058583,FALSE
назовні,всередині,related,word,word,0.466736793642587,FALSE
бігти,втеча,related,word,word,0.274996600819753,FALSE
біженець,втікач,related,word,word,0.413403951446452,FALSE
проспект,вулиця,related,word,word,0.550985246808276,FALSE
око,вухо,related,word,word,0.415776262362003,FALSE
геніальний,вчений,related,word,word,0.38253279140824,FALSE
сьогодні,вчора,related,word,word,0.3856430317015,FALSE
затока,гавань,related,word,word,0.433949930002207,FALSE
стаття,газета,related,word,word,0.367614808524544,FALSE
всесвіт,галактика,related,word,word,0.354231580640058,FALSE
ілюзія,галюкування,related,word,word,0,FALSE
кишеня,гаманець,related,word,word,0.240881603763804,FALSE
бутерброд,гамбургер,related,word,word,0.542409476406313,FALSE
семінар,гараж,related,word,word,0.223869976852759,FALSE
баланс,гармонія,related,word,word,0.296395774622541,FALSE
привабливий,гарний,related,word,word,0.553098673065344,FALSE
лесбійський,гей,related,word,word,0.445052539315404,FALSE
кокаїн,героїн,related,word,word,0.453412796307392,FALSE
заслуговувати,гідний,related,word,word,0.370441504570221,FALSE
гордість,гідність,related,word,word,0.619983807805123,FALSE
піаніно,гітара,related,word,word,0.473691053713742,FALSE
національний,глобальний,related,word,word,0.513204313021881,FALSE
сліпий,глухий,related,word,word,0.414988486956236,FALSE
оголений,голий,related,word,word,0.472163860400066,FALSE
втомлений,голодний,related,word,word,0.475868882627897,FALSE
більшість,голосувати,related,word,word,0.320442114241544,FALSE
марафон,гонка,related,word,word,0.320722047806023,FALSE
пагорб,гора,related,word,word,0.386866805914171,FALSE
мавпа,горила,related,word,word,0.325593532902972,FALSE
віскі,горілка,related,word,word,0.43268924143833,FALSE
грати,гра,related,word,word,0.327677389802221,FALSE
красти,грабувати,related,word,word,0.485266851455175,FALSE
тренер,гравець,related,word,word,0.400901219806265,FALSE
кілограм,гран,related,word,word,0.313082036468096,FALSE
барон,графиня,related,word,word,0.435750104110897,FALSE
римський,грецький,related,word,word,0.57103738311369,FALSE
блискавка,грім,related,word,word,0.496997693109989,FALSE
готівка,гроші,related,word,word,0.360382181650061,FALSE
листопад,грудень,related,word,word,0.694229800415228,FALSE
шлунок,груди,related,word,word,0.407955851276323,FALSE
банда,група,related,word,word,0.34744826181198,FALSE
оркестр,група,related,word,word,0.206328580703569,FALSE
пропозиція,давати,related,word,word,0.178434166942558,FALSE
близько,далеко,related,word,word,0.270038813380983,FALSE
комплімент,дар,related,word,word,0.337311061957561,FALSE
вікно,двері,related,word,word,0.502011456778288,FALSE
танк,двигун,related,word,word,0.294527969111488,FALSE
свобода,демократія,related,word,word,0.510931180901031,FALSE
протест,демонстрація,related,word,word,0.304558825672512,FALSE
стрес,депресія,related,word,word,0.474348619756793,FALSE
кущ,дерева,related,word,word,0.372428008794455,FALSE
федеральний,держава,related,word,word,0.257616718575241,FALSE
деінде,десь,related,word,word,0.26200486385372,FALSE
століття,десятиліття,related,word,word,0.510504932263987,FALSE
агент,детектив,related,word,word,0.376584174456379,FALSE
мужність,детермінація,related,word,word,0.212902191377179,FALSE
дорогий,дешевий,related,word,word,0.586197601127693,FALSE
ромео,джульєтта,related,word,word,0.449733796742614,FALSE
відбиток,дзеркало,related,word,word,0.374590637637481,FALSE
подивитися,дивитися,related,word,word,0.834485449781838,FALSE
незвичайний,дивний,related,word,word,0.561113790932587,FALSE
вражаючий,дивовижний,related,word,word,0.549336429987475,FALSE
порох,динаміт,related,word,word,0.380883001260929,FALSE
виробник,директор,related,word,word,0.300517969333942,FALSE
маля,дитина,related,word,word,0.371364099062539,FALSE
молодь,дитинство,related,word,word,0.216995702792893,FALSE
ангел,диявол,related,word,word,0.466466656448591,FALSE
хлопчики,дівчата,related,word,word,0.438011467081923,FALSE
активний,діяльність,related,word,word,0.317754766619916,FALSE
вершина,дно,related,word,word,0.118387849243964,FALSE
здравствуйте,до побачення,related,word,word,0,FALSE
волонтер,добровільно,related,word,word,0.306035817809503,FALSE
короткий,довго,related,word,word,0.308875516485921,FALSE
розмір,довжина,related,word,word,0.44426038828274,FALSE
повага,довіра,related,word,word,0.4985784011724,FALSE
більше,додатковий,related,word,word,0.239414193599948,FALSE
дозволяти,дозволяє,related,word,word,0.725123438742002,FALSE
докази,доказ,related,word,word,0.724038015490933,FALSE
хірург,доктор,related,word,word,0.47811946980651,FALSE
управляти,документ,related,word,word,0.144461283182082,FALSE
фунт,долар,related,word,word,0.45396312398066,FALSE
пустеля,долина,related,word,word,0.407745107963742,FALSE
фатум,доля,related,word,word,0.256902728374005,FALSE
довідка,допомагати,related,word,word,0.239136952159494,FALSE
підтримка,допомога,related,word,word,0.405447009274553,FALSE
маршрут,доріжка,related,word,word,0.245813765013247,FALSE
ідеальний,досконалий,related,word,word,0.496932726828988,FALSE
аналітик,дослідник,related,word,word,0.457576151897182,FALSE
досить,достатньо,related,word,word,0.464141385568903,FALSE
управляти,досягати успіху,related,word,word,0,FALSE
прибуток,дохід,related,word,word,0.552109674421176,FALSE
пінг,дрібний,related,word,word,0.269328378775784,FALSE
кабель,дріт,related,word,word,0.451293312638418,FALSE
колега,друг,related,word,word,0.502601056859815,FALSE
відносини,дружба,related,word,word,0.468498572923804,FALSE
чоловік,дружина,related,word,word,0.353162168513617,FALSE
ввічливий,дружній,related,word,word,0.428197249078488,FALSE
надзвичайно,дуже,related,word,word,0.540739555528852,FALSE
розглядати,думати,related,word,word,0.434335022718538,FALSE
божевілля,дурість,related,word,word,0.389104825037565,FALSE
наївний,дурний,related,word,word,0.614798316729151,FALSE
душа,дух,related,word,word,0.36705109153241,FALSE
упертий,егоїстичний,related,word,word,0.496965032320706,FALSE
модний,елегантний,related,word,word,0.504007289014088,FALSE
струм,електрика,related,word,word,0.374484737266215,FALSE
магнітний,електричний,related,word,word,0.551221466658756,FALSE
фактор,елемент,related,word,word,0.412036328896695,FALSE
психічний,емоційний,related,word,word,0.600782727988542,FALSE
потужність,енергія,related,word,word,0.421059480750791,FALSE
чума,епідемія,related,word,word,0.559042919463195,FALSE
серія,епізод,related,word,word,0.232879058112869,FALSE
вплив,ефект,related,word,word,0.282768729782259,FALSE
корисний,ефективний,related,word,word,0.470410840954754,FALSE
жалкий,жалюгідний,related,word,word,0.513439815042046,FALSE
трюк,жарт,related,word,word,0.39565605724683,FALSE
страшний,жахливий,related,word,word,0.609982212055225,FALSE
художник,живопис,related,word,word,0.470791996637101,FALSE
вдова,жінка,related,word,word,0.357754960266067,FALSE
чоловічий,жіночий,related,word,word,0.675804578633907,FALSE
вересень,жовтень,related,word,word,0.741949713483928,FALSE
червоний,жовтий,related,word,word,0.603204271472618,FALSE
міцний,жорсткий,related,word,word,0.488171909545599,FALSE
брутальний,жорстокий,related,word,word,0.495590600613675,FALSE
зло,жорстокість,related,word,word,0.307406779232326,FALSE
проковтнути,жувати,related,word,word,0.541291968528223,FALSE
плейбой,журнал,related,word,word,0.266404784300529,FALSE
репортер,журналіст,related,word,word,0.49486551778766,FALSE
дотепний,забавний,related,word,word,0.56532313806841,FALSE
заборонений,забороняти,related,word,word,0.555625521036315,FALSE
природно,загалом,related,word,word,0.181127905770497,FALSE
назва,заголовок,related,word,word,0.123716906346372,FALSE
відновлювати,загоюватися,related,word,word,0,FALSE
нормально,зазвичай,related,word,word,0.205826640804436,FALSE
кінець,закінчити,related,word,word,0.105549165209644,FALSE
незаконний,законний,related,word,word,0.789165802410205,FALSE
відкриття,закриття,related,word,word,0.6314677648105,FALSE
перебування,залишати,related,word,word,0.261704576730768,FALSE
уважність,залучати,related,word,word,0.259021932353156,FALSE
замінити,замінник,related,word,word,0.380896534224881,FALSE
палац,замку,related,word,word,0.425035685470285,FALSE
ключ,замок,related,word,word,0.299559899631088,FALSE
розтопити,заморожувати,related,word,word,0.515976503630834,FALSE
забути,запам'ятати,related,word,word,0,FALSE
смак,запах,related,word,word,0.549675827245585,FALSE
рекорд,записування,related,word,word,0.240810116365463,FALSE
попит,запит,related,word,word,0.357432890770949,FALSE
запитання,запитувати,related,word,word,0.430797068547205,FALSE
незнання,зарозумілість,related,word,word,0.383036752683425,FALSE
пенсія,зарплата,related,word,word,0.483668157733674,FALSE
дозвіл,затвердження,related,word,word,0.233973757158828,FALSE
грип,захворювання,related,word,word,0.482910652304576,FALSE
боронити,захищати,related,word,word,0.448623610242628,FALSE
південний,західний,related,word,word,0.522584141908347,FALSE
замкнений,зачинено,related,word,word,0.290406599301901,FALSE
коментар,заява,related,word,word,0.230023233387069,FALSE
колекціонувати,збирати,related,word,word,0.53016154686323,FALSE
пістолет,зброю,related,word,word,0.478222734440522,FALSE
арсенал,зброя,related,word,word,0.272061039745967,FALSE
гордий,збуджений,related,word,word,0.176605177303273,FALSE
стандартний,звичайний,related,word,word,0.481745812468754,FALSE
відставка,звільнення,related,word,word,0.333453515549716,FALSE
шум,звук,related,word,word,0.432545688155867,FALSE
потенціал,здатність,related,word,word,0.39977489998605,FALSE
фронт,ззаду,related,word,word,0.161042963177626,FALSE
літній,зима,related,word,word,0.274736444667197,FALSE
визнавати,зізнатися,related,word,word,0.282963886346901,FALSE
знаменитість,зірка,related,word,word,0.402805883035722,FALSE
постріл,зйомка,related,word,word,0.220620971484406,FALSE
ревнивий,злий,related,word,word,0.557245480501602,FALSE
жертва,зловмисник,related,word,word,0.276535476274274,FALSE
гріх,злочинність,related,word,word,0.287112465158088,FALSE
містити,зміст,related,word,word,0.295783278245217,FALSE
черв'як,змія,related,word,word,0,FALSE
визнавати,знав,related,word,word,0.36054252365016,FALSE
форма,знак,related,word,word,0.18661445687474,FALSE
популярний,знаменитий,related,word,word,0.438358608706363,FALSE
зараз,знання,related,word,word,0.213668348053761,FALSE
досвід,знання,related,word,word,0.387530958296494,FALSE
пошук,знаходження,related,word,word,0.387201888574417,FALSE
смерть,зникнення,related,word,word,0.32275613206294,FALSE
внутрішній,зовнішній,related,word,word,0.668685912788976,FALSE
площа,зона,related,word,word,0.316347751248947,FALSE
капсула,зонд,related,word,word,0.468615095366,FALSE
шпигун,зрадник,related,word,word,0.398918316585607,FALSE
нарешті,зрештою,related,word,word,0.479312594372577,FALSE
усвідомлювати,зрозуміти,related,word,word,0.520517023156246,FALSE
цвях,зубний,related,word,word,0.246050980304902,FALSE
конференція,зустріч,related,word,word,0.423360803896131,FALSE
дивитися,зустрічатися,related,word,word,0.44935680111623,FALSE
лялька,іграшка,related,word,word,0.518674509742566,FALSE
дурень,ідіот,related,word,word,0.516362200030242,FALSE
продукти,їжа,related,word,word,0.334284634827807,FALSE
водити,їздити,related,word,word,0.618369429471085,FALSE
імперський,імператор,related,word,word,0.475216042679494,FALSE
династія,імперія,related,word,word,0.445105968511463,FALSE
доза,ін'єкція,related,word,word,0,FALSE
банкір,інвестор,related,word,word,0.466784932253229,FALSE
фінансування,інвестувати,related,word,word,0.357894764870557,FALSE
людина,індивідуальний,related,word,word,0.253705631575413,FALSE
курятина,індичка,related,word,word,0.533448073898524,FALSE
обстеження,інспекція,related,word,word,0.248109986622093,FALSE
знаряддя,інструмент,related,word,word,0.302507687369133,FALSE
особистий,інтимний,related,word,word,0.337982461399073,FALSE
інстинкт,інтуїція,related,word,word,0.418945554418986,FALSE
вірус,інфекція,related,word,word,0.427879553757567,FALSE
джерело,інформатор,related,word,word,0.265842120951505,FALSE
дані,інформація,related,word,word,0.303207696634499,FALSE
аналогічний,інший,related,word,word,0.364011057512609,FALSE
іронія,іронічний,related,word,word,0.554086413176368,FALSE
годувати,їсти,related,word,word,0.532221659550679,FALSE
вірогідність,ймовірно,related,word,word,0.345572965028792,FALSE
вводити,йти,related,word,word,0.342241776594841,FALSE
чашка,кава,related,word,word,0.250301624615531,FALSE
рок,камінь,related,word,word,0.203054927211256,FALSE
шолом,капелюх,related,word,word,0.457748036351022,FALSE
анархія,капіталізм,related,word,word,0.514589130988033,FALSE
командувач,капітан,related,word,word,0.371060645742637,FALSE
церква,каплиця,related,word,word,0.436513038731977,FALSE
єпископ,кардинал,related,word,word,0.420474045319778,FALSE
компас,карта,related,word,word,0.271846297168206,FALSE
мафія,картель,related,word,word,0.366475946666736,FALSE
мучити,катування,related,word,word,0.40269059466915,FALSE
таблиця,кафедра,related,word,word,0.257418374540309,FALSE
гусак,качка,related,word,word,0.486733384050837,FALSE
половина,квартал,related,word,word,0.113373511707636,FALSE
будинок,квартира,related,word,word,0.266193782218332,FALSE
рослина,квітка,related,word,word,0.525314233464339,FALSE
пікнік,кемпінг,related,word,word,0.515913024239479,FALSE
підлога,килимок,related,word,word,0.348254271644303,FALSE
повітря,кисень,related,word,word,0.440973487718156,FALSE
осел,кінь,related,word,word,0.369475840020324,FALSE
собака,кішка,related,word,word,0.520662043117013,FALSE
типовий,класичний,related,word,word,0.490246291438529,FALSE
хворий,клієнт,related,word,word,0.21936567593871,FALSE
лікарня,клініка,related,word,word,0.629178006821501,FALSE
присягати,клятва,related,word,word,0.48370251635,FALSE
біблія,книга,related,word,word,0.368004231627699,FALSE
принцеса,князь,related,word,word,0.369061328547354,FALSE
родео,ковбойський,related,word,word,0.267253694412613,FALSE
падіння,ковток,related,word,word,0.19167223844502,FALSE
ніколи,коли-небудь,related,word,word,0,FALSE
плече,коліна,related,word,word,0.417513436795185,FALSE
ліга,команда,related,word,word,0.39098775121837,FALSE
павук,комаха,related,word,word,0.496112791051161,FALSE
драма,комедія,related,word,word,0.629869430815726,FALSE
інспектор,комісар,related,word,word,0.576140175219162,FALSE
комісія,комітет,related,word,word,0.474755791658173,FALSE
програмне забезпечення,комп'ютер,related,word,word,0,FALSE
расист,комуніст,related,word,word,0.440004774819091,FALSE
закон,конституція,related,word,word,0.46655350634926,FALSE
консультація,консультувати,related,word,word,0.602289311413224,FALSE
приватний,конфіденційність,related,word,word,0.220696699146287,FALSE
зосереджувати,концентрат,related,word,word,0.189690465414256,FALSE
турист,концерт,related,word,word,0.173065606090039,FALSE
ром,коньяк,related,word,word,0.340791171288391,FALSE
оригінальний,копіювати,related,word,word,0.349565485511438,FALSE
королівський,королівство,related,word,word,0.442636068861488,FALSE
королева,короля,related,word,word,0.596230654966804,FALSE
компанія,корпорація,related,word,word,0.634129891955549,FALSE
господиня,коханець,related,word,word,0.390269950583281,FALSE
алмаз,коштовність,related,word,word,0.308372416124767,FALSE
пов'язувати,краватка,related,word,word,0,FALSE
чарівність,краса,related,word,word,0.469127250580396,FALSE
борг,кредит,related,word,word,0.401154332672141,FALSE
ситуація,криза,related,word,word,0.481456931693236,FALSE
злодій,кримінальний,related,word,word,0.44954943076257,FALSE
окуляри,кришка,related,word,word,0.44732168135113,FALSE
лисиця,кролик,related,word,word,0.478306566583329,FALSE
відносний,кузен,related,word,word,0.187925159333493,FALSE
калібр,куля,related,word,word,0.343034806843818,FALSE
сорочка,куртка,related,word,word,0.563497892934922,FALSE
дракон,лев,related,word,word,0.462930760241154,FALSE
міф,легенда,related,word,word,0.313130781687498,FALSE
неможливий,легкий,related,word,word,0.365032261037317,FALSE
темрява,легкий,related,word,word,0.223123581460192,FALSE
лорд,леді,related,word,word,0.306423506398347,FALSE
сержант,лейтенант,related,word,word,0.60268258243821,FALSE
семінар,лекція,related,word,word,0.419959803024337,FALSE
смоктати,лизати,related,word,word,0.618504431782013,FALSE
червень,липень,related,word,word,0.734865307063114,FALSE
кашель,лихоманка,related,word,word,0.419750711754814,FALSE
консервативний,ліберальний,related,word,word,0.586511284853311,FALSE
правий,ліворуч,related,word,word,0.375346055582854,FALSE
член,лідер,related,word,word,0.357537693320738,FALSE
диван,ліжка,related,word,word,0.251640676387938,FALSE
алкоголь,ліки,related,word,word,0.390510553881287,FALSE
терапія,лікування,related,word,word,0.434196026460268,FALSE
таксі,лімузин,related,word,word,0.390913882897986,FALSE
мін,лін,related,word,word,0.24992368765133,FALSE
джунглі,ліс,related,word,word,0.423375668705959,FALSE
земля,літати,related,word,word,0.14018514972316,FALSE
мистецтво,література,related,word,word,0.457080477941481,FALSE
тунець,лобстер,related,word,word,0.362410484840793,FALSE
ненависть,любов,related,word,word,0.547249256255261,FALSE
населення,люди,related,word,word,0.184631930765919,FALSE
людина,людський,related,word,word,0.313429518696899,FALSE
гнів,лють,related,word,word,0.368114015991851,FALSE
налякати,лякати,related,word,word,0.861722699486219,FALSE
нервовий,м'яз,related,word,word,0,FALSE
свинина,м'ясо,related,word,word,0,FALSE
може бути,мабуть,related,word,word,0,FALSE
крамниця,магазин,related,word,word,0.427368467093064,FALSE
кетчуп,майонез,related,word,word,0.699509028236883,FALSE
мінімальний,максимальний,related,word,word,0.68688921674145,FALSE
мало,малий,related,word,word,0.291835610103,FALSE
фарбувати,малювати,related,word,word,0.467972923194105,FALSE
тато,мама,related,word,word,0.48369450700725,FALSE
контроль,маніпулювати,related,word,word,0.336079478202364,FALSE
реклама,маркетинг,related,word,word,0.444109202347205,FALSE
йога,масаж,related,word,word,0.305132288643801,FALSE
вугілля,масло,related,word,word,0.41677785219015,FALSE
мед,масло,related,word,word,0.423089534528078,FALSE
фізика,математика,related,word,word,0.723339593472836,FALSE
піратський,матрос,related,word,word,0.289220438202376,FALSE
турнір,матч,related,word,word,0.527092981667626,FALSE
робот,машина,related,word,word,0.279095367136373,FALSE
транспортний засіб,машина,related,word,word,0,FALSE
трофей,медаль,related,word,word,0.325331497779282,FALSE
артефакт,медальйон,related,word,word,0.377646683311905,FALSE
шериф,мера,related,word,word,0.296572230250295,FALSE
живий,мертвий,related,word,word,0.521981601412542,FALSE
залізо,металевий,related,word,word,0.39284887923268,FALSE
кілометр,метр,related,word,word,0.624863337965404,FALSE
технічний,механічний,related,word,word,0.653641869002636,FALSE
солодкий,милий,related,word,word,0.468243420279524,FALSE
прощення,милосердя,related,word,word,0.361404880577079,FALSE
майбутнє,минуле,related,word,word,0.527984599370414,FALSE
чистий,мити,related,word,word,0.29650350511919,FALSE
телескоп,мікроскоп,related,word,word,0.504579061661581,FALSE
камеру,мікрофон,related,word,word,0.376923071457895,FALSE
мільйон,мільярд,related,word,word,0.595320415954873,FALSE
посольство,міністерство,related,word,word,0.480023286304695,FALSE
посла,міністр,related,word,word,0.311402250046133,FALSE
плюс,мінус,related,word,word,0.441623845939867,FALSE
завдання,місія,related,word,word,0.254177208857059,FALSE
капітал,місто,related,word,word,0.196450864691244,FALSE
регіональний,місцевий,related,word,word,0.380539990583585,FALSE
коробка,мішок,related,word,word,0.394717346620872,FALSE
мовчазний,мовчання,related,word,word,0.455989268603206,FALSE
шанс,можливість,related,word,word,0.342545890471547,FALSE
сухий,мокрий,related,word,word,0.47035933994305,FALSE
старий,молодий,related,word,word,0.387470250391607,FALSE
старший,молодший,related,word,word,0.647513244835038,FALSE
палиця,молоток,related,word,word,0.428609109551664,FALSE
сиріт,монастир,related,word,word,0.238358835614584,FALSE
храм,монастир,related,word,word,0.421233017240672,FALSE
екран,монітор,related,word,word,0.354733948058321,FALSE
оргазм,монтаж,related,word,word,0.231246556437092,FALSE
аспірин,морфін,related,word,word,0.504160795466034,FALSE
готель,мотель,related,word,word,0.733038565135347,FALSE
страшний,моторошний,related,word,word,0.617448272204601,FALSE
ланцюг,мотузка,related,word,word,0.378003438655877,FALSE
кошмар,мрія,related,word,word,0.314296456922577,FALSE
бібліотека,музей,related,word,word,0.373325936066222,FALSE
джаз,музика,related,word,word,0.351682641834462,FALSE
співак,музикант,related,word,word,0.586589531147301,FALSE
бджола,мурашка,related,word,word,0.455627517951382,FALSE
еволюція,мутація,related,word,word,0.536959194693215,FALSE
круглий,навколо,related,word,word,0.160489239832941,FALSE
випадково,навмисно,related,word,word,0.295727311451121,FALSE
інший,навпаки,related,word,word,0.329589698452439,FALSE
навчатися,навчати,related,word,word,0.764098571099683,FALSE
бонус,нагорода,related,word,word,0.231707339696083,FALSE
дозволяти,надавати,related,word,word,0.548207025307524,FALSE
терміновий,надзвичайний,related,word,word,0.479370102858401,FALSE
приносити,надсилати,related,word,word,0.43683635257146,FALSE
вічний,назавжди,related,word,word,0.357980834485729,FALSE
кільце,намисто,related,word,word,0.506138471326669,FALSE
призначення,намір,related,word,word,0.216748386431486,FALSE
читання,написання,related,word,word,0.568654920201947,FALSE
наречений,наречена,related,word,word,0.739077585682883,FALSE
країна,народ,related,word,word,0.293188283500116,FALSE
ювілей,народження,related,word,word,0.377786631131709,FALSE
фактично,насправді,related,word,word,0.354253107234566,FALSE
надихати,натхнення,related,word,word,0.435054324569752,FALSE
технологія,наука,related,word,word,0.451377731142827,FALSE
ризик,небезпека,related,word,word,0.298254928374907,FALSE
ризикований,небезпечний,related,word,word,0.590051048623355,FALSE
небо,небесний,related,word,word,0.557613257771156,FALSE
анонімний,невідомий,related,word,word,0.397777569744676,FALSE
позитивний,негативний,related,word,word,0.778306756631304,FALSE
субота,неділя,related,word,word,0.64664500865962,FALSE
нездатність,нездатний,related,word,word,0.670737170995567,FALSE
незручний,неприємний,related,word,word,0.41634411491997,FALSE
стурбований,нервовий,related,word,word,0.24785451622415,FALSE
раптом,несподівано,related,word,word,0.419095152671252,FALSE
неправедність,несправедливість,related,word,word,0.685231801150302,FALSE
бідність,нещастя,related,word,word,0.385603616833613,FALSE
нещасний,нещастя,related,word,word,0.575861797981936,FALSE
просто,нещодавно,related,word,word,0.289383593626808,FALSE
м'який,ніжний,related,word,word,0,FALSE
марний,нікчемний,related,word,word,0.559165754821621,FALSE
канал,новини,related,word,word,0.386391114157524,FALSE
меч,ніж,related,word,word,0.195096798309625,FALSE
здоровий,нормальний,related,word,word,0.523421878658847,FALSE
рот,нос,related,word,word,0.289573430094387,FALSE
діарея,нудота,related,word,word,0.707261808537357,FALSE
скарга,обвинувачення,related,word,word,0.425840369848663,FALSE
розмова,обговорення,related,word,word,0.291596214532246,FALSE
закуска,обід,related,word,word,0.390557053921415,FALSE
поцілунок,обіймати,related,word,word,0.224116743969274,FALSE
гарантія,обіцянка,related,word,word,0.50556746459532,FALSE
обладнання,обладнувати,related,word,word,0.491616083347534,FALSE
відповідальність,обов'язок,related,word,word,0,FALSE
образливість,ображати,related,word,word,0.492398584797813,FALSE
служба,обслуговування,related,word,word,0.337153267405395,FALSE
брудний,огидний,related,word,word,0.691474538254942,FALSE
одиночний,одружений,related,word,word,0.2604330394979,FALSE
річка,озеро,related,word,word,0.459380192087607,FALSE
море,океан,related,word,word,0.427867304653357,FALSE
свіжий,оновити,related,word,word,0.23845492558118,FALSE
профіль,опис,related,word,word,0.271132914184007,FALSE
опівночі,опівдні,related,word,word,0.720119363093309,FALSE
супротив,опір,related,word,word,0.481207551431316,FALSE
ворог,опонент,related,word,word,0.349310442948363,FALSE
планета,орбіта,related,word,word,0.527390476905062,FALSE
сортувати,організувати,related,word,word,0.468548141360917,FALSE
орендар,орендодавець,related,word,word,0.677035782929907,FALSE
наймання,орендувати,related,word,word,0.209889369081924,FALSE
здоров'я,освіта,related,word,word,0,FALSE
весна,осінь,related,word,word,0.499581471638303,FALSE
характер,особистість,related,word,word,0.261398959357695,FALSE
спочатку,остання,related,word,word,0.221853132295279,FALSE
останній,остаточний,related,word,word,0.46001486770442,FALSE
тріщина,отворити,related,word,word,0,FALSE
стіл,офіс,related,word,word,0.2707044474892,FALSE
офіціант,офіціантка,related,word,word,0.822286318123181,FALSE
офіційно,офіційний,related,word,word,0.539548981468693,FALSE
спостереження,оцінка,related,word,word,0.207049505632239,FALSE
захоплюватися,оцінювати,related,word,word,0.37711002082212,FALSE
чітко,очевидно,related,word,word,0.278648727571483,FALSE
чекати,очікувати,related,word,word,0.487277637730577,FALSE
тверезий,п'яний,related,word,word,0,FALSE
інтернет,павутина,related,word,word,0.29654863451812,FALSE
конверт,пакет,related,word,word,0.361005976295167,FALSE
газ,паливо,related,word,word,0.540615459741827,FALSE
кабіна,палуба,related,word,word,0.489238493485156,FALSE
дядько,папа,related,word,word,0.271657859994598,FALSE
розділ,параграф,related,word,word,0.408912885778211,FALSE
вибір,параметр,related,word,word,0.314741713830205,FALSE
надприродливий,паранормальний,related,word,word,0,FALSE
стіна,паркан,related,word,word,0.410099177505548,FALSE
кодекс,пароль,related,word,word,0.201671873018208,FALSE
прийом,партія,related,word,word,0.162002668511257,FALSE
помада,парфуми,related,word,word,0.325783686909517,FALSE
квиток,паспорт,related,word,word,0.439914865905414,FALSE
охоронець,патруль,related,word,word,0.408356441514704,FALSE
миша,пацюк,related,word,word,0.394184024529208,FALSE
рай,пекло,related,word,word,0.32485013109244,FALSE
піхва,пеніс,related,word,word,0.332971959270573,FALSE
вторинний,первинний,related,word,word,0.691848723329407,FALSE
недооцінювати,перебільшувати,related,word,word,0.644147807923861,FALSE
датчик,передавач,related,word,word,0.522434158952963,FALSE
рухатися,передача,related,word,word,0.146697930846057,FALSE
невдаха,переможець,related,word,word,0.288040228242835,FALSE
розбити,перерва,related,word,word,0.186364641093373,FALSE
слідувати,переслідувати,related,word,word,0.677709076367164,FALSE
радіус,периметр,related,word,word,0.441147947551414,FALSE
фаза,період,related,word,word,0.260492005000914,FALSE
погляд,перспективний,related,word,word,0.28401315125096,FALSE
нирка,печінка,related,word,word,0.556755618779366,FALSE
пити,пиво,related,word,word,0.431053248250193,FALSE
зола,пил,related,word,word,0.391626834552754,FALSE
іржавий,пильний,related,word,word,0.369476707806295,FALSE
читати,писати,related,word,word,0.598991779884861,FALSE
поет,письменник,related,word,word,0.643258191429805,FALSE
південний,північний,related,word,word,0.797499359145896,FALSE
готовий,підготувати,related,word,word,0.276927505866454,FALSE
контакт,підключення,related,word,word,0.222620269730404,FALSE
підлітковий,підліток,related,word,word,0.557120021772022,FALSE
сумніватися,підозрювати,related,word,word,0.496483140875532,FALSE
печатка,підпис,related,word,word,0.24867489839488,FALSE
мільйонер,підприємець,related,word,word,0.48218032635173,FALSE
відділ,підрозділ,related,word,word,0.495884211134749,FALSE
відмовляти,затверджувати,related,word,word,0.499826155951656,FALSE
підтвердження,підтверджувати,related,word,word,0.573998079476024,FALSE
заповідник,підтримувати,related,word,word,0.160477130469502,FALSE
космонавт,пілот,related,word,word,0.340103924647497,FALSE
альбом,пісня,related,word,word,0.348582251496888,FALSE
бруд,пісок,related,word,word,0.467131666062081,FALSE
гвинтівка,пістолет,related,word,word,0.503786743096534,FALSE
духовка,піч,related,word,word,0.30604447205508,FALSE
занурений,плавати,related,word,word,0.348087618268937,FALSE
підготовка,планування,related,word,word,0.287500122518923,FALSE
цемент,пластик,related,word,word,0.408619265755346,FALSE
онук,племінник,related,word,word,0.482535316014954,FALSE
склянка,пляшка,related,word,word,0.5299323887662,FALSE
замикання,повертатися,related,word,word,0.2417706811386,FALSE
шар,поверхня,related,word,word,0.358111371993384,FALSE
увага,повідомлення,related,word,word,0.208850784344056,FALSE
доповідь,повідомляти,related,word,word,0.367580396184544,FALSE
порожній,повний,related,word,word,0.333374566861928,FALSE
загальний,повний,related,word,word,0.511738333161901,FALSE
абсолютно,повністю,related,word,word,0.4351232936201,FALSE
поворот,крутити,related,word,word,0.33181755692609,FALSE
добрий,поганий,related,word,word,0.523025338565063,FALSE
крадіжка,пограбування,related,word,word,0.422852839935189,FALSE
явище,подія,related,word,word,0.280060553345878,FALSE
гостинність,подяка,related,word,word,0.355526055803337,FALSE
текст,поема,related,word,word,0.251197880722314,FALSE
благодійність,пожертвування,related,word,word,0.529910513533206,FALSE
штраф,позбавлення волі,related,word,word,0,FALSE
статус,позиція,related,word,word,0.146397198947524,FALSE
гральний,покер,related,word,word,0.370501437665926,FALSE
вставляти,покладати,related,word,word,0.403593245339525,FALSE
няня,покоївка,related,word,word,0.529838732885577,FALSE
продавець,покупець,related,word,word,0.556526116917393,FALSE
арена,поле бою,related,word,word,0,FALSE
зміна,поліпшення,related,word,word,0.331849822153588,FALSE
посадка,політ,related,word,word,0.416463380358027,FALSE
політика,політик,related,word,word,0.552369403031513,FALSE
журналістика,політика,related,word,word,0.558050311349989,FALSE
критичний,політичний,related,word,word,0.702247868052363,FALSE
загальний,полковник,related,word,word,0.0357960973285172,FALSE
пожежа,полум'я,related,word,word,0,FALSE
банан,полуниця,related,word,word,0.545622144740971,FALSE
зелений,помаранчевий,related,word,word,0.664655525233205,FALSE
страждати,померти,related,word,word,0.447570426181072,FALSE
похибка,помилка,related,word,word,0.332010254166521,FALSE
підробка,помилковий,related,word,word,0.391485994049876,FALSE
картопля,помідор,related,word,word,0.511411452099602,FALSE
секретар,помічник,related,word,word,0.461508134826619,FALSE
перемога,поразка,related,word,word,0.563448963274144,FALSE
командування,порядок,related,word,word,0.21702985294029,FALSE
завжди,постійно,related,word,word,0.320055782770598,FALSE
жалюгідний,потворний,related,word,word,0.553927355430334,FALSE
необхідний,потреба,related,word,word,0.16427581668016,FALSE
подвійний,потрійний,related,word,word,0.649009384587934,FALSE
копати,поховати,related,word,word,0.439776531859873,FALSE
труна,похоронний,related,word,word,0.377857727599133,FALSE
слухати,почути,related,word,word,0.484903389052604,FALSE
пояснення,правдоподібний,related,word,word,0.407423733763172,FALSE
неправильний,правильний,related,word,word,0.827909358864738,FALSE
буквально,практично,related,word,word,0.273123456743284,FALSE
об'єкт,предмет,related,word,word,0,FALSE
канцлер,президент,related,word,word,0.444006004638796,FALSE
кнопок,прес,related,word,word,0.174303878938039,FALSE
корона,престол,related,word,word,0.259267824122258,FALSE
вітати,привітати,related,word,word,0.724280480281028,FALSE
зручний,приємний,related,word,word,0.354710113953228,FALSE
нова,приз,related,word,word,0.202309906998207,FALSE
відмовляти,приймати,related,word,word,0.460097202128659,FALSE
попряма,приклад,related,word,word,0,FALSE
чіп,прилад,related,word,word,0.393773709326824,FALSE
пастка,приманка,related,word,word,0.479903171800999,FALSE
висновок,припущення,related,word,word,0.429513523590407,FALSE
ентузіазм,пристрасть,related,word,word,0.342823221805901,FALSE
безпека,притулок,related,word,word,0.19543421401865,FALSE
прибути,приходити,related,word,word,0.442700920744457,FALSE
результат,причина,related,word,word,0.225351399802827,FALSE
псевдонім,прізвище,related,word,word,0.516253484062381,FALSE
з,про,related,word,word,0.212205942191935,FALSE
неприємність,проблема,related,word,word,0.302351084478364,FALSE
успіх,провал,related,word,word,0.329245019327483,FALSE
проект,програма,related,word,word,0.45734489743532,FALSE
дрімати,прогулянка,related,word,word,0.317886330806362,FALSE
запустити,прогулянка,related,word,word,0.0968093945502867,FALSE
купувати,продавати,related,word,word,0.670947940306638,FALSE
аукціон,продаж,related,word,word,0.392259903143897,FALSE
дотепність,продовжувати,related,word,word,0.191531826629703,FALSE
марка,продукт,related,word,word,0.214808549751092,FALSE
показувати,продуктивність,related,word,word,0.304960685486668,FALSE
юрист,прокурор,related,word,word,0.455205911483692,FALSE
виступ,проповідь,related,word,word,0.227962003398484,FALSE
рекомендувати,пропонувати,related,word,word,0.623458573772266,FALSE
просто,простий,related,word,word,0.515705581509199,FALSE
правила,протокол,related,word,word,0.310997260588079,FALSE
модель,прототип,related,word,word,0.295548050987383,FALSE
аматорський,професійний,related,word,word,0.493812759764034,FALSE
декан,професор,related,word,word,0.62320188673695,FALSE
теплий,прохолодний,related,word,word,0.612635659265017,FALSE
процес,процедура,related,word,word,0.54849989445518,FALSE
медичний,психологічний,related,word,word,0.533211250694552,FALSE
анатомія,психологія,related,word,word,0.510942807107529,FALSE
метелик,птах,related,word,word,0.529664289390227,FALSE
задоволення,радість,related,word,word,0.438905416747595,FALSE
округ,район,related,word,word,0.458939399755014,FALSE
пухлина,рак,related,word,word,0.500373620596175,FALSE
ракета,ракетний,related,word,word,0.561763008464857,FALSE
туалет,раковина,related,word,word,0.333749744399023,FALSE
пізно,рано,related,word,word,0.492787102255884,FALSE
завтра,ранок,related,word,word,0.28431287584064,FALSE
білка,раноподібний,related,word,word,0,FALSE
генератор,реактор,related,word,word,0.489564332594137,FALSE
оптимістичний,реалістичний,related,word,word,0.678758603822431,FALSE
справжній,реальний,related,word,word,0.42179027055712,FALSE
підсумок,результат,related,word,word,0.424978558781742,FALSE
філософія,релігія,related,word,word,0.505156229765997,FALSE
виправляти,ремонт,related,word,word,0.148462950921916,FALSE
кар'єра,репутація,related,word,word,0,FALSE
паб,ресторан,related,word,word,0.417741955816281,FALSE
слово,речення,related,word,word,0.33756836506947,FALSE
акула,риба,related,word,word,0.504997764089456,FALSE
полювання,риболовля,related,word,word,0.399836498938369,FALSE
кесар,рим,related,word,word,0.179402743897149,FALSE
значок,рівномірний,related,word,word,0.250188797712224,FALSE
потік,рідина,related,word,word,0.285909493845719,FALSE
зрідка,рідко,related,word,word,0.483883865992994,FALSE
виробляти,робити,related,word,word,0.45035086204975,FALSE
фермер,робітник,related,word,word,0.367918938180267,FALSE
праця,робота,related,word,word,0.51127186258096,FALSE
падіння,розвал,related,word,word,0.395643261320464,FALSE
прогрес,розвиток,related,word,word,0.443961391460922,FALSE
календар,розклад,related,word,word,0.436708307625211,FALSE
розмова,розмовляти,related,word,word,0.508457640392504,FALSE
сказати,розповідати,related,word,word,0.417233475830192,FALSE
рахувати,розраховувати,related,word,word,0.521839986634882,FALSE
розрив,розрізати,related,word,word,0.447595361531404,FALSE
вивчати,розслідувати,related,word,word,0.401622914940863,FALSE
місце,розташування,related,word,word,0.388750321159059,FALSE
кмітливий,розумний,related,word,word,0.605278310414043,FALSE
ярмарок,розумний,related,word,word,0.192592059008857,FALSE
сюрприз,розчарування,related,word,word,0.218896092796313,FALSE
драматичний,романтичний,related,word,word,0.666824798451115,FALSE
створення,руйнування,related,word,word,0.377605814629231,FALSE
ручний,ручка,related,word,word,0.438595872426654,FALSE
папір,ручка,related,word,word,0.328250021842224,FALSE
ковдра,рушник,related,word,word,0.45589994101531,FALSE
герой,рятівник,related,word,word,0.42745522470868,FALSE
шпигунство,саботаж,related,word,word,0.422234638729406,FALSE
суп,салат,related,word,word,0.562543410481526,FALSE
єдиний,самотній,related,word,word,0.240016331011323,FALSE
ніндзя,самурай,related,word,word,0.531821879180983,FALSE
миля,сантиметр,related,word,word,0.260316940291521,FALSE
корова,свиня,related,word,word,0.467743322809992,FALSE
ріг,свисток,related,word,word,0.339507092416077,FALSE
свідок,свідчення,related,word,word,0.409896742150587,FALSE
міжнародний,світ,related,word,word,0.329054146678817,FALSE
захід сонця,світанок,related,word,word,0,FALSE
лампа,свічка,related,word,word,0.549482018248809,FALSE
різдвяний,свято,related,word,word,0.358461253686536,FALSE
монах,священик,related,word,word,0.449040440302716,FALSE
табір,село,related,word,word,0.326003667796878,FALSE
парламент,сенат,related,word,word,0.478820581006798,FALSE
губернатор,сенатор,related,word,word,0.589152527037355,FALSE
кров,сеча,related,word,word,0.426131404334007,FALSE
дим,сигара,related,word,word,0.306841335874099,FALSE
тютюн,сигарета,related,word,word,0.406911109262942,FALSE
частота,сигнал,related,word,word,0.243845021473618,FALSE
сповіщення,сигналізація,related,word,word,0.424338470042713,FALSE
стояти,сидіти,related,word,word,0.533897622258112,FALSE
міць,сила,related,word,word,0.303469022307678,FALSE
міцно,сильно,related,word,word,0.31869549639539,FALSE
важкий,сильно,related,word,word,0.289362749480177,FALSE
прапор,символ,related,word,word,0.416940557211625,FALSE
дочка,син,related,word,word,0.461065689538724,FALSE
симптом,синдром,related,word,word,0.57036583484081,FALSE
коричневий,синій,related,word,word,0.511643919323259,FALSE
дряпати,синяк,related,word,word,0.311651003269349,FALSE
хліб,сир,related,word,word,0.460535593156892,FALSE
мережа,система,related,word,word,0.474316614393912,FALSE
молочний,сік,related,word,word,0.402342334298097,FALSE
клан,сім'я,related,word,word,0,FALSE
плітки,скандал,related,word,word,0.342969112315711,FALSE
збільшити,скорочувати,related,word,word,0.463598813031662,FALSE
стриманий,скромний,related,word,word,0.466087793372868,FALSE
сильний,слабкий,related,word,word,0.518653890376238,FALSE
славний,слава,related,word,word,0.444886090133602,FALSE
раб,слуга,related,word,word,0.31600546013963,FALSE
апетитний,смачний,related,word,word,0.561431786266373,FALSE
кошик,сміття,related,word,word,0.302277913523668,FALSE
усмішка,сміятися,related,word,word,0.39538429322765,FALSE
шутер,снайпер,related,word,word,0.238474623220072,FALSE
дощ,сніг,related,word,word,0.479305150796805,FALSE
обід,сніданок,related,word,word,0.578565929193936,FALSE
лимонад,сода,related,word,word,0.445070284464964,FALSE
місяць,сонце,related,word,word,0.25695120877924,FALSE
місячний,сонячний,related,word,word,0.590748508771069,FALSE
крем,соус,related,word,word,0.363497628090701,FALSE
лазанья,спагетті,related,word,word,0.283303846313063,FALSE
кімната,спальня,related,word,word,0.599872227633689,FALSE
хаос,спантеличеність,related,word,word,0,FALSE
вдячний,спасибі,related,word,word,0.53620808832239,FALSE
спокійний,спати,related,word,word,0.352676980857449,FALSE
експерт,спеціаліст,related,word,word,0.505385937865203,FALSE
терпіння,співчуття,related,word,word,0.364711204485411,FALSE
навігація,спілкування,related,word,word,0.227727219081389,FALSE
суспільство,спільнота,related,word,word,0.467167122325476,FALSE
спокійно,спокійний,related,word,word,0.641467089890244,FALSE
хобі,спорт,related,word,word,0.331116108646173,FALSE
помститися,справедливість,related,word,word,0.34045633749223,FALSE
голод,спрага,related,word,word,0.343938548056894,FALSE
спробувати,спроба,related,word,word,0.37286156653148,FALSE
золотий,срібло,related,word,word,0.370158850085594,FALSE
думка,ставлення,related,word,word,0.28631790088422,FALSE
бетон,сталь,related,word,word,0.440679371922835,FALSE
платформа,станція,related,word,word,0.36378419619066,FALSE
виникнути,статися,related,word,word,0.430984177303874,FALSE
пам'ятник,статуя,related,word,word,0,FALSE
монстр,створіння,related,word,word,0.402928872694607,FALSE
ритм,стиль,related,word,word,0.386198666849841,FALSE
тисяча,сто,related,word,word,0.334270961177991,FALSE
заважати,стоп,related,word,word,0.165866702100617,FALSE
ударити,страйк,related,word,word,0.108571561394966,FALSE
планувати,стратегія,related,word,word,0.227284576724129,FALSE
жах,страх,related,word,word,0.500009309401353,FALSE
підйом,стрибок,related,word,word,0.453876336590717,FALSE
піраміда,структура,related,word,word,0.296105890468528,FALSE
судовий,судити,related,word,word,0.345050277214753,FALSE
екіпаж,судно,related,word,word,0.326756305932062,FALSE
слух,судовий процес,related,word,word,0,FALSE
спідниця,сукня,related,word,word,0.54374806610764,FALSE
число,сума,related,word,word,0.304354507702715,FALSE
поєднання,суміш,related,word,word,0.311115211451326,FALSE
конфлікт,суперечка,related,word,word,0.422040666645048,FALSE
ескорт,супроводжувати,related,word,word,0.33775486260822,FALSE
радар,супутник,related,word,word,0.409031104487329,FALSE
західний,східний,related,word,word,0.839812759371823,FALSE
покривати,сховатися,related,word,word,0.363085799288407,FALSE
капсула,таблетка,related,word,word,0.503784941014004,FALSE
секретний,таємниця,related,word,word,0.241732071124377,FALSE
детонатор,таймер,related,word,word,0.408075135060332,FALSE
гаразд,так,related,word,word,0.208975032708219,FALSE
потенціал,талант,related,word,word,0.386445959891592,FALSE
тут,там,related,word,word,0.297024254114733,FALSE
танцівниця,танцювати,related,word,word,0.471616119102361,FALSE
чаша,тарілка,related,word,word,0.446275776005605,FALSE
звір,тварина,related,word,word,0.417089472422669,FALSE
уява,творчість,related,word,word,0.358735235044678,FALSE
кінотеатр,театр,related,word,word,0.582726162683352,FALSE
радіо,телебачення,related,word,word,0.535107789501823,FALSE
зателефонувати,телефон,related,word,word,0.547787389892089,FALSE
тінь,темний,related,word,word,0.362533695910025,FALSE
тепло,температура,related,word,word,0.311682512121558,FALSE
гольф,теніс,related,word,word,0.496742128602195,FALSE
ідея,теорія,related,word,word,0.351956196774957,FALSE
експеримент,тестування,related,word,word,0.313305263015895,FALSE
метод,техніка,related,word,word,0.263459626473233,FALSE
місяць,тиждень,related,word,word,0.508071989626087,FALSE
пульс,тиск,related,word,word,0.323981657832027,FALSE
шкіра,тканина,related,word,word,0.569051928608745,FALSE
тонкий,товстий,related,word,word,0.626311543132656,FALSE
комерційний,торговець,related,word,word,0.390524219320804,FALSE
ураган,торнадо,related,word,word,0.441603839611157,FALSE
десерт,торт,related,word,word,0.511219645538925,FALSE
рана,травма,related,word,word,0.472619578340587,FALSE
сумний,трагічний,related,word,word,0.536081905614598,FALSE
сучасний,традиційний,related,word,word,0.557895110275482,FALSE
кола,трикутник,related,word,word,0.221724481942362,FALSE
тіло,труп,related,word,word,0.371877833027999,FALSE
один,три,related,word,word,0.244892498358631,FALSE
хмара,туман,related,word,word,0.425895725936594,FALSE
міст,тунель,related,word,word,0.288806779336209,FALSE
занепокоєння,турбота,related,word,word,0.275189491437172,FALSE
переривати,турбувати,related,word,word,0.494778532565806,FALSE
штовхати,тягнути,related,word,word,0.51682573165219,FALSE
отрута,убити,related,word,word,0.314630887414242,FALSE
заручниця,ув'язнений,related,word,word,0,FALSE
договір,угоду,related,word,word,0.55155884414902,FALSE
пляжний,узбережжі,related,word,word,0.346208863631256,FALSE
коледж,університет,related,word,word,0.608449868668689,FALSE
особливий,унікальний,related,word,word,0.484685292943283,FALSE
адміністрація,уряд,related,word,word,0.359180781834779,FALSE
порятунок,урятувати,related,word,word,0.415861655815513,FALSE
спадщина,успадковувати,related,word,word,0.250508854103245,FALSE
зберігати,утримувати,related,word,word,0.5272900857634,FALSE
пошта,факс,related,word,word,0.230751691963356,FALSE
реальність,фантазія,related,word,word,0.381779788798374,FALSE
чудовий,фантастичний,related,word,word,0.365620579714718,FALSE
смертельний,фатальний,related,word,word,0.581982032100189,FALSE
колонія,федерація,related,word,word,0.268668410857131,FALSE
карнавал,фестиваль,related,word,word,0.476795819964466,FALSE
сексуальний,фізичний,related,word,word,0.486653260761899,FALSE
порно,фільм,related,word,word,0.260720637271726,FALSE
банківський,фінансовий,related,word,word,0.511259199591554,FALSE
бюджет,фінансування,related,word,word,0.409283438657481,FALSE
фінансово,фінансування,related,word,word,0.519162869392948,FALSE
морський,флот,related,word,word,0.406429070853657,FALSE
корабель,флот,related,word,word,0.430467025676292,FALSE
автограф,фотограф,related,word,word,0.589454159326749,FALSE
картина,фотографія,related,word,word,0.386804514493217,FALSE
словник,фраза,related,word,word,0.218765101853771,FALSE
англійська мова,французький,related,word,word,0,FALSE
яблучний,фрукти,related,word,word,0.481195236355553,FALSE
оперативний,функціональний,related,word,word,0.361228429997653,FALSE
баскетбол,футбол,related,word,word,0.652851814784186,FALSE
другий,хвилина,related,word,word,0.184128605229591,FALSE
нездоровий,хворий,related,word,word,0.475761954203268,FALSE
здобич,хижак,related,word,word,0.444581400534307,FALSE
працювати,хірургія,related,word,word,0.174657071612351,FALSE
дівчина,хлопчик,related,word,word,0.366399535647845,FALSE
гарячий,холодний,related,word,word,0.495716280349604,FALSE
благородний,хоробрий,related,word,word,0.467114894629167,FALSE
католицький,християнин,related,word,word,0.350727158281344,FALSE
тканина,хустка,related,word,word,0.492422984269185,FALSE
могила,цвинтар,related,word,word,0.363381324765681,FALSE
мозок,церебральний,related,word,word,0.361036602669469,FALSE
ритуальний,церемонія,related,word,word,0.247032035135835,FALSE
часник,цибуля,related,word,word,0.663901361848326,FALSE
культура,цивілізація,related,word,word,0.519971790857088,FALSE
наївний,цинічний,related,word,word,0.580940615863038,FALSE
зоопарк,цирк,related,word,word,0.448424980040676,FALSE
захоплюючий,цікавий,related,word,word,0.55116021773521,FALSE
вартість,ціна,related,word,word,0.568325217301906,FALSE
привабливий,чарівний,related,word,word,0.414373038329733,FALSE
магія,чарівник,related,word,word,0.389454708990007,FALSE
матерія,частка,related,word,word,0.255357679001767,FALSE
іноді,часто,related,word,word,0.379945372192312,FALSE
конкуренція,чемпіонат,related,word,word,0.277955573501063,FALSE
хребетний,черевний,related,word,word,0.504873719441752,FALSE
кістка,череп,related,word,word,0.412397746782905,FALSE
равлик,черепаха,related,word,word,0.394379717028161,FALSE
пристойний,чесний,related,word,word,0.432233172759494,FALSE
лояльність,чесність,related,word,word,0.615736437025599,FALSE
привілей,честь,related,word,word,0.2203561262201,FALSE
третій,четвертий,related,word,word,0.521656663160978,FALSE
підводний човен,човен,related,word,word,0,FALSE
білий,чорний,related,word,word,0.47527916238451,FALSE
два,чотири,related,word,word,0.504250761051149,FALSE
винятковий,чудовий,related,word,word,0.453832564526476,FALSE
приємний,чудовий,related,word,word,0.431804574369113,FALSE
НЛО,чужий,related,word,word,0,FALSE
делікатний,чутливий,related,word,word,0.432819833259749,FALSE
виноробство,шампанське,related,word,word,0.416131696114819,FALSE
хабар,шантаж,related,word,word,0.314529195288878,FALSE
кабінет,шафа,related,word,word,0.251097899468976,FALSE
змагання,шахрайство,related,word,word,0.222139514866098,FALSE
повільний,швидкий,related,word,word,0.453400802778809,FALSE
відстань,швидкість,related,word,word,0.530315427363971,FALSE
повільно,швидко,related,word,word,0.383755282141206,FALSE
готувати,шеф-кухар,related,word,word,0,FALSE
горло,шийка,related,word,word,0.426995582098567,FALSE
вузький,широкий,related,word,word,0.460132619196775,FALSE
клас,школу,related,word,word,0.368703787939901,FALSE
насос,шланг,related,word,word,0.518584725682649,FALSE
розлучення,шлюб,related,word,word,0.486726097438111,FALSE
фрагмент,шматок,related,word,word,0.415282709046403,FALSE
цукор,шоколад,related,word,word,0.474275305352883,FALSE
дорога,шосе,related,word,word,0.526991939454577,FALSE
голка,шприц,related,word,word,0.511565316054029,FALSE
татуювання,шрам,related,word,word,0.473836626542604,FALSE
база,штаб-квартира,related,word,word,0,FALSE
вітер,штурм,related,word,word,0.333852923574447,FALSE
природний,штучний,related,word,word,0.499492992074492,FALSE
задоволений,щасливий,related,word,word,0.391509733673924,FALSE
вже,ще,related,word,word,0.358002228126061,FALSE
співчувати,щедрий,related,word,word,0.349015941996323,FALSE
що саме,що,related,word,word,0,FALSE
губа,щока,related,word,word,0.539383558980102,FALSE
ніщо,щось,related,word,word,0.456919530259123,FALSE
щодня,щотижня,related,word,word,0.491043349507445,FALSE
атомний,ядерний,related,word,word,0.514120263153338,FALSE
гніздо,яйце,related,word,word,0.465591965614261,FALSE
кількість,якість,related,word,word,0.523711478838722,FALSE
блиск,яскравий,related,word,word,0.399833660836736,FALSE
жаба,ящірка,related,word,word,0.667925676861303,FALSE
смскний,огидний,nonword,nonword,word,,FALSE
інходент,яйце,nonword,nonword,word,,FALSE
подлг,зірка,nonword,nonword,word,,FALSE
фізка,вражати,nonword,nonword,word,,FALSE
жирівництво,ваніль,nonword,nonword,word,,FALSE
гоміон,довжина,nonword,nonword,word,,FALSE
вусло,власник,nonword,nonword,word,,FALSE
термювал,пісок,nonword,nonword,word,,FALSE
жеве,біологія,nonword,nonword,word,,FALSE
тремер,відбиток пальця,nonword,nonword,word,,FALSE
фотор,зарплата,nonword,nonword,word,,FALSE
гопас,атлантичний,nonword,nonword,word,,FALSE
ект,ставлення,nonword,nonword,word,,FALSE
могав,інструмент,nonword,nonword,word,,FALSE
брімо,патруль,nonword,nonword,word,,FALSE
фaрика,галюкування,nonword,nonword,word,,FALSE
пітопсія,підготувати,nonword,nonword,word,,FALSE
покаразо,небезпечний,nonword,nonword,word,,FALSE
лезеон,копіювати,nonword,nonword,word,,FALSE
ірна,техніка,nonword,nonword,word,,FALSE
кавалеття,теніс,nonword,nonword,word,,FALSE
іновнер,турбувати,nonword,nonword,word,,FALSE
втрігніння,запам'ятати,nonword,nonword,word,,FALSE
тихоокажнський,штаб-квартира,nonword,nonword,word,,FALSE
середовиог,забороняти,nonword,nonword,word,,FALSE
натомі,хворий,nonword,nonword,word,,FALSE
діорсь,північний,nonword,nonword,word,,FALSE
шочю,нагорода,nonword,nonword,word,,FALSE
аздний,джульєтта,nonword,nonword,word,,FALSE
скчебниця,футбол,nonword,nonword,word,,FALSE
мога,супроводжувати,nonword,nonword,word,,FALSE
клед,тварина,nonword,nonword,word,,FALSE
покл,електрика,nonword,nonword,word,,FALSE
дорослін,звичайний,nonword,nonword,word,,FALSE
масл,минуле,nonword,nonword,word,,FALSE
еркровення,запах,nonword,nonword,word,,FALSE
нерозвонил,щасливий,nonword,nonword,word,,FALSE
гарашкія,вулиця,nonword,nonword,word,,FALSE
севк,записування,nonword,nonword,word,,FALSE
прнсий,факс,nonword,nonword,word,,FALSE
безсправний,конфіденційність,nonword,nonword,word,,FALSE
стадорн,чутливий,nonword,nonword,word,,FALSE
тоно,повністю,nonword,nonword,word,,FALSE
супетрен,залучати,nonword,nonword,word,,FALSE
візоа,спрага,nonword,nonword,word,,FALSE
галущо,щось,nonword,nonword,word,,FALSE
оправдання,швидко,nonword,nonword,word,,FALSE
хіначний,імператор,nonword,nonword,word,,FALSE
хіхая,давати,nonword,nonword,word,,FALSE
відткнень,навчати,nonword,nonword,word,,FALSE
параноna,добровільно,nonword,nonword,word,,FALSE
нег,мотель,nonword,nonword,word,,FALSE
володая,цирк,nonword,nonword,word,,FALSE
ботивий,інспекція,nonword,nonword,word,,FALSE
ісрно,психологічний,nonword,nonword,word,,FALSE
жирівник,цинічний,nonword,nonword,word,,FALSE
ваюснгтон,дохід,nonword,nonword,word,,FALSE
чусик,флот,nonword,nonword,word,,FALSE
вістра,підпис,nonword,nonword,word,,FALSE
леанти,емоційний,nonword,nonword,word,,FALSE
отт,клятва,nonword,nonword,word,,FALSE
непрошений,відеоролик,nonword,nonword,word,,FALSE
баьба,каплиця,nonword,nonword,word,,FALSE
будівечнний,автобус,nonword,nonword,word,,FALSE
телестана,карта,nonword,nonword,word,,FALSE
клгвина,консультувати,nonword,nonword,word,,FALSE
наромаення,ручка,nonword,nonword,word,,FALSE
ціалий,танцювати,nonword,nonword,word,,FALSE
сенe,прилад,nonword,nonword,word,,FALSE
антихшт,поганий,nonword,nonword,word,,FALSE
портчула,безпосередньо,nonword,nonword,word,,FALSE
зобьі,швидкість,nonword,nonword,word,,FALSE
причli,батальйон,nonword,nonword,word,,FALSE
кориво,вижити,nonword,nonword,word,,FALSE
лош,щотижня,nonword,nonword,word,,FALSE
надонтаження,викуп,nonword,nonword,word,,FALSE
джщт,знак,nonword,nonword,word,,FALSE
шейдок,полум'я,nonword,nonword,word,,FALSE
самогурутво,вантаж,nonword,nonword,word,,FALSE
убивін,самурай,nonword,nonword,word,,FALSE
нагнанці,місцевий,nonword,nonword,word,,FALSE
випанутий,новини,nonword,nonword,word,,FALSE
відземний,ракетний,nonword,nonword,word,,FALSE
пандць,америка,nonword,nonword,word,,FALSE
величкй,інтимний,nonword,nonword,word,,FALSE
магo,рак,nonword,nonword,word,,FALSE
клтуан,друг,nonword,nonword,word,,FALSE
швидка дащомога,злочинність,nonword,nonword,word,,FALSE
втжній,підтверджувати,nonword,nonword,word,,FALSE
долучення,повертатися,nonword,nonword,word,,FALSE
лач,вгору,nonword,nonword,word,,FALSE
завантодувати,тестування,nonword,nonword,word,,FALSE
піирати,фантастичний,nonword,nonword,word,,FALSE
кампанце,шприц,nonword,nonword,word,,FALSE
кандидеш,інформатор,nonword,nonword,word,,FALSE
зекаетрус,заморожувати,nonword,nonword,word,,FALSE
лопарась,водневий,nonword,nonword,word,,FALSE
ботоа,опонент,nonword,nonword,word,,FALSE
дослвиження,вигнати,nonword,nonword,word,,FALSE
викрадцаи,чудовий,nonword,nonword,word,,FALSE
залюток,комп'ютер,nonword,nonword,word,,FALSE
усерути,вечір,nonword,nonword,word,,FALSE
лати,свідчення,nonword,nonword,word,,FALSE
концукція,гонка,nonword,nonword,word,,FALSE
столент,боротися,nonword,nonword,word,,FALSE
перекодую,стрибок,nonword,nonword,word,,FALSE
вицучий,закінчити,nonword,nonword,word,,FALSE
запробовувати,простий,nonword,nonword,word,,FALSE
викрадпя,розклад,nonword,nonword,word,,FALSE
лотна,брехун,nonword,nonword,word,,FALSE
хапара,заголовок,nonword,nonword,word,,FALSE
чемптин,стратегія,nonword,nonword,word,,FALSE
невиприй,письменник,nonword,nonword,word,,FALSE
прбpати,кафедра,nonword,nonword,word,,FALSE
заображення,судити,nonword,nonword,word,,FALSE
дипляж,планування,nonword,nonword,word,,FALSE
ствоговати,легенда,nonword,nonword,word,,FALSE
забуд,лімузин,nonword,nonword,word,,FALSE
опхтувати,винищувач,nonword,nonword,word,,FALSE
нисский,оцінювати,nonword,nonword,word,,FALSE
величневть,травма,nonword,nonword,word,,FALSE
льга,навколо,nonword,nonword,word,,FALSE
мплерея,вірний,nonword,nonword,word,,FALSE
віднали,проповідь,nonword,nonword,word,,FALSE
злері,зброю,nonword,nonword,word,,FALSE
поневалок,мера,nonword,nonword,word,,FALSE
прибратя,слабкий,nonword,nonword,word,,FALSE
рса,обід,nonword,nonword,word,,FALSE
вістість,бейсбол,nonword,nonword,word,,FALSE
сіійник,розповідати,nonword,nonword,word,,FALSE
закошати,таємниця,nonword,nonword,word,,FALSE
репоувати,дружній,nonword,nonword,word,,FALSE
присраність,лікування,nonword,nonword,word,,FALSE
чиаження,флот,nonword,nonword,word,,FALSE
проклявкя,атмосфера,nonword,nonword,word,,FALSE
пoвільний,приходити,nonword,nonword,word,,FALSE
сной,нещодавно,nonword,nonword,word,,FALSE
вільку,торт,nonword,nonword,word,,FALSE
накая,допомагати,nonword,nonword,word,,FALSE
довішо,народ,nonword,nonword,word,,FALSE
одяльний,підключення,nonword,nonword,word,,FALSE
калок,церебральний,nonword,nonword,word,,FALSE
агор,чарівний,nonword,nonword,word,,FALSE
вічка,чорний,nonword,nonword,word,,FALSE
юрисдишнія,література,nonword,nonword,word,,FALSE
пойно,трикутник,nonword,nonword,word,,FALSE
вечіідь,капелюх,nonword,nonword,word,,FALSE
паножирський,мутація,nonword,nonword,word,,FALSE
цигілля,традиційний,nonword,nonword,word,,FALSE
соажат,судно,nonword,nonword,word,,FALSE
поощал,робітник,nonword,nonword,word,,FALSE
пракнька,символ,nonword,nonword,word,,FALSE
ледоити,дно,nonword,nonword,word,,FALSE
сеоваційний,саботаж,nonword,nonword,word,,FALSE
надивні,дивитися,nonword,nonword,word,,FALSE
білли,замку,nonword,nonword,word,,FALSE
бічннець,передавач,nonword,nonword,word,,FALSE
проагент,надавати,nonword,nonword,word,,FALSE
рло,розташування,nonword,nonword,word,,FALSE
гертальний,світанок,nonword,nonword,word,,FALSE
сьогодер,нікчемний,nonword,nonword,word,,FALSE
замека,лев,nonword,nonword,word,,FALSE
стхотя,машина,nonword,nonword,word,,FALSE
всдевіт,гран,nonword,nonword,word,,FALSE
ирюзія,дурість,nonword,nonword,word,,FALSE
авшеня,жалюгідний,nonword,nonword,word,,FALSE
хотерброд,племінник,nonword,nonword,word,,FALSE
семімир,шоколад,nonword,nonword,word,,FALSE
балапа,безсилий,nonword,nonword,word,,FALSE
привтеливий,грудень,nonword,nonword,word,,FALSE
лесбюлський,остаточний,nonword,nonword,word,,FALSE
кокашт,спагетті,nonword,nonword,word,,FALSE
заслововувати,політ,nonword,nonword,word,,FALSE
госність,вибуховий,nonword,nonword,word,,FALSE
піанкро,нездатний,nonword,nonword,word,,FALSE
натоональний,чемпіонат,nonword,nonword,word,,FALSE
слзбий,виконання,nonword,nonword,word,,FALSE
огерений,здатність,nonword,nonword,word,,FALSE
втомалний,алібі,nonword,nonword,word,,FALSE
більнюсть,гавань,nonword,nonword,word,,FALSE
маракан,піч,nonword,nonword,word,,FALSE
пагоуя,про,nonword,nonword,word,,FALSE
маoга,створіння,nonword,nonword,word,,FALSE
вііті,таблетка,nonword,nonword,word,,FALSE
едати,приклад,nonword,nonword,word,,FALSE
крлити,сила,nonword,nonword,word,,FALSE
трютер,фантазія,nonword,nonword,word,,FALSE
кілобрано,безвідповідальний,nonword,nonword,word,,FALSE
балкн,вільний,nonword,nonword,word,,FALSE
рисуький,три,nonword,nonword,word,,FALSE
блиссовка,рятівник,nonword,nonword,word,,FALSE
голдвка,фінансовий,nonword,nonword,word,,FALSE
литропад,ватсон,nonword,nonword,word,,FALSE
шлюпок,супутник,nonword,nonword,word,,FALSE
баьна,полковник,nonword,nonword,word,,FALSE
оркетер,вибухнути,nonword,nonword,word,,FALSE
пропозицнї,результат,nonword,nonword,word,,FALSE
акизько,мікроскоп,nonword,nonword,word,,FALSE
компосмент,гора,nonword,nonword,word,,FALSE
вірґо,телебачення,nonword,nonword,word,,FALSE
тавш,від'їзд,nonword,nonword,word,,FALSE
свобкса,сховатися,nonword,nonword,word,,FALSE
протомт,мовчання,nonword,nonword,word,,FALSE
стенс,обіймати,nonword,nonword,word,,FALSE
яощ,престол,nonword,nonword,word,,FALSE
федебольний,мотузка,nonword,nonword,word,,FALSE
urіншому місці,зонд,nonword,nonword,word,,FALSE
столітив,нервовий,nonword,nonword,word,,FALSE
счент,нещастя,nonword,nonword,word,,FALSE
мужнїеть,голосувати,nonword,nonword,word,,FALSE
доробцй,швидкий,nonword,nonword,word,,FALSE
рокро,п'яний,nonword,nonword,word,,FALSE
відстоки,двигун,nonword,nonword,word,,FALSE
почевитися,комітет,nonword,nonword,word,,FALSE
недвигаемся,брудний,nonword,nonword,word,,FALSE
чиажаючий,жарт,nonword,nonword,word,,FALSE
пошах,кемпінг,nonword,nonword,word,,FALSE
виропоик,витрачати,nonword,nonword,word,,FALSE
буля,будівля,nonword,nonword,word,,FALSE
молохи,ящірка,nonword,nonword,word,,FALSE
анзил,орендувати,nonword,nonword,word,,FALSE
хллечики,підрозділ,nonword,nonword,word,,FALSE
язтивний,руйнування,nonword,nonword,word,,FALSE
вершава,несподівано,nonword,nonword,word,,FALSE
здравсрбуйте,аварія,nonword,nonword,word,,FALSE
володцер,помаранчевий,nonword,nonword,word,,FALSE
короавий,чесність,nonword,nonword,word,,FALSE
розшёл,син,nonword,nonword,word,,FALSE
пованоння,десятиліття,nonword,nonword,word,,FALSE
більті,ручка,nonword,nonword,word,,FALSE
домовлять,сир,nonword,nonword,word,,FALSE
докаря,свято,nonword,nonword,word,,FALSE
сбрург,акцент,nonword,nonword,word,,FALSE
ціравляти,прізвище,nonword,nonword,word,,FALSE
фусу,полуниця,nonword,nonword,word,,FALSE
пустимя,озеро,nonword,nonword,word,,FALSE
антум,ліс,nonword,nonword,word,,FALSE
понадка,поразка,nonword,nonword,word,,FALSE
піддружка,ображати,nonword,nonword,word,,FALSE
магірут,далеко,nonword,nonword,word,,FALSE
ввеальний,активувати,nonword,nonword,word,,FALSE
аналітті,дурний,nonword,nonword,word,,FALSE
довгть,сенат,nonword,nonword,word,,FALSE
ціравляти,ресторан,nonword,nonword,word,,FALSE
прибутіш,навпаки,nonword,nonword,word,,FALSE
піка,тунель,nonword,nonword,word,,FALSE
шибель,рідина,nonword,nonword,word,,FALSE
колеут,загалом,nonword,nonword,word,,FALSE
відносном,маркетинг,nonword,nonword,word,,FALSE
чолоідка,первинний,nonword,nonword,word,,FALSE
ввціливий,збуджений,nonword,nonword,word,,FALSE
дисзвичайно,великий палець,nonword,nonword,word,,FALSE
розступить,масаж,nonword,nonword,word,,FALSE
божевісия,до побачення,nonword,nonword,word,,FALSE
наодний,свисток,nonword,nonword,word,,FALSE
дубо,видалити,nonword,nonword,word,,FALSE
упхмтий,гей,nonword,nonword,word,,FALSE
падний,місія,nonword,nonword,word,,FALSE
сттiм,поле бою,nonword,nonword,word,,FALSE
маихітний,приємний,nonword,nonword,word,,FALSE
біктор,опівдні,nonword,nonword,word,,FALSE
психроний,опис,nonword,nonword,word,,FALSE
потужньоть,почути,nonword,nonword,word,,FALSE
жима,кришка,nonword,nonword,word,,FALSE
дурія,сильно,nonword,nonword,word,,FALSE
впкав,десь,nonword,nonword,word,,FALSE
кооясний,величезний,nonword,nonword,word,,FALSE
мулкий,яскравий,nonword,nonword,word,,FALSE
тред,доріжка,nonword,nonword,word,,FALSE
страціий,що,nonword,nonword,word,,FALSE
хужежник,віра,nonword,nonword,word,,FALSE
усова,втеча,nonword,nonword,word,,FALSE
чоловірей,жовтень,nonword,nonword,word,,FALSE
верекань,реальний,nonword,nonword,word,,FALSE
червтрий,чарівник,nonword,nonword,word,,FALSE
міарий,гарний,nonword,nonword,word,,FALSE
воутальний,чесний,nonword,nonword,word,,FALSE
кио,водій,nonword,nonword,word,,FALSE
проковтніши,пропонувати,nonword,nonword,word,,FALSE
ажейбой,графиня,nonword,nonword,word,,FALSE
ретертер,винним,nonword,nonword,word,,FALSE
алтепний,бабуся,nonword,nonword,word,,FALSE
забоденений,перебільшувати,nonword,nonword,word,,FALSE
природку,повідомляти,nonword,nonword,word,,FALSE
натом,венера,nonword,nonword,word,,FALSE
відвторювати,церемонія,nonword,nonword,word,,FALSE
носиально,дружина,nonword,nonword,word,,FALSE
аднець,гармонія,nonword,nonword,word,,FALSE
незаконная,нос,nonword,nonword,word,,FALSE
відвчився,інший,nonword,nonword,word,,FALSE
перечуження,майонез,nonword,nonword,word,,FALSE
увкіність,випромінювання,nonword,nonword,word,,FALSE
замішати,дзеркало,nonword,nonword,word,,FALSE
паенц,професор,nonword,nonword,word,,FALSE
клвк,штучний,nonword,nonword,word,,FALSE
розмовини,сто,nonword,nonword,word,,FALSE
забухг,лідер,nonword,nonword,word,,FALSE
смрт,підозрювати,nonword,nonword,word,,FALSE
рекоар,сигарета,nonword,nonword,word,,FALSE
лупит,приманка,nonword,nonword,word,,FALSE
запитатья,матч,nonword,nonword,word,,FALSE
неграфія,розрізати,nonword,nonword,word,,FALSE
пенсор,викладач,nonword,nonword,word,,FALSE
доневі,демократія,nonword,nonword,word,,FALSE
грop,вертоліт,nonword,nonword,word,,FALSE
боробути,капіталізм,nonword,nonword,word,,FALSE
півмінних,книга,nonword,nonword,word,,FALSE
заступний,комаха,nonword,nonword,word,,FALSE
коментей,справедливість,nonword,nonword,word,,FALSE
колекцвинувати,намисто,nonword,nonword,word,,FALSE
экстолет,високість,nonword,nonword,word,,FALSE
арізнал,широкий,nonword,nonword,word,,FALSE
гордйо,слуга,nonword,nonword,word,,FALSE
стандартерй,газета,nonword,nonword,word,,FALSE
відрвався,кредит,nonword,nonword,word,,FALSE
адм,бізнес,nonword,nonword,word,,FALSE
потерсіал,зазвичай,nonword,nonword,word,,FALSE
ніонт,риболовля,nonword,nonword,word,,FALSE
катній,катування,nonword,nonword,word,,FALSE
виставать,журнал,nonword,nonword,word,,FALSE
знамбритість,конституція,nonword,nonword,word,,FALSE
постаєш,риба,nonword,nonword,word,,FALSE
резвивий,квартал,nonword,nonword,word,,FALSE
желава,держава,nonword,nonword,word,,FALSE
грев,спальня,nonword,nonword,word,,FALSE
щестити,страх,nonword,nonword,word,,FALSE
червоюк,запитувати,nonword,nonword,word,,FALSE
виставать,інтуїція,nonword,nonword,word,,FALSE
фозка,повний,nonword,nonword,word,,FALSE
пожалярний,вухо,nonword,nonword,word,,FALSE
тераз,подяка,nonword,nonword,word,,FALSE
долиід,качка,nonword,nonword,word,,FALSE
поцик,притулок,nonword,nonword,word,,FALSE
смерск,туман,nonword,nonword,word,,FALSE
внутрішним,навмисно,nonword,nonword,word,,FALSE
плжча,фінансування,nonword,nonword,word,,FALSE
капсжка,класичний,nonword,nonword,word,,FALSE
шпигод,шафа,nonword,nonword,word,,FALSE
нарербі,сеча,nonword,nonword,word,,FALSE
усвідратувати,епізод,nonword,nonword,word,,FALSE
млях,слава,nonword,nonword,word,,FALSE
коицеренція,підприємець,nonword,nonword,word,,FALSE
почевитися,параметр,nonword,nonword,word,,FALSE
тилька,коньяк,nonword,nonword,word,,FALSE
дукань,торнадо,nonword,nonword,word,,FALSE
продхати,сміятися,nonword,nonword,word,,FALSE
воріти,фургон,nonword,nonword,word,,FALSE
гиперський,зовнішній,nonword,nonword,word,,FALSE
династоз,реактор,nonword,nonword,word,,FALSE
донк,дріт,nonword,nonword,word,,FALSE
банкта,відмовлятися,nonword,nonword,word,,FALSE
винансування,воїн,nonword,nonword,word,,FALSE
люлена,броня,nonword,nonword,word,,FALSE
куйттина,артерія,nonword,nonword,word,,FALSE
обстклення,індичка,nonword,nonword,word,,FALSE
інозрумент,натхнення,nonword,nonword,word,,FALSE
осюристий,утримувати,nonword,nonword,word,,FALSE
омстинкт,дешевий,nonword,nonword,word,,FALSE
віінс,гідність,nonword,nonword,word,,FALSE
джергао,жіночий,nonword,nonword,word,,FALSE
инні,вибори,nonword,nonword,word,,FALSE
аналогроний,знаменитий,nonword,nonword,word,,FALSE
іронст,легкий,nonword,nonword,word,,FALSE
горівати,голодний,nonword,nonword,word,,FALSE
віроткдність,ядерний,nonword,nonword,word,,FALSE
экодити,затвердження,nonword,nonword,word,,FALSE
чаруа,медальйон,nonword,nonword,word,,FALSE
чик,їжа,nonword,nonword,word,,FALSE
тїлом,дозволяє,nonword,nonword,word,,FALSE
анардся,йти,nonword,nonword,word,,FALSE
командувпя,випускник,nonword,nonword,word,,FALSE
цезгва,використання,nonword,nonword,word,,FALSE
єписрет,зміст,nonword,nonword,word,,FALSE
компуш,предмет,nonword,nonword,word,,FALSE
малкя,сік,nonword,nonword,word,,FALSE
муляти,пильний,nonword,nonword,word,,FALSE
таваиця,французький,nonword,nonword,word,,FALSE
гущек,ідіот,nonword,nonword,word,,FALSE
полофіна,елегантний,nonword,nonword,word,,FALSE
людинок,ковбойський,nonword,nonword,word,,FALSE
рожчина,горілка,nonword,nonword,word,,FALSE
піадік,цвинтар,nonword,nonword,word,,FALSE
підзоро,часто,nonword,nonword,word,,FALSE
повікея,гроші,nonword,nonword,word,,FALSE
ерел,пристрасть,nonword,nonword,word,,FALSE
собазо,спілкування,nonword,nonword,word,,FALSE
поповий,куртка,nonword,nonword,word,,FALSE
хворех,район,nonword,nonword,word,,FALSE
лікааля,малювати,nonword,nonword,word,,FALSE
присукати,архітектор,nonword,nonword,word,,FALSE
біaція,торговець,nonword,nonword,word,,FALSE
принцеду,відповідати,nonword,nonword,word,,FALSE
рормо,отворити,nonword,nonword,word,,FALSE
ердіння,гравець,nonword,nonword,word,,FALSE
ніконн,борода,nonword,nonword,word,,FALSE
пломе,брат,nonword,nonword,word,,FALSE
лізл,потворний,nonword,nonword,word,,FALSE
паерк,сонце,nonword,nonword,word,,FALSE
дріка,вентиляція,nonword,nonword,word,,FALSE
інсмертна,фраза,nonword,nonword,word,,FALSE
коллсія,угоду,nonword,nonword,word,,FALSE
ексграмне забезпечення,сигнал,nonword,nonword,word,,FALSE
раинст,човен,nonword,nonword,word,,FALSE
зачен,партія,nonword,nonword,word,,FALSE
консультурія,хоробрий,nonword,nonword,word,,FALSE
привсаний,тягнути,nonword,nonword,word,,FALSE
зосерештувати,покоївка,nonword,nonword,word,,FALSE
туриро,чужий,nonword,nonword,word,,FALSE
ніхм,мертвий,nonword,nonword,word,,FALSE
оригадальний,гараж,nonword,nonword,word,,FALSE
коровавський,пацюк,nonword,nonword,word,,FALSE
королере,молодий,nonword,nonword,word,,FALSE
компанди,директор,nonword,nonword,word,,FALSE
господчая,знання,nonword,nonword,word,,FALSE
албуз,пожертвування,nonword,nonword,word,,FALSE
пойтязувати,вилка,nonword,nonword,word,,FALSE
злрівність,висловлювати,nonword,nonword,word,,FALSE
мерг,політичний,nonword,nonword,word,,FALSE
інтуація,паспорт,nonword,nonword,word,,FALSE
чаодій,прототип,nonword,nonword,word,,FALSE
окулкви,процедура,nonword,nonword,word,,FALSE
бесиця,очевидно,nonword,nonword,word,,FALSE
відсічний,народження,nonword,nonword,word,,FALSE
калікл,атакувати,nonword,nonword,word,,FALSE
герочка,соус,nonword,nonword,word,,FALSE
дрброн,зрештою,nonword,nonword,word,,FALSE
ефф,температура,nonword,nonword,word,,FALSE
неможливно,ефективний,nonword,nonword,word,,FALSE
темропа,ймовірно,nonword,nonword,word,,FALSE
лоар,виставка,nonword,nonword,word,,FALSE
сержитт,сильно,nonword,nonword,word,,FALSE
семімир,сигналізація,nonword,nonword,word,,FALSE
смдетати,кава,nonword,nonword,word,,FALSE
червикь,ув'язнений,nonword,nonword,word,,FALSE
касиль,максимальний,nonword,nonword,word,,FALSE
подсорвативний,релігія,nonword,nonword,word,,FALSE
прткий,суміш,nonword,nonword,word,,FALSE
мйен,журналіст,nonword,nonword,word,,FALSE
суван,мурашка,nonword,nonword,word,,FALSE
алкобиль,неділя,nonword,nonword,word,,FALSE
тераббя,насправді,nonword,nonword,word,,FALSE
танкі,паркан,nonword,nonword,word,,FALSE
пхн,страйк,nonword,nonword,word,,FALSE
джбіглі,узбережжі,nonword,nonword,word,,FALSE
зервя,група,nonword,nonword,word,,FALSE
мистмство,прес,nonword,nonword,word,,FALSE
тунепр,зубний,nonword,nonword,word,,FALSE
ненавимаь,помилковий,nonword,nonword,word,,FALSE
нахалення,прохолодний,nonword,nonword,word,,FALSE
люлена,картель,nonword,nonword,word,,FALSE
аків,концерт,nonword,nonword,word,,FALSE
напекати,океан,nonword,nonword,word,,FALSE
нелновий,чотири,nonword,nonword,word,,FALSE
свинтра,довго,nonword,nonword,word,,FALSE
можеасути,спасибі,nonword,nonword,word,,FALSE
крамнинт,кузен,nonword,nonword,word,,FALSE
кечтуп,провал,nonword,nonword,word,,FALSE
міормальний,заява,nonword,nonword,word,,FALSE
маст,тиск,nonword,nonword,word,,FALSE
горбувати,аудиторія,nonword,nonword,word,,FALSE
тайт,система,nonword,nonword,word,,FALSE
контрозі,виробляти,nonword,nonword,word,,FALSE
наклама,перспективний,nonword,nonword,word,,FALSE
maга,дуже,nonword,nonword,word,,FALSE
цигілля,статися,nonword,nonword,word,,FALSE
илд,масло,nonword,nonword,word,,FALSE
фіечка,раковина,nonword,nonword,word,,FALSE
пірагоький,фрукти,nonword,nonword,word,,FALSE
туфлір,визначення,nonword,nonword,word,,FALSE
роріт,привітати,nonword,nonword,word,,FALSE
транспортналізацію,хустка,nonword,nonword,word,,FALSE
трпией,обговорення,nonword,nonword,word,,FALSE
артеушкт,дух,nonword,nonword,word,,FALSE
итриф,вівторок,nonword,nonword,word,,FALSE
девий,птах,nonword,nonword,word,,FALSE
заліiй,вказувати,nonword,nonword,word,,FALSE
зрлометр,поховати,nonword,nonword,word,,FALSE
технланий,доля,nonword,nonword,word,,FALSE
сологіий,військовий,nonword,nonword,word,,FALSE
пршлення,дружба,nonword,nonword,word,,FALSE
майбежнє,морфін,nonword,nonword,word,,FALSE
чистсь,розвиток,nonword,nonword,word,,FALSE
телепсон,виборець,nonword,nonword,word,,FALSE
камеам,обслуговування,nonword,nonword,word,,FALSE
мільовн,доктор,nonword,nonword,word,,FALSE
посовиство,порядок,nonword,nonword,word,,FALSE
подаа,спроба,nonword,nonword,word,,FALSE
плїй,знання,nonword,nonword,word,,FALSE
владання,папа,nonword,nonword,word,,FALSE
кандтал,концентрат,nonword,nonword,word,,FALSE
реабональний,вчора,nonword,nonword,word,,FALSE
коропоа,розчарування,nonword,nonword,word,,FALSE
мовчийний,живопис,nonword,nonword,word,,FALSE
шарэ,важливий,nonword,nonword,word,,FALSE
суьфй,звук,nonword,nonword,word,,FALSE
старос,підліток,nonword,nonword,word,,FALSE
старосй,фінансування,nonword,nonword,word,,FALSE
палиін,покер,nonword,nonword,word,,FALSE
сишьт,двері,nonword,nonword,word,,FALSE
хрру,діяльність,nonword,nonword,word,,FALSE
еклин,металевий,nonword,nonword,word,,FALSE
оргавр,цікавий,nonword,nonword,word,,FALSE
аскирин,гідний,nonword,nonword,word,,FALSE
митель,рим,nonword,nonword,word,,FALSE
страціий,горила,nonword,nonword,word,,FALSE
ланциx,високий,nonword,nonword,word,,FALSE
кошмрд,глобальний,nonword,nonword,word,,FALSE
бібліоадка,аеропорт,nonword,nonword,word,,FALSE
джхо,інвестувати,nonword,nonword,word,,FALSE
предак,спати,nonword,nonword,word,,FALSE
бдібла,шеф-кухар,nonword,nonword,word,,FALSE
дюолюція,можливість,nonword,nonword,word,,FALSE
кржолий,ванна кімната,nonword,nonword,word,,FALSE
викидково,освіта,nonword,nonword,word,,FALSE
іналй,моторошний,nonword,nonword,word,,FALSE
наводится,арешт,nonword,nonword,word,,FALSE
бойфс,інфекція,nonword,nonword,word,,FALSE
домовлять,творчість,nonword,nonword,word,,FALSE
термуловий,відсутність,nonword,nonword,word,,FALSE
прининити,бажання,nonword,nonword,word,,FALSE
ричний,зброя,nonword,nonword,word,,FALSE
иальце,померти,nonword,nonword,word,,FALSE
пристачання,детермінація,nonword,nonword,word,,FALSE
читатья,міністерство,nonword,nonword,word,,FALSE
надичений,досконалий,nonword,nonword,word,,FALSE
кргіна,обіцянка,nonword,nonword,word,,FALSE
тлілей,федерація,nonword,nonword,word,,FALSE
наспівати,епідемія,nonword,nonword,word,,FALSE
авдихати,жовтий,nonword,nonword,word,,FALSE
технутогія,виправдання,nonword,nonword,word,,FALSE
ричнк,ефект,nonword,nonword,word,,FALSE
ритькований,рано,nonword,nonword,word,,FALSE
нейб,особистість,nonword,nonword,word,,FALSE
анонвкний,сміття,nonword,nonword,word,,FALSE
помнтивний,правильний,nonword,nonword,word,,FALSE
суціта,сигара,nonword,nonword,word,,FALSE
неопасность,шматок,nonword,nonword,word,,FALSE
незрсений,бар,nonword,nonword,word,,FALSE
стоїбований,протокол,nonword,nonword,word,,FALSE
райром,оцінка,nonword,nonword,word,,FALSE
неправедместь,правдоподібний,nonword,nonword,word,,FALSE
біднойть,відданість,nonword,nonword,word,,FALSE
неросний,адреса,nonword,nonword,word,,FALSE
просує,демонстрація,nonword,nonword,word,,FALSE
фмякий,актор,nonword,nonword,word,,FALSE
максий,вантажівка,nonword,nonword,word,,FALSE
кадом,лобстер,nonword,nonword,word,,FALSE
лмч,виграти,nonword,nonword,word,,FALSE
здртовий,офіс,nonword,nonword,word,,FALSE
мут,вітрило,nonword,nonword,word,,FALSE
діарог,практично,nonword,nonword,word,,FALSE
скаріф,небезпека,nonword,nonword,word,,FALSE
роздому,функціональний,nonword,nonword,word,,FALSE
закунта,пісня,nonword,nonword,word,,FALSE
поцісонок,глухий,nonword,nonword,word,,FALSE
гарашкія,короля,nonword,nonword,word,,FALSE
облаккання,механічний,nonword,nonword,word,,FALSE
відповідвертість,звільнення,nonword,nonword,word,,FALSE
образлвність,виробництво,nonword,nonword,word,,FALSE
слніба,пляшка,nonword,nonword,word,,FALSE
брланий,липень,nonword,nonword,word,,FALSE
одинтиний,безпечний,nonword,nonword,word,,FALSE
кечка,периметр,nonword,nonword,word,,FALSE
молв,депресія,nonword,nonword,word,,FALSE
сврший,дівчата,nonword,nonword,word,,FALSE
профарь,негативний,nonword,nonword,word,,FALSE
опцяночі,професійний,nonword,nonword,word,,FALSE
сукриття,орбіта,nonword,nonword,word,,FALSE
воонг,жорсткий,nonword,nonword,word,,FALSE
планлла,сім'я,nonword,nonword,word,,FALSE
чартувати,підтримувати,nonword,nonword,word,,FALSE
оренкур,політик,nonword,nonword,word,,FALSE
нагнанні,позбавлення волі,nonword,nonword,word,,FALSE
здоровжб,подія,nonword,nonword,word,,FALSE
веньа,синяк,nonword,nonword,word,,FALSE
здрактер,фатальний,nonword,nonword,word,,FALSE
спєбатку,легкий,nonword,nonword,word,,FALSE
вітанній,сталь,nonword,nonword,word,,FALSE
трйвина,ззаду,nonword,nonword,word,,FALSE
сткх,важливість,nonword,nonword,word,,FALSE
адіціант,математика,nonword,nonword,word,,FALSE
фліційно,шампанське,nonword,nonword,word,,FALSE
споставляется,так,nonword,nonword,word,,FALSE
захонцюватися,мільярд,nonword,nonword,word,,FALSE
нятко,дослідник,nonword,nonword,word,,FALSE
челити,голий,nonword,nonword,word,,FALSE
фоерезий,князь,nonword,nonword,word,,FALSE
інтерной,програма,nonword,nonword,word,,FALSE
коиберт,багатство,nonword,nonword,word,,FALSE
оуз,ліки,nonword,nonword,word,,FALSE
кащена,західний,nonword,nonword,word,,FALSE
ведько,пекло,nonword,nonword,word,,FALSE
розпри,жорстокий,nonword,nonword,word,,FALSE
вицар,масло,nonword,nonword,word,,FALSE
дисприродливий,великий,nonword,nonword,word,,FALSE
стяла,вихід,nonword,nonword,word,,FALSE
кококс,долар,nonword,nonword,word,,FALSE
прутом,повідомлення,nonword,nonword,word,,FALSE
поддда,шахрайство,nonword,nonword,word,,FALSE
квитит,потреба,nonword,nonword,word,,FALSE
охороноль,втікач,nonword,nonword,word,,FALSE
милт,жорстокість,nonword,nonword,word,,FALSE
лий,клієнт,nonword,nonword,word,,FALSE
піежа,дивний,nonword,nonword,word,,FALSE
втортоний,долина,nonword,nonword,word,,FALSE
недоклінювати,нудота,nonword,nonword,word,,FALSE
даитик,королівство,nonword,nonword,word,,FALSE
руботися,плавати,nonword,nonword,word,,FALSE
небоаха,замок,nonword,nonword,word,,FALSE
розника,акт,nonword,nonword,word,,FALSE
слязувати,зима,nonword,nonword,word,,FALSE
раділк,грецький,nonword,nonword,word,,FALSE
фаже,армія,nonword,nonword,word,,FALSE
подані,артилерія,nonword,nonword,word,,FALSE
нимса,іронічний,nonword,nonword,word,,FALSE
літи,повний,nonword,nonword,word,,FALSE
ігла,християнин,nonword,nonword,word,,FALSE
нджавий,сукня,nonword,nonword,word,,FALSE
адтати,зловмисник,nonword,nonword,word,,FALSE
порц,корпорація,nonword,nonword,word,,FALSE
півмінних,якість,nonword,nonword,word,,FALSE
готогой,взуття,nonword,nonword,word,,FALSE
контйпт,офіційний,nonword,nonword,word,,FALSE
підздоровий,гра,nonword,nonword,word,,FALSE
сумнюдатися,всередині,nonword,nonword,word,,FALSE
печаріа,вражаючий,nonword,nonword,word,,FALSE
мільтенер,бостон,nonword,nonword,word,,FALSE
відати,снайпер,nonword,nonword,word,,FALSE
відмістити,доказ,nonword,nonword,word,,FALSE
підпорядження,залишати,nonword,nonword,word,,FALSE
заповідйди,грабувати,nonword,nonword,word,,FALSE
космонзіт,алея,nonword,nonword,word,,FALSE
алсьом,ніжний,nonword,nonword,word,,FALSE
бррг,покладати,nonword,nonword,word,,FALSE
оринтівка,школу,nonword,nonword,word,,FALSE
дупивка,помічник,nonword,nonword,word,,FALSE
занувоний,мішок,nonword,nonword,word,,FALSE
підголовий,передача,nonword,nonword,word,,FALSE
цемесу,офіціантка,nonword,nonword,word,,FALSE
онлa,індивідуальний,nonword,nonword,word,,FALSE
скуднка,любов,nonword,nonword,word,,FALSE
замиміння,буква,nonword,nonword,word,,FALSE
ьор,скандал,nonword,nonword,word,,FALSE
увума,досягати успіху,nonword,nonword,word,,FALSE
дополодь,брат,nonword,nonword,word,,FALSE
поротрій,цивілізація,nonword,nonword,word,,FALSE
загарнний,бавовна,nonword,nonword,word,,FALSE
счсолютно,труп,nonword,nonword,word,,FALSE
повоеят,ніж,nonword,nonword,word,,FALSE
добрач,шрам,nonword,nonword,word,,FALSE
крадьбка,монастир,nonword,nonword,word,,FALSE
узище,вправа,nonword,nonword,word,,FALSE
гостданість,героїн,nonword,nonword,word,,FALSE
тетот,родитель,nonword,nonword,word,,FALSE
блігоднїність,хлопчик,nonword,nonword,word,,FALSE
тираф,робити,nonword,nonword,word,,FALSE
статко,пістолет,nonword,nonword,word,,FALSE
гребьний,краса,nonword,nonword,word,,FALSE
встанаяти,крутити,nonword,nonword,word,,FALSE
азня,коли-небудь,nonword,nonword,word,,FALSE
прплавець,період,nonword,nonword,word,,FALSE
геена,оновити,nonword,nonword,word,,FALSE
змлла,літати,nonword,nonword,word,,FALSE
побідка,вампір,nonword,nonword,word,,FALSE
полінька,штурм,nonword,nonword,word,,FALSE
жухвалістика,гаманець,nonword,nonword,word,,FALSE
критенний,вивчення,nonword,nonword,word,,FALSE
загарнний,квартира,nonword,nonword,word,,FALSE
потажа,гітара,nonword,nonword,word,,FALSE
баґен,агентство,nonword,nonword,word,,FALSE
іслений,спільнота,nonword,nonword,word,,FALSE
стракеати,розраховувати,nonword,nonword,word,,FALSE
помириа,лекція,nonword,nonword,word,,FALSE
підгроза,віл,nonword,nonword,word,,FALSE
картітля,розвал,nonword,nonword,word,,FALSE
секривар,імперія,nonword,nonword,word,,FALSE
перекопе,зустріч,nonword,nonword,word,,FALSE
комаятування,речення,nonword,nonword,word,,FALSE
зарїйди,турбота,nonword,nonword,word,,FALSE
пелюгідний,вовк,nonword,nonword,word,,FALSE
необисдний,університет,nonword,nonword,word,,FALSE
подалений,краватка,nonword,nonword,word,,FALSE
копадк,постійно,nonword,nonword,word,,FALSE
шлуна,телефон,nonword,nonword,word,,FALSE
слрчати,розумний,nonword,nonword,word,,FALSE
поясувння,їздити,nonword,nonword,word,,FALSE
нецьавильний,східний,nonword,nonword,word,,FALSE
хоквально,довіра,nonword,nonword,word,,FALSE
обозкт,абсурдний,nonword,nonword,word,,FALSE
кауглер,холодний,nonword,nonword,word,,FALSE
кнелок,група,nonword,nonword,word,,FALSE
корори,валіза,nonword,nonword,word,,FALSE
віакти,вітамін,nonword,nonword,word,,FALSE
кіучний,тарілка,nonword,nonword,word,,FALSE
ноое,раноподібний,nonword,nonword,word,,FALSE
відмістити,сидіти,nonword,nonword,word,,FALSE
попріда,мити,nonword,nonword,word,,FALSE
скп,продавати,nonword,nonword,word,,FALSE
тестка,світ,nonword,nonword,word,,FALSE
висновці,писати,nonword,nonword,word,,FALSE
ентузіхам,батько,nonword,nonword,word,,FALSE
безмова,криза,nonword,nonword,word,,FALSE
прибави,структура,nonword,nonword,word,,FALSE
базультат,шланг,nonword,nonword,word,,FALSE
псевбінім,теорія,nonword,nonword,word,,FALSE
кс,дитина,nonword,nonword,word,,FALSE
непритомніла,аналіз,nonword,nonword,word,,FALSE
усхдх,милий,nonword,nonword,word,,FALSE
проедж,цибуля,nonword,nonword,word,,FALSE
друшати,приймати,nonword,nonword,word,,FALSE
завостити,їсти,nonword,nonword,word,,FALSE
куневати,музика,nonword,nonword,word,,FALSE
roкціон,черевний,nonword,nonword,word,,FALSE
докопність,написання,nonword,nonword,word,,FALSE
маста,музикант,nonword,nonword,word,,FALSE
показаде,виклик,nonword,nonword,word,,FALSE
ейист,відьма,nonword,nonword,word,,FALSE
виграф,таймер,nonword,nonword,word,,FALSE
рекокандувати,чудовий,nonword,nonword,word,,FALSE
просує,розмовляти,nonword,nonword,word,,FALSE
правтоа,щока,nonword,nonword,word,,FALSE
могиль,розслідувати,nonword,nonword,word,,FALSE
аматормікий,влада,nonword,nonword,word,,FALSE
дефон,приз,nonword,nonword,word,,FALSE
тебpий,монастир,nonword,nonword,word,,FALSE
пркрес,комедія,nonword,nonword,word,,FALSE
медивуий,вбивця,nonword,nonword,word,,FALSE
анатомди,одружений,nonword,nonword,word,,FALSE
уєтелик,шийка,nonword,nonword,word,,FALSE
зайнволення,товстий,nonword,nonword,word,,FALSE
оклег,зачинено,nonword,nonword,word,,FALSE
пухляда,бос,nonword,nonword,word,,FALSE
раждта,орендодавець,nonword,nonword,word,,FALSE
иналет,пакет,nonword,nonword,word,,FALSE
піито,честь,nonword,nonword,word,,FALSE
затьра,вагітність,nonword,nonword,word,,FALSE
релка,галактика,nonword,nonword,word,,FALSE
арнератор,ліжка,nonword,nonword,word,,FALSE
оптищестичний,політика,nonword,nonword,word,,FALSE
спраконій,неприємний,nonword,nonword,word,,FALSE
підвиток,романтичний,nonword,nonword,word,,FALSE
вилософія,виловити,nonword,nonword,word,,FALSE
виправнати,змія,nonword,nonword,word,,FALSE
канієра,капітан,nonword,nonword,word,,FALSE
дйб,музей,nonword,nonword,word,,FALSE
слуго,хвилина,nonword,nonword,word,,FALSE
акита,сніданок,nonword,nonword,word,,FALSE
потовання,місто,nonword,nonword,word,,FALSE
кечур,поліпшення,nonword,nonword,word,,FALSE
значем,потрійний,nonword,nonword,word,,FALSE
рятік,команда,nonword,nonword,word,,FALSE
зранка,кримінальний,nonword,nonword,word,,FALSE
вироджяти,намір,nonword,nonword,word,,FALSE
фенцер,килимок,nonword,nonword,word,,FALSE
ростта,обов'язок,nonword,nonword,word,,FALSE
ердіння,вбивство,nonword,nonword,word,,FALSE
проднем,біль,nonword,nonword,word,,FALSE
кантндар,ковток,nonword,nonword,word,,FALSE
роздому,скорочувати,nonword,nonword,word,,FALSE
сказіви,леді,nonword,nonword,word,,FALSE
ратавати,битва,nonword,nonword,word,,FALSE
розлік,знаходження,nonword,nonword,word,,FALSE
випроти,в'язниця,nonword,nonword,word,,FALSE
мівже,свічка,nonword,nonword,word,,FALSE
срітливий,інвестор,nonword,nonword,word,,FALSE
яропрок,думати,nonword,nonword,word,,FALSE
сюрпецi,коштовність,nonword,nonword,word,,FALSE
друзатичний,небесний,nonword,nonword,word,,FALSE
стобрення,мрія,nonword,nonword,word,,FALSE
исчний,комуніст,nonword,nonword,word,,FALSE
пайтр,священик,nonword,nonword,word,,FALSE
коезра,м'яз,nonword,nonword,word,,FALSE
аррой,зникнення,nonword,nonword,word,,FALSE
шпигунiвво,шантаж,nonword,nonword,word,,FALSE
тап,сантиметр,nonword,nonword,word,,FALSE
єдвгий,фільм,nonword,nonword,word,,FALSE
ніндос,гамбургер,nonword,nonword,word,,FALSE
миме,сонячний,nonword,nonword,word,,FALSE
короіе,стоп,nonword,nonword,word,,FALSE
онг,знав,nonword,nonword,word,,FALSE
свідал,сода,nonword,nonword,word,,FALSE
спінародний,ворота,nonword,nonword,word,,FALSE
захіпісонця,дитинство,nonword,nonword,word,,FALSE
латеа,обладнувати,nonword,nonword,word,,FALSE
різдeбний,продаж,nonword,nonword,word,,FALSE
моших,дрібний,nonword,nonword,word,,FALSE
тагер,вакцина,nonword,nonword,word,,FALSE
пагоамент,талант,nonword,nonword,word,,FALSE
губерницор,лейтенант,nonword,nonword,word,,FALSE
паов,лизати,nonword,nonword,word,,FALSE
цем,салат,nonword,nonword,word,,FALSE
тюврн,весілля,nonword,nonword,word,,FALSE
злстота,клініка,nonword,nonword,word,,FALSE
сповосення,забавний,nonword,nonword,word,,FALSE
стбути,людський,nonword,nonword,word,,FALSE
рець,зона,nonword,nonword,word,,FALSE
міпро,четвертий,nonword,nonword,word,,FALSE
ваєвий,молодший,nonword,nonword,word,,FALSE
пругор,магазин,nonword,nonword,word,,FALSE
дохна,диявол,nonword,nonword,word,,FALSE
симпьюм,нещастя,nonword,nonword,word,,FALSE
ковічневий,куля,nonword,nonword,word,,FALSE
дрбкати,зізнатися,nonword,nonword,word,,FALSE
хляж,назавжди,nonword,nonword,word,,FALSE
мереяю,тиждень,nonword,nonword,word,,FALSE
моловуий,переможець,nonword,nonword,word,,FALSE
ркан,зйомка,nonword,nonword,word,,FALSE
снітки,кардинал,nonword,nonword,word,,FALSE
збілтрити,запит,nonword,nonword,word,,FALSE
стритуний,маніпулювати,nonword,nonword,word,,FALSE
звльний,грім,nonword,nonword,word,,FALSE
славлюй,мікрофон,nonword,nonword,word,,FALSE
ьдб,ремонт,nonword,nonword,word,,FALSE
яретитний,висота,nonword,nonword,word,,FALSE
ковчк,адміністративний,nonword,nonword,word,,FALSE
устяшка,стиль,nonword,nonword,word,,FALSE
нітер,бекон,nonword,nonword,word,,FALSE
ьцщ,частка,nonword,nonword,word,,FALSE
обьім,пілот,nonword,nonword,word,,FALSE
дімонад,покупець,nonword,nonword,word,,FALSE
міраць,захищати,nonword,nonword,word,,FALSE
мінечний,енергія,nonword,nonword,word,,FALSE
круж,театр,nonword,nonword,word,,FALSE
лазаждя,злий,nonword,nonword,word,,FALSE
учмната,мокрий,nonword,nonword,word,,FALSE
хаєш,надсилати,nonword,nonword,word,,FALSE
вдшиний,помилка,nonword,nonword,word,,FALSE
спокманий,фотограф,nonword,nonword,word,,FALSE
експиши,камінь,nonword,nonword,word,,FALSE
теісіння,станція,nonword,nonword,word,,FALSE
навіавція,вбивця,nonword,nonword,word,,FALSE
сустільного,самотній,nonword,nonword,word,,FALSE
спокочно,паливо,nonword,nonword,word,,FALSE
хоун,убити,nonword,nonword,word,,FALSE
порутитися,паранормальний,nonword,nonword,word,,FALSE
гоойд,позиція,nonword,nonword,word,,FALSE
спрольвати,щедрий,nonword,nonword,word,,FALSE
зологій,збирати,nonword,nonword,word,,FALSE
дусна,робота,nonword,nonword,word,,FALSE
яштон,дерева,nonword,nonword,word,,FALSE
платфозка,жувати,nonword,nonword,word,,FALSE
винишпути,переслідувати,nonword,nonword,word,,FALSE
панзятник,пиво,nonword,nonword,word,,FALSE
монсal,пароль,nonword,nonword,word,,FALSE
риьс,фізичний,nonword,nonword,word,,FALSE
тисяиш,павутина,nonword,nonword,word,,FALSE
заваноти,прогулянка,nonword,nonword,word,,FALSE
кварити,хірургія,nonword,nonword,word,,FALSE
планецати,опір,nonword,nonword,word,,FALSE
ржх,спорт,nonword,nonword,word,,FALSE
піддеш,вчений,nonword,nonword,word,,FALSE
пірамімо,замінник,nonword,nonword,word,,FALSE
судомой,ціна,nonword,nonword,word,,FALSE
екулаж,хижак,nonword,nonword,word,,FALSE
сляд,коліна,nonword,nonword,word,,FALSE
спишниця,перерва,nonword,nonword,word,,FALSE
вусло,егоїстичний,nonword,nonword,word,,FALSE
поєддайте,поверхня,nonword,nonword,word,,FALSE
конфліск,темний,nonword,nonword,word,,FALSE
алкорт,свиня,nonword,nonword,word,,FALSE
рахер,лякати,nonword,nonword,word,,FALSE
завядний,суперечка,nonword,nonword,word,,FALSE
секривати,люди,nonword,nonword,word,,FALSE
капсжка,психологія,nonword,nonword,word,,FALSE
секрцений,парфуми,nonword,nonword,word,,FALSE
астонатор,спокійний,nonword,nonword,word,,FALSE
гаратч,мабуть,nonword,nonword,word,,FALSE
потерсіал,палуба,nonword,nonword,word,,FALSE
янт,затверджувати,nonword,nonword,word,,FALSE
таорівниця,жахливий,nonword,nonword,word,,FALSE
киша,надзвичайний,nonword,nonword,word,,FALSE
звes,лихоманка,nonword,nonword,word,,FALSE
езва,інформація,nonword,nonword,word,,FALSE
кірстеатр,трагічний,nonword,nonword,word,,FALSE
рарго,село,nonword,nonword,word,,FALSE
зателеикнувати,елемент,nonword,nonword,word,,FALSE
тіво,рушник,nonword,nonword,word,,FALSE
теяго,божевільний,nonword,nonword,word,,FALSE
іальф,вірити,nonword,nonword,word,,FALSE
ідпу,спеціаліст,nonword,nonword,word,,FALSE
експерервна,допомога,nonword,nonword,word,,FALSE
мерёд,близький,nonword,nonword,word,,FALSE
міраць,остання,nonword,nonword,word,,FALSE
пунес,молоток,nonword,nonword,word,,FALSE
шкєва,безпека,nonword,nonword,word,,FALSE
ранкий,розумний,nonword,nonword,word,,FALSE
кометкійний,бачення,nonword,nonword,word,,FALSE
ураглі,ліберальний,nonword,nonword,word,,FALSE
дейкрт,електричний,nonword,nonword,word,,FALSE
рате,адреналін,nonword,nonword,word,,FALSE
суіший,обвинувачення,nonword,nonword,word,,FALSE
сучаснов,милосердя,nonword,nonword,word,,FALSE
обла,помідор,nonword,nonword,word,,FALSE
згло,президент,nonword,nonword,word,,FALSE
лоин,сніг,nonword,nonword,word,,FALSE
зхара,прогулянка,nonword,nonword,word,,FALSE
міве,несправедливість,nonword,nonword,word,,FALSE
занепокоійня,матрос,nonword,nonword,word,,FALSE
перегадати,ліворуч,nonword,nonword,word,,FALSE
штовійти,ранок,nonword,nonword,word,,FALSE
отвiта,закриття,nonword,nonword,word,,FALSE
загичниця,синдром,nonword,nonword,word,,FALSE
догодар,сенатор,nonword,nonword,word,,FALSE
плірний,успадковувати,nonword,nonword,word,,FALSE
колеур,пеніс,nonword,nonword,word,,FALSE
особповий,статуя,nonword,nonword,word,,FALSE
адміністенція,монітор,nonword,nonword,word,,FALSE
потатунок,груди,nonword,nonword,word,,FALSE
спадеена,продукт,nonword,nonword,word,,FALSE
саерігати,реалістичний,nonword,nonword,word,,FALSE
поєда,фестиваль,nonword,nonword,word,,FALSE
реальненть,борошно,nonword,nonword,word,,FALSE
чудодай,смачний,nonword,nonword,word,,FALSE
чеертельний,дар,nonword,nonword,word,,FALSE
коатнія,там,nonword,nonword,word,,FALSE
каогавал,зрозуміти,nonword,nonword,word,,FALSE
сексмільний,жінка,nonword,nonword,word,,FALSE
поупо,продуктивність,nonword,nonword,word,,FALSE
баанівський,зрадник,nonword,nonword,word,,FALSE
бюзует,черепаха,nonword,nonword,word,,FALSE
винансово,радість,nonword,nonword,word,,FALSE
мокрький,прокурор,nonword,nonword,word,,FALSE
корабезп,судовий процес,nonword,nonword,word,,FALSE
однограф,поема,nonword,nonword,word,,FALSE
картвоа,вибирати,nonword,nonword,word,,FALSE
слугник,причина,nonword,nonword,word,,FALSE
англійськашвова,монтаж,nonword,nonword,word,,FALSE
мллучний,осінь,nonword,nonword,word,,FALSE
оператобний,мінус,nonword,nonword,word,,FALSE
баллетбол,малий,nonword,nonword,word,,FALSE
дролий,скромний,nonword,nonword,word,,FALSE
недеоролик,іграшка,nonword,nonword,word,,FALSE
здобои,метр,nonword,nonword,word,,FALSE
превювати,кішка,nonword,nonword,word,,FALSE
ливчина,зустрічатися,nonword,nonword,word,,FALSE
гапечий,відчуття,nonword,nonword,word,,FALSE
благорівний,лють,nonword,nonword,word,,FALSE
католиччкий,нормальний,nonword,nonword,word,,FALSE
тканійа,м'ясо,nonword,nonword,word,,FALSE
моолла,наука,nonword,nonword,word,,FALSE
мотак,загоюватися,nonword,nonword,word,,FALSE
рииральний,тканина,nonword,nonword,word,,FALSE
кисник,детектив,nonword,nonword,word,,FALSE
кульшора,дивовижний,nonword,nonword,word,,FALSE
наодний,верхній,nonword,nonword,word,,FALSE
зоопмик,пограбування,nonword,nonword,word,,FALSE
захоплдячий,кінь,nonword,nonword,word,,FALSE
вартизть,параграф,nonword,nonword,word,,FALSE
привтеливий,мама,nonword,nonword,word,,FALSE
маоля,ін'єкція,nonword,nonword,word,,FALSE
матеття,кролик,nonword,nonword,word,,FALSE
інмні,рівномірний,nonword,nonword,word,,FALSE
конкуррація,медаль,nonword,nonword,word,,FALSE
стебетний,урятувати,nonword,nonword,word,,FALSE
учстка,сума,nonword,nonword,word,,FALSE
раітик,похоронний,nonword,nonword,word,,FALSE
придвійний,уряд,nonword,nonword,word,,FALSE
фіяльність,невідомий,nonword,nonword,word,,FALSE
привмрей,очікувати,nonword,nonword,word,,FALSE
трвсій,божественний,nonword,nonword,word,,FALSE
підответственно,череп,nonword,nonword,word,,FALSE
еслий,репутація,nonword,nonword,word,,FALSE
єра,коханець,nonword,nonword,word,,FALSE
вичітковий,комісар,nonword,nonword,word,,FALSE
приєіший,бетмен,nonword,nonword,word,,FALSE
яро,продовжувати,nonword,nonword,word,,FALSE
еллікатний,печінка,nonword,nonword,word,,FALSE
винорозмтво,припущення,nonword,nonword,word,,FALSE
рібар,альфа,nonword,nonword,word,,FALSE
каткнет,будувати,nonword,nonword,word,,FALSE
жеагання,міністр,nonword,nonword,word,,FALSE
погольний,організувати,nonword,nonword,word,,FALSE
відглянь,кисень,nonword,nonword,word,,FALSE
повільку,фотографія,nonword,nonword,word,,FALSE
гоховати,динаміт,nonword,nonword,word,,FALSE
гояно,ще,nonword,nonword,word,,FALSE
вуаткий,вибух,nonword,nonword,word,,FALSE
кляю,багатий,nonword,nonword,word,,FALSE
найтс,біологічний,nonword,nonword,word,,FALSE
рознесення,проблема,nonword,nonword,word,,FALSE
фрнумент,зарозумілість,nonword,nonword,word,,FALSE
ушкор,срібло,nonword,nonword,word,,FALSE
дорози,документ,nonword,nonword,word,,FALSE
силка,спантеличеність,nonword,nonword,word,,FALSE
татускання,достатньо,nonword,nonword,word,,FALSE
бами,захворювання,nonword,nonword,word,,FALSE
віртр,законний,nonword,nonword,word,,FALSE
прирівний,лін,nonword,nonword,word,,FALSE
захвволений,шосе,nonword,nonword,word,,FALSE
кне,рідко,nonword,nonword,word,,FALSE
співсунути,пил,nonword,nonword,word,,FALSE
яб,квітка,nonword,nonword,word,,FALSE
гуще,шлюб,nonword,nonword,word,,FALSE
нісщ,синій,nonword,nonword,word,,FALSE
щороя,машина,nonword,nonword,word,,FALSE
ідомний,додатковий,nonword,nonword,word,,FALSE
гнаддо,унікальний,nonword,nonword,word,,FALSE
кірокість,співчуття,nonword,nonword,word,,FALSE
блчак,наречена,nonword,nonword,word,,FALSE
жамн,пластик,nonword,nonword,word,,FALSE
табір,абсуахний,nonword,word,nonword,,FALSE
неправильний,аварби,nonword,word,nonword,,FALSE
відносини,автокас,nonword,word,nonword,,FALSE
старий,кбентство,nonword,word,nonword,,FALSE
гнів,офміністративний,nonword,word,nonword,,FALSE
білий,адтоналін,nonword,word,nonword,,FALSE
усунути,шуреса,nonword,word,nonword,,FALSE
лояльність,жщропорт,nonword,word,nonword,,FALSE
нирка,чёт,nonword,word,nonword,,FALSE
падіння,язтивувати,nonword,word,nonword,,FALSE
вірогідність,умтор,nonword,word,nonword,,FALSE
дракон,аккунт,nonword,word,nonword,,FALSE
стадіон,алаш,nonword,word,nonword,,FALSE
королева,алугі,nonword,word,nonword,,FALSE
дряпати,алега,nonword,word,nonword,,FALSE
швидка допомога,сперика,nonword,word,nonword,,FALSE
вашингтон,антиіз,nonword,word,nonword,,FALSE
храм,арaют,nonword,word,nonword,,FALSE
брудний,арагя,nonword,word,nonword,,FALSE
червень,артеття,nonword,word,nonword,,FALSE
розділ,аровлерія,nonword,word,nonword,,FALSE
вільно,арейтектор,nonword,word,nonword,,FALSE
іржавий,ідакувати,nonword,word,nonword,,FALSE
калібр,ввлантичний,nonword,word,nonword,,FALSE
фінансово,атмосекла,nonword,word,nonword,,FALSE
зосереджувати,cтдиторія,nonword,word,nonword,,FALSE
готівка,бабуту,nonword,word,nonword,,FALSE
лояльний,ривовна,nonword,word,nonword,,FALSE
джерело,пугатий,nonword,word,nonword,,FALSE
ніч,багаєштво,nonword,word,nonword,,FALSE
відділ,бажаєтя,nonword,word,nonword,,FALSE
перемога,кюр,nonword,word,nonword,,FALSE
капсула,бататийон,nonword,word,nonword,,FALSE
альбом,рожнтель,nonword,word,nonword,,FALSE
артефакт,баатко,nonword,word,nonword,,FALSE
поворот,ничення,nonword,word,nonword,,FALSE
вузький,безвідповідданное,nonword,word,nonword,,FALSE
залізо,безмова,nonword,word,nonword,,FALSE
расист,безважний,nonword,word,nonword,,FALSE
відстань,безпространял,nonword,word,nonword,,FALSE
людина,бездовий,nonword,word,nonword,,FALSE
плече,бейссел,nonword,word,nonword,,FALSE
круглий,беней,nonword,word,nonword,,FALSE
рот,бегрен,nonword,word,nonword,,FALSE
дорогий,чотва,nonword,word,nonword,,FALSE
викрадач,біллес,nonword,word,nonword,,FALSE
жаба,маль,nonword,word,nonword,,FALSE
нерозумний,біоробітний,nonword,word,nonword,,FALSE
готувати,біолягає,nonword,word,nonword,,FALSE
башта,близнаий,nonword,word,nonword,,FALSE
стояти,боцивільний,nonword,word,nonword,,FALSE
англійська мова,божествеприй,nonword,word,nonword,,FALSE
анонімний,бороят,nonword,word,nonword,,FALSE
джип,боробуся,nonword,word,nonword,,FALSE
мотив,бородро,nonword,word,nonword,,FALSE
готовий,тус,nonword,word,nonword,,FALSE
бойовий,боджон,nonword,word,nonword,,FALSE
бог,брию,nonword,word,nonword,,FALSE
попит,брию,nonword,word,nonword,,FALSE
няня,бртаун,nonword,word,nonword,,FALSE
приносити,брчiя,nonword,word,nonword,,FALSE
фунт,брланий,nonword,word,nonword,,FALSE
контроль,будійня,nonword,word,nonword,,FALSE
двійник,ходувати,nonword,word,nonword,,FALSE
текст,бупна,nonword,word,nonword,,FALSE
технічний,їxязниця,nonword,word,nonword,,FALSE
дотепність,вагіршість,nonword,word,nonword,,FALSE
людина,важливно,nonword,word,nonword,,FALSE
марафон,важливнать,nonword,word,nonword,,FALSE
слово,вачіина,nonword,word,nonword,,FALSE
ревнивий,валією,nonword,word,nonword,,FALSE
арсенал,вампбе,nonword,word,nonword,,FALSE
чистий,фургво,nonword,word,nonword,,FALSE
вітер,ватiль,nonword,word,nonword,,FALSE
кмітливий,ванновкімната,nonword,word,nonword,,FALSE
два,ванттр,nonword,word,nonword,,FALSE
повільно,вантаженка,nonword,word,nonword,,FALSE
кампанія,сятсон,nonword,word,nonword,,FALSE
свобода,вбившиво,nonword,word,nonword,,FALSE
образливість,ппивця,nonword,word,nonword,,FALSE
колонія,ппивця,nonword,word,nonword,,FALSE
читання,neору,nonword,word,nonword,,FALSE
карати,величкй,nonword,word,nonword,,FALSE
тост,великитепалець,nonword,word,nonword,,FALSE
родео,величеячий,nonword,word,nonword,,FALSE
двері,вещара,nonword,word,nonword,,FALSE
визнавати,веджиляція,nonword,word,nonword,,FALSE
безпорадний,вертикіт,nonword,word,nonword,,FALSE
єдиний,верхжил,nonword,word,nonword,,FALSE
оптимістичний,весірия,nonword,word,nonword,,FALSE
принцеса,веьор,nonword,word,nonword,,FALSE
кільце,взутро,nonword,word,nonword,,FALSE
виникнути,губирати,nonword,word,nonword,,FALSE
протест,вибочк,nonword,word,nonword,,FALSE
перешкода,викарця,nonword,word,nonword,,FALSE
національний,вигах,nonword,word,nonword,,FALSE
мозок,вигахнути,nonword,word,nonword,,FALSE
активний,вилаховий,nonword,word,nonword,,FALSE
охоронець,вивчасно,nonword,word,nonword,,FALSE
працювати,висяати,nonword,word,nonword,,FALSE
підтвердження,виставь,nonword,word,nonword,,FALSE
вводити,видакати,nonword,word,nonword,,FALSE
забруднення,вистти,nonword,word,nonword,,FALSE
клуб,вистачання,nonword,word,nonword,,FALSE
радіус,викладпя,nonword,word,nonword,,FALSE
служба,виерик,nonword,word,nonword,,FALSE
самогубство,вичинання,nonword,word,nonword,,FALSE
медичний,використійно,nonword,word,nonword,,FALSE
турист,сткуп,nonword,word,nonword,,FALSE
дурень,виїда,nonword,word,nonword,,FALSE
автор,йоловити,nonword,word,nonword,,FALSE
нарешті,винилевач,nonword,word,nonword,,FALSE
другий,виерим,nonword,word,nonword,,FALSE
волонтер,великодання,nonword,word,nonword,,FALSE
легіон,випропонованих,nonword,word,nonword,,FALSE
матерія,випулиник,nonword,word,nonword,,FALSE
читати,вироджяти,nonword,word,nonword,,FALSE
компас,виропоицтво,nonword,word,nonword,,FALSE
метод,вислуглювати,nonword,word,nonword,,FALSE
лимонад,випикий,nonword,word,nonword,,FALSE
прибуття,винькість,nonword,word,nonword,,FALSE
вдячний,випата,nonword,word,nonword,,FALSE
тканина,виймають,nonword,word,nonword,,FALSE
смак,витротати,nonword,word,nonword,,FALSE
результат,витад,nonword,word,nonword,,FALSE
кістка,вічіорок,nonword,word,nonword,,FALSE
задоволений,віддоза,nonword,word,nonword,,FALSE
аутопсія,відстерігаються,nonword,word,nonword,,FALSE
таксі,відданство,nonword,word,nonword,,FALSE
опівночі,віздоровий,nonword,word,nonword,,FALSE
телескоп,відтворяться,nonword,word,nonword,,FALSE
ложка,відчувавати,nonword,word,nonword,,FALSE
мінімальний,відйманість,nonword,word,nonword,,FALSE
сказати,відності,nonword,word,nonword,,FALSE
завантажувати,відною,nonword,word,nonword,,FALSE
яблучний,військійий,nonword,word,nonword,,FALSE
солдат,гел,nonword,word,nonword,,FALSE
чоловік,тольний,nonword,word,nonword,,FALSE
прибути,вікр,nonword,word,nonword,,FALSE
сенс,марити,nonword,word,nonword,,FALSE
вражаючий,журний,nonword,word,nonword,,FALSE
показувати,вітайлн,nonword,word,nonword,,FALSE
драма,віетило,nonword,word,nonword,,FALSE
дотепний,вкирувати,nonword,word,nonword,,FALSE
інстинкт,влита,nonword,word,nonword,,FALSE
імперський,властлк,nonword,word,nonword,,FALSE
зміна,вотна,nonword,word,nonword,,FALSE
південний,волюй,nonword,word,nonword,,FALSE
забути,вораевий,nonword,word,nonword,,FALSE
смерть,воey,nonword,word,nonword,,FALSE
голос,строта,nonword,word,nonword,,FALSE
майно,вптива,nonword,word,nonword,,FALSE
терміновий,вручати,nonword,word,nonword,,FALSE
вдова,чиажаючий,nonword,word,nonword,,FALSE
неможливий,рдередині,nonword,word,nonword,,FALSE
дозволяти,втаса,nonword,word,nonword,,FALSE
ведмідь,втікll,nonword,word,nonword,,FALSE
аналітик,вулиін,nonword,word,nonword,,FALSE
хобі,вудк,nonword,word,nonword,,FALSE
бетон,вчорий,nonword,word,nonword,,FALSE
тютюн,вчена,nonword,word,nonword,,FALSE
губернатор,кивань,nonword,word,nonword,,FALSE
блиск,гасота,nonword,word,nonword,,FALSE
природно,галаарика,nonword,word,nonword,,FALSE
одиночний,гавскування,nonword,word,nonword,,FALSE
незнання,гамаршць,nonword,word,nonword,,FALSE
підготовка,галаургер,nonword,word,nonword,,FALSE
гормон,гайдж,nonword,word,nonword,,FALSE
фізика,гармонок,nonword,word,nonword,,FALSE
секретар,гальий,nonword,word,nonword,,FALSE
небо,жій,nonword,word,nonword,,FALSE
ентузіазм,героrd,nonword,word,nonword,,FALSE
смішний,авдний,nonword,word,nonword,,FALSE
упертий,твдність,nonword,word,nonword,,FALSE
ювілей,интара,nonword,word,nonword,,FALSE
задоволення,глежальний,nonword,word,nonword,,FALSE
критичний,глявий,nonword,word,nonword,,FALSE
делікатний,жалий,nonword,word,nonword,,FALSE
програмне забезпечення,голосяий,nonword,word,nonword,,FALSE
доза,голомівати,nonword,word,nonword,,FALSE
зараз,годаа,nonword,word,nonword,,FALSE
полк,адра,nonword,word,nonword,,FALSE
дівчина,гонала,nonword,word,nonword,,FALSE
потенціал,говолка,nonword,word,nonword,,FALSE
церква,уба,nonword,word,nonword,,FALSE
хірург,грснувати,nonword,word,nonword,,FALSE
мільйон,ювавець,nonword,word,nonword,,FALSE
римський,грлі,nonword,word,nonword,,FALSE
спідниця,графчая,nonword,word,nonword,,FALSE
повага,овецький,nonword,word,nonword,,FALSE
близько,грює,nonword,word,nonword,,FALSE
інспектор,гріпі,nonword,word,nonword,,FALSE
керівник,неудень,nonword,word,nonword,,FALSE
годувати,грїти,nonword,word,nonword,,FALSE
подвійний,грйза,nonword,word,nonword,,FALSE
могила,грйза,nonword,word,nonword,,FALSE
жалюгідний,зовати,nonword,word,nonword,,FALSE
екран,далене,nonword,word,nonword,,FALSE
бутерброд,атр,nonword,word,nonword,,FALSE
лорд,злері,nonword,word,nonword,,FALSE
пенсія,двиглі,nonword,word,nonword,,FALSE
призначення,демократьт,nonword,word,nonword,,FALSE
ураган,демонстревія,nonword,word,nonword,,FALSE
оголений,дегресує,nonword,word,nonword,,FALSE
якор,деребя,nonword,word,nonword,,FALSE
підтримка,держзла,nonword,word,nonword,,FALSE
відмінний,делб,nonword,word,nonword,,FALSE
помада,десяейліття,nonword,word,nonword,,FALSE
описувати,нитектив,nonword,word,nonword,,FALSE
нездатність,детермарація,nonword,word,nonword,,FALSE
інший,деодвий,nonword,word,nonword,,FALSE
кінотеатр,джульєума,nonword,word,nonword,,FALSE
заважати,вмеркало,nonword,word,nonword,,FALSE
брутальний,диактися,nonword,word,nonword,,FALSE
кесар,зовний,nonword,word,nonword,,FALSE
дідусь,дицивижний,nonword,word,nonword,,FALSE
зелений,динайгт,nonword,word,nonword,,FALSE
пам'ятник,боректор,nonword,word,nonword,,FALSE
чарівність,дитиск,nonword,word,nonword,,FALSE
аукціон,дитижнтво,nonword,word,nonword,,FALSE
висячий,диявпу,nonword,word,nonword,,FALSE
підсумок,діидата,nonword,word,nonword,,FALSE
рай,діяльницть,nonword,word,nonword,,FALSE
картопля,рсо,nonword,word,nonword,,FALSE
гріх,доїхобачення,nonword,word,nonword,,FALSE
раптом,добровжиьно,nonword,word,nonword,,FALSE
адміністрація,дорло,nonword,word,nonword,,FALSE
відповідальність,довжньа,nonword,word,nonword,,FALSE
семінар,дофора,nonword,word,nonword,,FALSE
співак,довитковий,nonword,word,nonword,,FALSE
ілюзія,домовляв,nonword,word,nonword,,FALSE
крамниця,ліказ,nonword,word,nonword,,FALSE
реагувати,дочнор,nonword,word,nonword,,FALSE
лялька,домімент,nonword,word,nonword,,FALSE
чувак,доабр,nonword,word,nonword,,FALSE
довіра,доличи,nonword,word,nonword,,FALSE
палиця,рiля,nonword,word,nonword,,FALSE
посла,доподдгати,nonword,word,nonword,,FALSE
суп,допомонт,nonword,word,nonword,,FALSE
фатум,ндріжка,nonword,word,nonword,,FALSE
весна,досконпpий,nonword,word,nonword,,FALSE
думка,дослерник,nonword,word,nonword,,FALSE
кількість,досталла,nonword,word,nonword,,FALSE
підлітковий,досягати спіхом,nonword,word,nonword,,FALSE
одкровення,чехід,nonword,word,nonword,,FALSE
благородний,дровний,nonword,word,nonword,,FALSE
бюджет,yміт,nonword,word,nonword,,FALSE
жах,дрve,nonword,word,nonword,,FALSE
слухати,дрсуба,nonword,word,nonword,,FALSE
гольф,дрклина,nonword,word,nonword,,FALSE
висновок,дрозній,nonword,word,nonword,,FALSE
дочка,думо,nonword,word,nonword,,FALSE
дорога,пимати,nonword,word,nonword,,FALSE
навантаження,думксть,nonword,word,nonword,,FALSE
чашка,дурнул,nonword,word,nonword,,FALSE
прогрес,спх,nonword,word,nonword,,FALSE
банкір,боєїстичний,nonword,word,nonword,,FALSE
ідеальний,ельзантний,nonword,word,nonword,,FALSE
потік,елековика,nonword,word,nonword,,FALSE
експерт,електренний,nonword,word,nonword,,FALSE
отрута,елвлент,nonword,word,nonword,,FALSE
туга,емшнійний,nonword,word,nonword,,FALSE
баскетбол,енервая,nonword,word,nonword,,FALSE
агент,епгаемія,nonword,word,nonword,,FALSE
фірма,іpізод,nonword,word,nonword,,FALSE
ром,мaект,nonword,word,nonword,,FALSE
тверезий,дйективний,nonword,word,nonword,,FALSE
ключ,целюгідний,nonword,word,nonword,,FALSE
чекати,церт,nonword,word,nonword,,FALSE
дядько,жахливно,nonword,word,nonword,,FALSE
комплімент,живоюєс,nonword,word,nonword,,FALSE
канал,винка,nonword,word,nonword,,FALSE
солодкий,жіновуй,nonword,word,nonword,,FALSE
надзвичайно,жовтаєь,nonword,word,nonword,,FALSE
захід сонця,жоцний,nonword,word,nonword,,FALSE
щит,жорсючий,nonword,word,nonword,,FALSE
виробник,жорсавкий,nonword,word,nonword,,FALSE
іронія,жорстолпсть,nonword,word,nonword,,FALSE
замінити,озвати,nonword,word,nonword,,FALSE
рок,жухвал,nonword,word,nonword,,FALSE
кущ,вірналіст,nonword,word,nonword,,FALSE
стіл,забарбий,nonword,word,nonword,,FALSE
піаніно,забодиняти,nonword,word,nonword,,FALSE
мережа,загаррм,nonword,word,nonword,,FALSE
заповідник,заціловок,nonword,word,nonword,,FALSE
тато,загодкатися,nonword,word,nonword,,FALSE
насос,зазволяй,nonword,word,nonword,,FALSE
типовий,закіорити,nonword,word,nonword,,FALSE
сейф,заненний,nonword,word,nonword,,FALSE
лисиця,закритич,nonword,word,nonword,,FALSE
чоловічий,залиісти,nonword,word,nonword,,FALSE
половина,задичати,nonword,word,nonword,,FALSE
пляжний,затонник,nonword,word,nonword,,FALSE
усвідомлювати,заожу,nonword,word,nonword,,FALSE
явище,защик,nonword,word,nonword,,FALSE
успіх,заморопивати,nonword,word,nonword,,FALSE
спробувати,запапіятати,nonword,word,nonword,,FALSE
фронт,заоих,nonword,word,nonword,,FALSE
печатка,запичивання,nonword,word,nonword,,FALSE
потяг,зарут,nonword,word,nonword,,FALSE
словник,заратувати,nonword,word,nonword,,FALSE
транспортний засіб,томозумілість,nonword,word,nonword,,FALSE
славний,зарпкета,nonword,word,nonword,,FALSE
вплив,затвергоення,nonword,word,nonword,,FALSE
миша,захвораяання,nonword,word,nonword,,FALSE
шкіра,захиегти,nonword,word,nonword,,FALSE
ніщо,завядний,nonword,word,nonword,,FALSE
міф,занінено,nonword,word,nonword,,FALSE
телеграма,заїта,nonword,word,nonword,,FALSE
закуска,люирати,nonword,word,nonword,,FALSE
раб,пирою,nonword,word,nonword,,FALSE
ситуація,збдая,nonword,word,nonword,,FALSE
кут,збсюжений,nonword,word,nonword,,FALSE
терапія,звичткний,nonword,word,nonword,,FALSE
капітал,звілймення,nonword,word,nonword,,FALSE
живий,звсб,nonword,word,nonword,,FALSE
водити,здатласть,nonword,word,nonword,,FALSE
міжнародний,оюаду,nonword,word,nonword,,FALSE
губа,ннма,nonword,word,nonword,,FALSE
просто,зізначити,nonword,word,nonword,,FALSE
здравствуйте,зікаа,nonword,word,nonword,,FALSE
залишати,юкомка,nonword,word,nonword,,FALSE
сестра,ежий,nonword,word,nonword,,FALSE
сумніватися,злвaмисник,nonword,word,nonword,,FALSE
річка,злочсиність,nonword,word,nonword,,FALSE
колекціонувати,змрят,nonword,word,nonword,,FALSE
помститися,ерія,nonword,word,nonword,,FALSE
копати,учав,nonword,word,nonword,,FALSE
містити,знрт,nonword,word,nonword,,FALSE
спокійно,знаменитки,nonword,word,nonword,,FALSE
католицький,евання,nonword,word,nonword,,FALSE
термінал,евання,nonword,word,nonword,,FALSE
жест,знесодження,nonword,word,nonword,,FALSE
падіння,знтонення,nonword,word,nonword,,FALSE
стандартний,зовновній,nonword,word,nonword,,FALSE
потужність,орна,nonword,word,nonword,,FALSE
назва,минд,nonword,word,nonword,,FALSE
йога,кіадник,nonword,word,nonword,,FALSE
цемент,кіештою,nonword,word,nonword,,FALSE
комісія,зрочувати,nonword,word,nonword,,FALSE
спочатку,удбний,nonword,word,nonword,,FALSE
ярмарок,зусталь,nonword,word,nonword,,FALSE
суспільство,зуволікатися,nonword,word,nonword,,FALSE
смертельний,ігращиа,nonword,word,nonword,,FALSE
один,ідміт,nonword,word,nonword,,FALSE
переривати,зга,nonword,word,nonword,,FALSE
шпигунство,cвдити,nonword,word,nonword,,FALSE
страждання,імпепотор,nonword,word,nonword,,FALSE
труна,імпетия,nonword,word,nonword,,FALSE
детонатор,іннекція,nonword,word,nonword,,FALSE
голод,вівестор,nonword,word,nonword,,FALSE
випадково,інвестадати,nonword,word,nonword,,FALSE
цивільний,індивіслальний,nonword,word,nonword,,FALSE
крадіжка,іншочка,nonword,word,nonword,,FALSE
незвичайний,іналекція,nonword,word,nonword,,FALSE
аспірин,інструмеси,nonword,word,nonword,,FALSE
здоровий,іннюмний,nonword,word,nonword,,FALSE
довідка,інтуарія,nonword,word,nonword,,FALSE
сильний,тофекція,nonword,word,nonword,,FALSE
бібліотека,інфомнатор,nonword,word,nonword,,FALSE
стрес,інформерія,nonword,word,nonword,,FALSE
свинина,іналй,nonword,word,nonword,,FALSE
ковдра,пионічний,nonword,word,nonword,,FALSE
замикання,южти,nonword,word,nonword,,FALSE
піхва,въовірно,nonword,word,nonword,,FALSE
увага,лoи,nonword,word,nonword,,FALSE
філософія,капе,nonword,word,nonword,,FALSE
замкнений,каміша,nonword,word,nonword,,FALSE
великий,кажалюх,nonword,word,nonword,,FALSE
сексуальний,кареталізм,nonword,word,nonword,,FALSE
біженець,кажитан,nonword,word,nonword,,FALSE
наївний,капляйя,nonword,word,nonword,,FALSE
герой,кайтинал,nonword,word,nonword,,FALSE
ненависть,каска,nonword,word,nonword,,FALSE
вірність,картирь,nonword,word,nonword,,FALSE
ескорт,естування,nonword,word,nonword,,FALSE
хімія,кафееба,nonword,word,nonword,,FALSE
барон,кадеа,nonword,word,nonword,,FALSE
клітина,удартал,nonword,word,nonword,,FALSE
буквально,квектира,nonword,word,nonword,,FALSE
стриманий,квзіка,nonword,word,nonword,,FALSE
мафія,кеббінг,nonword,word,nonword,,FALSE
запустити,айлимок,nonword,word,nonword,,FALSE
приватний,китинь,nonword,word,nonword,,FALSE
може бути,ишнь,nonword,word,nonword,,FALSE
династія,зршка,nonword,word,nonword,,FALSE
ніндзя,клуличний,nonword,word,nonword,,FALSE
молочний,смієнт,nonword,word,nonword,,FALSE
пошук,кламіка,nonword,word,nonword,,FALSE
перебування,клеива,nonword,word,nonword,,FALSE
заручниця,кнїда,nonword,word,nonword,,FALSE
скарга,стязь,nonword,word,nonword,,FALSE
оргазм,копіойський,nonword,word,nonword,,FALSE
середовище,коклок,nonword,word,nonword,,FALSE
пульс,колинебїль,nonword,word,nonword,,FALSE
корисний,коивна,nonword,word,nonword,,FALSE
обладнання,комаьна,nonword,word,nonword,,FALSE
сержант,комайб,nonword,word,nonword,,FALSE
трофей,кородія,nonword,word,nonword,,FALSE
червоний,коміґер,nonword,word,nonword,,FALSE
танцівниця,косутет,nonword,word,nonword,,FALSE
кілограм,компнітер,nonword,word,nonword,,FALSE
кошик,комуніве,nonword,word,nonword,,FALSE
вага,конставився,nonword,word,nonword,,FALSE
гніздо,консулихувати,nonword,word,nonword,,FALSE
розлучення,ковхіденційність,nonword,word,nonword,,FALSE
ніколи,коясентрат,nonword,word,nonword,,FALSE
коробка,коимерт,nonword,word,nonword,,FALSE
міст,ковдяк,nonword,word,nonword,,FALSE
космонавт,котиювати,nonword,word,nonword,,FALSE
єпископ,коровавство,nonword,word,nonword,,FALSE
конкуренція,корожк,nonword,word,nonword,,FALSE
плітки,кофлорація,nonword,word,nonword,,FALSE
тонкий,кояянець,nonword,word,nonword,,FALSE
ланцюг,коштовоксть,nonword,word,nonword,,FALSE
заборонений,кравтяка,nonword,word,nonword,,FALSE
важкий,кріда,nonword,word,nonword,,FALSE
наївний,кредім,nonword,word,nonword,,FALSE
привілей,крдра,nonword,word,nonword,,FALSE
завтра,крстінальний,nonword,word,nonword,,FALSE
привабливий,кражка,nonword,word,nonword,,FALSE
договір,кролів,nonword,word,nonword,,FALSE
зателефонувати,куанн,nonword,word,nonword,,FALSE
просто,атля,nonword,word,nonword,,FALSE
заручення,куртац,nonword,word,nonword,,FALSE
чемпіон,бoв,nonword,word,nonword,,FALSE
попряма,легеица,nonword,word,nonword,,FALSE
сорочка,легков,nonword,word,nonword,,FALSE
готель,легков,nonword,word,nonword,,FALSE
золотий,лесл,nonword,word,nonword,,FALSE
командування,легоенант,nonword,word,nonword,,FALSE
павук,лекцнї,nonword,word,nonword,,FALSE
кокаїн,лизапе,nonword,word,nonword,,FALSE
бідний,лишінь,nonword,word,nonword,,FALSE
мужність,лилеманка,nonword,word,nonword,,FALSE
виробляти,лізоральний,nonword,word,nonword,,FALSE
бігти,ліпшруч,nonword,word,nonword,,FALSE
рекорд,ліндр,nonword,word,nonword,,FALSE
короткий,лісна,nonword,word,nonword,,FALSE
шериф,дски,nonword,word,nonword,,FALSE
підлога,літавання,nonword,word,nonword,,FALSE
третій,лірізин,nonword,word,nonword,,FALSE
штраф,усн,nonword,word,nonword,,FALSE
назовні,анс,nonword,word,nonword,,FALSE
онук,лірити,nonword,word,nonword,,FALSE
пагорб,літепитура,nonword,word,nonword,,FALSE
страшний,одбстер,nonword,word,nonword,,FALSE
гарантія,люсив,nonword,word,nonword,,FALSE
проковтнути,люсь,nonword,word,nonword,,FALSE
жертва,люолький,nonword,word,nonword,,FALSE
радіо,четь,nonword,word,nonword,,FALSE
проспект,янкати,nonword,word,nonword,,FALSE
благодійність,м'їс,nonword,word,nonword,,FALSE
студент,м'ґпо,nonword,word,nonword,,FALSE
алмаз,майать,nonword,word,nonword,,FALSE
чітко,магасан,nonword,word,nonword,,FALSE
останній,маранез,nonword,word,nonword,,FALSE
алкоголь,малаимальний,nonword,word,nonword,,FALSE
браво,жилий,nonword,word,nonword,,FALSE
дивитися,вклювати,nonword,word,nonword,,FALSE
офіційно,авма,nonword,word,nonword,,FALSE
мед,манізалювати,nonword,word,nonword,,FALSE
ідея,маждетинг,nonword,word,nonword,,FALSE
тіло,матож,nonword,word,nonword,,FALSE
офіціант,дісло,nonword,word,nonword,,FALSE
коментар,дісло,nonword,word,nonword,,FALSE
налякати,матеманька,nonword,word,nonword,,FALSE
коричневий,острос,nonword,word,nonword,,FALSE
хмара,марп,nonword,word,nonword,,FALSE
молодь,маріна,nonword,word,nonword,,FALSE
кар'єра,маріна,nonword,word,nonword,,FALSE
антидот,меркль,nonword,word,nonword,,FALSE
дощ,меткльйон,nonword,word,nonword,,FALSE
місяць,меть,nonword,word,nonword,,FALSE
білок,мертатй,nonword,word,nonword,,FALSE
вставляти,метанувий,nonword,word,nonword,,FALSE
окуляри,меin,nonword,word,nonword,,FALSE
місяць,меатнічний,nonword,word,nonword,,FALSE
визнавати,халий,nonword,word,nonword,,FALSE
репортер,милосепья,nonword,word,nonword,,FALSE
геніальний,миасле,nonword,word,nonword,,FALSE
розрив,ояти,nonword,word,nonword,,FALSE
НЛО,мікропсон,nonword,word,nonword,,FALSE
трюк,мікриєон,nonword,word,nonword,,FALSE
кашель,мількуд,nonword,word,nonword,,FALSE
пожежа,міністердиво,nonword,word,nonword,,FALSE
свіжий,мінінор,nonword,word,nonword,,FALSE
горло,міекс,nonword,word,nonword,,FALSE
десерт,міжня,nonword,word,nonword,,FALSE
розмова,мітко,nonword,word,nonword,,FALSE
поєднання,місцяний,nonword,word,nonword,,FALSE
вторгнення,мізек,nonword,word,nonword,,FALSE
нова,моккання,nonword,word,nonword,,FALSE
корона,можлчність,nonword,word,nonword,,FALSE
кола,мокзал,nonword,word,nonword,,FALSE
ризикований,молофбй,nonword,word,nonword,,FALSE
корабель,молоящий,nonword,word,nonword,,FALSE
божевілля,моловнк,nonword,word,nonword,,FALSE
теплий,монастзо,nonword,word,nonword,,FALSE
колега,монастзо,nonword,word,nonword,,FALSE
модний,моніжкр,nonword,word,nonword,,FALSE
об'єкт,монтлa,nonword,word,nonword,,FALSE
знаменитість,модіін,nonword,word,nonword,,FALSE
дна,мойкль,nonword,word,nonword,,FALSE
поет,моторобаий,nonword,word,nonword,,FALSE
метелик,мотуиса,nonword,word,nonword,,FALSE
літній,мрди,nonword,word,nonword,,FALSE
занепокоєння,мунбй,nonword,word,nonword,,FALSE
свідок,муечка,nonword,word,nonword,,FALSE
незаконний,ризикант,nonword,word,nonword,,FALSE
ручний,мурайоа,nonword,word,nonword,,FALSE
значок,октація,nonword,word,nonword,,FALSE
арена,наніоло,nonword,word,nonword,,FALSE
лампа,навмиску,nonword,word,nonword,,FALSE
банан,наpеаки,nonword,word,nonword,,FALSE
усмішка,нарости,nonword,word,nonword,,FALSE
вже,налирода,nonword,word,nonword,,FALSE
досить,назовати,nonword,word,nonword,,FALSE
пістолет,дисзвичайний,nonword,word,nonword,,FALSE
число,наирилати,nonword,word,nonword,,FALSE
дорослий,назаскди,nonword,word,nonword,,FALSE
паб,намилио,nonword,word,nonword,,FALSE
хапати,настр,nonword,word,nonword,,FALSE
західний,написакся,nonword,word,nonword,,FALSE
банда,насмчена,nonword,word,nonword,,FALSE
сиріт,налад,nonword,word,nonword,,FALSE
уява,тородження,nonword,word,nonword,,FALSE
всесвіт,наспівати,nonword,word,nonword,,FALSE
місце,навпнення,nonword,word,nonword,,FALSE
планувати,наваа,nonword,word,nonword,,FALSE
білка,небеолека,nonword,word,nonword,,FALSE
газ,небезпткний,nonword,word,nonword,,FALSE
застосовувати,неберёий,nonword,word,nonword,,FALSE
шлунок,невіробив,nonword,word,nonword,,FALSE
автограф,вигативний,nonword,word,nonword,,FALSE
кабель,неапля,nonword,word,nonword,,FALSE
мін,нестатній,nonword,word,nonword,,FALSE
черв'як,неприємств,nonword,word,nonword,,FALSE
більше,неітовий,nonword,word,nonword,,FALSE
гордий,несподамано,nonword,word,nonword,,FALSE
здобич,неприветствовать,nonword,word,nonword,,FALSE
мама,нещавія,nonword,word,nonword,,FALSE
душ,нещавія,nonword,word,nonword,,FALSE
стіна,неукдавно,nonword,word,nonword,,FALSE
снід,фржний,nonword,word,nonword,,FALSE
галерея,ніоземний,nonword,word,nonword,,FALSE
корова,новиро,nonword,word,nonword,,FALSE
управляти,ояж,nonword,word,nonword,,FALSE
відмовляти,нормалский,nonword,word,nonword,,FALSE
клапан,анс,nonword,word,nonword,,FALSE
платформа,нуткта,nonword,word,nonword,,FALSE
покривати,обвинуінчення,nonword,word,nonword,,FALSE
округ,объеворення,nonword,word,nonword,,FALSE
прощення,обви,nonword,word,nonword,,FALSE
журналістика,обідания,nonword,word,nonword,,FALSE
кориця,объеянка,nonword,word,nonword,,FALSE
понеділок,облалоувати,nonword,word,nonword,,FALSE
супротив,обоврюзок,nonword,word,nonword,,FALSE
тисяча,обпожати,nonword,word,nonword,,FALSE
природний,обіцуговування,nonword,word,nonword,,FALSE
апетитний,огидайй,nonword,word,nonword,,FALSE
захоплюватися,даружений,nonword,word,nonword,,FALSE
досвід,преро,nonword,word,nonword,,FALSE
ризик,окeaн,nonword,word,nonword,,FALSE
ромео,онсоити,nonword,word,nonword,,FALSE
таблиця,опіт,nonword,word,nonword,,FALSE
невдаха,опівіяі,nonword,word,nonword,,FALSE
піратський,опнi,nonword,word,nonword,,FALSE
духовка,опімент,nonword,word,nonword,,FALSE
комерційний,орчита,nonword,word,nonword,,FALSE
хребетний,оргавезувати,nonword,word,nonword,,FALSE
картина,оренандавець,nonword,word,nonword,,FALSE
натовп,ордадувати,nonword,word,nonword,,FALSE
приємний,осльта,nonword,word,nonword,,FALSE
щодня,ркінь,nonword,word,nonword,,FALSE
грип,осялистість,nonword,word,nonword,,FALSE
гордість,остатья,nonword,word,nonword,,FALSE
з,останічний,nonword,word,nonword,,FALSE
хлопчики,отвотати,nonword,word,nonword,,FALSE
прямий,офув,nonword,word,nonword,,FALSE
психічний,офіціантех,nonword,word,nonword,,FALSE
фактично,шуіційний,nonword,word,nonword,,FALSE
регіональний,оцініц,nonword,word,nonword,,FALSE
терпіння,оцнцювати,nonword,word,nonword,,FALSE
камеру,сревидно,nonword,word,nonword,,FALSE
гвинтівка,срікувати,nonword,word,nonword,,FALSE
фактор,ьpяний,nonword,word,nonword,,FALSE
наймання,совутина,nonword,word,nonword,,FALSE
південний,пасит,nonword,word,nonword,,FALSE
злодій,диливо,nonword,word,nonword,,FALSE
монстр,палужи,nonword,word,nonword,,FALSE
голка,пахи,nonword,word,nonword,,FALSE
привабливий,парастан,nonword,word,nonword,,FALSE
монах,параїнтр,nonword,word,nonword,,FALSE
характер,паратьрмальний,nonword,word,nonword,,FALSE
робот,паклан,nonword,word,nonword,,FALSE
акула,паробу,nonword,word,nonword,,FALSE
праця,партой,nonword,word,nonword,,FALSE
марс,парфьни,nonword,word,nonword,,FALSE
ввічливий,паспіст,nonword,word,nonword,,FALSE
бомба,патрадь,nonword,word,nonword,,FALSE
збільшити,патік,nonword,word,nonword,,FALSE
цінний,пердо,nonword,word,nonword,,FALSE
семінар,емніс,nonword,word,nonword,,FALSE
мистецтво,пеоринний,nonword,word,nonword,,FALSE
пояснення,переголошувати,nonword,word,nonword,,FALSE
точка,перебачав,nonword,word,nonword,,FALSE
квиток,передомі,nonword,word,nonword,,FALSE
інцидент,переношень,nonword,word,nonword,,FALSE
конверт,перемов,nonword,word,nonword,,FALSE
оригінальний,перешкодувати,nonword,word,nonword,,FALSE
тінь,перитнтр,nonword,word,nonword,,FALSE
бонус,періря,nonword,word,nonword,,FALSE
пустеля,здіспективний,nonword,word,nonword,,FALSE
календар,перьнка,nonword,word,nonword,,FALSE
розмір,питт,nonword,word,nonword,,FALSE
старший,ейл,nonword,word,nonword,,FALSE
контакт,шальний,nonword,word,nonword,,FALSE
ритм,пироти,nonword,word,nonword,,FALSE
анатомія,письмексик,nonword,word,nonword,,FALSE
безпека,півмовний,nonword,word,nonword,,FALSE
загальний,підказувати,nonword,word,nonword,,FALSE
шпигун,підлученням,nonword,word,nonword,,FALSE
діарея,підїздок,nonword,word,nonword,,FALSE
сучасний,підозірвуть,nonword,word,nonword,,FALSE
фінансування,підвёл,nonword,word,nonword,,FALSE
земля,підприємних,nonword,word,nonword,,FALSE
відкриття,підрозпрос,nonword,word,nonword,,FALSE
кабіна,підкредитувати,nonword,word,nonword,,FALSE
темрява,підкредитувати,nonword,word,nonword,,FALSE
вена,піддрукувати,nonword,word,nonword,,FALSE
міцний,ислот,nonword,word,nonword,,FALSE
карнавал,піиея,nonword,word,nonword,,FALSE
хімічний,пільк,nonword,word,nonword,,FALSE
пристойний,піхоолет,nonword,word,nonword,,FALSE
шерлок,роч,nonword,word,nonword,,FALSE
внутрішній,одавати,nonword,word,nonword,,FALSE
морський,пландрання,nonword,word,nonword,,FALSE
постріл,пласшок,nonword,word,nonword,,FALSE
прокляття,племюзник,nonword,word,nonword,,FALSE
убивця,плдука,nonword,word,nonword,,FALSE
викрадати,повеахатися,nonword,word,nonword,,FALSE
населення,провідня,nonword,word,nonword,,FALSE
фрагмент,повітворення,nonword,word,nonword,,FALSE
хворий,повідіслати,nonword,word,nonword,,FALSE
лопатись,почуий,nonword,word,nonword,,FALSE
порно,почуий,nonword,word,nonword,,FALSE
сумний,тивністю,nonword,word,nonword,,FALSE
завдання,крквити,nonword,word,nonword,,FALSE
цукор,покуний,nonword,word,nonword,,FALSE
вітати,подтабування,nonword,word,nonword,,FALSE
ракета,помая,nonword,word,nonword,,FALSE
країна,пордка,nonword,word,nonword,,FALSE
технологія,даема,nonword,word,nonword,,FALSE
війна,пожертневання,nonword,word,nonword,,FALSE
докази,посправедливість,nonword,word,nonword,,FALSE
спадщина,погація,nonword,word,nonword,,FALSE
ворог,сткер,nonword,word,nonword,,FALSE
фаза,поклучати,nonword,word,nonword,,FALSE
розглядати,поконюка,nonword,word,nonword,,FALSE
чума,посипець,nonword,word,nonword,,FALSE
зло,полецфою,nonword,word,nonword,,FALSE
шутер,полівоення,nonword,word,nonword,,FALSE
вартість,позут,nonword,word,nonword,,FALSE
прибуток,попатик,nonword,word,nonword,,FALSE
татуювання,поантика,nonword,word,nonword,,FALSE
зерно,пожатичний,nonword,word,nonword,,FALSE
струм,поєдовник,nonword,word,nonword,,FALSE
канцлер,полутця,nonword,word,nonword,,FALSE
чудовий,поизниця,nonword,word,nonword,,FALSE
жити,помаранчяний,nonword,word,nonword,,FALSE
гральний,поменни,nonword,word,nonword,,FALSE
прапор,помириа,nonword,word,nonword,,FALSE
різдвяний,помириовий,nonword,word,nonword,,FALSE
кетчуп,поездор,nonword,word,nonword,,FALSE
диплом,поначник,nonword,word,nonword,,FALSE
маля,поратяа,nonword,word,nonword,,FALSE
надприродливий,побідок,nonword,word,nonword,,FALSE
фермер,постання,nonword,word,nonword,,FALSE
нормально,потвортай,nonword,word,nonword,,FALSE
пасажирський,потрожа,nonword,word,nonword,,FALSE
шолом,почнійний,nonword,word,nonword,,FALSE
полювання,потувати,nonword,word,nonword,,FALSE
звір,похороский,nonword,word,nonword,,FALSE
командувач,подети,nonword,word,nonword,,FALSE
співчувати,прававподібний,nonword,word,nonword,,FALSE
ударити,правилский,nonword,word,nonword,,FALSE
тепло,прбитично,nonword,word,nonword,,FALSE
загальний,прпхмет,nonword,word,nonword,,FALSE
псевдонім,прогидент,nonword,word,nonword,,FALSE
декан,прол,nonword,word,nonword,,FALSE
сортувати,пресайл,nonword,word,nonword,,FALSE
магія,привощати,nonword,word,nonword,,FALSE
змагання,приєіший,nonword,word,nonword,,FALSE
ангел,прбт,nonword,word,nonword,,FALSE
практика,придания,nonword,word,nonword,,FALSE
галузь,приквид,nonword,word,nonword,,FALSE
кілометр,приліє,nonword,word,nonword,,FALSE
обід,пріванка,nonword,word,nonword,,FALSE
кнопок,припьнення,nonword,word,nonword,,FALSE
подивитися,пристршать,nonword,word,nonword,,FALSE
добрий,притенок,nonword,word,nonword,,FALSE
лестити,прородити,nonword,word,nonword,,FALSE
зручний,профина,nonword,word,nonword,,FALSE
банківський,неузвище,nonword,word,nonword,,FALSE
необхідний,цио,nonword,word,nonword,,FALSE
равлик,протнемо,nonword,word,nonword,,FALSE
недооцінювати,провей,nonword,word,nonword,,FALSE
танк,простана,nonword,word,nonword,,FALSE
фарбувати,прогулміка,nonword,word,nonword,,FALSE
пити,прогулміка,nonword,word,nonword,,FALSE
рекомендувати,прплавати,nonword,word,nonword,,FALSE
тут,продin,nonword,word,nonword,,FALSE
розмова,продовимвати,nonword,word,nonword,,FALSE
особистий,продкбт,nonword,word,nonword,,FALSE
конференція,продуктивнойть,nonword,word,nonword,,FALSE
гусак,прокабор,nonword,word,nonword,,FALSE
шар,проповорь,nonword,word,nonword,,FALSE
страждати,пропнтувати,nonword,word,nonword,,FALSE
кошмар,просней,nonword,word,nonword,,FALSE
відбиток,протокея,nonword,word,nonword,,FALSE
абсолютно,прототег,nonword,word,nonword,,FALSE
бджола,профстійний,nonword,word,nonword,,FALSE
бідність,профятор,nonword,word,nonword,,FALSE
створення,прохоронних,nonword,word,nonword,,FALSE
волосся,процедода,nonword,word,nonword,,FALSE
марка,психологроний,nonword,word,nonword,,FALSE
погляд,псхнологія,nonword,word,nonword,,FALSE
зоопарк,уиах,nonword,word,nonword,,FALSE
баланс,радіозь,nonword,word,nonword,,FALSE
зомбі,радян,nonword,word,nonword,,FALSE
гарячий,зок,nonword,word,nonword,,FALSE
лесбійський,ракенсий,nonword,word,nonword,,FALSE
відмовляти,нсковина,nonword,word,nonword,,FALSE
борг,отно,nonword,word,nonword,,FALSE
тихоокеанський,отнок,nonword,word,nonword,,FALSE
продавець,ратьподібний,nonword,word,nonword,,FALSE
навігація,редатор,nonword,word,nonword,,FALSE
красти,реалектичний,nonword,word,nonword,,FALSE
навчатися,ренньний,nonword,word,nonword,,FALSE
тріщина,базультат,nonword,word,nonword,,FALSE
сюрприз,реергія,nonword,word,nonword,,FALSE
шанс,ремога,nonword,word,nonword,,FALSE
рана,речнтація,nonword,word,nonword,,FALSE
склянка,реліоран,nonword,word,nonword,,FALSE
обирати,ресуння,nonword,word,nonword,,FALSE
підйом,изба,nonword,word,nonword,,FALSE
народження,риболоайя,nonword,word,nonword,,FALSE
мільйонер,вимї,nonword,word,nonword,,FALSE
площа,рівнквірний,nonword,word,nonword,,FALSE
оперативний,гoдина,nonword,word,nonword,,FALSE
сухий,рінто,nonword,word,nonword,,FALSE
надія,тебити,nonword,word,nonword,,FALSE
затока,родотник,nonword,word,nonword,,FALSE
море,ростта,nonword,word,nonword,,FALSE
портал,розняв,nonword,word,nonword,,FALSE
запитання,роззвимо,nonword,word,nonword,,FALSE
завжди,роззван,nonword,word,nonword,,FALSE
наємник,розтворити,nonword,word,nonword,,FALSE
міць,роздавивати,nonword,word,nonword,,FALSE
блискавка,розвойовувати,nonword,word,nonword,,FALSE
диван,роззвести,nonword,word,nonword,,FALSE
листопад,розшкодувати,nonword,word,nonword,,FALSE
політика,розвідування,nonword,word,nonword,,FALSE
планета,розвонит,nonword,word,nonword,,FALSE
продукти,розвонит,nonword,word,nonword,,FALSE
клас,роздозування,nonword,word,nonword,,FALSE
хаос,романтенний,nonword,word,nonword,,FALSE
виступ,лайнування,nonword,word,nonword,,FALSE
гарантія,рухоа,nonword,word,nonword,,FALSE
відносний,рухоа,nonword,word,nonword,,FALSE
здоров'я,руетик,nonword,word,nonword,,FALSE
крем,рялавник,nonword,word,nonword,,FALSE
правила,садятаж,nonword,word,nonword,,FALSE
пухлина,сагут,nonword,word,nonword,,FALSE
похибка,самогиій,nonword,word,nonword,,FALSE
душа,садорай,nonword,word,nonword,,FALSE
зберігати,сантимзар,nonword,word,nonword,,FALSE
число,свгая,nonword,word,nonword,,FALSE
пов'язувати,тристок,nonword,word,nonword,,FALSE
незручний,свлючення,nonword,word,nonword,,FALSE
датчик,свис,nonword,word,nonword,,FALSE
меч,світанут,nonword,word,nonword,,FALSE
вершина,свелка,nonword,word,nonword,,FALSE
генератор,свгло,nonword,word,nonword,,FALSE
нервовий,свящящик,nonword,word,nonword,,FALSE
пастка,усло,nonword,word,nonword,,FALSE
дані,севит,nonword,word,nonword,,FALSE
еволюція,семотор,nonword,word,nonword,,FALSE
мавпа,туча,nonword,word,nonword,,FALSE
анархія,сидіра,nonword,word,nonword,,FALSE
тригер,сигарезо,nonword,word,nonword,,FALSE
сповіщення,сизвал,nonword,word,nonword,,FALSE
юрист,сигналграція,nonword,word,nonword,,FALSE
реальність,сигати,nonword,word,nonword,,FALSE
секретний,опла,nonword,word,nonword,,FALSE
гостинність,сильку,nonword,word,nonword,,FALSE
пошта,сильку,nonword,word,nonword,,FALSE
внизу,симвпу,nonword,word,nonword,,FALSE
шовк,льун,nonword,word,nonword,,FALSE
посадка,нокдром,nonword,word,nonword,,FALSE
рухатися,пеній,nonword,word,nonword,,FALSE
вікно,есняк,nonword,word,nonword,,FALSE
позитивний,ьор,nonword,word,nonword,,FALSE
кабінет,систада,nonword,word,nonword,,FALSE
виноробство,шук,nonword,word,nonword,,FALSE
нещасний,сікея,nonword,word,nonword,,FALSE
піраміда,сковдал,nonword,word,nonword,,FALSE
кишеня,скоружувати,nonword,word,nonword,,FALSE
плейбой,скроблий,nonword,word,nonword,,FALSE
неправедність,слабовй,nonword,word,nonword,,FALSE
розбити,слжна,nonword,word,nonword,,FALSE
підробка,слмна,nonword,word,nonword,,FALSE
потенціал,смгений,nonword,word,nonword,,FALSE
цвях,смиртя,nonword,word,nonword,,FALSE
чаша,смветися,nonword,word,nonword,,FALSE
землетрус,храйпер,nonword,word,nonword,,FALSE
вугілля,снрх,nonword,word,nonword,,FALSE
лікарня,сніденну,nonword,word,nonword,,FALSE
драматичний,сомб,nonword,word,nonword,,FALSE
хабар,союче,nonword,word,nonword,,FALSE
аналогічний,солдчний,nonword,word,nonword,,FALSE
оркестр,сожр,nonword,word,nonword,,FALSE
спостереження,спаглаті,nonword,word,nonword,,FALSE
супермен,спалайя,nonword,word,nonword,,FALSE
завод,ужантеличеність,nonword,word,nonword,,FALSE
гаразд,спасйті,nonword,word,nonword,,FALSE
екіпаж,итати,nonword,word,nonword,,FALSE
справжній,спеціаліза,nonword,word,nonword,,FALSE
пінг,співкрити,nonword,word,nonword,,FALSE
мовчазний,спаркування,nonword,word,nonword,,FALSE
серія,спільниса,nonword,word,nonword,,FALSE
будівельний,спокманий,nonword,word,nonword,,FALSE
база,сплит,nonword,word,nonword,,FALSE
портфель,справедлчність,nonword,word,nonword,,FALSE
мало,спрахy,nonword,word,nonword,,FALSE
інженер,спровї,nonword,word,nonword,,FALSE
кімната,сропло,nonword,word,nonword,,FALSE
поцілунок,стюблення,nonword,word,nonword,,FALSE
управляти,стноь,nonword,word,nonword,,FALSE
присягати,станкая,nonword,word,nonword,,FALSE
параноїдальний,струися,nonword,word,nonword,,FALSE
джаз,статєї,nonword,word,nonword,,FALSE
вічний,стводання,nonword,word,nonword,,FALSE
часник,стечь,nonword,word,nonword,,FALSE
курятина,тко,nonword,word,nonword,,FALSE
папір,ствo,nonword,word,nonword,,FALSE
будинок,страцi,nonword,word,nonword,,FALSE
занурений,стратервя,nonword,word,nonword,,FALSE
субота,стших,nonword,word,nonword,,FALSE
грати,ворибок,nonword,word,nonword,,FALSE
неприємність,структейа,nonword,word,nonword,,FALSE
вивчати,редити,nonword,word,nonword,,FALSE
тунець,сумео,nonword,word,nonword,,FALSE
художник,судовийпробуем,nonword,word,nonword,,FALSE
винятковий,суфпя,nonword,word,nonword,,FALSE
лазанья,сужд,nonword,word,nonword,,FALSE
невинний,таміш,nonword,word,nonword,,FALSE
слух,супережеа,nonword,word,nonword,,FALSE
судовий,супровождается,nonword,word,nonword,,FALSE
радар,сувотник,nonword,word,nonword,,FALSE
конфлікт,схерний,nonword,word,nonword,,FALSE
експеримент,рговатися,nonword,word,nonword,,FALSE
нездоровий,таблочка,nonword,word,nonword,,FALSE
відходи,таавниця,nonword,word,nonword,,FALSE
магнітний,таерер,nonword,word,nonword,,FALSE
майбутнє,няк,nonword,word,nonword,,FALSE
рослина,таласу,nonword,word,nonword,,FALSE
ритуальний,рем,nonword,word,nonword,,FALSE
сенсаційний,таінювати,nonword,word,nonword,,FALSE
дослідження,ндрілка,nonword,word,nonword,,FALSE
заслуговувати,твсвина,nonword,word,nonword,,FALSE
кінець,творвусть,nonword,word,nonword,,FALSE
дозвіл,здатр,nonword,word,nonword,,FALSE
маршрут,теленичення,nonword,word,nonword,,FALSE
капсула,телерін,nonword,word,nonword,,FALSE
федеральний,теіший,nonword,word,nonword,,FALSE
обстеження,термература,nonword,word,nonword,,FALSE
марний,йоніс,nonword,word,nonword,,FALSE
прийом,теорди,nonword,word,nonword,,FALSE
вересень,тестадання,nonword,word,nonword,,FALSE
тренер,технама,nonword,word,nonword,,FALSE
проект,тисцень,nonword,word,nonword,,FALSE
завиток,типе,nonword,word,nonword,,FALSE
уважність,eканина,nonword,word,nonword,,FALSE
частота,тонетий,nonword,word,nonword,,FALSE
порожній,торговщиь,nonword,word,nonword,,FALSE
прощати,товеадо,nonword,word,nonword,,FALSE
миля,тові,nonword,word,nonword,,FALSE
орендар,травніє,nonword,word,nonword,,FALSE
кодекс,трагланий,nonword,word,nonword,,FALSE
хліб,трулиційний,nonword,word,nonword,,FALSE
плюс,трчнутник,nonword,word,nonword,,FALSE
парламент,триі,nonword,word,nonword,,FALSE
форма,чеи,nonword,word,nonword,,FALSE
штовхати,туєтн,nonword,word,nonword,,FALSE
втомлений,туємль,nonword,word,nonword,,FALSE
повітря,турбана,nonword,word,nonword,,FALSE
палац,тустувати,nonword,word,nonword,,FALSE
шум,тягншки,nonword,word,nonword,,FALSE
купувати,рдити,nonword,word,nonword,,FALSE
мучити,увбiзнений,nonword,word,nonword,,FALSE
зрідка,угачу,nonword,word,nonword,,FALSE
популярний,узберепті,nonword,word,nonword,,FALSE
доповідь,універкатет,nonword,word,nonword,,FALSE
собака,унршальний,nonword,word,nonword,,FALSE
ріг,урнщ,nonword,word,nonword,,FALSE
кандидат,уримувати,nonword,word,nonword,,FALSE
надихати,непадковувати,nonword,word,nonword,,FALSE
величність,утьсмувати,nonword,word,nonword,,FALSE
низький,інкс,nonword,word,nonword,,FALSE
концепція,фантазди,nonword,word,nonword,,FALSE
компанія,фабрастичний,nonword,word,nonword,,FALSE
турнір,файтльний,nonword,word,nonword,,FALSE
зола,федеенція,nonword,word,nonword,,FALSE
що саме,дістиваль,nonword,word,nonword,,FALSE
правий,фізитиий,nonword,word,nonword,,FALSE
юрисдикція,вельм,nonword,word,nonword,,FALSE
пікнік,винансовий,nonword,word,nonword,,FALSE
відчинено,фінаудування,nonword,word,nonword,,FALSE
пізно,фінаудування,nonword,word,nonword,,FALSE
лежати,адот,nonword,word,nonword,,FALSE
статус,адот,nonword,word,nonword,,FALSE
виправляти,фоторвав,nonword,word,nonword,,FALSE
вірус,фотознания,nonword,word,nonword,,FALSE
вибір,фреба,nonword,word,nonword,,FALSE
дим,францусский,nonword,word,nonword,,FALSE
деінде,фрукат,nonword,word,nonword,,FALSE
культура,футиціональний,nonword,word,nonword,,FALSE
особливий,сдтбол,nonword,word,nonword,,FALSE
знаряддя,хвєдина,nonword,word,nonword,,FALSE
модель,хвакий,nonword,word,nonword,,FALSE
ліга,хивек,nonword,word,nonword,,FALSE
порох,хірунзія,nonword,word,nonword,,FALSE
око,хлопадк,nonword,word,nonword,,FALSE
порятунок,булодний,nonword,word,nonword,,FALSE
захоплюючий,хорозкий,nonword,word,nonword,,FALSE
пропозиція,христиноин,nonword,word,nonword,,FALSE
африка,хутрка,nonword,word,nonword,,FALSE
присутність,млинтар,nonword,word,nonword,,FALSE
рахувати,цереплальний,nonword,word,nonword,,FALSE
міцно,жаремонія,nonword,word,nonword,,FALSE
жалкий,цибурх,nonword,word,nonword,,FALSE
причіп,циублізація,nonword,word,nonword,,FALSE
стурбований,нанічний,nonword,word,nonword,,FALSE
відновлювати,циоу,nonword,word,nonword,,FALSE
аматорський,квкавий,nonword,word,nonword,,FALSE
слідувати,онна,nonword,word,nonword,,FALSE
господиня,чативний,nonword,word,nonword,,FALSE
симптом,чативник,nonword,word,nonword,,FALSE
боронити,кистка,nonword,word,nonword,,FALSE
консультація,злсто,nonword,word,nonword,,FALSE
більшість,чемпіоіст,nonword,word,nonword,,FALSE
смоктати,черениий,nonword,word,nonword,,FALSE
туалет,чеьнп,nonword,word,nonword,,FALSE
дозволяти,череайха,nonword,word,nonword,,FALSE
розтопити,чеснов,nonword,word,nonword,,FALSE
вторинний,чеснееть,nonword,word,nonword,,FALSE
враження,смсть,nonword,word,nonword,,FALSE
відставка,четверенй,nonword,word,nonword,,FALSE
дрімати,чоррн,nonword,word,nonword,,FALSE
повільний,бирний,nonword,word,nonword,,FALSE
біблія,чобари,nonword,word,nonword,,FALSE
атомний,чудогой,nonword,word,nonword,,FALSE
профіль,чудогой,nonword,word,nonword,,FALSE
спокійний,чумбй,nonword,word,nonword,,FALSE
клан,чутливно,nonword,word,nonword,,FALSE
процес,шарианське,nonword,word,nonword,,FALSE
королівський,шантмн,nonword,word,nonword,,FALSE
підводний човен,алфа,nonword,word,nonword,,FALSE
вугілля,шаечайство,nonword,word,nonword,,FALSE
сьогодні,швонкий,nonword,word,nonword,,FALSE
м'який,узидкість,nonword,word,nonword,,FALSE
століття,швечко,nonword,word,nonword,,FALSE
сліпий,шефкулир,nonword,word,nonword,,FALSE
створювати,рэйка,nonword,word,nonword,,FALSE
осел,широтай,nonword,word,nonword,,FALSE
кров,шкугу,nonword,word,nonword,,FALSE
джунглі,зданг,nonword,word,nonword,,FALSE
менеджмент,шлбi,nonword,word,nonword,,FALSE
іноді,шмочок,nonword,word,nonword,,FALSE
палець,шооблад,nonword,word,nonword,,FALSE
коледж,шопл,nonword,word,nonword,,FALSE
реклама,орриц,nonword,word,nonword,,FALSE
наречений,cлам,nonword,word,nonword,,FALSE
член,штаббиартира,nonword,word,nonword,,FALSE
стаття,шткум,nonword,word,nonword,,FALSE
кавалерія,штюзний,nonword,word,nonword,,FALSE
неприємний,сисливий,nonword,word,nonword,,FALSE
місячний,ює,nonword,word,nonword,,FALSE
інтернет,щедраж,nonword,word,nonword,,FALSE
консервативний,яб,nonword,word,nonword,,FALSE
бруд,щове,nonword,word,nonword,,FALSE
закон,щове,nonword,word,nonword,,FALSE
посольство,ідтижня,nonword,word,nonword,,FALSE
нижній,пiерний,nonword,word,nonword,,FALSE
чіп,акце,nonword,word,nonword,,FALSE
скарбниця,якубть,nonword,word,nonword,,FALSE
віскі,яскримий,nonword,word,nonword,,FALSE
страшний,ящмека,nonword,word,nonword,,FALSE
хрру,ідтижня,nonword,nonword,nonword,,FALSE
миме,ельзантний,nonword,nonword,nonword,,FALSE
экстолет,маріна,nonword,nonword,nonword,,FALSE
здрактер,лірізин,nonword,nonword,nonword,,FALSE
більнюсть,смветися,nonword,nonword,nonword,,FALSE
зоопмик,садорай,nonword,nonword,nonword,,FALSE
жеве,веджиляція,nonword,nonword,nonword,,FALSE
воонг,атр,nonword,nonword,nonword,,FALSE
пропозицнї,джульєума,nonword,nonword,nonword,,FALSE
підзоро,ковхіденційність,nonword,nonword,nonword,,FALSE
илд,оргавезувати,nonword,nonword,nonword,,FALSE
компуш,важливнать,nonword,nonword,nonword,,FALSE
стхотя,yміт,nonword,nonword,nonword,,FALSE
учмната,шооблад,nonword,nonword,nonword,,FALSE
будівечнний,доличи,nonword,nonword,nonword,,FALSE
маоля,сдтбол,nonword,nonword,nonword,,FALSE
смскний,совутина,nonword,nonword,nonword,,FALSE
ігла,прогидент,nonword,nonword,nonword,,FALSE
продхати,безважний,nonword,nonword,nonword,,FALSE
корори,окeaн,nonword,nonword,nonword,,FALSE
білли,типе,nonword,nonword,nonword,,FALSE
хотерброд,череайха,nonword,nonword,nonword,,FALSE
біктор,neору,nonword,nonword,nonword,,FALSE
володая,брланий,nonword,nonword,nonword,,FALSE
суван,протокея,nonword,nonword,nonword,,FALSE
стенс,брию,nonword,nonword,nonword,,FALSE
боробути,чеьнп,nonword,nonword,nonword,,FALSE
заступний,осльта,nonword,nonword,nonword,,FALSE
правтоа,кофлорація,nonword,nonword,nonword,,FALSE
мерёд,вікр,nonword,nonword,nonword,,FALSE
литропад,біоробітний,nonword,nonword,nonword,,FALSE
аскирин,захвораяання,nonword,nonword,nonword,,FALSE
резвивий,черениий,nonword,nonword,nonword,,FALSE
куневати,вачіина,nonword,nonword,nonword,,FALSE
шлуна,відданство,nonword,nonword,nonword,,FALSE
блчак,пионічний,nonword,nonword,nonword,,FALSE
узище,южти,nonword,nonword,nonword,,FALSE
навіавція,перьнка,nonword,nonword,nonword,,FALSE
коицеренція,придания,nonword,nonword,nonword,,FALSE
дипляж,ежий,nonword,nonword,nonword,,FALSE
пенсор,зрочувати,nonword,nonword,nonword,,FALSE
випанутий,дорло,nonword,nonword,nonword,,FALSE
джхо,удартал,nonword,nonword,nonword,,FALSE
ливчина,просней,nonword,nonword,nonword,,FALSE
домовлять,паратьрмальний,nonword,nonword,nonword,,FALSE
баллетбол,узидкість,nonword,nonword,nonword,,FALSE
пустимя,звичткний,nonword,nonword,nonword,,FALSE
баьба,прототег,nonword,nonword,nonword,,FALSE
параноna,іналй,nonword,nonword,nonword,,FALSE
відземний,кивань,nonword,nonword,nonword,,FALSE
рібар,розшкодувати,nonword,nonword,nonword,,FALSE
паов,похороский,nonword,nonword,nonword,,FALSE
госність,сніденну,nonword,nonword,nonword,,FALSE
недоклінювати,шефкулир,nonword,nonword,nonword,,FALSE
монсal,севит,nonword,nonword,nonword,,FALSE
дурія,властлк,nonword,nonword,nonword,,FALSE
астонатор,хутрка,nonword,nonword,nonword,,FALSE
прплавець,вотна,nonword,nonword,nonword,,FALSE
профарь,здатласть,nonword,nonword,nonword,,FALSE
неопасность,ходувати,nonword,nonword,nonword,,FALSE
сповосення,небезпткний,nonword,nonword,nonword,,FALSE
кометкійний,тестадання,nonword,nonword,nonword,,FALSE
предак,безвідповідданное,nonword,nonword,nonword,,FALSE
ввеальний,безмова,nonword,nonword,nonword,,FALSE
упхмтий,узберепті,nonword,nonword,nonword,,FALSE
urіншому місці,дрклина,nonword,nonword,nonword,,FALSE
ніхм,рiля,nonword,nonword,nonword,,FALSE
загичниця,свящящик,nonword,nonword,nonword,,FALSE
кляю,садятаж,nonword,nonword,nonword,,FALSE
замішати,самогиій,nonword,nonword,nonword,,FALSE
ейист,ренньний,nonword,nonword,nonword,,FALSE
транспортналізацію,помириа,nonword,nonword,nonword,,FALSE
дополодь,фантазди,nonword,nonword,nonword,,FALSE
яретитний,шарианське,nonword,nonword,nonword,,FALSE
руботися,пасит,nonword,nonword,nonword,,FALSE
оренкур,відйманість,nonword,nonword,nonword,,FALSE
лоин,сильку,nonword,nonword,nonword,,FALSE
милт,широтай,nonword,nonword,nonword,,FALSE
дріка,продуктивнойть,nonword,nonword,nonword,,FALSE
сеоваційний,винансовий,nonword,nonword,nonword,,FALSE
стандартерй,палужи,nonword,nonword,nonword,,FALSE
нелновий,чиажаючий,nonword,nonword,nonword,,FALSE
уєтелик,технама,nonword,nonword,nonword,,FALSE
аздний,наваа,nonword,nonword,nonword,,FALSE
инні,пугатий,nonword,nonword,nonword,,FALSE
піадік,аккунт,nonword,nonword,nonword,,FALSE
касиль,емніс,nonword,nonword,nonword,,FALSE
фенцер,фізитиий,nonword,nonword,nonword,,FALSE
діарог,миасле,nonword,nonword,nonword,,FALSE
адміністенція,квкавий,nonword,nonword,nonword,,FALSE
тихоокажнський,підприємних,nonword,nonword,nonword,,FALSE
міраць,стязь,nonword,nonword,nonword,,FALSE
надонтаження,атля,nonword,nonword,nonword,,FALSE
фмякий,диактися,nonword,nonword,nonword,,FALSE
зервя,роздозування,nonword,nonword,nonword,,FALSE
столент,притенок,nonword,nonword,nonword,,FALSE
єписрет,ркінь,nonword,nonword,nonword,,FALSE
веньа,шальний,nonword,nonword,nonword,,FALSE
експерервна,спх,nonword,nonword,nonword,,FALSE
матеття,яб,nonword,nonword,nonword,,FALSE
аналітті,зовати,nonword,nonword,nonword,,FALSE
еркровення,тонетий,nonword,nonword,nonword,,FALSE
суціта,свис,nonword,nonword,nonword,,FALSE
гояно,умтор,nonword,nonword,nonword,,FALSE
гарашкія,чехід,nonword,nonword,nonword,,FALSE
кнелок,емшнійний,nonword,nonword,nonword,,FALSE
каогавал,редити,nonword,nonword,nonword,,FALSE
горівати,підкредитувати,nonword,nonword,nonword,,FALSE
діорсь,алугі,nonword,nonword,nonword,,FALSE
иальце,ворибок,nonword,nonword,nonword,,FALSE
критенний,виропоицтво,nonword,nonword,nonword,,FALSE
клед,твдність,nonword,nonword,nonword,,FALSE
неправедместь,ліпшруч,nonword,nonword,nonword,,FALSE
могиль,атмосекла,nonword,nonword,nonword,,FALSE
медивуий,оцініц,nonword,nonword,nonword,,FALSE
вуаткий,вигах,nonword,nonword,nonword,,FALSE
лий,співкрити,nonword,nonword,nonword,,FALSE
вусло,поначник,nonword,nonword,nonword,,FALSE
свобкса,конставився,nonword,nonword,nonword,,FALSE
мплерея,дофора,nonword,nonword,nonword,,FALSE
роріт,жалий,nonword,nonword,nonword,,FALSE
порутитися,трчнутник,nonword,nonword,nonword,,FALSE
галущо,поратяа,nonword,nonword,nonword,,FALSE
платфозка,грйза,nonword,nonword,nonword,,FALSE
обозкт,продовимвати,nonword,nonword,nonword,,FALSE
старосй,парастан,nonword,nonword,nonword,,FALSE
онг,поконюка,nonword,nonword,nonword,,FALSE
камеам,струися,nonword,nonword,nonword,,FALSE
термювал,ордадувати,nonword,nonword,nonword,,FALSE
здоровжб,величкй,nonword,nonword,nonword,,FALSE
ричний,кайтинал,nonword,nonword,nonword,,FALSE
термуловий,грйза,nonword,nonword,nonword,,FALSE
голдвка,почуий,nonword,nonword,nonword,,FALSE
пойтязувати,жорсавкий,nonword,nonword,nonword,,FALSE
надичений,обви,nonword,nonword,nonword,,FALSE
поупо,ювавець,nonword,nonword,nonword,,FALSE
привмрей,судовийпробуем,nonword,nonword,nonword,,FALSE
ніконн,схерний,nonword,nonword,nonword,,FALSE
злстота,унршальний,nonword,nonword,nonword,,FALSE
кварити,поєдовник,nonword,nonword,nonword,,FALSE
оптищестичний,світанут,nonword,nonword,nonword,,FALSE
вістість,офув,nonword,nonword,nonword,,FALSE
ланциx,психологроний,nonword,nonword,nonword,,FALSE
ідпу,піддрукувати,nonword,nonword,nonword,,FALSE
ентузіхам,турбана,nonword,nonword,nonword,,FALSE
понадка,говолка,nonword,nonword,nonword,,FALSE
тлілей,почуий,nonword,nonword,nonword,,FALSE
злері,живоюєс,nonword,nonword,nonword,,FALSE
дорози,прплавати,nonword,nonword,nonword,,FALSE
дукань,отно,nonword,nonword,nonword,,FALSE
коатнія,пільк,nonword,nonword,nonword,,FALSE
відвторювати,багаєштво,nonword,nonword,nonword,,FALSE
даитик,тягншки,nonword,nonword,nonword,,FALSE
ьор,помая,nonword,nonword,nonword,,FALSE
нецьавильний,журний,nonword,nonword,nonword,,FALSE
еклин,загодкатися,nonword,nonword,nonword,,FALSE
завостити,крквити,nonword,nonword,nonword,,FALSE
здобои,романтенний,nonword,nonword,nonword,,FALSE
викрадцаи,янкати,nonword,nonword,nonword,,FALSE
наодний,повітворення,nonword,nonword,nonword,,FALSE
чартувати,виерик,nonword,nonword,nonword,,FALSE
мистмство,питт,nonword,nonword,nonword,,FALSE
ціалий,пирою,nonword,nonword,nonword,,FALSE
столітив,сревидно,nonword,nonword,nonword,,FALSE
банкта,дісло,nonword,nonword,nonword,,FALSE
бами,пордка,nonword,nonword,nonword,,FALSE
хляж,щове,nonword,nonword,nonword,,FALSE
піежа,бороят,nonword,nonword,nonword,,FALSE
севк,утьсмувати,nonword,nonword,nonword,,FALSE
захонцюватися,сувотник,nonword,nonword,nonword,,FALSE
коропоа,насмчена,nonword,nonword,nonword,,FALSE
аррой,цибурх,nonword,nonword,nonword,,FALSE
губерницор,делб,nonword,nonword,nonword,,FALSE
королере,алфа,nonword,nonword,nonword,,FALSE
виграф,втаса,nonword,nonword,nonword,,FALSE
слуго,сковдал,nonword,nonword,nonword,,FALSE
носиально,естування,nonword,nonword,nonword,,FALSE
гущек,шкугу,nonword,nonword,nonword,,FALSE
ржх,адот,nonword,nonword,nonword,,FALSE
мовчийний,полецфою,nonword,nonword,nonword,,FALSE
фрнумент,грлі,nonword,nonword,nonword,,FALSE
коиберт,вантаженка,nonword,nonword,nonword,,FALSE
таорівниця,капляйя,nonword,nonword,nonword,,FALSE
слрчати,підкредитувати,nonword,nonword,nonword,,FALSE
ствоговати,чативний,nonword,nonword,nonword,,FALSE
мокрький,хивек,nonword,nonword,nonword,,FALSE
паенц,швонкий,nonword,nonword,nonword,,FALSE
люлена,вірналіст,nonword,nonword,nonword,,FALSE
шейдок,підвёл,nonword,nonword,nonword,,FALSE
статко,коровавство,nonword,nonword,nonword,,FALSE
надивні,щове,nonword,nonword,nonword,,FALSE
міарий,лайнування,nonword,nonword,nonword,,FALSE
штовійти,куанн,nonword,nonword,nonword,,FALSE
рекокандувати,шопл,nonword,nonword,nonword,,FALSE
кооясний,парфьни,nonword,nonword,nonword,,FALSE
туфлір,періря,nonword,nonword,nonword,,FALSE
язтивний,семотор,nonword,nonword,nonword,,FALSE
адтати,мількуд,nonword,nonword,nonword,,FALSE
сержитт,виїда,nonword,nonword,nonword,,FALSE
психроний,пожертневання,nonword,nonword,nonword,,FALSE
теісіння,перебачав,nonword,nonword,nonword,,FALSE
шочю,закритич,nonword,nonword,nonword,,FALSE
міормальний,міекс,nonword,nonword,nonword,,FALSE
інтуація,приєіший,nonword,nonword,nonword,,FALSE
лоар,потувати,nonword,nonword,nonword,,FALSE
потерсіал,стюблення,nonword,nonword,nonword,,FALSE
фоерезий,вбившиво,nonword,nonword,nonword,,FALSE
дйб,безпространял,nonword,nonword,nonword,,FALSE
стяла,ейл,nonword,nonword,nonword,,FALSE
мінечний,огидайй,nonword,nonword,nonword,,FALSE
рахер,корожк,nonword,nonword,nonword,,FALSE
особповий,досягати спіхом,nonword,nonword,nonword,,FALSE
гертальний,злочсиність,nonword,nonword,nonword,,FALSE
сврший,далене,nonword,nonword,nonword,,FALSE
дисзвичайно,жіновуй,nonword,nonword,nonword,,FALSE
зобьі,тові,nonword,nonword,nonword,,FALSE
корабезп,наспівати,nonword,nonword,nonword,,FALSE
нейб,дски,nonword,nonword,nonword,,FALSE
roкціон,дрve,nonword,nonword,nonword,,FALSE
круж,халий,nonword,nonword,nonword,,FALSE
віртр,прохоронних,nonword,nonword,nonword,,FALSE
звes,вироджяти,nonword,nonword,nonword,,FALSE
гапечий,ідміт,nonword,nonword,nonword,,FALSE
інходент,домовляв,nonword,nonword,nonword,,FALSE
бюзует,дослерник,nonword,nonword,nonword,,FALSE
спишниця,вітайлн,nonword,nonword,nonword,,FALSE
необисдний,ідакувати,nonword,nonword,nonword,,FALSE
трпией,маль,nonword,nonword,nonword,,FALSE
втрігніння,доїхобачення,nonword,nonword,nonword,,FALSE
короіе,мрди,nonword,nonword,nonword,,FALSE
догодар,ривовна,nonword,nonword,nonword,,FALSE
заповідйди,боробуся,nonword,nonword,nonword,,FALSE
технланий,довжньа,nonword,nonword,nonword,,FALSE
пожалярний,імпетия,nonword,nonword,nonword,,FALSE
джбіглі,cлам,nonword,nonword,nonword,,FALSE
телестана,пресайл,nonword,nonword,nonword,,FALSE
відносном,думо,nonword,nonword,nonword,,FALSE
встанаяти,легеица,nonword,nonword,nonword,,FALSE
впкав,бирний,nonword,nonword,nonword,,FALSE
літи,чёт,nonword,nonword,nonword,,FALSE
наспівати,висяати,nonword,nonword,nonword,,FALSE
исчний,звілймення,nonword,nonword,nonword,,FALSE
цигілля,вигахнути,nonword,nonword,nonword,,FALSE
гиперський,скоружувати,nonword,nonword,nonword,,FALSE
чусик,обоврюзок,nonword,nonword,nonword,,FALSE
усхдх,розтворити,nonword,nonword,nonword,,FALSE
кориво,лекцнї,nonword,nonword,nonword,,FALSE
ьцщ,відною,nonword,nonword,nonword,,FALSE
учстка,объеворення,nonword,nonword,nonword,,FALSE
командувпя,величеячий,nonword,nonword,nonword,,FALSE
кауглер,залиісти,nonword,nonword,nonword,,FALSE
попріда,письмексик,nonword,nonword,nonword,,FALSE
інсмертна,гальий,nonword,nonword,nonword,,FALSE
maга,сагут,nonword,nonword,nonword,,FALSE
півмінних,зарут,nonword,nonword,nonword,,FALSE
мільтенер,чеи,nonword,nonword,nonword,,FALSE
увкіність,профстійний,nonword,nonword,nonword,,FALSE
проагент,айлимок,nonword,nonword,nonword,,FALSE
млях,задичати,nonword,nonword,nonword,,FALSE
хворех,интара,nonword,nonword,nonword,,FALSE
лікааля,обіцуговування,nonword,nonword,nonword,,FALSE
пломе,акце,nonword,nonword,nonword,,FALSE
вістра,пожатичний,nonword,nonword,nonword,,FALSE
райром,поантика,nonword,nonword,nonword,,FALSE
тред,опівіяі,nonword,nonword,nonword,,FALSE
коментей,виерим,nonword,nonword,nonword,,FALSE
забуд,тко,nonword,nonword,nonword,,FALSE
сіійник,cвдити,nonword,nonword,nonword,,FALSE
неграфія,орчита,nonword,nonword,nonword,,FALSE
англійськашвова,аварби,nonword,nonword,nonword,,FALSE
моших,дегресує,nonword,nonword,nonword,,FALSE
цемесу,монастзо,nonword,nonword,nonword,,FALSE
лош,полівоення,nonword,nonword,nonword,,FALSE
хоун,універкатет,nonword,nonword,nonword,,FALSE
кампанце,елековика,nonword,nonword,nonword,,FALSE
катній,бездовий,nonword,nonword,nonword,,FALSE
чудодай,булодний,nonword,nonword,nonword,,FALSE
сексмільний,елвлент,nonword,nonword,nonword,,FALSE
пракнька,телерін,nonword,nonword,nonword,,FALSE
консультурія,витротати,nonword,nonword,nonword,,FALSE
митель,піиея,nonword,nonword,nonword,,FALSE
тап,рсо,nonword,nonword,nonword,,FALSE
запитатья,евання,nonword,nonword,nonword,,FALSE
проковтніши,шткум,nonword,nonword,nonword,,FALSE
брланий,симвпу,nonword,nonword,nonword,,FALSE
опцяночі,десяейліття,nonword,nonword,nonword,,FALSE
шкєва,одбстер,nonword,nonword,nonword,,FALSE
плїй,куртац,nonword,nonword,nonword,,FALSE
хіхая,слмна,nonword,nonword,nonword,,FALSE
зайнволення,мaект,nonword,nonword,nonword,,FALSE
благорівний,тородження,nonword,nonword,nonword,,FALSE
ірна,коимерт,nonword,nonword,nonword,,FALSE
раждта,жилий,nonword,nonword,nonword,,FALSE
недвигаемся,сидіра,nonword,nonword,nonword,,FALSE
зосерештувати,клеива,nonword,nonword,nonword,,FALSE
компосмент,рухоа,nonword,nonword,nonword,,FALSE
заслововувати,осялистість,nonword,nonword,nonword,,FALSE
полінька,стших,nonword,nonword,nonword,,FALSE
почевитися,нещавія,nonword,nonword,nonword,,FALSE
доневі,витад,nonword,nonword,nonword,,FALSE
клвк,радян,nonword,nonword,nonword,,FALSE
ваюснгтон,манізалювати,nonword,nonword,nonword,,FALSE
убивін,ризикант,nonword,nonword,nonword,,FALSE
анатомди,руетик,nonword,nonword,nonword,,FALSE
блігоднїність,міжня,nonword,nonword,nonword,,FALSE
втортоний,теорди,nonword,nonword,nonword,,FALSE
кржолий,смиртя,nonword,nonword,nonword,,FALSE
технутогія,роззван,nonword,nonword,nonword,,FALSE
слугник,легоенант,nonword,nonword,nonword,,FALSE
страціий,адот,nonword,nonword,nonword,,FALSE
яб,ресуння,nonword,nonword,nonword,,FALSE
пайтр,неукдавно,nonword,nonword,nonword,,FALSE
тюврн,трулиційний,nonword,nonword,nonword,,FALSE
тремер,жорстолпсть,nonword,nonword,nonword,,FALSE
верекань,циублізація,nonword,nonword,nonword,,FALSE
ерел,затонник,nonword,nonword,nonword,,FALSE
кргіна,сильку,nonword,nonword,nonword,,FALSE
герочка,злсто,nonword,nonword,nonword,,FALSE
ушкор,роздавивати,nonword,nonword,nonword,,FALSE
собазо,навмиску,nonword,nonword,nonword,,FALSE
подсорвативний,повеахатися,nonword,nonword,nonword,,FALSE
дохна,дочнор,nonword,nonword,nonword,,FALSE
ростта,помириовий,nonword,nonword,nonword,,FALSE
кандидеш,монастзо,nonword,nonword,nonword,,FALSE
антихшт,мінінор,nonword,nonword,nonword,,FALSE
тунепр,сигати,nonword,nonword,nonword,,FALSE
фліційно,кражка,nonword,nonword,nonword,,FALSE
рознесення,моловнк,nonword,nonword,nonword,,FALSE
кечка,метанувий,nonword,nonword,nonword,,FALSE
фусу,сигналграція,nonword,nonword,nonword,,FALSE
прнсий,вчена,nonword,nonword,nonword,,FALSE
зачен,млинтар,nonword,nonword,nonword,,FALSE
випроти,почнійний,nonword,nonword,nonword,,FALSE
стобрення,загаррм,nonword,nonword,nonword,,FALSE
інтерной,таблочка,nonword,nonword,nonword,,FALSE
арнератор,тивністю,nonword,nonword,nonword,,FALSE
докопність,нормалский,nonword,nonword,nonword,,FALSE
відткнень,півмовний,nonword,nonword,nonword,,FALSE
піито,бртаун,nonword,nonword,nonword,,FALSE
клгвина,посправедливість,nonword,nonword,nonword,,FALSE
паножирський,ящмека,nonword,nonword,nonword,,FALSE
девий,ишнь,nonword,nonword,nonword,,FALSE
підздоровий,стратервя,nonword,nonword,nonword,,FALSE
горбувати,реалектичний,nonword,nonword,nonword,,FALSE
хапара,полутця,nonword,nonword,nonword,,FALSE
челити,рем,nonword,nonword,nonword,,FALSE
всдевіт,юкомка,nonword,nonword,nonword,,FALSE
фаже,віетило,nonword,nonword,nonword,,FALSE
суьфй,злері,nonword,nonword,nonword,,FALSE
жеагання,лoи,nonword,nonword,nonword,,FALSE
татускання,евання,nonword,nonword,nonword,,FALSE
иналет,коясентрат,nonword,nonword,nonword,,FALSE
розмовини,довитковий,nonword,nonword,nonword,,FALSE
латеа,обпожати,nonword,nonword,nonword,,FALSE
тканійа,слжна,nonword,nonword,nonword,,FALSE
невиприй,мойкль,nonword,nonword,nonword,,FALSE
можеасути,кареталізм,nonword,nonword,nonword,,FALSE
капсжка,дурнул,nonword,nonword,nonword,,FALSE
співсунути,вампбе,nonword,nonword,nonword,,FALSE
хоквально,беней,nonword,nonword,nonword,,FALSE
ненавимаь,бородро,nonword,nonword,nonword,,FALSE
віінс,стноь,nonword,nonword,nonword,,FALSE
розступить,туєтн,nonword,nonword,nonword,,FALSE
омстинкт,рінто,nonword,nonword,nonword,,FALSE
ранкий,поизниця,nonword,nonword,nonword,,FALSE
стоїбований,припьнення,nonword,nonword,nonword,,FALSE
мйен,відтворяться,nonword,nonword,nonword,,FALSE
мереяю,дисзвичайний,nonword,nonword,nonword,,FALSE
тираф,подети,nonword,nonword,nonword,,FALSE
збілтрити,онсоити,nonword,nonword,nonword,,FALSE
чистсь,продкбт,nonword,nonword,nonword,,FALSE
пошах,іннекція,nonword,nonword,nonword,,FALSE
вицар,мізек,nonword,nonword,nonword,,FALSE
итриф,меin,nonword,nonword,nonword,,FALSE
тоно,онна,nonword,nonword,nonword,,FALSE
просує,смгений,nonword,nonword,nonword,,FALSE
пелюгідний,фінаудування,nonword,nonword,nonword,,FALSE
реабональний,бегрен,nonword,nonword,nonword,,FALSE
тисяиш,хорозкий,nonword,nonword,nonword,,FALSE
усова,меркль,nonword,nonword,nonword,,FALSE
раітик,пеоринний,nonword,nonword,nonword,,FALSE
репоувати,зданг,nonword,nonword,nonword,,FALSE
фіяльність,інвестадати,nonword,nonword,nonword,,FALSE
ирюзія,роззвимо,nonword,nonword,nonword,,FALSE
осюристий,моккання,nonword,nonword,nonword,,FALSE
тераббя,мунбй,nonword,nonword,nonword,,FALSE
лотна,рэйка,nonword,nonword,nonword,,FALSE
силка,швечко,nonword,nonword,nonword,,FALSE
перекодую,прокабор,nonword,nonword,nonword,,FALSE
пованоння,параїнтр,nonword,nonword,nonword,,FALSE
шарэ,злвaмисник,nonword,nonword,nonword,,FALSE
баьна,держзла,nonword,nonword,nonword,,FALSE
пристачання,вистачання,nonword,nonword,nonword,,FALSE
натом,мікриєон,nonword,nonword,nonword,,FALSE
гуще,ояж,nonword,nonword,nonword,,FALSE
загарнний,м'їс,nonword,nonword,nonword,,FALSE
виправнати,вчорий,nonword,nonword,nonword,,FALSE
образлвність,спокманий,nonword,nonword,nonword,,FALSE
плжча,капе,nonword,nonword,nonword,,FALSE
католиччкий,верхжил,nonword,nonword,nonword,,FALSE
фозка,уба,nonword,nonword,nonword,,FALSE
винишпути,стводання,nonword,nonword,nonword,,FALSE
масл,відчувавати,nonword,nonword,nonword,,FALSE
сьогодер,овецький,nonword,nonword,nonword,,FALSE
сткх,ковдяк,nonword,nonword,nonword,,FALSE
іронст,чудогой,nonword,nonword,nonword,,FALSE
інмні,валією,nonword,nonword,nonword,,FALSE
тетот,радіозь,nonword,nonword,nonword,,FALSE
загарнний,побідок,nonword,nonword,nonword,,FALSE
покаразо,легков,nonword,nonword,nonword,,FALSE
кірокість,ничення,nonword,nonword,nonword,,FALSE
телепсон,томозумілість,nonword,nonword,nonword,,FALSE
таваиця,знтонення,nonword,nonword,nonword,,FALSE
поневалок,жахливно,nonword,nonword,nonword,,FALSE
перегадати,адтоналін,nonword,nonword,nonword,,FALSE
заваноти,постання,nonword,nonword,nonword,,FALSE
клтуан,опіт,nonword,nonword,nonword,,FALSE
тагер,оренандавець,nonword,nonword,nonword,,FALSE
лупит,маранез,nonword,nonword,nonword,,FALSE
наромаення,милосепья,nonword,nonword,nonword,,FALSE
копадк,коштовоксть,nonword,nonword,nonword,,FALSE
пандць,статєї,nonword,nonword,nonword,,FALSE
молв,отвотати,nonword,nonword,nonword,,FALSE
єдвгий,викладпя,nonword,nonword,nonword,,FALSE
гаратч,сомб,nonword,nonword,nonword,,FALSE
експиши,удбний,nonword,nonword,nonword,,FALSE
подалений,брию,nonword,nonword,nonword,,FALSE
чаодій,гонала,nonword,nonword,nonword,,FALSE
лезеон,есняк,nonword,nonword,nonword,,FALSE
танкі,кажитан,nonword,nonword,nonword,,FALSE
стритуний,спасйті,nonword,nonword,nonword,,FALSE
привсаний,закіорити,nonword,nonword,nonword,,FALSE
запробовувати,передомі,nonword,nonword,nonword,,FALSE
розшёл,небеолека,nonword,nonword,nonword,,FALSE
викрадпя,таласу,nonword,nonword,nonword,,FALSE
секрцений,кояянець,nonword,nonword,nonword,,FALSE
рло,зок,nonword,nonword,nonword,,FALSE
спадеена,целюгідний,nonword,nonword,nonword,,FALSE
нимса,інформерія,nonword,nonword,nonword,,FALSE
долиід,вудк,nonword,nonword,nonword,,FALSE
іновнер,штаббиартира,nonword,nonword,nonword,,FALSE
фотор,опімент,nonword,nonword,nonword,,FALSE
мівже,патік,nonword,nonword,nonword,,FALSE
фізка,францусский,nonword,nonword,nonword,,FALSE
ураглі,думксть,nonword,nonword,nonword,,FALSE
сукриття,теіший,nonword,nonword,nonword,,FALSE
нагнанці,авма,nonword,nonword,nonword,,FALSE
раділк,паспіст,nonword,nonword,nonword,,FALSE
міве,нанічний,nonword,nonword,nonword,,FALSE
тавш,свгая,nonword,nonword,nonword,,FALSE
счсолютно,літавання,nonword,nonword,nonword,,FALSE
симпьюм,сікея,nonword,nonword,nonword,,FALSE
ексграмне забезпечення,ремога,nonword,nonword,nonword,,FALSE
незаконная,ояти,nonword,nonword,nonword,,FALSE
ект,туча,nonword,nonword,nonword,,FALSE
сляд,ислот,nonword,nonword,nonword,,FALSE
незрсений,грснувати,nonword,nonword,nonword,,FALSE
закунта,монтлa,nonword,nonword,nonword,,FALSE
нітер,проповорь,nonword,nonword,nonword,,FALSE
пагоамент,процедода,nonword,nonword,nonword,,FALSE
акизько,фургво,nonword,nonword,nonword,,FALSE
молохи,теленичення,nonword,nonword,nonword,,FALSE
спраконій,неберёий,nonword,nonword,nonword,,FALSE
дорослін,написакся,nonword,nonword,nonword,,FALSE
зрлометр,шук,nonword,nonword,nonword,,FALSE
моловуий,урнщ,nonword,nonword,nonword,,FALSE
помнтивний,пландрання,nonword,nonword,nonword,,FALSE
нахалення,нестатній,nonword,nonword,nonword,,FALSE
зологій,даема,nonword,nonword,nonword,,FALSE
киша,детермарація,nonword,nonword,nonword,,FALSE
тилька,племюзник,nonword,nonword,nonword,,FALSE
докаря,комайб,nonword,nonword,nonword,,FALSE
юрисдишнія,запичивання,nonword,nonword,nonword,,FALSE
різдeбний,штюзний,nonword,nonword,nonword,,FALSE
онлa,систада,nonword,nonword,nonword,,FALSE
маихітний,жоцний,nonword,nonword,nonword,,FALSE
пірагоький,поменни,nonword,nonword,nonword,,FALSE
стракеати,наирилати,nonword,nonword,nonword,,FALSE
потерсіал,баатко,nonword,nonword,nonword,,FALSE
окулкви,вмеркало,nonword,nonword,nonword,,FALSE
закошати,трагланий,nonword,nonword,nonword,,FALSE
плірний,мотуиса,nonword,nonword,nonword,,FALSE
ердіння,дрозній,nonword,nonword,nonword,,FALSE
піддеш,люолький,nonword,nonword,nonword,,FALSE
тебpий,cтдиторія,nonword,nonword,nonword,,FALSE
трютер,марити,nonword,nonword,nonword,,FALSE
яштон,хвакий,nonword,nonword,nonword,,FALSE
іслений,боєїстичний,nonword,nonword,nonword,,FALSE
нджавий,винилевач,nonword,nonword,nonword,,FALSE
коровавський,нарости,nonword,nonword,nonword,,FALSE
погольний,чоррн,nonword,nonword,nonword,,FALSE
прибави,ндрілка,nonword,nonword,nonword,,FALSE
середовиог,лірити,nonword,nonword,nonword,,FALSE
печаріа,ванновкімната,nonword,nonword,nonword,,FALSE
баанівський,арейтектор,nonword,nonword,nonword,,FALSE
кошмрд,переношень,nonword,nonword,nonword,,FALSE
змлла,взутро,nonword,nonword,nonword,,FALSE
сишьт,відності,nonword,nonword,nonword,,FALSE
розника,союче,nonword,nonword,nonword,,FALSE
біaція,переголошувати,nonword,nonword,nonword,,FALSE
візоа,привощати,nonword,nonword,nonword,,FALSE
гордйо,фотознания,nonword,nonword,nonword,,FALSE
нагнанні,вптива,nonword,nonword,nonword,,FALSE
щестити,снрх,nonword,nonword,nonword,,FALSE
чик,ьpяний,nonword,nonword,nonword,,FALSE
ратавати,магасан,nonword,nonword,nonword,,FALSE
швидка дащомога,вистти,nonword,nonword,nonword,,FALSE
нісщ,нещавія,nonword,nonword,nonword,,FALSE
свинтра,розвонит,nonword,nonword,nonword,,FALSE
мулкий,квзіка,nonword,nonword,nonword,,FALSE
капсжка,ствo,nonword,nonword,nonword,,FALSE
роздому,кролів,nonword,nonword,nonword,,FALSE
перечуження,анс,nonword,nonword,nonword,,FALSE
рарго,спалайя,nonword,nonword,nonword,,FALSE
віднали,легков,nonword,nonword,nonword,,FALSE
ьдб,язтивувати,nonword,nonword,nonword,,FALSE
безмова,міністердиво,nonword,nonword,nonword,,FALSE
подлг,сожр,nonword,nonword,nonword,,FALSE
натоональний,прородити,nonword,nonword,nonword,,FALSE
крлити,бататийон,nonword,nonword,nonword,,FALSE
аднець,чеснов,nonword,nonword,nonword,,FALSE
придвійний,офміністративний,nonword,nonword,nonword,,FALSE
оправдання,ростта,nonword,nonword,nonword,,FALSE
дейкрт,знесодження,nonword,nonword,nonword,,FALSE
контйпт,льун,nonword,nonword,nonword,,FALSE
неросний,смсть,nonword,nonword,nonword,,FALSE
майбежнє,м'ґпо,nonword,nonword,nonword,,FALSE
відвчився,перемов,nonword,nonword,nonword,,FALSE
псевбінім,слабовй,nonword,nonword,nonword,,FALSE
вірґо,коклок,nonword,nonword,nonword,,FALSE
акита,орна,nonword,nonword,nonword,,FALSE
полофіна,прбт,nonword,nonword,nonword,,FALSE
стадорн,підрозпрос,nonword,nonword,nonword,,FALSE
спєбатку,шуіційний,nonword,nonword,nonword,,FALSE
пршлення,гріпі,nonword,nonword,nonword,,FALSE
винорозмтво,дицивижний,nonword,nonword,nonword,,FALSE
перекопе,потвортай,nonword,nonword,nonword,,FALSE
поцісонок,перешкодувати,nonword,nonword,nonword,,FALSE
спокманий,досталла,nonword,nonword,nonword,,FALSE
ледоити,коивна,nonword,nonword,nonword,,FALSE
рекоар,увбiзнений,nonword,nonword,nonword,,FALSE
жирівництво,антиіз,nonword,nonword,nonword,,FALSE
судомой,настр,nonword,nonword,nonword,,FALSE
цезгва,таміш,nonword,nonword,nonword,,FALSE
прининити,крстінальний,nonword,nonword,nonword,,FALSE
лмч,минд,nonword,nonword,nonword,,FALSE
сумнюдатися,поклучати,nonword,nonword,nonword,,FALSE
подані,вклювати,nonword,nonword,nonword,,FALSE
кіучний,тольний,nonword,nonword,nonword,,FALSE
дослвиження,жухвал,nonword,nonword,nonword,,FALSE
піка,чемпіоіст,nonword,nonword,nonword,,FALSE
калок,наніоло,nonword,nonword,nonword,,FALSE
рожчина,грїти,nonword,nonword,nonword,,FALSE
отвiта,зусталь,nonword,nonword,nonword,,FALSE
одинтиний,клуличний,nonword,nonword,nonword,,FALSE
покл,шантмн,nonword,nonword,nonword,,FALSE
природку,випулиник,nonword,nonword,nonword,,FALSE
найтс,вкирувати,nonword,nonword,nonword,,FALSE
іналй,супровождается,nonword,nonword,nonword,,FALSE
трйвина,молоящий,nonword,nonword,nonword,,FALSE
мерг,бoв,nonword,nonword,nonword,,FALSE
ніонт,непадковувати,nonword,nonword,nonword,,FALSE
величкй,кравтяка,nonword,nonword,nonword,,FALSE
маст,винькість,nonword,nonword,nonword,,FALSE
соажат,дйективний,nonword,nonword,nonword,,FALSE
поясувння,меть,nonword,nonword,nonword,,FALSE
натомі,пердо,nonword,nonword,nonword,,FALSE
кне,солдчний,nonword,nonword,nonword,,FALSE
еслий,родотник,nonword,nonword,nonword,,FALSE
экодити,кажалюх,nonword,nonword,nonword,,FALSE
дубо,базультат,nonword,nonword,nonword,,FALSE
червикь,фінаудування,nonword,nonword,nonword,,FALSE
пагоуя,аровлерія,nonword,nonword,nonword,,FALSE
палиін,заморопивати,nonword,nonword,nonword,,FALSE
жухвалістика,модіін,nonword,nonword,nonword,,FALSE
базультат,волюй,nonword,nonword,nonword,,FALSE
геена,позут,nonword,nonword,nonword,,FALSE
гостданість,кнїда,nonword,nonword,nonword,,FALSE
ідомний,пристршать,nonword,nonword,nonword,,FALSE
пoвільний,випикий,nonword,nonword,nonword,,FALSE
вечіідь,моторобаий,nonword,nonword,nonword,,FALSE
ретертер,погація,nonword,nonword,nonword,,FALSE
оригадальний,голомівати,nonword,nonword,nonword,,FALSE
дусна,ппивця,nonword,nonword,nonword,,FALSE
балкн,підїздок,nonword,nonword,nonword,,FALSE
пхн,заїта,nonword,nonword,nonword,,FALSE
аналогроний,паробу,nonword,nonword,nonword,,FALSE
квитит,плдука,nonword,nonword,nonword,,FALSE
цем,жаремонія,nonword,nonword,nonword,,FALSE
прткий,літепитура,nonword,nonword,nonword,,FALSE
піддружка,наpеаки,nonword,nonword,nonword,,FALSE
сбрург,картирь,nonword,nonword,nonword,,FALSE
прутом,місцяний,nonword,nonword,nonword,,FALSE
кисник,інкс,nonword,nonword,nonword,,FALSE
чоловірей,гасота,nonword,nonword,nonword,,FALSE
відстоки,прол,nonword,nonword,nonword,,FALSE
авшеня,вагіршість,nonword,nonword,nonword,,FALSE
ефф,піхоолет,nonword,nonword,nonword,,FALSE
джщт,подтабування,nonword,nonword,nonword,,FALSE
підпорядження,шлбi,nonword,nonword,nonword,,FALSE
напекати,учав,nonword,nonword,nonword,,FALSE
лізл,динайгт,nonword,nonword,nonword,,FALSE
рормо,звсб,nonword,nonword,nonword,,FALSE
бібліоадка,авдний,nonword,nonword,nonword,,FALSE
слязувати,провей,nonword,nonword,nonword,,FALSE
адіціант,винка,nonword,nonword,nonword,,FALSE
ажейбой,роч,nonword,nonword,nonword,,FALSE
непритомніла,малаимальний,nonword,nonword,nonword,,FALSE
дисприродливий,речнтація,nonword,nonword,nonword,,FALSE
риьс,суфпя,nonword,nonword,nonword,,FALSE
сказіви,лизапе,nonword,nonword,nonword,,FALSE
сттiм,чативник,nonword,nonword,nonword,,FALSE
снітки,боректор,nonword,nonword,nonword,,FALSE
читатья,ліндр,nonword,nonword,nonword,,FALSE
вартизть,вилаховий,nonword,nonword,nonword,,FALSE
теяго,крдра,nonword,nonword,nonword,,FALSE
ковічневий,боджон,nonword,nonword,nonword,,FALSE
дрброн,рівнквірний,nonword,nonword,nonword,,FALSE
прибратя,грює,nonword,nonword,nonword,,FALSE
дролий,вораевий,nonword,nonword,nonword,,FALSE
кандтал,сропло,nonword,nonword,nonword,,FALSE
кадом,поездор,nonword,nonword,nonword,,FALSE
фaрика,муечка,nonword,nonword,nonword,,FALSE
кащена,спровї,nonword,nonword,nonword,,FALSE
скп,графчая,nonword,nonword,nonword,,FALSE
албуз,копіойський,nonword,nonword,nonword,,FALSE
блиссовка,объеянка,nonword,nonword,nonword,,FALSE
авдихати,офіціантех,nonword,nonword,nonword,,FALSE
жирівник,добровжиьно,nonword,nonword,nonword,,FALSE
забухг,христиноин,nonword,nonword,nonword,,FALSE
дрбкати,правилский,nonword,nonword,nonword,,FALSE
моолла,боцивільний,nonword,nonword,nonword,,FALSE
ведько,мікропсон,nonword,nonword,nonword,,FALSE
ваєвий,рожнтель,nonword,nonword,nonword,,FALSE
облаккання,мітко,nonword,nonword,nonword,,FALSE
накая,ватiль,nonword,nonword,nonword,,FALSE
зарїйди,сперика,nonword,nonword,nonword,,FALSE
подаа,дитижнтво,nonword,nonword,nonword,,FALSE
винансово,рухоа,nonword,nonword,nonword,,FALSE
однограф,паклан,nonword,nonword,nonword,,FALSE
спокочно,тус,nonword,nonword,nonword,,FALSE
жамн,срікувати,nonword,nonword,nonword,,FALSE
падний,ндріжка,nonword,nonword,nonword,,FALSE
ціравляти,простана,nonword,nonword,nonword,,FALSE
комаятування,стечь,nonword,nonword,nonword,,FALSE
счент,профина,nonword,nonword,nonword,,FALSE
помириа,важливно,nonword,nonword,nonword,,FALSE
джергао,спаглаті,nonword,nonword,nonword,,FALSE
маста,озвати,nonword,nonword,nonword,,FALSE
поощал,дістиваль,nonword,nonword,nonword,,FALSE
старос,глежальний,nonword,nonword,nonword,,FALSE
воутальний,демонстревія,nonword,nonword,nonword,,FALSE
ердіння,тебити,nonword,nonword,nonword,,FALSE
дюолюція,рговатися,nonword,nonword,nonword,,FALSE
кечтуп,триі,nonword,nonword,nonword,,FALSE
злрівність,гамаршць,nonword,nonword,nonword,,FALSE
сюрпецi,спаркування,nonword,nonword,nonword,,FALSE
скаріф,справедлчність,nonword,nonword,nonword,,FALSE
відсічний,весірия,nonword,nonword,nonword,,FALSE
потовання,каміша,nonword,nonword,nonword,,FALSE
ркан,діидата,nonword,nonword,nonword,,FALSE
пругор,налад,nonword,nonword,nonword,,FALSE
свідал,кіештою,nonword,nonword,nonword,,FALSE
куйттина,кистка,nonword,nonword,nonword,,FALSE
піанкро,підозірвуть,nonword,nonword,nonword,,FALSE
оргавр,ратьподібний,nonword,nonword,nonword,,FALSE
леанти,бабуту,nonword,nonword,nonword,,FALSE
вичітковий,тристок,nonword,nonword,nonword,,FALSE
крадьбка,комуніве,nonword,nonword,nonword,,FALSE
людинок,сантимзар,nonword,nonword,nonword,,FALSE
втомалний,кбентство,nonword,nonword,nonword,,FALSE
наводится,героrd,nonword,nonword,nonword,,FALSE
кантндар,тофекція,nonword,nonword,nonword,,FALSE
готогой,дровний,nonword,nonword,nonword,,FALSE
піирати,бупна,nonword,nonword,nonword,,FALSE
арізнал,нитектив,nonword,nonword,nonword,,FALSE
срітливий,випропонованих,nonword,nonword,nonword,,FALSE
захіпісонця,свелка,nonword,nonword,nonword,,FALSE
смдетати,заратувати,nonword,nonword,nonword,,FALSE
почевитися,гoдина,nonword,nonword,nonword,,FALSE
лач,тисцень,nonword,nonword,nonword,,FALSE
кірстеатр,термература,nonword,nonword,nonword,,FALSE
ботивий,голосяий,nonword,nonword,nonword,,FALSE
аків,компнітер,nonword,nonword,nonword,,FALSE
хіначний,останічний,nonword,nonword,nonword,,FALSE
малкя,дитиск,nonword,nonword,nonword,,FALSE
завядний,косутет,nonword,nonword,nonword,,FALSE
рса,лесл,nonword,nonword,nonword,,FALSE
лати,маріна,nonword,nonword,nonword,,FALSE
дімонад,електренний,nonword,nonword,nonword,,FALSE
магo,прогулміка,nonword,nonword,nonword,,FALSE
чолоідка,помаранчяний,nonword,nonword,nonword,,FALSE
грев,брчiя,nonword,nonword,nonword,,FALSE
червоюк,страцi,nonword,nonword,nonword,,FALSE
шпигунiвво,алаш,nonword,nonword,nonword,,FALSE
друзатичний,заціловок,nonword,nonword,nonword,,FALSE
розлік,зуволікатися,nonword,nonword,nonword,,FALSE
ричнк,доподдгати,nonword,nonword,nonword,,FALSE
алсьом,розвідування,nonword,nonword,nonword,,FALSE
непрошений,таінювати,nonword,nonword,nonword,,FALSE
вилософія,сплит,nonword,nonword,nonword,,FALSE
хаєш,угачу,nonword,nonword,nonword,,FALSE
привтеливий,заожу,nonword,nonword,nonword,,FALSE
замека,вимї,nonword,nonword,nonword,,FALSE
паерк,розняв,nonword,nonword,nonword,,FALSE
бойфс,підлученням,nonword,nonword,nonword,,FALSE
агор,веьор,nonword,nonword,nonword,,FALSE
оператобний,завядний,nonword,nonword,nonword,,FALSE
величневть,приквид,nonword,nonword,nonword,,FALSE
проклявкя,здатр,nonword,nonword,nonword,,FALSE
картітля,лилеманка,nonword,nonword,nonword,,FALSE
колекцвинувати,неузвище,nonword,nonword,nonword,,FALSE
захвволений,новиро,nonword,nonword,nonword,,FALSE
обьім,чутливно,nonword,nonword,nonword,,FALSE
принцеду,вертикіт,nonword,nonword,nonword,,FALSE
чемптин,анс,nonword,nonword,nonword,,FALSE
пітопсія,пеній,nonword,nonword,nonword,,FALSE
прбpати,ює,nonword,nonword,nonword,,FALSE
супетрен,жій,nonword,nonword,nonword,,FALSE
ніндос,зршка,nonword,nonword,nonword,,FALSE
поддда,меатнічний,nonword,nonword,nonword,,FALSE
раинст,спільниса,nonword,nonword,nonword,,FALSE
відповідвертість,влита,nonword,nonword,nonword,,FALSE
еллікатний,ліказ,nonword,nonword,nonword,,FALSE
винансування,матож,nonword,nonword,nonword,,FALSE
рате,змрят,nonword,nonword,nonword,,FALSE
федебольний,захиегти,nonword,nonword,nonword,,FALSE
шибель,ужантеличеність,nonword,nonword,nonword,,FALSE
привтеливий,біллес,nonword,nonword,nonword,,FALSE
кечур,прогулміка,nonword,nonword,nonword,,FALSE
стбути,епгаемія,nonword,nonword,nonword,,FALSE
страціий,вручати,nonword,nonword,nonword,,FALSE
отт,лізоральний,nonword,nonword,nonword,,FALSE
неможливно,люсь,nonword,nonword,nonword,,FALSE
причli,прпхмет,nonword,nonword,nonword,,FALSE
ритькований,цио,nonword,nonword,nonword,,FALSE
планецати,вигативний,nonword,nonword,nonword,,FALSE
підгроза,щедраж,nonword,nonword,nonword,,FALSE
залюток,вибочк,nonword,nonword,nonword,,FALSE
долучення,кафееба,nonword,nonword,nonword,,FALSE
обла,провідня,nonword,nonword,nonword,,FALSE
нег,зарпкета,nonword,nonword,nonword,,FALSE
могав,фрукат,nonword,nonword,nonword,,FALSE
максий,опнi,nonword,nonword,nonword,,FALSE
домовлять,забарбий,nonword,nonword,nonword,,FALSE
нарербі,чеснееть,nonword,nonword,nonword,,FALSE
відмістити,йоловити,nonword,nonword,nonword,,FALSE
лазаждя,кеббінг,nonword,nonword,nonword,,FALSE
смрт,профятор,nonword,nonword,nonword,,FALSE
прирівний,зга,nonword,nonword,nonword,,FALSE
поцик,коміґер,nonword,nonword,nonword,,FALSE
реальненть,затвергоення,nonword,nonword,nonword,,FALSE
потужньоть,гавскування,nonword,nonword,nonword,,FALSE
поповий,строта,nonword,nonword,nonword,,FALSE
екулаж,чудогой,nonword,nonword,nonword,,FALSE
проедж,чумбй,nonword,nonword,nonword,,FALSE
маракан,въовірно,nonword,nonword,nonword,,FALSE
славлюй,орриц,nonword,nonword,nonword,,FALSE
концукція,лісна,nonword,nonword,nonword,,FALSE
підголовий,віддоза,nonword,nonword,nonword,,FALSE
чаруа,облалоувати,nonword,nonword,nonword,,FALSE
вічка,знаменитки,nonword,nonword,nonword,,FALSE
кио,майать,nonword,nonword,nonword,,FALSE
усвідратувати,енервая,nonword,nonword,nonword,,FALSE
муляти,обвинуінчення,nonword,nonword,nonword,,FALSE
конкуррація,повідіслати,nonword,nonword,nonword,,FALSE
здравсрбуйте,приліє,nonword,nonword,nonword,,FALSE
довгть,колинебїль,nonword,nonword,nonword,,FALSE
втжній,дрсуба,nonword,nonword,nonword,,FALSE
небоаха,мокзал,nonword,nonword,nonword,,FALSE
відглянь,допомонт,nonword,nonword,nonword,,FALSE
мільовн,збсюжений,nonword,nonword,nonword,,FALSE
бдібла,хвєдина,nonword,nonword,nonword,,FALSE
езва,роззвести,nonword,nonword,nonword,,FALSE
анардся,туємль,nonword,nonword,nonword,,FALSE
міраць,свгло,nonword,nonword,nonword,,FALSE
аматормікий,марп,nonword,nonword,nonword,,FALSE
династоз,інструмеси,nonword,nonword,nonword,,FALSE
мллучний,їxязниця,nonword,nonword,nonword,,FALSE
значем,одавати,nonword,nonword,nonword,,FALSE
згло,доабр,nonword,nonword,nonword,,FALSE
хужежник,здіспективний,nonword,nonword,nonword,,FALSE
дупивка,алега,nonword,nonword,nonword,,FALSE
скуднка,навпнення,nonword,nonword,nonword,,FALSE
вироджяти,біолягає,nonword,nonword,nonword,,FALSE
одяльний,матеманька,nonword,nonword,nonword,,FALSE
компанди,кюр,nonword,nonword,nonword,,FALSE
виставать,партой,nonword,nonword,nonword,,FALSE
нерозвонил,арaют,nonword,nonword,nonword,,FALSE
поротрій,преро,nonword,nonword,nonword,,FALSE
пркрес,галаарика,nonword,nonword,nonword,,FALSE
планлла,потрожа,nonword,nonword,nonword,,FALSE
побідка,сизвал,nonword,nonword,nonword,,FALSE
стебетний,итати,nonword,nonword,nonword,,FALSE
охороноль,станкая,nonword,nonword,nonword,,FALSE
довішо,воey,nonword,nonword,nonword,,FALSE
поєда,мурайоа,nonword,nonword,nonword,,FALSE
рятік,пимати,nonword,nonword,nonword,,FALSE
божевісия,виймають,nonword,nonword,nonword,,FALSE
висновці,гел,nonword,nonword,nonword,,FALSE
приєіший,можлчність,nonword,nonword,nonword,,FALSE
артеушкт,демократьт,nonword,nonword,nonword,,FALSE
викидково,великодання,nonword,nonword,nonword,,FALSE
кілобрано,сисливий,nonword,nonword,nonword,,FALSE
знамбритість,ппивця,nonword,nonword,nonword,,FALSE
рокро,підказувати,nonword,nonword,nonword,,FALSE
завантодувати,травніє,nonword,nonword,nonword,,FALSE
яощ,пласшок,nonword,nonword,nonword,,FALSE
обстклення,остатья,nonword,nonword,nonword,,FALSE
володцер,патрадь,nonword,nonword,nonword,,FALSE
гнаддо,зовновній,nonword,nonword,nonword,,FALSE
желава,кріда,nonword,nonword,nonword,,FALSE
цигілля,таавниця,nonword,nonword,nonword,,FALSE
господчая,ігращиа,nonword,nonword,nonword,,FALSE
фіечка,зазволяй,nonword,nonword,nonword,,FALSE
проднем,жщропорт,nonword,nonword,nonword,,FALSE
здртовий,губирати,nonword,nonword,nonword,,FALSE
адм,сумео,nonword,nonword,nonword,,FALSE
ціравляти,ьор,nonword,nonword,nonword,,FALSE
колеур,знрт,nonword,nonword,nonword,,FALSE
ботоа,абсуахний,nonword,nonword,nonword,,FALSE
азня,циоу,nonword,nonword,nonword,,FALSE
чиажаючий,риболоайя,nonword,nonword,nonword,,FALSE
занепокоійня,вичинання,nonword,nonword,nonword,,FALSE
гопас,шуреса,nonword,nonword,nonword,,FALSE
вільку,викарця,nonword,nonword,nonword,,FALSE
тіво,індивіслальний,nonword,nonword,nonword,,FALSE
суіший,фреба,nonword,nonword,nonword,,FALSE
щороя,неприємств,nonword,nonword,nonword,,FALSE
янт,скроблий,nonword,nonword,nonword,,FALSE
протомт,яскримий,nonword,nonword,nonword,,FALSE
виставать,зікаа,nonword,nonword,nonword,,FALSE
опхтувати,шаечайство,nonword,nonword,nonword,,FALSE
брімо,назаскди,nonword,nonword,nonword,,FALSE
саерігати,якубть,nonword,nonword,nonword,,FALSE
алкорт,рдередині,nonword,nonword,nonword,,FALSE
вііті,віздоровий,nonword,nonword,nonword,,FALSE
наклама,оюаду,nonword,nonword,nonword,,FALSE
семімир,перитнтр,nonword,nonword,nonword,,FALSE
темропа,цереплальний,nonword,nonword,nonword,,FALSE
смерск,втікll,nonword,nonword,nonword,,FALSE
гарашкія,ввлантичний,nonword,nonword,nonword,,FALSE
прибутіш,ерія,nonword,nonword,nonword,,FALSE
мужнїеть,уиах,nonword,nonword,nonword,,FALSE
єра,запапіятати,nonword,nonword,nonword,,FALSE
біднойть,глявий,nonword,nonword,nonword,,FALSE
наодний,божествеприй,nonword,nonword,nonword,,FALSE
кокашт,неітовий,nonword,nonword,nonword,,FALSE
заліiй,шмочок,nonword,nonword,nonword,,FALSE
бррг,деодвий,nonword,nonword,nonword,,FALSE
чиаження,молофбй,nonword,nonword,nonword,,FALSE
превювати,каска,nonword,nonword,nonword,,FALSE
сологіий,храйпер,nonword,nonword,nonword,,FALSE
затьра,фоторвав,nonword,nonword,nonword,,FALSE
хллечики,острос,nonword,nonword,nonword,,FALSE
рисуький,продin,nonword,nonword,nonword,,FALSE
нисский,маждетинг,nonword,nonword,nonword,,FALSE
люлена,артеття,nonword,nonword,nonword,,FALSE
вицучий,вулиін,nonword,nonword,nonword,,FALSE
повікея,зізначити,nonword,nonword,nonword,,FALSE
півмінних,мертатй,nonword,nonword,nonword,,FALSE
інозрумент,адра,nonword,nonword,nonword,,FALSE
секривар,торговщиь,nonword,nonword,nonword,,FALSE
контрозі,псхнологія,nonword,nonword,nonword,,FALSE
секривати,усло,nonword,nonword,nonword,,FALSE
споставляется,опла,nonword,nonword,nonword,,FALSE
релка,дісло,nonword,nonword,nonword,,FALSE
лесбюлський,сткуп,nonword,nonword,nonword,,FALSE
конфліск,кіадник,nonword,nonword,nonword,,FALSE
устяшка,отнок,nonword,nonword,nonword,,FALSE
яро,изба,nonword,nonword,nonword,,FALSE
колеут,люсив,nonword,nonword,nonword,,FALSE
грop,розвойовувати,nonword,nonword,nonword,,FALSE
оклег,файтльний,nonword,nonword,nonword,,FALSE
магірут,жорсючий,nonword,nonword,nonword,,FALSE
анзил,бейссел,nonword,nonword,nonword,,FALSE
мотак,пiерний,nonword,nonword,nonword,,FALSE
замиміння,хлопадк,nonword,nonword,nonword,,FALSE
зекаетрус,пропнтувати,nonword,nonword,nonword,,FALSE
едати,даружений,nonword,nonword,nonword,,FALSE
зранка,футиціональний,nonword,nonword,nonword,,FALSE
рииральний,протнемо,nonword,nonword,nonword,,FALSE
поєддайте,іншочка,nonword,nonword,nonword,,FALSE
маoга,свлючення,nonword,nonword,nonword,,FALSE
спрольвати,іналекція,nonword,nonword,nonword,,FALSE
кульшора,несподамано,nonword,nonword,nonword,,FALSE
баґен,покуний,nonword,nonword,nonword,,FALSE
тестка,досконпpий,nonword,nonword,nonword,,FALSE
семімир,галаургер,nonword,nonword,nonword,,FALSE
відмістити,таерер,nonword,nonword,nonword,,FALSE
сенe,тустувати,nonword,nonword,nonword,,FALSE
коллсія,відстерігаються,nonword,nonword,nonword,,FALSE
донк,нокдром,nonword,nonword,nonword,,FALSE
коезра,кредім,nonword,nonword,nonword,,FALSE
гоойд,нсковина,nonword,nonword,nonword,,FALSE
тераз,пріванка,nonword,nonword,nonword,,FALSE
повільку,ракенсий,nonword,nonword,nonword,,FALSE
тїлом,налирода,nonword,nonword,nonword,,FALSE
шпигод,використійно,nonword,nonword,nonword,,FALSE
відати,кадеа,nonword,nonword,nonword,,FALSE
порц,інфомнатор,nonword,nonword,nonword,,FALSE
космонзіт,рялавник,nonword,nonword,nonword,,FALSE
кококс,творвусть,nonword,nonword,nonword,,FALSE
звльний,фржний,nonword,nonword,nonword,,FALSE
недеоролик,церт,nonword,nonword,nonword,,FALSE
вершава,пахи,nonword,nonword,nonword,,FALSE
короавий,супережеа,nonword,nonword,nonword,,FALSE
буля,годаа,nonword,nonword,nonword,,FALSE
портчула,квектира,nonword,nonword,nonword,,FALSE
віакти,сигарезо,nonword,nonword,nonword,,FALSE
безсправний,ванттр,nonword,nonword,nonword,,FALSE
пойно,оцнцювати,nonword,nonword,nonword,,FALSE
потажа,неприветствовать,nonword,nonword,nonword,,FALSE
яропрок,четь,nonword,nonword,nonword,,FALSE
підответственно,товеадо,nonword,nonword,nonword,,FALSE
присукати,розвонит,nonword,nonword,nonword,,FALSE
слніба,сужд,nonword,nonword,nonword,,FALSE
трвсій,консулихувати,nonword,nonword,nonword,,FALSE
міпро,двиглі,nonword,nonword,nonword,,FALSE
слзбий,невіробив,nonword,nonword,nonword,,FALSE
мога,федеенція,nonword,nonword,nonword,,FALSE
повоеят,вивчасно,nonword,nonword,nonword,,FALSE
доробцй,редатор,nonword,nonword,nonword,,FALSE
скчебниця,сятсон,nonword,nonword,nonword,,FALSE
показаде,йоніс,nonword,nonword,nonword,,FALSE
забоденений,неудень,nonword,nonword,nonword,,FALSE
мут,твсвина,nonword,nonword,nonword,,FALSE
льга,виставь,nonword,nonword,nonword,,FALSE
сустільного,назовати,nonword,nonword,nonword,,FALSE
бічннець,реергія,nonword,nonword,nonword,,FALSE
присраність,арагя,nonword,nonword,nonword,,FALSE
чеертельний,защик,nonword,nonword,nonword,,FALSE
нятко,пироти,nonword,nonword,nonword,,FALSE
іальф,eканина,nonword,nonword,nonword,,FALSE
захоплдячий,іpізод,nonword,nonword,nonword,,FALSE
рець,військійий,nonword,nonword,nonword,,FALSE
каткнет,деребя,nonword,nonword,nonword,,FALSE
дефон,структейа,nonword,nonword,nonword,,FALSE
канієра,диявпу,nonword,nonword,nonword,,FALSE
самогурутво,домімент,nonword,nonword,nonword,,FALSE
панзятник,кламіка,nonword,nonword,nonword,,FALSE
віроткдність,смієнт,nonword,nonword,nonword,,FALSE
вдшиний,рдити,nonword,nonword,nonword,,FALSE
зхара,великитепалець,nonword,nonword,nonword,,FALSE
розпри,спрахy,nonword,nonword,nonword,,FALSE
роздому,вічіорок,nonword,nonword,nonword,,FALSE
владання,заоих,nonword,nonword,nonword,,FALSE
туриро,меткльйон,nonword,nonword,nonword,,FALSE
заображення,фабрастичний,nonword,nonword,nonword,,FALSE
бесиця,випата,nonword,nonword,nonword,,FALSE
огерений,збдая,nonword,nonword,nonword,,FALSE
більті,автокас,nonword,nonword,nonword,,FALSE
алкобиль,будійня,nonword,nonword,nonword,,FALSE
вусло,жовтаєь,nonword,nonword,nonword,,FALSE
ковчк,вельм,nonword,nonword,nonword,,FALSE
занувоний,спеціаліза,nonword,nonword,nonword,,FALSE
воріти,кородія,nonword,nonword,nonword,,FALSE
шлюпок,комаьна,nonword,nonword,nonword,,FALSE
пунес,сткер,nonword,nonword,nonword,,FALSE
пухляда,бажаєтя,nonword,nonword,nonword,,FALSE
спінародний,диливо,nonword,nonword,nonword,,FALSE
внутрішним,зовний,nonword,nonword,nonword,,FALSE
ісрно,октація,nonword,nonword,nonword,,FALSE
лопарась,забодиняти,nonword,nonword,nonword,,FALSE
добрач,намилио,nonword,nonword,nonword,,FALSE
пірамімо,імпепотор,nonword,nonword,nonword,,FALSE
картвоа,ніоземний,nonword,nonword,nonword,,FALSE
потатунок,заненний,nonword,nonword,nonword,,FALSE
калікл,котиювати,nonword,nonword,nonword,,FALSE
оуз,вещара,nonword,nonword,nonword,,FALSE
крамнинт,четверенй,nonword,nonword,nonword,,FALSE
сучаснов,китинь,nonword,nonword,nonword,,FALSE
зателеикнувати,прававподібний,nonword,nonword,nonword,,FALSE
вітанній,чобари,nonword,nonword,nonword,,FALSE
антум,прбитично,nonword,nonword,nonword,,FALSE
гребьний,гармонок,nonword,nonword,nonword,,FALSE
усерути,близнаий,nonword,nonword,nonword,,FALSE
ноое,обідания,nonword,nonword,nonword,,FALSE
оринтівка,попатик,nonword,nonword,nonword,,FALSE
гоміон,посипець,nonword,nonword,nonword,,FALSE
балапа,моніжкр,nonword,nonword,nonword,,FALSE
увума,чотва,nonword,nonword,nonword,,FALSE
сной,занінено,nonword,nonword,nonword,,FALSE
кс,неапля,nonword,nonword,nonword,,FALSE
виропоик,люирати,nonword,nonword,nonword,,FALSE
тайт,ннма,nonword,nonword,nonword,,FALSE
гоховати,усн,nonword,nonword,nonword,,FALSE
друшати,нуткта,nonword,nonword,nonword,,FALSE
оркетер,няк,nonword,nonword,nonword,,FALSE
постаєш,видакати,nonword,nonword,nonword,,FALSE
кавалеття,хірунзія,nonword,nonword,nonword,,FALSE
ввціливий,вівестор,nonword,nonword,nonword,,FALSE
жима,лишінь,nonword,nonword,nonword,,FALSE
анонвкний,реліоран,nonword,nonword,nonword,,FALSE
червтрий,діяльницть,nonword,nonword,nonword,,FALSE
посовиство,інтуарія,nonword,nonword,nonword,,FALSE
просує,гайдж,nonword,nonword,nonword,,FALSE
алтепний,іннюмний,nonword,nonword,nonword,,FALSE
підвиток,вислуглювати,nonword,nonword,nonword,,FALSE
відрвався,уримувати,nonword,nonword,nonword,,FALSE
активний,палуба,unrelated,word,word,0.0479137786691684,FALSE
фірма,шланг,unrelated,word,word,0.146873516978045,FALSE
бджола,видалити,unrelated,word,word,0.126967303608037,FALSE
будинок,хірургія,unrelated,word,word,0.147589688525575,FALSE
ручний,жарт,unrelated,word,word,0.14991993964018,FALSE
легіон,крутити,unrelated,word,word,0.0272149977251611,FALSE
кавалерія,акцент,unrelated,word,word,0.0319975342302816,FALSE
наємник,пісок,unrelated,word,word,0,FALSE
душ,провал,unrelated,word,word,0.120080093113906,FALSE
полк,сидіти,unrelated,word,word,0.0939455331193538,FALSE
арена,навчати,unrelated,word,word,0.0645413414822292,FALSE
мільйон,качка,unrelated,word,word,0.091724921502364,FALSE
мед,розраховувати,unrelated,word,word,0.117644146499161,FALSE
здравствуйте,машина,unrelated,word,word,0.146177392627421,FALSE
рахувати,куля,unrelated,word,word,0.120109744600977,FALSE
миля,викуп,unrelated,word,word,0.0677997322767451,FALSE
ритуальний,мама,unrelated,word,word,0.125278603536248,FALSE
таблиця,концерт,unrelated,word,word,0.10843723864079,FALSE
слідувати,цирк,unrelated,word,word,0.0599654644791379,FALSE
хліб,виграти,unrelated,word,word,0.129073086793211,FALSE
католицький,пропонувати,unrelated,word,word,0.138079777913593,FALSE
дим,можливість,unrelated,word,word,0.0494035696944986,FALSE
зоопарк,ставлення,unrelated,word,word,0.0280819650929541,FALSE
культура,нервовий,unrelated,word,word,0.136375190926311,FALSE
замкнений,артилерія,unrelated,word,word,0.148255875957966,FALSE
ром,далеко,unrelated,word,word,-0.00427282175490363,FALSE
навігація,королівство,unrelated,word,word,0.106043333406272,FALSE
расист,продуктивність,unrelated,word,word,0.0861522880161862,FALSE
абсолютно,грабувати,unrelated,word,word,0.114036607831557,FALSE
програмне забезпечення,голодний,unrelated,word,word,0,FALSE
підтвердження,професійний,unrelated,word,word,0.104262743776655,FALSE
завжди,комп'ютер,unrelated,word,word,0,FALSE
закон,дитинство,unrelated,word,word,0.112932619042712,FALSE
містити,президент,unrelated,word,word,0.0893243799595011,FALSE
сиріт,причина,unrelated,word,word,0.148425473999543,FALSE
уява,флот,unrelated,word,word,0.120911165636295,FALSE
монстр,каплиця,unrelated,word,word,0.130532913476042,FALSE
зло,сніданок,unrelated,word,word,0.0983645855317896,FALSE
боронити,структура,unrelated,word,word,0.146573276360567,FALSE
концепція,паспорт,unrelated,word,word,0.0747089583771946,FALSE
протест,вижити,unrelated,word,word,0.145601770105071,FALSE
виробник,північний,unrelated,word,word,0.0618495893851708,FALSE
відставка,оновити,unrelated,word,word,0.13523497490785,FALSE
переривати,синяк,unrelated,word,word,0.0752464059911549,FALSE
бог,бізнес,unrelated,word,word,0.0379663298896498,FALSE
пасажирський,звук,unrelated,word,word,0.108357562366911,FALSE
зола,привітати,unrelated,word,word,0.0782675659400061,FALSE
корисний,леді,unrelated,word,word,0.0926668466437001,FALSE
кампанія,коньяк,unrelated,word,word,-0.0113101785659008,FALSE
модний,записування,unrelated,word,word,0.100901419595907,FALSE
танк,позбавлення волі,unrelated,word,word,0,FALSE
обладнання,чесний,unrelated,word,word,0.129043560679505,FALSE
спостереження,престол,unrelated,word,word,0.119612434919038,FALSE
недооцінювати,мікрофон,unrelated,word,word,0.123777815042012,FALSE
галерея,ліки,unrelated,word,word,0.0447667701778954,FALSE
чекати,психологічний,unrelated,word,word,0.102565688706674,FALSE
надія,синій,unrelated,word,word,0.144131363979308,FALSE
колонія,гей,unrelated,word,word,0.0904661248112335,FALSE
карнавал,гідний,unrelated,word,word,0.146936674062265,FALSE
пошук,масло,unrelated,word,word,0.126891660564237,FALSE
дна,скандал,unrelated,word,word,0.1259821034616,FALSE
рослина,угоду,unrelated,word,word,0.131190946168139,FALSE
земля,стиль,unrelated,word,word,0.0987842236528835,FALSE
міць,кава,unrelated,word,word,0.0716874874484789,FALSE
природно,мільярд,unrelated,word,word,0.118821169460062,FALSE
хлопчики,монітор,unrelated,word,word,0.0615475874964387,FALSE
палиця,зустрічатися,unrelated,word,word,0.146123382031777,FALSE
тканина,вівторок,unrelated,word,word,0.110606365364068,FALSE
затока,кредит,unrelated,word,word,0.101606032116194,FALSE
шолом,фрукти,unrelated,word,word,0.145189838231945,FALSE
дорога,акт,unrelated,word,word,0.131967107759826,FALSE
насос,допомагати,unrelated,word,word,0.109914455238487,FALSE
вугілля,притулок,unrelated,word,word,0.0783327906167585,FALSE
прибуток,написання,unrelated,word,word,0.13454221123413,FALSE
спадщина,липень,unrelated,word,word,0.0946710348170788,FALSE
захоплюючий,безпосередньо,unrelated,word,word,0.103072021839678,FALSE
інстинкт,школу,unrelated,word,word,0.132429762405287,FALSE
трюк,вказувати,unrelated,word,word,0.104442469457656,FALSE
репортер,плавати,unrelated,word,word,0.137417118257071,FALSE
задоволення,місцевий,unrelated,word,word,0.0622305511132004,FALSE
молочний,свідчення,unrelated,word,word,0.0718835474180582,FALSE
королівський,ціна,unrelated,word,word,0.130096121988378,FALSE
досвід,краватка,unrelated,word,word,0.118900890989676,FALSE
річка,пил,unrelated,word,word,0.107842591032477,FALSE
усмішка,лікування,unrelated,word,word,0.123090229345048,FALSE
член,остаточний,unrelated,word,word,0.144409789613665,FALSE
міф,виставка,unrelated,word,word,0.0868793417562132,FALSE
вірогідність,підготувати,unrelated,word,word,0.14813193915316,FALSE
дракон,відсутність,unrelated,word,word,0.0768370667271757,FALSE
закуска,прототип,unrelated,word,word,0.0683995745283072,FALSE
плейбой,зона,unrelated,word,word,0.128595704566423,FALSE
одиночний,позиція,unrelated,word,word,0.0705918308456759,FALSE
йога,тунель,unrelated,word,word,0.0633335781706589,FALSE
конференція,зловмисник,unrelated,word,word,0.0959308090281084,FALSE
відбиток,переслідувати,unrelated,word,word,0.148176487210881,FALSE
екран,рано,unrelated,word,word,0.141271461807374,FALSE
нервовий,срібло,unrelated,word,word,0.0464664375174492,FALSE
джаз,узбережжі,unrelated,word,word,0.148401306944246,FALSE
еволюція,кузен,unrelated,word,word,0.148604108414733,FALSE
оголений,поразка,unrelated,word,word,0.0968088025750884,FALSE
стурбований,висота,unrelated,word,word,0.0623490654806789,FALSE
атомний,долина,unrelated,word,word,0.128977569975372,FALSE
чітко,актор,unrelated,word,word,0.133623914117412,FALSE
офіційно,вентиляція,unrelated,word,word,0.0819530198157924,FALSE
вугілля,високість,unrelated,word,word,0.0483183408252729,FALSE
часник,зачинено,unrelated,word,word,0.0429314806495553,FALSE
сортувати,програма,unrelated,word,word,0.0913665356455054,FALSE
майно,небесний,unrelated,word,word,0.1209750550583,FALSE
страждання,двигун,unrelated,word,word,0.114637630655544,FALSE
картина,водневий,unrelated,word,word,0.140451401930684,FALSE
космонавт,приходити,unrelated,word,word,0.146998745669673,FALSE
цемент,світ,unrelated,word,word,0.111158732561129,FALSE
чаша,ефект,unrelated,word,word,0.134431750551707,FALSE
політика,гамбургер,unrelated,word,word,0.0836601235506227,FALSE
канцлер,техніка,unrelated,word,word,0.0953865998898829,FALSE
неприємність,сенатор,unrelated,word,word,0.130363463657696,FALSE
завод,ранок,unrelated,word,word,0.110775710207423,FALSE
аматорський,ззаду,unrelated,word,word,0.117765991329876,FALSE
медичний,капелюх,unrelated,word,word,0.13490515219533,FALSE
кількість,йти,unrelated,word,word,0.0941144521243753,FALSE
білка,книга,unrelated,word,word,0.124339329019942,FALSE
забруднення,інвестор,unrelated,word,word,0.121307346151929,FALSE
гнів,орендувати,unrelated,word,word,0.143991131473612,FALSE
зрідка,шматок,unrelated,word,word,0.134454112312039,FALSE
ярмарок,карта,unrelated,word,word,0.0667682798865693,FALSE
крадіжка,десь,unrelated,word,word,0.102550585632363,FALSE
аукціон,теорія,unrelated,word,word,0.0743785481607486,FALSE
радар,обід,unrelated,word,word,0.123583501094084,FALSE
татуювання,мінус,unrelated,word,word,0.0900024156457043,FALSE
купувати,зустріч,unrelated,word,word,0.0954798755380697,FALSE
золотий,залишати,unrelated,word,word,0.11871716670966,FALSE
падіння,викладач,unrelated,word,word,0.146398182375649,FALSE
дощ,федерація,unrelated,word,word,0.138126840499915,FALSE
дочка,величезний,unrelated,word,word,0.139317194093881,FALSE
відстань,прес,unrelated,word,word,0.121641455148122,FALSE
вже,помідор,unrelated,word,word,0.14435519213671,FALSE
банан,лють,unrelated,word,word,0.143003040736741,FALSE
рекомендувати,гран,unrelated,word,word,0.0791773537926356,FALSE
субота,продукт,unrelated,word,word,0.145353673375942,FALSE
працювати,вулиця,unrelated,word,word,0.0234336337296941,FALSE
радіо,кролик,unrelated,word,word,0.12356775266761,FALSE
датчик,криза,unrelated,word,word,0.134001649568729,FALSE
курятина,консультувати,unrelated,word,word,0.14268605475746,FALSE
пустеля,фінансування,unrelated,word,word,0.141661195912283,FALSE
причіп,спроба,unrelated,word,word,0.0476915433703405,FALSE
клапан,організувати,unrelated,word,word,0.0848596303693283,FALSE
надзвичайно,доказ,unrelated,word,word,0.146224542292594,FALSE
більшість,кемпінг,unrelated,word,word,0.146977069628469,FALSE
кишеня,чужий,unrelated,word,word,0.117106767248409,FALSE
солдат,діяльність,unrelated,word,word,0.107503496108716,FALSE
ведмідь,депресія,unrelated,word,word,0.123788522016983,FALSE
читати,офіс,unrelated,word,word,0.0997331786912975,FALSE
гаразд,часто,unrelated,word,word,0.130970755041148,FALSE
викрадати,помилка,unrelated,word,word,0.117652563596598,FALSE
підтримка,вітрило,unrelated,word,word,0.138697936544463,FALSE
стадіон,перерва,unrelated,word,word,0.0932229671203227,FALSE
метелик,політичний,unrelated,word,word,0.105979166404743,FALSE
ювілей,вибуховий,unrelated,word,word,0.0858627256952683,FALSE
молодь,артерія,unrelated,word,word,0.146958351840611,FALSE
падіння,музикант,unrelated,word,word,0.0935913318794089,FALSE
турист,створіння,unrelated,word,word,0.129183218945421,FALSE
теплий,будівля,unrelated,word,word,0.123019361973954,FALSE
ситуація,продаж,unrelated,word,word,0.131891452460504,FALSE
апетитний,відбиток пальця,unrelated,word,word,0,FALSE
розмова,ліс,unrelated,word,word,0.0992516059228884,FALSE
управляти,несподівано,unrelated,word,word,0.100932261583167,FALSE
пізно,вовк,unrelated,word,word,0.120773593098028,FALSE
струм,галюкування,unrelated,word,word,0,FALSE
ніч,символ,unrelated,word,word,0.0706591090170705,FALSE
успіх,станція,unrelated,word,word,0.117014947910348,FALSE
клан,павутина,unrelated,word,word,0.143243485376289,FALSE
смертельний,релігія,unrelated,word,word,0.0974758255379614,FALSE
пожежа,зрозуміти,unrelated,word,word,0.145123499570416,FALSE
хмара,гроші,unrelated,word,word,0.10922407766519,FALSE
бюджет,фраза,unrelated,word,word,0.0390806914193982,FALSE
семінар,щока,unrelated,word,word,0.129601417863489,FALSE
портал,добровільно,unrelated,word,word,0.109007548240072,FALSE
дідусь,ваніль,unrelated,word,word,0.135655423329985,FALSE
баланс,торговець,unrelated,word,word,0.148491346912407,FALSE
відновлювати,легенда,unrelated,word,word,0.0900765069510496,FALSE
слухати,гора,unrelated,word,word,0.107684345372103,FALSE
важкий,вакцина,unrelated,word,word,0.135811282259882,FALSE
рай,батько,unrelated,word,word,0.132983035098904,FALSE
штраф,східний,unrelated,word,word,0.053577284561138,FALSE
консервативний,іграшка,unrelated,word,word,0.146144551614542,FALSE
заповідник,мера,unrelated,word,word,0.111549223106239,FALSE
посла,комаха,unrelated,word,word,0.121134614405829,FALSE
посольство,гармонія,unrelated,word,word,0.0604717557390416,FALSE
кільце,зарозумілість,unrelated,word,word,0.138125345269584,FALSE
онук,автобус,unrelated,word,word,0.147795841692451,FALSE
вибір,писати,unrelated,word,word,0.146589471082162,FALSE
командування,птах,unrelated,word,word,0.109920896848946,FALSE
розділ,воїн,unrelated,word,word,0.119179466904675,FALSE
майбутнє,жувати,unrelated,word,word,0.131553653159696,FALSE
маршрут,медаль,unrelated,word,word,0.099394692673635,FALSE
жалкий,обговорення,unrelated,word,word,0.130226754109955,FALSE
пояснення,слава,unrelated,word,word,0.149755964745295,FALSE
тренер,достатньо,unrelated,word,word,0.0852797817973027,FALSE
критичний,бос,unrelated,word,word,0.0832121665967158,FALSE
пульс,літати,unrelated,word,word,0.119510869879225,FALSE
може бути,безсилий,unrelated,word,word,0,FALSE
марка,щедрий,unrelated,word,word,0.101033302231445,FALSE
юрист,танцювати,unrelated,word,word,0.103143425635991,FALSE
лисиця,ремонт,unrelated,word,word,0.119842148911569,FALSE
філософія,одружений,unrelated,word,word,0.133647269482206,FALSE
усунути,робітник,unrelated,word,word,0.132791994271586,FALSE
обирати,оцінка,unrelated,word,word,0.146099471761512,FALSE
раб,торнадо,unrelated,word,word,0.108044186794136,FALSE
мовчазний,риболовля,unrelated,word,word,0.149760821451793,FALSE
кістка,про,unrelated,word,word,0.11111851197437,FALSE
бетон,відьма,unrelated,word,word,0.143592247959581,FALSE
вітер,загалом,unrelated,word,word,0.0832280413785234,FALSE
духовка,гравець,unrelated,word,word,0.14647725351569,FALSE
управляти,груди,unrelated,word,word,0.0691921894696884,FALSE
місяць,система,unrelated,word,word,0.0457954151441829,FALSE
сумніватися,квартал,unrelated,word,word,0.0720879841474796,FALSE
ліга,салат,unrelated,word,word,0.139288173631208,FALSE
гольф,комітет,unrelated,word,word,0.14700749599138,FALSE
пов'язувати,звичайний,unrelated,word,word,0,FALSE
картопля,винним,unrelated,word,word,0.0584063589465579,FALSE
цвях,політика,unrelated,word,word,0.108883370290436,FALSE
міст,навмисно,unrelated,word,word,0.0727644561332731,FALSE
нездатність,ракетний,unrelated,word,word,0.14928269571243,FALSE
марс,великий,unrelated,word,word,0.144734893066242,FALSE
відмовляти,дно,unrelated,word,word,0.136530618960282,FALSE
табір,пиво,unrelated,word,word,0.127078062774804,FALSE
білок,поховати,unrelated,word,word,0.0895244731443379,FALSE
старий,поле бою,unrelated,word,word,0,FALSE
тост,армія,unrelated,word,word,0.146422961835631,FALSE
хімія,запит,unrelated,word,word,-0.0105220127761756,FALSE
собака,закриття,unrelated,word,word,0.079307102266013,FALSE
гріх,народження,unrelated,word,word,0.0977869296505558,FALSE
вірність,фільм,unrelated,word,word,0.146959662332613,FALSE
лестити,сума,unrelated,word,word,0.107090530949253,FALSE
зміна,четвертий,unrelated,word,word,0.0944817501710655,FALSE
павук,суперечка,unrelated,word,word,0.104042248456581,FALSE
смоктати,супутник,unrelated,word,word,0.135654715745414,FALSE
ключ,руйнування,unrelated,word,word,0.110159545477164,FALSE
прощення,таблетка,unrelated,word,word,0.124847854751049,FALSE
камеру,будувати,unrelated,word,word,0.0896357067305653,FALSE
присягати,соус,unrelated,word,word,0.0760732220971396,FALSE
показувати,матрос,unrelated,word,word,0.042128539302219,FALSE
погляд,робота,unrelated,word,word,0.141819306817627,FALSE
процес,черепаха,unrelated,word,word,0.0883654257538329,FALSE
марафон,змія,unrelated,word,word,0.063926642969414,FALSE
виправляти,музей,unrelated,word,word,0.139416301967786,FALSE
супротив,дивовижний,unrelated,word,word,0.146980992155315,FALSE
замикання,міністр,unrelated,word,word,0.109191981460203,FALSE
ритм,хижак,unrelated,word,word,0.146008668856956,FALSE
застосовувати,цвинтар,unrelated,word,word,0.0626348645109879,FALSE
більше,живопис,unrelated,word,word,0.101790848165872,FALSE
вашингтон,біологічний,unrelated,word,word,0.0975082550565408,FALSE
потяг,трикутник,unrelated,word,word,0.115011548427382,FALSE
лампа,голосувати,unrelated,word,word,0.128812214434442,FALSE
виробляти,слуга,unrelated,word,word,0.085121116291974,FALSE
морський,рушник,unrelated,word,word,0.124187242296703,FALSE
меч,індивідуальний,unrelated,word,word,0.113124356778098,FALSE
борг,похоронний,unrelated,word,word,0.143638681722019,FALSE
повільно,держава,unrelated,word,word,0.146432437023641,FALSE
крем,вечір,unrelated,word,word,0.0993539045883335,FALSE
дослідження,вбивця,unrelated,word,word,0.0389720837727196,FALSE
симптом,село,unrelated,word,word,0.111014747208786,FALSE
джип,знання,unrelated,word,word,0.129089537385988,FALSE
з,дар,unrelated,word,word,0.0640803810344541,FALSE
сестра,чемпіонат,unrelated,word,word,0.144145767819172,FALSE
мозок,знак,unrelated,word,word,0.121188801813819,FALSE
готувати,енергія,unrelated,word,word,0.0846609023789529,FALSE
тютюн,короля,unrelated,word,word,0.119841832611976,FALSE
ложка,намір,unrelated,word,word,0.075572552708097,FALSE
стаття,дух,unrelated,word,word,0.125325552024418,FALSE
паб,стратегія,unrelated,word,word,0.119909509673016,FALSE
піраміда,співчуття,unrelated,word,word,0.138996989537571,FALSE
жити,судно,unrelated,word,word,0.13714034353714,FALSE
хворий,риба,unrelated,word,word,0.109224613411075,FALSE
лесбійський,розташування,unrelated,word,word,0.0926443703077271,FALSE
жест,навколо,unrelated,word,word,0.0604692195897441,FALSE
компанія,цікавий,unrelated,word,word,0.114083310386416,FALSE
оркестр,ящірка,unrelated,word,word,0.12130075752849,FALSE
мільйонер,елемент,unrelated,word,word,0.1282184374224,FALSE
мавпа,період,unrelated,word,word,0.129429660349934,FALSE
технологія,жорстокий,unrelated,word,word,0.144973954450504,FALSE
щит,несправедливість,unrelated,word,word,0.113736139060602,FALSE
лежати,монастир,unrelated,word,word,0.149710270620901,FALSE
біженець,вгору,unrelated,word,word,0.0420407787903786,FALSE
дивитися,епідемія,unrelated,word,word,0.128062200332917,FALSE
проект,страх,unrelated,word,word,0.126163808727301,FALSE
імперський,сміятися,unrelated,word,word,0.14580154023575,FALSE
сержант,очевидно,unrelated,word,word,0.116241460653383,FALSE
династія,розповідати,unrelated,word,word,0.116529999706976,FALSE
третій,робити,unrelated,word,word,0.137794692445334,FALSE
число,важливий,unrelated,word,word,0.143854565254152,FALSE
сповіщення,група,unrelated,word,word,0.090288367282098,FALSE
звір,прокурор,unrelated,word,word,0.129710492556344,FALSE
довідка,народ,unrelated,word,word,0.124036839448443,FALSE
середовище,футбол,unrelated,word,word,0.142176645022093,FALSE
уважність,паливо,unrelated,word,word,0.116679071494176,FALSE
клуб,турбувати,unrelated,word,word,0.101580161855413,FALSE
білий,повідомлення,unrelated,word,word,0.136213291651714,FALSE
благородний,адреналін,unrelated,word,word,0.138960304426184,FALSE
окуляри,оцінювати,unrelated,word,word,0.133444160136297,FALSE
перешкода,вертоліт,unrelated,word,word,0.136626852418241,FALSE
губа,церемонія,unrelated,word,word,0.128802450060138,FALSE
відчинено,комуніст,unrelated,word,word,0.132731940869144,FALSE
комісія,гарний,unrelated,word,word,0.134823085054413,FALSE
повага,атлантичний,unrelated,word,word,0.11361868251905,FALSE
інший,імперія,unrelated,word,word,0.126151427493283,FALSE
агент,очікувати,unrelated,word,word,0.10440720077836,FALSE
чіп,повний,unrelated,word,word,0.132273879713784,FALSE
страждати,нагорода,unrelated,word,word,0.119061573897019,FALSE
аналогічний,шафа,unrelated,word,word,0.127824682593658,FALSE
конфлікт,вправа,unrelated,word,word,0.124463378935276,FALSE
хірург,неділя,unrelated,word,word,0.140460311817112,FALSE
алкоголь,місія,unrelated,word,word,0.142985751598501,FALSE
відповідальність,поема,unrelated,word,word,0.139488939416888,FALSE
вплив,група,unrelated,word,word,0.0443805348276076,FALSE
чума,приємний,unrelated,word,word,0.0280466789147048,FALSE
чемпіон,пляшка,unrelated,word,word,0.145741800620241,FALSE
змагання,злий,unrelated,word,word,0.065636558944273,FALSE
римський,турбота,unrelated,word,word,0.111259029428057,FALSE
гвинтівка,так,unrelated,word,word,0.0820953126239292,FALSE
різдвяний,вивчення,unrelated,word,word,0.102298040713098,FALSE
великий,вбивця,unrelated,word,word,0.0654356053188202,FALSE
доза,заголовок,unrelated,word,word,0.0885934480701587,FALSE
обстеження,електричний,unrelated,word,word,0.120981574565407,FALSE
алмаз,імператор,unrelated,word,word,0.0770797449746954,FALSE
судовий,район,unrelated,word,word,0.127142719184653,FALSE
помститися,замінник,unrelated,word,word,0.119012243275118,FALSE
отрута,новини,unrelated,word,word,0.140022056191766,FALSE
орендар,бажання,unrelated,word,word,0.124815966760417,FALSE
розмір,кисень,unrelated,word,word,0.124231776289391,FALSE
тунець,газета,unrelated,word,word,0.130644886061991,FALSE
служба,назавжди,unrelated,word,word,0.078501944685771,FALSE
похибка,штурм,unrelated,word,word,0.12761024676066,FALSE
завтра,швидко,unrelated,word,word,0.113514878694762,FALSE
пагорб,потреба,unrelated,word,word,0.0133937322586719,FALSE
горло,мрія,unrelated,word,word,0.134793304764736,FALSE
необхідний,квітка,unrelated,word,word,0.0774769503952843,FALSE
конверт,аварія,unrelated,word,word,0.11923545037657,FALSE
піхва,театр,unrelated,word,word,0.12067378669605,FALSE
радіус,фантастичний,unrelated,word,word,0.148874425102654,FALSE
статус,ворота,unrelated,word,word,0.147475505723789,FALSE
здобич,кримінальний,unrelated,word,word,0.132365492734283,FALSE
приватний,температура,unrelated,word,word,0.138155732995148,FALSE
нова,сталь,unrelated,word,word,0.107717136382126,FALSE
заборонений,травма,unrelated,word,word,0.149993997053559,FALSE
водити,опонент,unrelated,word,word,0.103481992789248,FALSE
ніндзя,спілкування,unrelated,word,word,0.142833478744058,FALSE
календар,електрика,unrelated,word,word,0.127488254274754,FALSE
мало,корпорація,unrelated,word,word,0.147266138786487,FALSE
смак,пілот,unrelated,word,word,0.0947341800317247,FALSE
лазанья,вірний,unrelated,word,word,0.107837614724824,FALSE
федеральний,прогулянка,unrelated,word,word,0.0384889342296807,FALSE
платформа,катування,unrelated,word,word,0.1110002889556,FALSE
рок,сантиметр,unrelated,word,word,0.116882385465781,FALSE
занурений,визначення,unrelated,word,word,0.125872161916782,FALSE
блискавка,долар,unrelated,word,word,0.119472082596557,FALSE
ковдра,близький,unrelated,word,word,0.104896819738415,FALSE
лялька,виборець,unrelated,word,word,0.133971623213707,FALSE
шпигун,статися,unrelated,word,word,0.129178520585914,FALSE
рухатися,вчений,unrelated,word,word,0.0846113725932398,FALSE
кола,любов,unrelated,word,word,0.0880168868583444,FALSE
понеділок,обладнувати,unrelated,word,word,0.0855857961023928,FALSE
кров,талант,unrelated,word,word,0.115089378771742,FALSE
кандидат,вітамін,unrelated,word,word,0.130308183527072,FALSE
скарбниця,рим,unrelated,word,word,0.146282046914526,FALSE
вражаючий,родитель,unrelated,word,word,0.120266010444456,FALSE
арсенал,підозрювати,unrelated,word,word,0.136713803331218,FALSE
природний,знав,unrelated,word,word,0.138412193855127,FALSE
пастка,повний,unrelated,word,word,0.131696302385105,FALSE
хімічний,продавати,unrelated,word,word,0.109013747182514,FALSE
анархія,сік,unrelated,word,word,0.105926046363585,FALSE
палац,передача,unrelated,word,word,0.11149312364191,FALSE
суспільство,гаманець,unrelated,word,word,0.148042456244119,FALSE
шовк,фінансування,unrelated,word,word,0.125528914083208,FALSE
кінець,успадковувати,unrelated,word,word,0.0418431775477651,FALSE
порожній,кардинал,unrelated,word,word,0.137501105557961,FALSE
оперативний,ручка,unrelated,word,word,0.126009814984842,FALSE
доповідь,простий,unrelated,word,word,0.122710715966619,FALSE
назовні,рак,unrelated,word,word,0.119865683119648,FALSE
сорочка,зникнення,unrelated,word,word,0.0768798345254912,FALSE
контроль,спільнота,unrelated,word,word,0.143351860958677,FALSE
плюс,університет,unrelated,word,word,0.133229459027289,FALSE
співак,рідина,unrelated,word,word,0.142763482421763,FALSE
діарея,романтичний,unrelated,word,word,0.119527773799614,FALSE
корабель,осінь,unrelated,word,word,0.131365151254635,FALSE
ворог,бекон,unrelated,word,word,0.142697746374455,FALSE
підсумок,що,unrelated,word,word,0.148698806613915,FALSE
шанс,свічка,unrelated,word,word,0.143495161050152,FALSE
вартість,капітан,unrelated,word,word,0.118488909723262,FALSE
монах,утримувати,unrelated,word,word,0.123918555542662,FALSE
миша,опір,unrelated,word,word,0.103092339515297,FALSE
бонус,краса,unrelated,word,word,0.0741162483645243,FALSE
слово,дохід,unrelated,word,word,0.106510613503533,FALSE
ударити,монтаж,unrelated,word,word,0.147362572713459,FALSE
тонкий,репутація,unrelated,word,word,0.117616924732217,FALSE
терапія,сигнал,unrelated,word,word,0.102280428832434,FALSE
особливий,доля,unrelated,word,word,0.129169487135483,FALSE
читання,західний,unrelated,word,word,0.13428419238263,FALSE
площа,вражаючий,unrelated,word,word,0.0954142570053505,FALSE
керівник,ліжка,unrelated,word,word,0.0886630234727925,FALSE
визнавати,втікач,unrelated,word,word,0.13731154135574,FALSE
родео,високий,unrelated,word,word,0.146099974635828,FALSE
прямий,творчість,unrelated,word,word,0.10272157495898,FALSE
оргазм,покладати,unrelated,word,word,0.134773843875117,FALSE
бомба,спорт,unrelated,word,word,0.0778536424595071,FALSE
мистецтво,випускник,unrelated,word,word,0.126666373112538,FALSE
ракета,широкий,unrelated,word,word,0.122085082748248,FALSE
самогубство,слабкий,unrelated,word,word,0.114833069247381,FALSE
населення,концентрат,unrelated,word,word,0.0316137690015926,FALSE
рекорд,ідіот,unrelated,word,word,0.0892122897444806,FALSE
ідея,свисток,unrelated,word,word,0.144936053361485,FALSE
вторгнення,магазин,unrelated,word,word,0.102374669227626,FALSE
виноробство,князь,unrelated,word,word,0.148603031553846,FALSE
хаос,поліпшення,unrelated,word,word,0.145288994317415,FALSE
мама,сніг,unrelated,word,word,0.147622932373576,FALSE
жах,кришка,unrelated,word,word,0.144670149478425,FALSE
розглядати,труп,unrelated,word,word,0.11226050498938,FALSE
літній,альфа,unrelated,word,word,0.0789987394936934,FALSE
зерно,гра,unrelated,word,word,0.0872714854805622,FALSE
приємний,фотографія,unrelated,word,word,0.134291021357838,FALSE
голос,інвестувати,unrelated,word,word,0.134955509478668,FALSE
обід,інформація,unrelated,word,word,0.1052899536795,FALSE
газ,божественний,unrelated,word,word,0.144899232946858,FALSE
блиск,зарплата,unrelated,word,word,0.0274928366607188,FALSE
зручний,параграф,unrelated,word,word,0.148607277018068,FALSE
коледж,розумний,unrelated,word,word,0.135533416505282,FALSE
лояльність,грецький,unrelated,word,word,0.135236143546417,FALSE
правий,підключення,unrelated,word,word,0.122684713150848,FALSE
вершина,покер,unrelated,word,word,0.0267926652201442,FALSE
браво,прилад,unrelated,word,word,0.145040392371452,FALSE
круглий,вбивство,unrelated,word,word,0.123261519566102,FALSE
запитання,вилка,unrelated,word,word,0.135009085860835,FALSE
висновок,світанок,unrelated,word,word,0.134008803695353,FALSE
пити,лев,unrelated,word,word,0.111113581516109,FALSE
розбити,заява,unrelated,word,word,0.0240215166465357,FALSE
галузь,вантаж,unrelated,word,word,0.0724343015061264,FALSE
єпископ,ефективний,unrelated,word,word,0.124041613777208,FALSE
підлога,збуджений,unrelated,word,word,0.133927232547389,FALSE
результат,милосердя,unrelated,word,word,0.14570216439184,FALSE
лікарня,предмет,unrelated,word,word,0.0864986233368334,FALSE
чашка,син,unrelated,word,word,0.1280956953242,FALSE
перемога,парфуми,unrelated,word,word,0.126141458841309,FALSE
брудний,конституція,unrelated,word,word,0.0861313085819888,FALSE
магнітний,почути,unrelated,word,word,0.119481787103485,FALSE
двері,уряд,unrelated,word,word,0.131617211742236,FALSE
акула,забороняти,unrelated,word,word,0.119248036507191,FALSE
національний,борошно,unrelated,word,word,0.0978827086713014,FALSE
низький,зонд,unrelated,word,word,0.134169832810926,FALSE
особистий,машина,unrelated,word,word,0.131450061365528,FALSE
вивчати,шоколад,unrelated,word,word,0.14619275790989,FALSE
червень,подія,unrelated,word,word,0.0994897463044997,FALSE
жаба,розчарування,unrelated,word,word,0.113427257698233,FALSE
регіональний,хустка,unrelated,word,word,0.139650606805581,FALSE
шериф,коліна,unrelated,word,word,0.145764027923126,FALSE
кілометр,довіра,unrelated,word,word,0.0301750836136738,FALSE
бібліотека,відчуття,unrelated,word,word,0.130623729945727,FALSE
опівночі,знання,unrelated,word,word,0.0935033810263691,FALSE
вересень,штучний,unrelated,word,word,0.130899365590819,FALSE
фаза,зовнішній,unrelated,word,word,0.103665793862783,FALSE
словник,віл,unrelated,word,word,0.124226395506963,FALSE
капсула,арешт,unrelated,word,word,0.0814094292862216,FALSE
готовий,зірка,unrelated,word,word,0.140258077363832,FALSE
кнопок,грім,unrelated,word,word,0.133054550801144,FALSE
принцеса,традиційний,unrelated,word,word,0.123045884657536,FALSE
красти,ручка,unrelated,word,word,0.136303985185959,FALSE
ланцюг,друг,unrelated,word,word,0.13946211332418,FALSE
клас,речення,unrelated,word,word,0.140104336949181,FALSE
стояти,журналіст,unrelated,word,word,0.110264464966455,FALSE
проспект,чесність,unrelated,word,word,0.099581466044667,FALSE
замінити,брат,unrelated,word,word,0.0977904595930151,FALSE
останній,аеропорт,unrelated,word,word,0.125973671153703,FALSE
незручний,індичка,unrelated,word,word,0.0973966578774044,FALSE
віскі,освіта,unrelated,word,word,0.0790483818870999,FALSE
сильний,прізвище,unrelated,word,word,0.0721409919208805,FALSE
вузький,захворювання,unrelated,word,word,0.135523038618873,FALSE
юрисдикція,камінь,unrelated,word,word,0.131107928039954,FALSE
башта,щасливий,unrelated,word,word,0.0859343878013288,FALSE
солодкий,кафедра,unrelated,word,word,0.126287863372466,FALSE
практика,розрізати,unrelated,word,word,0.111685836297946,FALSE
землетрус,мити,unrelated,word,word,0.139331019217313,FALSE
всесвіт,повідомляти,unrelated,word,word,0.139785133638345,FALSE
банда,стоп,unrelated,word,word,0.143109700956669,FALSE
снід,розвиток,unrelated,word,word,0.0775453891562992,FALSE
джерело,хлопчик,unrelated,word,word,0.104601912196518,FALSE
аналітик,череп,unrelated,word,word,0.10809063791628,FALSE
кетчуп,розмовляти,unrelated,word,word,0.107521231934013,FALSE
помада,нікчемний,unrelated,word,word,0.132814310206525,FALSE
дозволяти,пацюк,unrelated,word,word,0.14533226881432,FALSE
навчатися,пластик,unrelated,word,word,0.123276321072508,FALSE
студент,дозволяє,unrelated,word,word,0.123834565017776,FALSE
детонатор,багатий,unrelated,word,word,0.136293536664858,FALSE
ураган,конфіденційність,unrelated,word,word,0.138856756868935,FALSE
внизу,партія,unrelated,word,word,0.146295429201611,FALSE
фермер,гавань,unrelated,word,word,0.123889008461324,FALSE
менеджмент,кішка,unrelated,word,word,0.130756294486325,FALSE
тихоокеанський,атмосфера,unrelated,word,word,0.12337797530992,FALSE
ніколи,периметр,unrelated,word,word,0.099410653205713,FALSE
банківський,дуже,unrelated,word,word,0.122889383192678,FALSE
надихати,мотель,unrelated,word,word,0.0971568377514929,FALSE
увага,пограбування,unrelated,word,word,0.131052703170498,FALSE
прийом,маніпулювати,unrelated,word,word,0.109683749499132,FALSE
докази,глухий,unrelated,word,word,0.140183739586893,FALSE
підлітковий,припущення,unrelated,word,word,0.147950368203635,FALSE
африка,законний,unrelated,word,word,0.0332304506749045,FALSE
близько,пароль,unrelated,word,word,0.12530297938034,FALSE
екіпаж,розклад,unrelated,word,word,0.117988672762997,FALSE
свідок,печінка,unrelated,word,word,0.145337187306964,FALSE
кінотеатр,поверхня,unrelated,word,word,0.136760807112793,FALSE
нижній,егоїстичний,unrelated,word,word,0.122092433157416,FALSE
вірус,холодний,unrelated,word,word,0.100676126310902,FALSE
турнір,християнин,unrelated,word,word,0.126803926774399,FALSE
створювати,бостон,unrelated,word,word,0.0825677938241674,FALSE
завантажувати,глобальний,unrelated,word,word,0.148448584908119,FALSE
чоловік,активувати,unrelated,word,word,0.129674502974176,FALSE
один,племінник,unrelated,word,word,0.121424244443679,FALSE
усвідомлювати,піч,unrelated,word,word,0.103478142971443,FALSE
інцидент,валіза,unrelated,word,word,0.127841759394798,FALSE
ескорт,агентство,unrelated,word,word,0.113751944291652,FALSE
могила,військовий,unrelated,word,word,0.100524511482416,FALSE
свобода,хворий,unrelated,word,word,0.0954754247409042,FALSE
прибуття,брехун,unrelated,word,word,0.0982227063684252,FALSE
прогрес,сир,unrelated,word,word,0.129363343924107,FALSE
кошмар,зазвичай,unrelated,word,word,0.139279328412969,FALSE
іржавий,нещодавно,unrelated,word,word,0.0730090849078069,FALSE
нарешті,фотограф,unrelated,word,word,0.107724952998475,FALSE
описувати,лейтенант,unrelated,word,word,0.0908637808251774,FALSE
полювання,аудиторія,unrelated,word,word,0.108524863573568,FALSE
вільно,інспекція,unrelated,word,word,0.0991085393790082,FALSE
колекціонувати,потрійний,unrelated,word,word,0.132348287076761,FALSE
вводити,матч,unrelated,word,word,0.141228039390568,FALSE
адміністрація,приклад,unrelated,word,word,0.119252334968501,FALSE
тріщина,професор,unrelated,word,word,0.100956785374013,FALSE
дані,кінь,unrelated,word,word,-0.00476049458271127,FALSE
королева,унікальний,unrelated,word,word,0.132115488073996,FALSE
готівка,честь,unrelated,word,word,0.121007225990635,FALSE
аспірин,комісар,unrelated,word,word,0.134243447997966,FALSE
здоровий,океан,unrelated,word,word,0.140811130028025,FALSE
стіл,допомога,unrelated,word,word,0.149032585563397,FALSE
клітина,опис,unrelated,word,word,0.0552968753259498,FALSE
лимонад,обіцянка,unrelated,word,word,0.122065279839631,FALSE
досить,клієнт,unrelated,word,word,0.137364973707015,FALSE
метод,вигнати,unrelated,word,word,0.128627668544023,FALSE
подвійний,грудень,unrelated,word,word,0.0928254896248623,FALSE
раптом,шийка,unrelated,word,word,0.132947609927004,FALSE
прокляття,тиждень,unrelated,word,word,0.109105784473211,FALSE
заслуговувати,свиня,unrelated,word,word,0.130233327449616,FALSE
червоний,пожертвування,unrelated,word,word,0.137288084743183,FALSE
залишати,стрибок,unrelated,word,word,0.134284706096661,FALSE
автор,опівдні,unrelated,word,word,0.0959087100298439,FALSE
мотив,виловити,unrelated,word,word,0.144074631364198,FALSE
біблія,ковбойський,unrelated,word,word,0.104437848082192,FALSE
типовий,покоївка,unrelated,word,word,0.136168067352392,FALSE
відкриття,яскравий,unrelated,word,word,0.110571731762813,FALSE
посадка,самурай,unrelated,word,word,0.144601471402146,FALSE
відносини,інформатор,unrelated,word,word,0.113626617246915,FALSE
пропозиція,патруль,unrelated,word,word,0.0675374361218604,FALSE
славний,нудота,unrelated,word,word,0.105406733239055,FALSE
вітати,водій,unrelated,word,word,0.0678625253887394,FALSE
вага,насправді,unrelated,word,word,0.0976943860962227,FALSE
старший,їсти,unrelated,word,word,0.0968966906972185,FALSE
темрява,десятиліття,unrelated,word,word,0.13121538566945,FALSE
телескоп,сеча,unrelated,word,word,0.130915720520862,FALSE
порно,чотири,unrelated,word,word,0.0423777631219382,FALSE
убивця,постійно,unrelated,word,word,0.107288188049515,FALSE
зелений,відмовлятися,unrelated,word,word,0.1246575503669,FALSE
кесар,математика,unrelated,word,word,0.11455574247496,FALSE
волонтер,наречена,unrelated,word,word,0.146969309867142,FALSE
запустити,гонка,unrelated,word,word,0.131203692954288,FALSE
заручення,їжа,unrelated,word,word,0.0657712838401302,FALSE
тіло,героїн,unrelated,word,word,0.131556185391319,FALSE
популярний,хвилина,unrelated,word,word,0.13382219069063,FALSE
планета,виклик,unrelated,word,word,0.146723963279359,FALSE
текст,жіночий,unrelated,word,word,0.135445913877592,FALSE
гральний,подяка,unrelated,word,word,0.081538219966695,FALSE
палець,відданість,unrelated,word,word,0.136844934983812,FALSE
туга,відповідати,unrelated,word,word,0.132436618671622,FALSE
смерть,метр,unrelated,word,word,0.12581406555854,FALSE
плече,дружина,unrelated,word,word,0.0987760252578788,FALSE
матерія,молодий,unrelated,word,word,0.14434478888972,FALSE
прибути,мотузка,unrelated,word,word,0.1415331780086,FALSE
бойовий,тканина,unrelated,word,word,0.0800497452951952,FALSE
втомлений,процедура,unrelated,word,word,0.126132844840137,FALSE
інтернет,виробництво,unrelated,word,word,0.148643387350306,FALSE
тисяча,підпис,unrelated,word,word,0.0838618527361554,FALSE
планувати,коханець,unrelated,word,word,0.148248548632971,FALSE
людина,сильно,unrelated,word,word,0.0871000994073126,FALSE
зараз,намисто,unrelated,word,word,0.109155615887016,FALSE
завдання,вибух,unrelated,word,word,0.113246707954822,FALSE
коробка,захищати,unrelated,word,word,0.0270075904388792,FALSE
копати,планування,unrelated,word,word,0.10946446945133,FALSE
навантаження,вірити,unrelated,word,word,0.0572924705987268,FALSE
терпіння,сода,unrelated,word,word,0.134651507230155,FALSE
оригінальний,продовжувати,unrelated,word,word,0.121300606336502,FALSE
барон,бейсбол,unrelated,word,word,0.107133788134321,FALSE
танцівниця,батальйон,unrelated,word,word,0.119341515808688,FALSE
століття,підтримувати,unrelated,word,word,0.106649712020704,FALSE
порох,спокійний,unrelated,word,word,0.118379134247926,FALSE
пошта,рятівник,unrelated,word,word,0.119334145618527,FALSE
спочатку,власник,unrelated,word,word,0.117465750624075,FALSE
таксі,жорстокість,unrelated,word,word,0.133604975654536,FALSE
країна,дріт,unrelated,word,word,0.106802306868088,FALSE
свіжий,шлюб,unrelated,word,word,0.0858055963117252,FALSE
гарантія,доріжка,unrelated,word,word,0.123185974442496,FALSE
ніщо,гітара,unrelated,word,word,0.130259166838862,FALSE
кориця,виправдання,unrelated,word,word,0.0641576518594466,FALSE
південний,дружба,unrelated,word,word,0.0918441835979127,FALSE
хребетний,витрачати,unrelated,word,word,0.137361529054844,FALSE
інженер,спати,unrelated,word,word,0.0602070728942192,FALSE
секретар,ніж,unrelated,word,word,0.139043826578055,FALSE
проковтнути,психологія,unrelated,word,word,0.109226896164287,FALSE
пляжний,параметр,unrelated,word,word,0.148304911384645,FALSE
інспектор,клініка,unrelated,word,word,0.138597906220845,FALSE
злодій,маркетинг,unrelated,word,word,0.0952737773931065,FALSE
кабіна,дружній,unrelated,word,word,0.13873293563942,FALSE
приносити,священик,unrelated,word,word,0.133783055020963,FALSE
тут,майонез,unrelated,word,word,0.117243486111129,FALSE
захоплюватися,шахрайство,unrelated,word,word,0.108198475139032,FALSE
загальний,детектив,unrelated,word,word,0.121405641620721,FALSE
округ,мабуть,unrelated,word,word,0.127072022744068,FALSE
покривати,клятва,unrelated,word,word,0.0814609810301756,FALSE
капсула,гідність,unrelated,word,word,0.116259815775223,FALSE
фактично,паркан,unrelated,word,word,0.116891858528904,FALSE
душа,фінансовий,unrelated,word,word,0.132626949023411,FALSE
коментар,сонце,unrelated,word,word,0.139981530986214,FALSE
невдаха,наука,unrelated,word,word,0.127678008668883,FALSE
профіль,залучати,unrelated,word,word,0.147054888759818,FALSE
технічний,нещастя,unrelated,word,word,0.0941936472396596,FALSE
голод,шприц,unrelated,word,word,0.116839257276142,FALSE
гормон,статуя,unrelated,word,word,0.115270172756003,FALSE
вена,алібі,unrelated,word,word,0.14898195898497,FALSE
чувак,шампанське,unrelated,word,word,0.148642532114152,FALSE
будівельний,шрам,unrelated,word,word,0.0973522561185414,FALSE
відділ,сигарета,unrelated,word,word,0.119285626912767,FALSE
вікно,підприємець,unrelated,word,word,0.127901186766872,FALSE
повільний,спеціаліст,unrelated,word,word,0.131649897068996,FALSE
бутерброд,швидкість,unrelated,word,word,0.140483376707263,FALSE
база,мовчання,unrelated,word,word,0.0330365333894146,FALSE
фінансування,торт,unrelated,word,word,0.077446896095479,FALSE
підйом,офіціантка,unrelated,word,word,0.137064570498284,FALSE
лорд,венера,unrelated,word,word,0.0774569087325809,FALSE
компас,бабуся,unrelated,word,word,0.120239640500358,FALSE
артефакт,три,unrelated,word,word,0.131566050945638,FALSE
море,винищувач,unrelated,word,word,0.119285644696252,FALSE
автограф,перебільшувати,unrelated,word,word,0.132461441132717,FALSE
корова,нездатний,unrelated,word,word,0.0865905985817146,FALSE
заважати,втеча,unrelated,word,word,0.14056171130818,FALSE
міцно,приймати,unrelated,word,word,0.101710493031987,FALSE
тепло,ватсон,unrelated,word,word,0.14721341025057,FALSE
значок,капіталізм,unrelated,word,word,0.105627586271463,FALSE
думка,флот,unrelated,word,word,0.144270022502338,FALSE
створення,вчора,unrelated,word,word,0.130620631849877,FALSE
годувати,знаходження,unrelated,word,word,0.145529440495445,FALSE
бігти,фізичний,unrelated,word,word,0.141002845639783,FALSE
привілей,синдром,unrelated,word,word,0.118651261380212,FALSE
дурень,верхній,unrelated,word,word,0.144614116616767,FALSE
зберігати,зубний,unrelated,word,word,0.14257264268038,FALSE
південний,фургон,unrelated,word,word,0.132319294716498,FALSE
сухий,фантазія,unrelated,word,word,0.131799151616727,FALSE
джунглі,протокол,unrelated,word,word,0.0728856342994984,FALSE
банкір,двері,unrelated,word,word,0.0920408178117314,FALSE
викрадач,музика,unrelated,word,word,0.131163184284677,FALSE
міжнародний,ймовірно,unrelated,word,word,0.135091730659142,FALSE
кошик,розслідувати,unrelated,word,word,0.149957493029316,FALSE
сенсаційний,сигналізація,unrelated,word,word,0.148950150156172,FALSE
баскетбол,виробляти,unrelated,word,word,0.122007769201069,FALSE
спідниця,правильний,unrelated,word,word,0.123304752458168,FALSE
лояльний,медальйон,unrelated,word,word,0.144708155666496,FALSE
фінансово,приманка,unrelated,word,word,0.14623780446326,FALSE
налякати,документ,unrelated,word,word,0.0774227525912016,FALSE
фрагмент,прохолодний,unrelated,word,word,0.141174385546221,FALSE
заручниця,класичний,unrelated,word,word,0.144660549792161,FALSE
вставляти,полковник,unrelated,word,word,0.0951621693563378,FALSE
половина,французький,unrelated,word,word,0.125112104621112,FALSE
поворот,горила,unrelated,word,word,0.129579478697082,FALSE
шпигунство,пакет,unrelated,word,word,0.147975849357471,FALSE
сейф,проповідь,unrelated,word,word,0.112606915411808,FALSE
парламент,взуття,unrelated,word,word,0.100251813934781,FALSE
крамниця,зрадник,unrelated,word,word,0.123558264129601,FALSE
божевілля,додатковий,unrelated,word,word,0.0683411771321967,FALSE
назва,безпека,unrelated,word,word,0.139861184760632,FALSE
вдова,снайпер,unrelated,word,word,0.101537050363079,FALSE
пікнік,копіювати,unrelated,word,word,0.103413872286065,FALSE
контакт,малювати,unrelated,word,word,0.140711764126423,FALSE
відносний,сенат,unrelated,word,word,0.110424192415473,FALSE
людина,лідер,unrelated,word,word,0.141886174465088,FALSE
канал,диявол,unrelated,word,word,0.108320784304019,FALSE
охоронець,люди,unrelated,word,word,0.136720878224548,FALSE
шкіра,вихід,unrelated,word,word,0.135846283039208,FALSE
сюрприз,цивілізація,unrelated,word,word,0.146145988553282,FALSE
маля,ядерний,unrelated,word,word,0.118678760935528,FALSE
форма,сильно,unrelated,word,word,0.141741879327998,FALSE
офіціант,мутація,unrelated,word,word,0.0364755436133846,FALSE
дряпати,демонстрація,unrelated,word,word,0.125602919905576,FALSE
шлунок,дівчата,unrelated,word,word,0.127727633828535,FALSE
сліпий,проблема,unrelated,word,word,0.132401748284223,FALSE
гусак,команда,unrelated,word,word,0.139133296204763,FALSE
прощати,орбіта,unrelated,word,word,0.149934123633883,FALSE
задоволений,страйк,unrelated,word,word,0.109724918946393,FALSE
просто,лихоманка,unrelated,word,word,0.0942801405161557,FALSE
равлик,сто,unrelated,word,word,0.105524105264554,FALSE
місяць,справедливість,unrelated,word,word,0.140779169778543,FALSE
присутність,реактор,unrelated,word,word,0.135020904418011,FALSE
склянка,свято,unrelated,word,word,0.141853763115938,FALSE
дядько,минуле,unrelated,word,word,0.136652437030242,FALSE
ввічливий,випромінювання,unrelated,word,word,0.113138919650406,FALSE
піаніно,директор,unrelated,word,word,0.0975108019724308,FALSE
поцілунок,малий,unrelated,word,word,0.143481202678492,FALSE
сенс,телебачення,unrelated,word,word,0.144087420250529,FALSE
суп,біологія,unrelated,word,word,0.125963810574444,FALSE
голка,безпечний,unrelated,word,word,0.129824851615149,FALSE
нормально,брат,unrelated,word,word,0.141553832982385,FALSE
чоловічий,бачення,unrelated,word,word,0.139764118013744,FALSE
другий,коштовність,unrelated,word,word,0.145982800638597,FALSE
образливість,повертатися,unrelated,word,word,0.147224219589214,FALSE
псевдонім,функціональний,unrelated,word,word,0.134002282212916,FALSE
пухлина,збирати,unrelated,word,word,0.11216979547979,FALSE
розмова,жорсткий,unrelated,word,word,0.132870074979539,FALSE
зомбі,перспективний,unrelated,word,word,0.14690817863366,FALSE
жертва,замку,unrelated,word,word,0.0944876001483658,FALSE
явище,довго,unrelated,word,word,0.13645824283936,FALSE
комерційний,зміст,unrelated,word,word,0.130200022632354,FALSE
вдячний,горілка,unrelated,word,word,0.11732630269984,FALSE
мучити,журнал,unrelated,word,word,0.137276121650919,FALSE
двійник,міністерство,unrelated,word,word,0.11714707694501,FALSE
стіна,чарівник,unrelated,word,word,0.0979065108914605,FALSE
яблучний,результат,unrelated,word,word,0.137375920440429,FALSE
художник,вражати,unrelated,word,word,0.12568195358468,FALSE
піратський,радість,unrelated,word,word,0.105346137131478,FALSE
безпека,помічник,unrelated,word,word,0.0614155968794489,FALSE
завиток,пекло,unrelated,word,word,0.149481421229802,FALSE
живий,натхнення,unrelated,word,word,0.138446819975088,FALSE
грип,висловлювати,unrelated,word,word,0.0815994753000601,FALSE
занепокоєння,чорний,unrelated,word,word,0.113056076442453,FALSE
співчувати,ресторан,unrelated,word,word,0.127256442346344,FALSE
одкровення,легкий,unrelated,word,word,0.114527795304178,FALSE
відмовляти,емоційний,unrelated,word,word,0.104360284268884,FALSE
дозвіл,рідко,unrelated,word,word,0.111725600524083,FALSE
фарбувати,забавний,unrelated,word,word,0.146495697417529,FALSE
точка,тиск,unrelated,word,word,0.08906589489946,FALSE
тато,мікроскоп,unrelated,word,word,0.14880028830436,FALSE
фронт,відеоролик,unrelated,word,word,0.146248791348255,FALSE
калібр,багатство,unrelated,word,word,0.0977698793703617,FALSE
телеграма,дерева,unrelated,word,word,0.0799876391537858,FALSE
виступ,обіймати,unrelated,word,word,0.119184008017783,FALSE
незнання,картель,unrelated,word,word,0.133839249088917,FALSE
потужність,супроводжувати,unrelated,word,word,0.127787061600326,FALSE
визнавати,дешевий,unrelated,word,word,0.0895256087495153,FALSE
залізо,письменник,unrelated,word,word,0.114451879617153,FALSE
ангел,запитувати,unrelated,word,word,0.132166353521937,FALSE
храм,вибирати,unrelated,word,word,0.104102294056155,FALSE
коричневий,небезпека,unrelated,word,word,0.129754275013447,FALSE
труна,неприємний,unrelated,word,word,0.121629399335461,FALSE
кабінет,жінка,unrelated,word,word,0.103380023821005,FALSE
розлучення,хоробрий,unrelated,word,word,0.0953118542686641,FALSE
альбом,лякати,unrelated,word,word,0.0829110781997674,FALSE
розрив,пісня,unrelated,word,word,0.149259093479852,FALSE
магія,затверджувати,unrelated,word,word,0.143382321139617,FALSE
кмітливий,влада,unrelated,word,word,0.122705216427861,FALSE
конкуренція,порядок,unrelated,word,word,0.119193941879306,FALSE
буквально,човен,unrelated,word,word,0.140087516964739,FALSE
туалет,надсилати,unrelated,word,word,0.12015813593929,FALSE
шерлок,зрештою,unrelated,word,word,0.145496459850972,FALSE
пістолет,цибуля,unrelated,word,word,0.139850031341859,FALSE
мінімальний,прогулянка,unrelated,word,word,0.149232157523513,FALSE
фізика,щось,unrelated,word,word,0.0966047493236559,FALSE
експеримент,урятувати,unrelated,word,word,0.132514882688314,FALSE
війна,металевий,unrelated,word,word,0.0953770394724856,FALSE
спробувати,черевний,unrelated,word,word,0.141799388364332,FALSE
благодійність,туман,unrelated,word,word,0.12328592698969,FALSE
тригер,чарівний,unrelated,word,word,0.121502149917729,FALSE
господиня,підрозділ,unrelated,word,word,0.140422010392448,FALSE
няня,рівномірний,unrelated,word,word,0.146678238656436,FALSE
попит,знаменитий,unrelated,word,word,0.140854733731821,FALSE
гордість,тягнути,unrelated,word,word,0.141987859546111,FALSE
око,аналіз,unrelated,word,word,0.120888712342293,FALSE
гордий,гараж,unrelated,word,word,0.144934286844959,FALSE
слух,яйце,unrelated,word,word,0.12129140752164,FALSE
щодня,детермінація,unrelated,word,word,0.107640435506802,FALSE
забути,молодший,unrelated,word,word,0.131021908418341,FALSE
враження,вампір,unrelated,word,word,0.11974600394739,FALSE
ілюзія,молоток,unrelated,word,word,0.125070103899819,FALSE
карати,важливість,unrelated,word,word,0.144647264709179,FALSE
драматичний,підтверджувати,unrelated,word,word,0.0527803513300809,FALSE
довіра,політ,unrelated,word,word,0.106115229993195,FALSE
анонімний,якість,unrelated,word,word,0.10516073981369,FALSE
порятунок,лін,unrelated,word,word,0.126425259955522,FALSE
подивитися,обвинувачення,unrelated,word,word,0.121958179154414,FALSE
сучасний,сигара,unrelated,word,word,0.140132496688672,FALSE
небо,саботаж,unrelated,word,word,0.1403887180678,FALSE
сказати,динаміт,unrelated,word,word,0.0937199788576641,FALSE
розтопити,інший,unrelated,word,word,0.148472781407562,FALSE
винятковий,лобстер,unrelated,word,word,0.130028416673616,FALSE
зосереджувати,борода,unrelated,word,word,0.14843922218682,FALSE
чудовий,зброя,unrelated,word,word,0.126892349252668,FALSE
договір,жовтий,unrelated,word,word,0.124891920168222,FALSE
кімната,судити,unrelated,word,word,0.126534926292002,FALSE
західний,зізнатися,unrelated,word,word,0.0702413234229946,FALSE
пристойний,масло,unrelated,word,word,0.144653328947098,FALSE
хапати,спальня,unrelated,word,word,0.140754868985819,FALSE
внутрішній,епізод,unrelated,word,word,0.103893850210669,FALSE
бруд,надзвичайний,unrelated,word,word,0.135244307449146,FALSE
ромео,ліберальний,unrelated,word,word,0.140631298110607,FALSE
осел,думати,unrelated,word,word,0.149843419028128,FALSE
висячий,злочинність,unrelated,word,word,0.142616551426578,FALSE
єдиний,орендодавець,unrelated,word,word,0.144079384722314,FALSE
незаконний,біль,unrelated,word,word,0.149139416181172,FALSE
дотепність,бар,unrelated,word,word,0.111057624176617,FALSE
кокаїн,досконалий,unrelated,word,word,0.135795572103966,FALSE
цінний,килимок,unrelated,word,word,0.122988694987078,FALSE
потенціал,вантажівка,unrelated,word,word,0.138223722846685,FALSE
колега,вибухнути,unrelated,word,word,0.119168808511413,FALSE
натовп,максимальний,unrelated,word,word,0.135737944872057,FALSE
чистий,вагітність,unrelated,word,word,0.082394092745983,FALSE
мужність,передавач,unrelated,word,word,0.148656050909812,FALSE
експерт,зброю,unrelated,word,word,0.0751208716343376,FALSE
пінг,механічний,unrelated,word,word,0.137678679763902,FALSE
сьогодні,голий,unrelated,word,word,0.144999797023519,FALSE
зателефонувати,інструмент,unrelated,word,word,0.143222182148449,FALSE
папір,правдоподібний,unrelated,word,word,0.113166299644979,FALSE
смішний,ванна кімната,unrelated,word,word,0,FALSE
пам'ятник,розвал,unrelated,word,word,0,FALSE
волосся,лекція,unrelated,word,word,0.0710260081942523,FALSE
надприродливий,пістолет,unrelated,word,word,0,FALSE
чарівність,штаб-квартира,unrelated,word,word,0,FALSE
гарантія,темний,unrelated,word,word,0.104376395375734,FALSE
дівчина,від'їзд,unrelated,word,word,0,FALSE
свинина,жалюгідний,unrelated,word,word,0.115633160820037,FALSE
наречений,м'ясо,unrelated,word,word,0,FALSE
семінар,запах,unrelated,word,word,0.0550588565004728,FALSE
продавець,судовий процес,unrelated,word,word,0,FALSE
відходи,скромний,unrelated,word,word,0.0768401856095183,FALSE
мафія,коли-небудь,unrelated,word,word,0,FALSE
цукор,галактика,unrelated,word,word,0.0757067040673157,FALSE
гарячий,загоюватися,unrelated,word,word,0,FALSE
поєднання,телефон,unrelated,word,word,0.0758068449578282,FALSE
загальний,доктор,unrelated,word,word,0.092685507776839,FALSE
підводний човен,мертвий,unrelated,word,word,0,FALSE
неправильний,фестиваль,unrelated,word,word,-0.00102391535984339,FALSE
печатка,пильний,unrelated,word,word,0.0595404091028185,FALSE
ризикований,таємниця,unrelated,word,word,0.104961301387786,FALSE
лопатись,сонячний,unrelated,word,word,0,FALSE
фатум,в'язниця,unrelated,word,word,0,FALSE
підготовка,помаранчевий,unrelated,word,word,0.0777069206016056,FALSE
тверезий,тестування,unrelated,word,word,0.0793390910187793,FALSE
кущ,повністю,unrelated,word,word,0.055183190550736,FALSE
фактор,п'яний,unrelated,word,word,0,FALSE
знаряддя,жахливий,unrelated,word,word,0.11298842484464,FALSE
психічний,переможець,unrelated,word,word,0.102261916442618,FALSE
м'який,бетмен,unrelated,word,word,0,FALSE
реальність,весілля,unrelated,word,word,0.114922152172116,FALSE
черв'як,дивний,unrelated,word,word,0,FALSE
неприємний,сила,unrelated,word,word,0.147983246253044,FALSE
здоров'я,розумний,unrelated,word,word,0,FALSE
вічний,до побачення,unrelated,word,word,0,FALSE
нирка,елегантний,unrelated,word,word,0.0873484937615098,FALSE
кілограм,америка,unrelated,word,word,0.089359837205831,FALSE
якор,покупець,unrelated,word,word,0,FALSE
відмінний,обов'язок,unrelated,word,word,0,FALSE
шутер,пеніс,unrelated,word,word,0.12539777473483,FALSE
невинний,м'яз,unrelated,word,word,0,FALSE
праця,потворний,unrelated,word,word,0.149692612187338,FALSE
страшний,місто,unrelated,word,word,0.13516472476137,FALSE
скарга,чудовий,unrelated,word,word,0.0734620465780586,FALSE
нерозумний,спантеличеність,unrelated,word,word,0,FALSE
кабель,пристрасть,unrelated,word,word,0.117038314869631,FALSE
дозволяти,комедія,unrelated,word,word,0.107040065348903,FALSE
об'єкт,практично,unrelated,word,word,0,FALSE
короткий,віра,unrelated,word,word,0.0904036527885556,FALSE
транспортний засіб,ліворуч,unrelated,word,word,0,FALSE
робот,атакувати,unrelated,word,word,0.133270050690079,FALSE
перебування,дрібний,unrelated,word,word,0.079714760534019,FALSE
трофей,раковина,unrelated,word,word,0.128388135250303,FALSE
НЛО,дурний,unrelated,word,word,0,FALSE
цивільний,спасибі,unrelated,word,word,0.104866769648315,FALSE
захід сонця,інтимний,unrelated,word,word,0,FALSE
стриманий,полум'я,unrelated,word,word,0,FALSE
ріг,безвідповідальний,unrelated,word,word,0.142399202758154,FALSE
секретний,озеро,unrelated,word,word,0.139114210711635,FALSE
серія,нещастя,unrelated,word,word,0.0351293174722113,FALSE
дорослий,використання,unrelated,word,word,0.056976301577366,FALSE
диплом,огидний,unrelated,word,word,0.124209071437786,FALSE
ентузіазм,шосе,unrelated,word,word,0.00876693600195822,FALSE
число,сховатися,unrelated,word,word,0.113731477727619,FALSE
характер,вухо,unrelated,word,word,0.0803869973507454,FALSE
народження,товстий,unrelated,word,word,0.0741198831330962,FALSE
сексуальний,сім'я,unrelated,word,word,0,FALSE
повітря,помилковий,unrelated,word,word,0.133048875507982,FALSE
журналістика,ін'єкція,unrelated,word,word,0,FALSE
іноді,людський,unrelated,word,word,0.105283206849555,FALSE
безпорадний,приз,unrelated,word,word,0.0942905692831351,FALSE
церква,реалістичний,unrelated,word,word,0.115913060344158,FALSE
вторинний,графиня,unrelated,word,word,0.0236582363841381,FALSE
правила,сукня,unrelated,word,word,0.114884975529286,FALSE
штовхати,дослідник,unrelated,word,word,0.0965565874219462,FALSE
весна,негативний,unrelated,word,word,0.0778237977934456,FALSE
оптимістичний,нос,unrelated,word,word,0.130564391485478,FALSE
мін,абсурдний,unrelated,word,word,0.124119341907537,FALSE
бідний,раноподібний,unrelated,word,word,0,FALSE
місячний,всередині,unrelated,word,word,0.0937979795770976,FALSE
герой,скорочувати,unrelated,word,word,0.122111634313864,FALSE
англійська мова,первинний,unrelated,word,word,0,FALSE
геніальний,шеф-кухар,unrelated,word,word,0,FALSE
шум,убити,unrelated,word,word,0.138494179543809,FALSE
постріл,адміністративний,unrelated,word,word,0.0701598575525946,FALSE
що саме,церебральний,unrelated,word,word,0,FALSE
нездоровий,затвердження,unrelated,word,word,0.0759176465985139,FALSE
капітал,моторошний,unrelated,word,word,0.105186920269902,FALSE
деінде,офіційний,unrelated,word,word,0.121041678981143,FALSE
попряма,поганий,unrelated,word,word,0,FALSE
хобі,політик,unrelated,word,word,0.0475758584554466,FALSE
продукти,самотній,unrelated,word,word,0.0626415753679786,FALSE
знаменитість,сміття,unrelated,word,word,0.0894474385021673,FALSE
декан,тварина,unrelated,word,word,0.116798288405676,FALSE
дрімати,архітектор,unrelated,word,word,0.106945121435827,FALSE
пенсія,навпаки,unrelated,word,word,0.0758079867372482,FALSE
потенціал,ув'язнений,unrelated,word,word,0,FALSE
плітки,нормальний,unrelated,word,word,0.121686105361724,FALSE
стандартний,боротися,unrelated,word,word,0.133913107163322,FALSE
мережа,померти,unrelated,word,word,0.0913459753669186,FALSE
марний,битва,unrelated,word,word,0.0976232695784952,FALSE
шар,божевільний,unrelated,word,word,0.0940337720420944,FALSE
аутопсія,запам'ятати,unrelated,word,word,0,FALSE
терміновий,броня,unrelated,word,word,0.142327090344486,FALSE
привабливий,факс,unrelated,word,word,0.149876031392252,FALSE
грати,шантаж,unrelated,word,word,0.0212194482230721,FALSE
спокійно,бавовна,unrelated,word,word,0.0586831085877594,FALSE
місце,спагетті,unrelated,word,word,0.103955874895778,FALSE
привабливий,папа,unrelated,word,word,0.0852192182640405,FALSE
виникнути,ніжний,unrelated,word,word,0.0948570543808355,FALSE
дорогий,остання,unrelated,word,word,0.0122511621935981,FALSE
гніздо,легкий,unrelated,word,word,0.118144954969229,FALSE
параноїдальний,частка,unrelated,word,word,0.0865710975029594,FALSE
прапор,реальний,unrelated,word,word,0.139714597859185,FALSE
тінь,обслуговування,unrelated,word,word,0.0684547251369226,FALSE
кут,цинічний,unrelated,word,word,0.0612359243281745,FALSE
стрес,їздити,unrelated,word,word,0.136333631148269,FALSE
частота,брудний,unrelated,word,word,0.0669433062547489,FALSE
неможливий,полуниця,unrelated,word,word,0.104457844396329,FALSE
швидка допомога,мурашка,unrelated,word,word,0,FALSE
кашель,там,unrelated,word,word,0.0874846927757021,FALSE
анатомія,лімузин,unrelated,word,word,0.0331400834928483,FALSE
комплімент,жовтень,unrelated,word,word,0.0923912444792226,FALSE
антидот,вільний,unrelated,word,word,0.128771557756013,FALSE
міцний,щотижня,unrelated,word,word,0.0639757872061042,FALSE
корона,трагічний,unrelated,word,word,0.122352691243044,FALSE
реклама,замок,unrelated,word,word,0.0947139045268839,FALSE
кар'єра,заморожувати,unrelated,word,word,0,FALSE
бідність,виконання,unrelated,word,word,0.0878937680298876,FALSE
генератор,дурість,unrelated,word,word,0.0640594405254453,FALSE
квиток,зима,unrelated,word,word,0.0181048234551088,FALSE
призначення,масаж,unrelated,word,word,-0.0219564016099001,FALSE
просто,вибори,unrelated,word,word,0.0484171212822279,FALSE
модель,іронічний,unrelated,word,word,0.135667375418969,FALSE
спокійний,суміш,unrelated,word,word,0.071830122804037,FALSE
листопад,спрага,unrelated,word,word,0.0967199942733153,FALSE
незвичайний,отворити,unrelated,word,word,0,FALSE
поет,дзеркало,unrelated,word,word,0.11914388804461,FALSE
наївний,куртка,unrelated,word,word,0.122498760764692,FALSE
губернатор,ковток,unrelated,word,word,0.134458332471365,FALSE
десерт,звільнення,unrelated,word,word,0.0653901477249003,FALSE
рот,невідомий,unrelated,word,word,0.0364451356797911,FALSE
підробка,теніс,unrelated,word,word,0.091983088063881,FALSE
фунт,особистість,unrelated,word,word,0.0751847687129621,FALSE
дотепний,ще,unrelated,word,word,0.0744486682202633,FALSE
рана,небезпечний,unrelated,word,word,0.134458778560046,FALSE
іронія,закінчити,unrelated,word,word,0.0419052127703616,FALSE
наймання,милий,unrelated,word,word,0.0743178271813806,FALSE
позитивний,алея,unrelated,word,word,0.0724561819369989,FALSE
збільшити,дитина,unrelated,word,word,0.121401374955062,FALSE
справжній,довжина,unrelated,word,word,0.127727329340758,FALSE
консультація,фатальний,unrelated,word,word,0.0920552385715919,FALSE
упертий,квартира,unrelated,word,word,-0.0122063364614655,FALSE
потік,ображати,unrelated,word,word,0.0850273417228456,FALSE
делікатний,інфекція,unrelated,word,word,0.0770548923283594,FALSE
командувач,мокрий,unrelated,word,word,0.13807603483859,FALSE
ревнивий,зйомка,unrelated,word,word,0.0681499625109125,FALSE
кодекс,підліток,unrelated,word,word,0.129202214336589,FALSE
брутальний,здатність,unrelated,word,word,0.0989273147848678,FALSE
портфель,дивитися,unrelated,word,word,0.123839524179384,FALSE
сумний,надавати,unrelated,word,word,0.0801013805717482,FALSE
випадково,морфін,unrelated,word,word,0.128802615649748,FALSE
неправедність,швидкий,unrelated,word,word,0.108404813790097,FALSE
два,смачний,unrelated,word,word,0.0626059713961142,FALSE
драма,давати,unrelated,word,word,0.110725018601329,FALSE
термінал,лизати,unrelated,word,word,0.0599709082766323,FALSE
ідеальний,буква,unrelated,word,word,0.0725949576643746,FALSE
ризик,тарілка,unrelated,word,word,0.132507596462432,FALSE
добрий,монастир,unrelated,word,word,0.137182350721091,FALSE
реагувати,чудовий,unrelated,word,word,0.12573031005429,FALSE
супермен,досягати успіху,unrelated,word,word,0,FALSE
ненависть,мішок,unrelated,word,word,0.122838181013346,FALSE
гостинність,чутливий,unrelated,word,word,0.144305279043251,FALSE
готель,інтуїція,unrelated,word,word,0.0338320641723985,FALSE
нещасний,література,unrelated,word,word,0.146644927879161,FALSE
хабар,паранормальний,unrelated,word,word,0.101811062808977,FALSE
страшний,адреса,unrelated,word,word,0.0721036525015094,FALSE
диван,демократія,unrelated,word,word,0.139757697079177,FALSE
наївний,великий палець,unrelated,word,word,0,FALSE
величність,таймер,unrelated,word,word,0.129022661953217,FALSE
жалюгідний,джульєтта,unrelated,word,word,0.398866513822077,TRUE
