"","term","semd","prop"
"1","abandon",0.520992731449128,0.0217006365271526
"2","abdominal",0.398237375072501,0.00337058057862151
"3","abduct",0.462921897328939,0.00219476053345262
"4","ability",0.496523680205896,0.0356831095081438
"5","about",0.488173057329383,0.931621482247758
"6","absence",0.500524798471454,0.0156149523303604
"7","absolutely",0.457326929047705,0.170292758998829
"8","absurd",0.472540183413268,0.0184426675116417
"9","accent",0.44198407555019,0.0213954203595493
"10","accept",0.494563520145028,0.103273346318612
"11","accident",0.44868623679886,0.107995265654561
"12","accidentally",0.447178740274227,0.0164506077917882
"13","accompany",0.504316670574666,0.0124827976129455
"14","accusation",0.479130240389535,0.00546903880982781
"15","act",0.472375463842769,0.155753441254042
"16","activate",0.47934026772832,0.0104487997937267
"17","active",0.484782382104462,0.0237338577149017
"18","activity",0.482485410369934,0.0279804785913769
"19","actor",0.458603979662396,0.0254704056812145
"20","actually",0.448923454289752,0.398077215807246
"21","additional",0.502408790187722,0.0121131210333548
"22","address",0.444560341244999,0.0898881029378415
"23","administration",0.482973114127506,0.0130000341717847
"24","administrative",0.476560518537232,0.00344047741089707
"25","admire",0.474977848265559,0.0229688757172192
"26","admit",0.45697259720742,0.0923601209059872
"27","adrenaline",0.444073603413672,0.00691590323793192
"28","adult",0.452867697903211,0.0278282588233101
"29","advertising",0.431773635697558,0.00896931684389397
"30","advice",0.453753692860692,0.0732759558003498
"31","advise",0.498039006129725,0.0193676355920883
"32","africa",0.502825494640017,0.0254665225238659
"33","agency",0.440637377331678,0.0302148473297857
"34","agent",0.433475634503575,0.0897063711739251
"35","agreement",0.470867000522091,0.0314349353687291
"36","aids",0.442592682377957,0.0088256400219942
"37","air",0.48100230208313,0.194535310326403
"38","airport",0.447898236599438,0.0440357809650733
"39","alarm",0.470422933226411,0.0466196338648599
"40","album",0.42889162329762,0.0132446730847491
"41","alcohol",0.443296788944017,0.0303414382593514
"42","alert",0.489920755896637,0.0366305999012125
"43","alibi",0.413597248842437,0.0164987589429114
"44","alien",0.499245147695865,0.0255403025134901
"45","alive",0.48256446249797,0.236944048362395
"46","alley",0.443567856373818,0.0230496453900709
"47","allow",0.503445205688504,0.0929076460921458
"48","alone",0.463263806216845,0.380882595067458
"49","alpha",0.48010351585436,0.0166432123962809
"50","already",0.472062944051817,0.45518292777638
"51","always",0.470480715194713,0.615136392018714
"52","amateur",0.451330097558389,0.0117745097125532
"53","amazing",0.445161699722864,0.141726700279277
"54","ambassador",0.512057023296024,0.0141478954840433
"55","ambulance",0.444195798955635,0.0325664874201235
"56","america",0.483221710070692,0.0942450054830182
"57","amount",0.48385771625248,0.0522781707533015
"58","analysis",0.479403366488277,0.0203648303992196
"59","analyst",0.429482342464565,0.00490753425721413
"60","anarchy",0.479387765810303,0.0038342295660494
"61","anatomy",0.471508062714417,0.00477939006470893
"62","anchor",0.487099652435496,0.00929006564089182
"63","angel",0.470583592979404,0.0494791909364001
"64","anger",0.487397993547354,0.0360722018744777
"65","angry",0.459482567996275,0.103235291376595
"66","animal",0.478515102330329,0.0660750288130275
"67","anniversary",0.440431836510514,0.0189467013354955
"68","anonymous",0.449101390788999,0.0158223129327779
"69","answer",0.478075051400131,0.248738750493161
"70","ant",0.494988156421497,0.00562048194642485
"71","antidote",0.486882962385664,0.00513897043519321
"72","apartment",0.427590776228773,0.0871131986965017
"73","apple",0.454494037332889,0.0274438262457945
"74","apply",0.474245965209147,0.0242945856360456
"75","appreciate",0.436863963694547,0.12312715321075
"76","approval",0.48010719528549,0.0149905406286987
"77","architect",0.467161694035698,0.00839150303041599
"78","area",0.477335189907279,0.116750232212809
"79","arena",0.514930110734261,0.0068553259832931
"80","arm",0.470696761730636,0.0882463040108356
"81","armor",0.510982071740634,0.0125627906543275
"82","armory",0.468897608777593,0.00289450548767797
"83","army",0.502000127408423,0.0966463499874186
"84","around",0.464312088676245,0.616342500691202
"85","arrange",0.469646586849426,0.0288720515186252
"86","arrest",0.46999738286961,0.0894912442568103
"87","arrival",0.525943826148208,0.0185498426544642
"88","arrive",0.510612614215786,0.0395771396973622
"89","arrogance",0.511554049667477,0.00596685958192375
"90","arsenal",0.488511907713759,0.00437942485779878
"91","art",0.475473783543029,0.079973625595288
"92","artery",0.432763681234642,0.00749294041994017
"93","article",0.451073425187578,0.0253306120166634
"94","artifact",0.436053887620014,0.00332087616455889
"95","artificial",0.499147463346775,0.00937704836550141
"96","artillery",0.494041088650181,0.0068988173455979
"97","artist",0.45421970959798,0.0385558693146693
"98","ash",0.514479665758725,0.0100208758539063
"99","ask",0.460051064855341,0.504173617518321
"100","aspirin",0.424305364806891,0.00817948263918013
"101","ass",0.42078120736363,0.225258074637391
"102","assassin",0.479494865505678,0.0119166332715135
"103","assist",0.492931704339094,0.0152716812207404
"104","assistance",0.490832016647777,0.0204984110120129
"105","assistant",0.447168194403596,0.0450624877680544
"106","assumption",0.480510908430589,0.00602588357362311
"107","astronaut",0.501868406117431,0.00633808942445395
"108","atlantic",0.505720659782219,0.0119888599981982
"109","atmosphere",0.525391524732979,0.0197458551178461
"110","atomic",0.506190412749568,0.00703938764161875
"111","attack",0.501304480316182,0.125222504916077
"112","attacker",0.440165640035478,0.00399887543763183
"113","attempt",0.50791539552298,0.0379897049732373
"114","attention",0.470886249742504,0.139147507168308
"115","attitude",0.457582576576729,0.0357491231830707
"116","attract",0.497613282065457,0.0106771294458268
"117","attractive",0.433447415634039,0.0278127261939156
"118","auction",0.437481570199291,0.0090221277838355
"119","audience",0.481327793233008,0.0387601233912079
"120","author",0.483867421074738,0.0120432242010792
"121","authority",0.498440724853981,0.0377233203791204
"122","autograph",0.443983838396959,0.00959994159731348
"123","autopsy",0.425942262958282,0.0138162738464693
"124","autumn",0.51222331294089,0.00868429309450362
"125","avenue",0.442626816361299,0.0199384597223387
"126","baby",0.45208247893884,0.319966729107837
"127","back",0.486829781917588,0.888270690238985
"128","bacon",0.438389544823853,0.0151637294464482
"129","bad",0.452948717907563,0.527864760502387
"130","badge",0.422970365026698,0.0223033025476619
"131","bag",0.440913270729196,0.123603228301693
"132","bait",0.455613887103635,0.0188876773437961
"133","balance",0.490342993907587,0.029736442344433
"134","banana",0.435803508719237,0.0127429691553045
"135","band",0.45594342559739,0.0557015622718645
"136","banker",0.45008446157004,0.00717607478029096
"137","banking",0.471214706556381,0.00575561582215761
"138","bar",0.431925860196627,0.104293840069835
"139","baron",0.493371971593636,0.00677377967897162
"140","base",0.489972651598545,0.0555547789240858
"141","baseball",0.417484203479348,0.0232375902057452
"142","basketball",0.413139766621436,0.014197599898106
"143","bathroom",0.417713698021362,0.0752788883607795
"144","batman",0.469166047868076,0.00710850784242458
"145","battalion",0.476950797589675,0.00707045290040789
"146","battle",0.535977198178824,0.0725474754817445
"147","battlefield",0.519736117616381,0.00908503493288351
"148","bay",0.494463757345051,0.0311056436255642
"149","beach",0.45326065485764,0.0590364178028785
"150","bear",0.499418415606953,0.0828906533955881
"151","beard",0.485461053523079,0.0180147435718213
"152","beast",0.498285683592191,0.0305324896009046
"153","beautiful",0.46001861574757,0.30314178494764
"154","beauty",0.485556893170876,0.0658544654756246
"155","bed",0.447593127217775,0.216515534182658
"156","bedroom",0.433448661771599,0.0499273072944334
"157","bee",0.511710691278974,0.0140950845441018
"158","beer",0.425285141387668,0.0788319773347872
"159","believe",0.469341133577546,0.562449713112335
"160","bible",0.475282332994357,0.0229789719263256
"161","big",0.459119319195204,0.534600485239342
"162","billion",0.512341009122146,0.0277389462042914
"163","bind",0.537830059295807,0.0070898686871511
"164","biological",0.477516980881653,0.0112440704187286
"165","biology",0.456345904781065,0.00761487156068754
"166","bird",0.483703150358673,0.0611737076075712
"167","birth",0.492861331347336,0.0513780548798862
"168","birthday",0.438779133271227,0.0843149955110701
"169","bishop",0.495293689507184,0.0137735591156342
"170","black",0.476653892274379,0.187088191163176
"171","blackmail",0.441845863996289,0.0128579106128244
"172","blanket",0.470559368672733,0.0176706958307316
"173","blind",0.478214934028686,0.0685392804664759
"174","blood",0.485194295021972,0.225319428523499
"175","blue",0.468722754587787,0.11975113621184
"176","boat",0.467234446171391,0.0784242458131797
"177","body",0.469001507016826,0.250152996399537
"178","bomb",0.470989020617168,0.0555920572346328
"179","bone",0.471185893678818,0.041488429744364
"180","bonus",0.435421054778528,0.0133596145422689
"181","book",0.461180325156962,0.162771083214509
"182","boot",0.461307937752913,0.0177887438141303
"183","boss",0.442693047835553,0.145571802685902
"184","boston",0.446554826826727,0.0190857183685769
"185","bottle",0.444842912524161,0.0696941314619621
"186","bottom",0.4776722682229,0.0776538273952091
"187","bowl",0.454679958065049,0.026821744438542
"188","box",0.453498419273807,0.112813487292756
"189","boy",0.464858388055539,0.40044050536963
"190","boys",0.454104614741991,0.207714746367695
"191","brain",0.461903604092407,0.102313429822027
"192","brand",0.455991784414493,0.0368107784021895
"193","brave",0.49578365336292,0.0590783559022438
"194","bravo",0.476670115440671,0.0270500740906422
"195","bread",0.477954205950987,0.0417423882349652
"196","break",0.460528121592313,0.276811648229436
"197","breakfast",0.435817965240169,0.076613141225773
"198","bribe",0.460772024871294,0.0101264977337894
"199","bride",0.467585753643765,0.0296098514148672
"200","bridge",0.498675948463036,0.0562506407209625
"201","briefcase",0.43527861412947,0.00956732307558488
"202","bright",0.479591422655423,0.0559757131806786
"203","bring",0.475843764132722,0.417579208643598
"204","bro",0.4141263712878,0.0439130731928562
"205","brother",0.470488304857423,0.267252091468548
"206","brown",0.464761479235666,0.0487149855701873
"207","bruise",0.440762466603037,0.00503878497559824
"208","brutal",0.496560925961441,0.0159403609161766
"209","budget",0.445834170649922,0.0175992457355166
"210","build",0.485039763937288,0.0824557397725402
"211","building",0.463821320999349,0.13508184142428
"212","bullet",0.450387997464312,0.0575320826460145
"213","burst",0.503719639754819,0.0182974374268025
"214","bury",0.478022056867414,0.0346804782807243
"215","bus",0.437245418971557,0.0677944908870063
"216","bush",0.476758311376797,0.0176831219342473
"217","business",0.453798077150764,0.318983513667161
"218","butt",0.421844019366031,0.0467578742664716
"219","butter",0.434491962652614,0.0253570174866342
"220","butterfly",0.472765938192045,0.0096007182287832
"221","button",0.453271221666546,0.037693031751801
"222","buy",0.443294251295803,0.223734323693784
"223","buyer",0.427131424988999,0.00931336458498368
"224","bye",0.439499550718544,0.23329621034908
"225","cabin",0.459987779693376,0.0214497845624303
"226","cabinet",0.469218257708409,0.0146107678400015
"227","cable",0.458413276393301,0.0175371152179383
"228","caesar",0.509407833585337,0.00768942818178147
"229","cake",0.447632753635197,0.0484586971851769
"230","calculate",0.516283024981011,0.00517935527161909
"231","calendar",0.448914396219965,0.00990127460756812
"232","caliber",0.442509132751119,0.0067489274719403
"233","call",0.465039546647039,0.645414146497547
"234","calm",0.45175816508461,0.147001581221672
"235","camera",0.463446621521176,0.0800590550569582
"236","camp",0.478826495411458,0.0549156112244993
"237","campaign",0.474831850422276,0.027202293858709
"238","camping",0.414265906058078,0.0087681692932343
"239","cancer",0.437475528533712,0.0362749026880768
"240","candidate",0.45960920825189,0.0146558124652457
"241","candle",0.466769258773176,0.012652879904816
"242","cap",0.467363658938702,0.0243007986878035
"243","capacity",0.494656282457406,0.0153159492145149
"244","capital",0.510264431681225,0.0273257782623958
"245","capitalism",0.497587962057861,0.00291081474854226
"246","capsule",0.495288625370571,0.00403304722229989
"247","captain",0.49427570256242,0.115756920563027
"248","car",0.437438345462586,0.342756979587018
"249","carbon",0.508781509511358,0.0095541203405995
"250","cardinal",0.515521806636614,0.00536264029847501
"251","career",0.45114357518111,0.0678162365681587
"252","cargo",0.483324182964004,0.0149625818957885
"253","carnival",0.448997729529607,0.00644138140992784
"254","carpet",0.446384482057847,0.0151590696576298
"255","cartel",0.403923340113618,0.00520809063599904
"256","cash",0.425125164890484,0.094099775398179
"257","castle",0.500846934753642,0.0287625464813935
"258","cat",0.45869781898257,0.0681439750483841
"259","catch",0.457757174982198,0.190106957686011
"260","catholic",0.475200163775496,0.0156879556885149
"261","cause",0.457203544951328,0.348469880678341
"262","cavalry",0.504036955191217,0.00888699390810275
"263","celebrity",0.438473845129861,0.0123694094183652
"264","cell",0.443077048840948,0.100248366744019
"265","cement",0.461033186382473,0.00635439868531825
"266","cemetery",0.459486293517452,0.0131701164636552
"267","centimeter",0.481275368672416,0.00123406740539852
"268","century",0.517828405137167,0.0435550460853114
"269","cerebral",0.458195285960853,0.00428700571290109
"270","ceremony",0.501497145618101,0.0243256508948348
"271","chain",0.484070702319056,0.0363075212098054
"272","chair",0.458144302546122,0.0594045411195298
"273","challenge",0.522800836647991,0.0416080309907022
"274","champagne",0.429200640712245,0.0333664178339438
"275","champion",0.490069420924267,0.0215390971814491
"276","championship",0.442587237428715,0.00979798262209423
"277","chance",0.467833243922148,0.314915518028723
"278","chancellor",0.526599800754105,0.00512110791138946
"279","change",0.472711485415189,0.319545794851244
"280","channel",0.483629483978346,0.0310963240479275
"281","chaos",0.500326600729008,0.0224733848395324
"282","chapel",0.488479157076852,0.0082470495770465
"283","character",0.476120678588242,0.0529119020325999
"284","charity",0.45357549217122,0.0241493555512064
"285","charm",0.454402229024931,0.0232111847357744
"286","charming",0.450157602172754,0.0361125867109036
"287","chase",0.47216954477067,0.0411606912641386
"288","cheap",0.453954836714351,0.0499001251929929
"289","check",0.437442827350912,0.316552657166911
"290","cheek",0.476149991338116,0.0133355389667074
"291","cheese",0.43191397040611,0.044119657163804
"292","chef",0.441087744013779,0.0174415895471617
"293","chemical",0.48002198985663,0.0182221041742388
"294","chemistry",0.460998904821912,0.0111757268493925
"295","chest",0.46900604879214,0.0520521709956105
"296","chew",0.456745894790593,0.0137067688092376
"297","chicken",0.446110308124296,0.0639183232215916
"298","child",0.477910896469728,0.202405693640631
"299","childhood",0.470493389220509,0.0294024908124497
"300","chip",0.44729934808946,0.0208277027551778
"301","chocolate",0.435361129317624,0.0357242709760394
"302","choice",0.465354463973491,0.173976322059751
"303","choose",0.48158300571352,0.0926606772847721
"304","christian",0.506535614270316,0.0252762478137824
"305","christmas",0.45130494171707,0.0624403935346983
"306","church",0.477914361756535,0.0724294274983458
"307","cigar",0.446287896545115,0.0110149641351587
"308","cigarette",0.445508404743423,0.0341632417218852
"309","cinema",0.473040686700973,0.00936772878786467
"310","cinnamon",0.416997039906891,0.00417517078126019
"311","circle",0.479638442157089,0.0336312491651212
"312","circus",0.459129828710093,0.0184170386731407
"313","city",0.482083624051269,0.210893498973293
"314","civil",0.4906883656963,0.0280596950012892
"315","civilization",0.518981299841594,0.0131211886810623
"316","clan",0.500867545689124,0.00963721990786044
"317","class",0.446407465241326,0.129963840038769
"318","classic",0.439887755368368,0.0284045193738486
"319","clean",0.447356162125664,0.178801533381174
"320","clearly",0.484714387703897,0.0796994746864739
"321","client",0.421669878504348,0.0523573871632138
"322","climb",0.492340024223993,0.035376340077601
"323","clinic",0.435221265988194,0.0194421922131822
"324","close",0.477672295774182,0.322965303212458
"325","closed",0.469621247680438,0.0907501638692401
"326","closet",0.418535066683454,0.0303235757355477
"327","closure",0.43841932673679,0.00572299730042901
"328","cloth",0.492276971868911,0.0113893005035678
"329","cloud",0.516897601875182,0.0202172704199712
"330","club",0.435521368257661,0.0937114596633147
"331","coach",0.438356294181388,0.0314729903107458
"332","coal",0.492989676904998,0.00952926813356819
"333","coast",0.489344124485118,0.035811253700649
"334","cocaine",0.430791744835337,0.0133332090722982
"335","code",0.464076335434823,0.0723672969807675
"336","coffee",0.424796138184074,0.138583672721286
"337","coffin",0.474913564498035,0.0125550243396303
"338","cognac",0.432177578056124,0.00366570053711832
"339","cold",0.478374355092936,0.187030720434417
"340","collapse",0.521123639675029,0.0130411956396803
"341","colleague",0.455795289284244,0.0189901926978003
"342","collect",0.473723357095662,0.0374864477808532
"343","college",0.425349179652615,0.0855265406038465
"344","colonel",0.477180697627479,0.0414433851191197
"345","colony",0.529070754743018,0.00918056060366011
"346","combat",0.50555391216248,0.0219817771191943
"347","combination",0.48223068378681,0.0177701046588569
"348","come",0.498149297590995,0.917604060850629
"349","comedy",0.462971594323234,0.0130885701593337
"350","comfortable",0.44257488732415,0.0675910134419375
"351","command",0.525747795323082,0.0645132229274036
"352","commander",0.518749643444025,0.0439208395075535
"353","comment",0.462215055543157,0.0218171312476119
"354","commercial",0.459506925883539,0.0197101300702386
"355","commission",0.483205540867132,0.0184395609857628
"356","commissioner",0.468004494300489,0.0137479302771332
"357","committee",0.463059559387881,0.0250549078449098
"358","communication",0.489203736515792,0.0214427948792027
"359","communist",0.490859266813165,0.0103323050732674
"360","community",0.466018401227448,0.0466359431257242
"361","company",0.45869620856349,0.173662562945981
"362","compass",0.498509246669557,0.00661457022767728
"363","compassion",0.495656783359985,0.0111073832800564
"364","compassionate",0.480527056989019,0.00371540495118095
"365","competition",0.466159954174009,0.0324950373249084
"366","complaint",0.455081288285746,0.0156537839038468
"367","complete",0.48743425344063,0.092927061878889
"368","completely",0.464862851316718,0.149020046411497
"369","compliment",0.443256481571594,0.0169406622491869
"370","computer",0.457371026599899,0.0743725594356064
"371","concentrate",0.46903124556005,0.0279929046948926
"372","concept",0.480377270890044,0.0182989906897419
"373","concern",0.484272334599972,0.0499917677064209
"374","concert",0.439313648043848,0.0185545024432826
"375","conclusion",0.517496134817871,0.0162463537152496
"376","concrete",0.472914206456695,0.0129487764947826
"377","conference",0.452619379889699,0.0330899370307204
"378","confess",0.485606687860761,0.0280092139557569
"379","confidence",0.484376158592803,0.0347892066864863
"380","confirm",0.477742226012534,0.0322115668384576
"381","confirmation",0.47231189077903,0.0109637064581566
"382","conflict",0.509895105269702,0.0170276449737965
"383","confusion",0.494990333903184,0.0139420881445653
"384","congratulate",0.48064746242499,0.0117682966607953
"385","connection",0.452198849681753,0.0533009943989338
"386","conservative",0.480255436913517,0.00642507214906354
"387","consider",0.478224108219381,0.0881243728700882
"388","conspiracy",0.479625945948091,0.0182593824847858
"389","constantly",0.494681988491287,0.0198631264697751
"390","constitution",0.499477725932287,0.0083643209289755
"391","construction",0.472411589926059,0.0229168414087474
"392","contact",0.463084974035589,0.109585806904564
"393","contain",0.512726909648853,0.014294678831822
"394","contamination",0.470064431720911,0.00281761897217485
"395","content",0.515759000814365,0.0157306704193499
"396","continue",0.507750714948367,0.10310481728968
"397","contract",0.45204814224793,0.0424157277192198
"398","contrary",0.479157019003509,0.019351326331224
"399","control",0.482003341555383,0.191609739579936
"400","convent",0.45549803013832,0.00459532840638329
"401","conversation",0.432149658009045,0.0801693367256596
"402","cook",0.449927820306417,0.0584438479914757
"403","cool",0.424635143496477,0.212306968248199
"404","copy",0.463559961919548,0.07510569954303
"405","corner",0.462851743245161,0.0795767669142568
"406","corporation",0.456962821983163,0.0121092378760061
"407","corpse",0.485275137136491,0.0196355734491446
"408","correct",0.486639702350925,0.0755227506422742
"409","cotton",0.465446267392565,0.0131996284595049
"410","cough",0.449125857944803,0.0117651901349164
"411","count",0.471816723090495,0.124335591777647
"412","countess",0.447025087745459,0.00470638670655446
"413","country",0.479159913844749,0.197793279341914
"414","county",0.443132474882468,0.0367610739881269
"415","courage",0.509085427687103,0.0431084829902176
"416","court",0.487739050486989,0.101726296430912
"417","cousin",0.464459630703268,0.0530229603327711
"418","cover",0.468291208407318,0.139297397041966
"419","cow",0.456439460932412,0.0293007520899153
"420","cowboy",0.434192361119952,0.0179650391577587
"421","crack",0.452293422698962,0.0479290345228221
"422","crazy",0.442959063467581,0.307268027946307
"423","cream",0.432021195082274,0.052519703140387
"424","create",0.50987816122463,0.0595660804652333
"425","creation",0.543130723194691,0.0141766308484233
"426","creativity",0.483519165841409,0.00340708225769875
"427","creature",0.508056766677856,0.0342975989661482
"428","credit",0.446682946418973,0.0646390372254996
"429","creepy",0.407074333497787,0.02362435267767
"430","crew",0.484036878936649,0.0587428511073212
"431","crime",0.45212355366228,0.109928301382715
"432","criminal",0.462109411821287,0.0627324069673162
"433","crisis",0.477505720619702,0.0278934958667673
"434","critical",0.513601067504023,0.022786367321833
"435","crowd",0.485600957699916,0.0583995799977012
"436","crown",0.527807658515299,0.0241998365967388
"437","cruel",0.490701083988535,0.0319016908820359
"438","cruelty",0.505652180234249,0.00624178712220762
"439","culture",0.50639020176322,0.0254012854804087
"440","cup",0.452384789815167,0.0672733711708185
"441","current",0.494112396780348,0.0369521253296801
"442","curse",0.495858474075705,0.027948636701118
"443","cut",0.469745482783578,0.282785497494587
"444","cute",0.414622171789832,0.0985918118190884
"445","cynical",0.450049689857349,0.00534167124879234
"446","dad",0.445350689607173,0.307654013786762
"447","daddy",0.441558333606741,0.132081714056719
"448","daily",0.489308394006617,0.0297480918164789
"449","dance",0.454143772941997,0.114821856273474
"450","dancer",0.436875954932149,0.0180574583026564
"451","danger",0.499743292152106,0.0820076234145069
"452","dangerous",0.475051120175773,0.139849582016943
"453","dark",0.48342890947374,0.146078166404165
"454","darkness",0.529014060447422,0.0377140008014837
"455","data",0.47048813436975,0.038991559569187
"456","daughter",0.459813209160364,0.206264775413712
"457","dawn",0.513122923580786,0.0370468743689869
"458","dead",0.479304756276637,0.45226434671314
"459","deadly",0.507560178009351,0.0208517783307394
"460","deaf",0.455836770406931,0.0226364774481754
"461","dean",0.444849486901304,0.0186189628552701
"462","death",0.487404648315287,0.287147836460052
"463","decade",0.491045432128848,0.0110802011786159
"464","december",0.513863172897686,0.0138923837305027
"465","decent",0.449905791369332,0.0435814515552822
"466","deck",0.488506929181183,0.0282196810840533
"467","defeat",0.5292165283038,0.0291205735889383
"468","defend",0.520518698441958,0.0392144528009991
"469","definition",0.473389045801223,0.0102787175018561
"470","delicate",0.479902301841041,0.019279876236009
"471","delicious",0.445664575384413,0.0420895425019338
"472","demand",0.509182766333985,0.0302412527997564
"473","democracy",0.493297550151716,0.0116339394165323
"474","demonstration",0.496448536803119,0.00989583818728002
"475","departure",0.514630861740938,0.00991214744814432
"476","depression",0.462474985637898,0.0124206670953672
"477","describe",0.472086635189779,0.0302156239612554
"478","description",0.449567417654399,0.0208975995874534
"479","desert",0.507687993450076,0.0344909802021106
"480","deserve",0.464409000145232,0.0851692901277714
"481","desire",0.516922870494361,0.0399002183887693
"482","desk",0.429919853070465,0.0610463400465358
"483","dessert",0.423073672364652,0.0177561252924017
"484","destiny",0.503699816519413,0.0339737436432714
"485","destruction",0.533406163040571,0.0249663718573608
"486","detective",0.415451982409756,0.0731245126637527
"487","determination",0.52548445621606,0.00651826792543095
"488","detonator",0.456937697309693,0.00437554170045014
"489","development",0.491368622812254,0.0201582464282719
"490","device",0.4792828465588,0.0344987465168079
"491","devil",0.475695986325988,0.0619060710835252
"492","devotion",0.520674802332246,0.00731975160219072
"493","diamond",0.461677946756333,0.0203842461859629
"494","diarrhea",0.435291635141168,0.00366958369446697
"495","dictionary",0.453747415830992,0.00487180920960662
"496","die",0.497390027868828,0.326004262153506
"497","different",0.470082244128568,0.293093726992293
"498","dig",0.461582632846089,0.0545319552784534
"499","dignity",0.495080510126851,0.0174283868121763
"500","ding",0.448657706436994,0.00978400325563912
"501","dinner",0.432315903171961,0.183399191681966
"502","diploma",0.432478200041736,0.00366958369446697
"503","direct",0.498624250953346,0.0445436979462757
"504","directly",0.493559057118219,0.046101620674551
"505","director",0.479166158936144,0.05551439408766
"506","dirty",0.451971953246691,0.0947366132033563
"507","disappearance",0.459285882289789,0.00854294616701304
"508","disappointment",0.476015104848783,0.0104969509448498
"509","discussion",0.461219294807335,0.0203710434509775
"510","disease",0.472414760592437,0.037395581898895
"511","disgusting",0.438816835735465,0.0453583843580209
"512","dismissal",0.473871382099443,0.00237027924561126
"513","dispute",0.506123680543988,0.00655709949891738
"514","distance",0.515571100982599,0.0556238991248917
"515","district",0.458864219304441,0.0287508970093475
"516","disturb",0.467862779340814,0.020289497146656
"517","divine",0.515012129895956,0.0181343448181595
"518","division",0.482524101209191,0.025669223337465
"519","divorce",0.423476636948882,0.039054466718235
"520","dna",0.4398112355155,0.034466904626549
"521","do",0.502544604859341,0.964151467988804
"522","doctor",0.459853119552509,0.206533489902238
"523","document",0.49080676968208,0.0143156478815047
"524","dog",0.450382495315683,0.160893188320705
"525","doll",0.43957006746218,0.0253438147516488
"526","dollar",0.436837859069501,0.0381061996936965
"527","donation",0.450195592566998,0.00702618490663336
"528","donkey",0.466811945052143,0.00905785283144301
"529","door",0.45759089821912,0.344086572663194
"530","dose",0.464543949314356,0.0110631152862819
"531","double",0.464371354196016,0.10202063975794
"532","doubt",0.487919239487088,0.113675548224154
"533","down",0.490530935214833,0.815348878388831
"534","dragon",0.510234301729523,0.019142412465867
"535","drama",0.466999926132227,0.0228368483673653
"536","dramatic",0.499421538861159,0.0252669282361457
"537","draw",0.487427761387098,0.0627790048555
"538","dream",0.475539371826804,0.146354647207389
"539","dress",0.442158536170224,0.0930544294399245
"540","drink",0.452614468802801,0.262133313451568
"541","drive",0.450951177555781,0.192641106171735
"542","driver",0.44096645056116,0.0661255098585599
"543","drop",0.461693334688912,0.178262551141182
"544","drown",0.487753111280442,0.0184512104578087
"545","drug",0.434083218916038,0.0648557174055538
"546","drunk",0.442037530898745,0.101662612650395
"547","dry",0.467440181128088,0.0660447401857081
"548","duck",0.464916401442417,0.0270166789374439
"549","dude",0.405456293475301,0.107888090511738
"550","dust",0.498443200487037,0.036594874853605
"551","dusty",0.469357783812668,0.00592802800843732
"552","duty",0.490077396955411,0.0858861209743308
"553","dvd",0.452422487956253,0.00770962059999441
"554","dynamite",0.455289053896901,0.00922327533449517
"555","dynasty",0.542103240822699,0.00552107311829961
"556","ear",0.478025250237018,0.0440924750623635
"557","early",0.468690976153718,0.162169193825469
"558","earthquake",0.475071064021471,0.00853750974672494
"559","east",0.495804728274397,0.0741100579988382
"560","easy",0.458972369105753,0.319792763658618
"561","eat",0.459980515171432,0.274209156174376
"562","education",0.470482933907964,0.0295368480567127
"563","effect",0.50902330731268,0.04456000720714
"564","effective",0.4887839505129,0.0228671369946847
"565","egg",0.465290682165779,0.030520063497389
"566","election",0.464812984756415,0.018664784111984
"567","electric",0.480707689352063,0.0210203073596705
"568","electricity",0.483453041694176,0.0203586173474618
"569","elegant",0.471822156488232,0.0114382282861607
"570","element",0.505930247297692,0.0140585828650246
"571","eliminate",0.491309683957134,0.013167786569246
"572","elsewhere",0.504994185539446,0.0162246080340972
"573","embassy",0.456480712974414,0.0120805025116262
"574","emergency",0.459477598377381,0.0729233651130931
"575","emotional",0.456015617609129,0.0343822517963486
"576","emperor",0.544340846802114,0.0161042301562893
"577","empire",0.532713541734921,0.0248848255530393
"578","empty",0.48141287358548,0.0902104049977788
"579","enable",0.56102834364316,0.0033729104730307
"580","end",0.489279560301234,0.405838870715713
"581","enemy",0.512623803755553,0.0788319773347872
"582","energy",0.499405594858616,0.0625343659425355
"583","engagement",0.460057097224196,0.0188006946191865
"584","engine",0.480901897849722,0.0542251858479107
"585","engineer",0.487263928543551,0.0184939251886438
"586","english",0.510257973888971,0.0981825270345415
"587","enough",0.477766206971414,0.551753944511235
"588","enter",0.507350221208211,0.0557908748908833
"589","enthusiasm",0.47950410467446,0.00841557860597758
"590","entrance",0.481376382652791,0.0290234946552222
"591","entrepreneur",0.454221200544398,0.00236095966797451
"592","envelope",0.449566633005287,0.013653957869296
"593","environment",0.499414540109261,0.023083817174739
"594","epidemic",0.474270200670904,0.00495879193421621
"595","episode",0.481067228288577,0.0293294874542952
"596","equip",0.524930208656856,0.00076575862915226
"597","equipment",0.464759504970532,0.0375307157746278
"598","erection",0.427770706101312,0.0031166220880203
"599","error",0.497114610031711,0.0164374050568028
"600","escape",0.506964754069833,0.0865470343550697
"601","escort",0.489418580232387,0.0260008449750391
"602","espionage",0.443313262773798,0.00401518469849613
"603","eternal",0.515183948691965,0.0202281432605474
"604","evaluation",0.453003940276921,0.00595055032105945
"605","evening",0.462442774947688,0.143219385964095
"606","event",0.484292465202823,0.0475446019453065
"607","eventually",0.489044642474803,0.051673174838383
"608","ever",0.46593608717163,0.620614750406178
"609","evidence",0.460812240118788,0.109641724370385
"610","evil",0.496840048501942,0.0839165835670994
"611","evolution",0.520453275927636,0.00868196320009444
"612","exaggerate",0.451421062607535,0.00466056544984048
"613","examination",0.491511225347754,0.0105497618847914
"614","examine",0.493082686050846,0.0164669170526525
"615","excellent",0.469300297508413,0.0804962985744153
"616","exceptional",0.491949207226723,0.0077010776538274
"617","excited",0.435935215369799,0.071979757877373
"618","exciting",0.449702312543463,0.0518921849128464
"619","excuse",0.443929361241546,0.365495972389198
"620","execution",0.507950589392546,0.0141875036889995
"621","exercise",0.469226051652183,0.0269902734674731
"622","exhibition",0.462141633443657,0.00589074969789036
"623","exit",0.459705203306495,0.0301045656610842
"624","expect",0.463802782729091,0.154533353215099
"625","expensive",0.447910691043131,0.05088101073926
"626","experience",0.476372876014655,0.0926490278127262
"627","experiment",0.493854407458409,0.0221557425684135
"628","expert",0.462761942914155,0.0383096771387654
"629","explanation",0.47572824299541,0.0337252215729583
"630","explode",0.487974326783812,0.0179052385345896
"631","explosion",0.505549562069441,0.0292378449408673
"632","explosive",0.487092132515263,0.0110336032904322
"633","express",0.486395819364711,0.0287749725849091
"634","external",0.508415092503532,0.00583250233766072
"635","extra",0.441834716615221,0.0862635638686188
"636","extremely",0.495040503796424,0.0460402667884425
"637","eye",0.472969427218027,0.173999621003843
"638","factor",0.488829331675583,0.0123484403686825
"639","factory",0.466935140408773,0.0296051916260488
"640","failure",0.497216047166971,0.03580814717477
"641","fair",0.461367897627892,0.132442847690143
"642","faith",0.507462881324014,0.0658070909559712
"643","faithful",0.513049535205147,0.0152134338605108
"644","fake",0.448189593400307,0.0576943986231877
"645","fall",0.484224736149625,0.17186155456768
"646","false",0.505122299615594,0.040516087144264
"647","family",0.461469701994098,0.378634246962594
"648","famous",0.480423964793873,0.0706447283809098
"649","fantastic",0.446170698266656,0.0631525645924393
"650","fantasy",0.45144981798525,0.0216571451648478
"651","far",0.486681195834182,0.339662103180151
"652","farmer",0.486698187725104,0.0152406159619513
"653","fashionable",0.470938869439751,0.0032556391211017
"654","fast",0.471875921426167,0.203129514170418
"655","fatal",0.503169794525379,0.0142302184198345
"656","fate",0.518603396435747,0.0539285126264744
"657","father",0.476363471167765,0.388310298443941
"658","fax",0.42582754633726,0.00737799896242036
"659","fear",0.511478561952963,0.119999658282153
"660","federal",0.438718958860979,0.0369901802716968
"661","federation",0.494661997151666,0.00583949202088828
"662","feed",0.486620228302542,0.0710664392689723
"663","feeling",0.454238454551915,0.228972702957102
"664","female",0.48038822177958,0.0532986645045247
"665","fence",0.45074536249622,0.022883446255549
"666","festival",0.48019115523109,0.0139110228857762
"667","fever",0.476991266935126,0.0257173744885882
"668","fidelity",0.48271948467183,0.00236794935120207
"669","fight",0.490993066135421,0.238250342494478
"670","fighter",0.492587673965259,0.0208331391754659
"671","file",0.435794776527523,0.0678713774025095
"672","filthy",0.466980010315613,0.0284425743158653
"673","final",0.508388335866725,0.0879263318453074
"674","finally",0.483209389298356,0.199247133453245
"675","finance",0.465747138013407,0.00950674582094606
"676","financial",0.451159196790439,0.0264015868134189
"677","financially",0.438671082716837,0.00452543157410773
"678","financing",0.440533394564821,0.00320826460144826
"679","find",0.472149776964554,0.686462226198575
"680","finger",0.458481762709118,0.0558576651972799
"681","fingerprint",0.424893802815593,0.00545816596925161
"682","finish",0.463771166134042,0.154001360658335
"683","fire",0.489146216812021,0.24056082111692
"684","firm",0.448841246327519,0.0388820545319553
"685","firmly",0.528128685041456,0.00587444043702606
"686","first",0.485062503634127,0.710440722826442
"687","fish",0.472305201698613,0.0796994746864739
"688","fishing",0.454730438765989,0.0289248624585667
"689","fix",0.443807403859799,0.120995299826345
"690","flag",0.496214404675036,0.0249523924909056
"691","flame",0.516796341341335,0.0152429458563605
"692","flatter",0.479607494348639,0.00667281758790692
"693","flee",0.527630577486078,0.0104542362140148
"694","fleet",0.522047727658055,0.0154479765643688
"695","flight",0.472307985312326,0.0681820299904008
"696","floor",0.457803791004994,0.132041329220293
"697","flour",0.473075352213693,0.0056026194226211
"698","flower",0.485811037281451,0.0299476861041991
"699","flu",0.431445289018443,0.0104456932678478
"700","fluid",0.464370245002314,0.0112456236816681
"701","fly",0.483052838862634,0.106605871955216
"702","focus",0.443825798916993,0.0635602961140468
"703","fog",0.498637813300451,0.00989972134462866
"704","follow",0.486251393947084,0.205113807575574
"705","food",0.466888487254732,0.193951283461167
"706","fool",0.484347634893068,0.118698800570358
"707","football",0.430078924076135,0.0348505605725948
"708","forbidden",0.499620894958676,0.0168808616260178
"709","force",0.499586875867321,0.125045432940979
"710","forest",0.517039365928345,0.0338479293451754
"711","forever",0.486264793120326,0.141961242983135
"712","forget",0.4616293208647,0.323369928208187
"713","forgive",0.485712433500287,0.124741770036315
"714","forgiveness",0.493881378453125,0.0182935542694538
"715","fork",0.45618872121328,0.0107377067004657
"716","form",0.513195297743882,0.0834614775258385
"717","four",0.478019826026195,0.305624675756361
"718","fourth",0.47835440886941,0.0399141977552244
"719","fox",0.488460345866553,0.0192332783478253
"720","fragment",0.496103916709272,0.0035313432928553
"721","fraud",0.460377988788812,0.0189513611243138
"722","free",0.478881317492328,0.256369931314713
"723","freedom",0.505780772853024,0.0560580361164699
"724","freely",0.529285748500541,0.0108899264685324
"725","freeze",0.462438886689327,0.0421058517627981
"726","french",0.474839649222667,0.0717972494819868
"727","frequency",0.482533859121782,0.0125216291864319
"728","fresh",0.463215188143674,0.0873081331954036
"729","friend",0.464400922275548,0.433065240149983
"730","friendly",0.465548909552477,0.0412919419825227
"731","friendship",0.486810223411383,0.0352528556739142
"732","frighten",0.481985269791122,0.0104154046405284
"733","frog",0.4735470068578,0.0103897758020273
"734","front",0.458465185909756,0.260652277238796
"735","fruit",0.476024484118078,0.0312733960230256
"736","fuel",0.504430110506349,0.0246269839050894
"737","fugitive",0.44425332115928,0.00982671798647419
"738","full",0.479037319620865,0.272942470247248
"739","functional",0.475901408830894,0.00454329409791148
"740","funding",0.45547781937452,0.00852663690614875
"741","funeral",0.4513349512776,0.044920364209094
"742","funny",0.434273446836935,0.229126475988108
"743","future",0.497115418250093,0.153435196316903
"744","gain",0.511896934477582,0.0298940985327878
"745","galaxy",0.510096152014354,0.0125705569690248
"746","gallery",0.443955336800136,0.0118319804413131
"747","gambling",0.446935270285463,0.0178664069611032
"748","game",0.44989359697028,0.210337430840968
"749","gang",0.451117411256956,0.0439115199299168
"750","garage",0.422549151773299,0.0339085065998142
"751","garbage",0.433444108194539,0.0313308667517855
"752","garlic",0.453100143939261,0.00683280367067098
"753","gas",0.464946094018418,0.0693974582405259
"754","gate",0.501366660296235,0.0486955697834441
"755","gather",0.498390098459669,0.0363743115162021
"756","gay",0.415777143116674,0.0458826106000876
"757","general",0.50049209584968,0.0966463499874186
"758","generally",0.479771021666951,0.0142907956744734
"759","generator",0.458531775163114,0.00890330316896705
"760","generous",0.465736740824486,0.0295943187854726
"761","genius",0.45065764997693,0.0541948972205913
"762","gentle",0.495671635042464,0.0263790645007968
"763","gesture",0.482513659643423,0.0133184530743733
"764","gift",0.47613756181175,0.0960203850228174
"765","girl",0.457152016059207,0.445022258257922
"766","girls",0.441143170833164,0.200894368800539
"767","give",0.477959567890963,0.769143965728807
"768","glass",0.459162062852686,0.0923880796388974
"769","glasses",0.442051880893315,0.0426805590503972
"770","global",0.497490220667749,0.0169647378247485
"771","glorious",0.517900385098779,0.0171526826404227
"772","glory",0.530137802493654,0.0300502014582032
"773","go",0.50003875699526,0.940758551489113
"774","god",0.476447718523344,0.588422599354464
"775","golden",0.49498670644563,0.0380394093872999
"776","golf",0.43272828215529,0.0211608776556913
"777","good",0.487390341389687,0.900576415876832
"778","goose",0.462802621481797,0.0141750775854838
"779","gorilla",0.455827428749516,0.00521896347657524
"780","gossip",0.441188037677662,0.014512135643346
"781","government",0.479593312627729,0.0958440896791891
"782","governor",0.48960219559931,0.0236002771021084
"783","grab",0.440814908936439,0.112902023280305
"784","graduate",0.434681855782799,0.0150060732580933
"785","grain",0.514360356173285,0.00933200374025716
"786","gram",0.446979526740377,0.00377598220581977
"787","grandfather",0.470947548867357,0.036683410841154
"788","grandmother",0.442434813610285,0.03383472661019
"789","grandson",0.474497302650706,0.0141346927490579
"790","grateful",0.486165228066156,0.0454702192896618
"791","gratitude",0.506105859787453,0.0146845478296257
"792","grave",0.496869439128363,0.0445949556232778
"793","great",0.47293663497655,0.601730956219731
"794","greek",0.491003136902019,0.0165748688269448
"795","green",0.478590411582422,0.0937712602864838
"796","greet",0.497043879062339,0.0126567630621647
"797","groom",0.456485407376938,0.0113993967126743
"798","group",0.485915325848464,0.104599832868908
"799","guarantee",0.467144047358263,0.0384401512256798
"800","guard",0.486345715973207,0.0844392565462267
"801","guilty",0.463079217955109,0.0696211281038077
"802","guitar",0.439104254769304,0.018839526192673
"803","gun",0.453644604719799,0.18685054193344
"804","gunpowder",0.495594185804104,0.00372317126587823
"805","hair",0.449866442593896,0.170698160626027
"806","half",0.465252902932099,0.288701099399509
"807","hallucination",0.458456851351069,0.00295508274231678
"808","hamburger",0.422314995079779,0.00571212445985281
"809","hammer",0.474649137811513,0.0192860892877668
"810","hand",0.47881565409664,0.361161592156643
"811","handkerchief",0.460144076146286,0.00540380176637062
"812","hanging",0.442491098008224,0.0774146249025327
"813","happen",0.458403904415214,0.343339453189315
"814","happy",0.466308300694317,0.360902197245754
"815","harbor",0.493019990845523,0.0131809893042314
"816","hard",0.464753125754284,0.415768880687661
"817","harmony",0.510936411908276,0.00930482163881666
"818","hat",0.453336864564235,0.0642212094947857
"819","hate",0.447866502977826,0.23578609084103
"820","headquarters",0.485419151959105,0.0227017144916326
"821","heal",0.472832633375158,0.0217037430530315
"822","health",0.479930484087737,0.0640511272029152
"823","healthy",0.463990675520472,0.0433321528534993
"824","hear",0.466469389422486,0.53800912075998
"825","hearing",0.459906038651385,0.0745721537233266
"826","heat",0.48139976201554,0.0597563551753168
"827","heavenly",0.500829766599201,0.00864390825807774
"828","heavily",0.507202655070297,0.0244802005573107
"829","heavy",0.491960432004715,0.0820526680397511
"830","height",0.518690961578937,0.0178524275946481
"831","helicopter",0.474784213574902,0.019837497631274
"832","hell",0.458080719682105,0.453300373093758
"833","hello",0.44617950074373,0.452292305446051
"834","helmet",0.480317012538433,0.0142045895813335
"835","help",0.473856141295678,0.678987924933909
"836","helpless",0.494636156120645,0.0156429110632706
"837","here",0.503908774433127,0.948446426407955
"838","heritage",0.514433829348254,0.00569581519898851
"839","hero",0.484442540214627,0.0763708322072177
"840","heroin",0.421436558729986,0.013222150772127
"841","hide",0.479563160184072,0.126332311286319
"842","high",0.466814743143104,0.279936813263623
"843","highness",0.505642840777101,0.0154161346741099
"844","highway",0.452024057933088,0.0208548848566183
"845","hill",0.483078133269076,0.0440070456006934
"846","hire",0.435218455689601,0.0384246185962852
"847","hit",0.459822937683468,0.299615101443603
"848","hiv",0.433580254923838,0.00286033370300991
"849","hobby",0.433049445691858,0.0115042419610877
"850","hold",0.473144457102353,0.440314318288428
"851","hole",0.46017793169517,0.0863497699617587
"852","holiday",0.453878053798091,0.030943327648391
"853","honest",0.448232799944495,0.116104851461465
"854","honesty",0.464657240700927,0.0137129818609954
"855","honey",0.425072435942594,0.188797557028049
"856","honor",0.500136842650016,0.0995983262038564
"857","hope",0.477662668506186,0.389816186863745
"858","hormone",0.438395649827186,0.00280829939453811
"859","horn",0.478104472707799,0.0321975874720024
"860","horrible",0.452701035157464,0.0672244433882256
"861","horror",0.487487266677728,0.0159131788147361
"862","horse",0.481461632581293,0.0771101853663992
"863","hose",0.439504765596528,0.0088365128625704
"864","hospital",0.448662307868716,0.143669832216537
"865","hospitality",0.486442854767841,0.00920696607363088
"866","hostage",0.464733297291873,0.0192107560352032
"867","hot",0.446487212851757,0.214674140967931
"868","hotel",0.43767191750915,0.10033068967981
"869","house",0.459711616385696,0.433050484152058
"870","hug",0.441282221062314,0.0317890793189253
"871","huge",0.486010406768012,0.0946255549031851
"872","human",0.487374462022397,0.172962041360286
"873","humble",0.507577128048292,0.0179331972674998
"874","hundred",0.482492689562751,0.100695706470583
"875","hunger",0.501698865377,0.0147668707654169
"876","hungry",0.456865462646088,0.111678052084013
"877","hunting",0.487813229527193,0.0396501430555167
"878","hurricane",0.476325921473146,0.007201703618792
"879","husband",0.465508531383684,0.203913911954844
"880","hydrogen",0.534240703333355,0.00405401627198255
"881","idea",0.456150422969136,0.42603672534894
"882","ideal",0.48751995682306,0.0164739067358801
"883","idiot",0.453349531989182,0.116089318832071
"884","ignorance",0.504895348095795,0.00757681661867084
"885","ill",0.495401530335599,0.0536411589826749
"886","illegal",0.447181402522276,0.0423209786799129
"887","illusion",0.498004512828003,0.0125084264514466
"888","imagination",0.480497821266784,0.0278593240820993
"889","imperial",0.539324752846438,0.00893436842775619
"890","importance",0.513063880484391,0.0159675430176171
"891","important",0.473206563386938,0.284299928860557
"892","impossible",0.484733639857303,0.112207714746368
"893","impress",0.448118813350075,0.017658269727216
"894","impression",0.453439839676758,0.0304012388825205
"895","impressive",0.460261869968333,0.039071552610569
"896","imprisonment",0.513578788922197,0.0042543871911725
"897","improvement",0.458766975175993,0.00790455509889625
"898","inability",0.471127863367647,0.00290071853943579
"899","incident",0.472144526024918,0.0366803043152751
"900","income",0.457815064328203,0.0128680068219308
"901","increase",0.516398656423099,0.0218645057672653
"902","indicate",0.484676288286648,0.0147971593927363
"903","individual",0.511305315864757,0.0233424354541585
"904","industry",0.486162692801427,0.0215119150800086
"905","infection",0.440572213012858,0.0156545605353165
"906","influence",0.499609996032757,0.027173558494329
"907","inform",0.501323619615276,0.0274679018213561
"908","informant",0.424347438283553,0.00646934014283806
"909","information",0.456472953801863,0.137200492073699
"910","inherit",0.489533729320348,0.00679552536012401
"911","injection",0.463851712827284,0.00769952439088794
"912","injury",0.473063858945727,0.0189800964886938
"913","injustice",0.502098310672631,0.0069997794366626
"914","innocent",0.476960806923661,0.0820907229817678
"915","insect",0.504911991650897,0.00614859134584021
"916","insert",0.471600954752491,0.00489743804810766
"917","inside",0.466481594562019,0.312096345793609
"918","inspection",0.479552912955492,0.00926521343386051
"919","inspector",0.460139870743023,0.0283198665436482
"920","inspiration",0.477377994240484,0.0138092841632417
"921","inspire",0.480617249514671,0.00767156565797771
"922","instinct",0.475036640256266,0.015107035349158
"923","instrument",0.507255623518369,0.0120005094702441
"924","insult",0.485019214172883,0.0219794472247851
"925","intelligent",0.486352656213103,0.0236274592035489
"926","intention",0.49491055522019,0.0233315626135824
"927","intentionally",0.480592012861426,0.00534244788026207
"928","interesting",0.455077779402205,0.130083441285108
"929","internal",0.477407783273375,0.0237742425513276
"930","international",0.484914805033798,0.0340762589972756
"931","internet",0.425907178294565,0.0341857640345073
"932","interrupt",0.447858011100819,0.031429498948441
"933","intimate",0.46580466224809,0.0128563573498849
"934","intuition",0.464707022327677,0.00530672283265456
"935","invasion",0.511550294543722,0.0143078815668074
"936","invest",0.443211292148109,0.00936462226198575
"937","investigate",0.480498964112883,0.0219864369080127
"938","investigator",0.41353131659878,0.00976225757448672
"939","investor",0.430300913347658,0.00339232625977391
"940","iron",0.502449601765065,0.0349235639307493
"941","ironic",0.45737940334769,0.0107648888019062
"942","irony",0.477462450360942,0.00833403230165609
"943","irresponsible",0.454327227121571,0.00849091185854124
"944","jacket",0.435718971799998,0.0408259631006856
"945","jazz",0.43616049956437,0.0126854984265446
"946","jealous",0.446614733645832,0.0532675992457355
"947","jeep",0.455144485387425,0.00741139411561868
"948","jewel",0.512918165255648,0.00765447976564369
"949","job",0.451831014330121,0.41182359282144
"950","joke",0.44380109723826,0.0994950342183826
"951","journalism",0.425570327422712,0.0044345656921495
"952","journalist",0.451288164649875,0.0133906798010581
"953","joy",0.508631131743044,0.0431783798224931
"954","judge",0.461923783887422,0.0805840579304946
"955","juice",0.43973081884903,0.0335590224384364
"956","juliet",0.456708752712033,0.00645536077638295
"957","july",0.492435815741285,0.0201691192688481
"958","jump",0.462418932545024,0.0887231557332488
"959","june",0.486927741036994,0.0217107327362591
"960","jungle",0.471344943250391,0.0202933803040046
"961","junior",0.447094628500106,0.0308415889258565
"962","jurisdiction",0.451596683718311,0.00969003084780198
"963","just",0.490936730927739,0.947993650261103
"964","justice",0.494967365234871,0.064091512039341
"965","keep",0.471060880645375,0.652625946325446
"966","ketchup",0.417747612092467,0.00587055727967742
"967","key",0.463042140143198,0.110675420856593
"968","kidnap",0.452077872359684,0.0114452179693883
"969","kidnapper",0.434776103428872,0.00395072428650867
"970","kidney",0.435368722458924,0.00905785283144301
"971","kill",0.472870820774821,0.428022572017036
"972","killer",0.440958408334958,0.088800042248752
"973","kilo",0.468164621819849,0.00444233200684678
"974","kilometer",0.514763411457697,0.00166587450256754
"975","king",0.515143845304013,0.10794090145168
"976","kingdom",0.536518553298658,0.0290693159119362
"977","kiss",0.451320818082096,0.123061139535823
"978","knee",0.460477229753721,0.0233657343982504
"979","knew",0.471092958694666,0.42495021792279
"980","knife",0.46730637401619,0.0621483801020804
"981","know",0.495596615523061,0.957037523726091
"982","knowledge",0.515096473083636,0.0477457494959662
"983","lady",0.458980495267123,0.21444891784171
"984","lake",0.480409571601842,0.0400073935315918
"985","lamp",0.470568340379277,0.0129860548053296
"986","land",0.504274005614635,0.126526469153751
"987","landing",0.507490212214035,0.0270788094550222
"988","landlord",0.439321107950739,0.00887068464723845
"989","lapsing",0.438165877096259,4.7374519653436e-05
"990","lasagna",0.395323132351584,0.00314768734680944
"991","last",0.463728342859256,0.651753789184941
"992","late",0.459040095607166,0.330980139980056
"993","laugh",0.461171358793554,0.0924362307900206
"994","law",0.475534413804522,0.161484204869169
"995","lawyer",0.429773060832199,0.0826398014308658
"996","layer",0.521514478132738,0.00797289866823236
"997","leader",0.50580677819831,0.0599575027259765
"998","league",0.450537746010415,0.0275176062354187
"999","learn",0.479133978458514,0.16937400397014
"1000","leave",0.473238929475628,0.57962491806538
"1001","lecture",0.453925338143508,0.0163791576965732
"1002","left",0.477173731552943,0.541945865680034
"1003","legal",0.452304627214594,0.0514432919233434
"1004","legend",0.493328437416986,0.0275075100263123
"1005","legion",0.500523105311909,0.00461163766724759
"1006","lemonade",0.430220467816829,0.00639478352174413
"1007","length",0.521878568901624,0.014314871250035
"1008","lesbian",0.397847163344084,0.0103641469635263
"1009","let",0.489801315396736,0.899021599674436
"1010","letter",0.476433018578866,0.0885289978658167
"1011","liar",0.45774239164529,0.053320410185677
"1012","liberal",0.476105906980056,0.00636604815736417
"1013","library",0.451023518791951,0.029427343019481
"1014","lick",0.452127415328834,0.0144756339642687
"1015","lie",0.473332171732356,0.181603619723954
"1016","lieutenant",0.484420748962615,0.0558196102552632
"1017","light",0.489550579944237,0.221525583793876
"1018","lightning",0.493457945859691,0.0191020276294412
"1019","likely",0.475024899624447,0.0587133391114715
"1020","limousine",0.436136230693143,0.00295741263672597
"1021","ling",0.4943553032962,0.0046147441931265
"1022","lion",0.508267468637071,0.0190445569006813
"1023","lip",0.448579230331353,0.0156126224359512
"1024","lipstick",0.419922121261935,0.010473652000758
"1025","liquid",0.49959668297862,0.0142410912604107
"1026","listen",0.455327719347697,0.513703662283359
"1027","literally",0.459642479633428,0.0418262644336959
"1028","literature",0.467477865762534,0.0106802359717058
"1029","little",0.472931022561,0.75674892747194
"1030","live",0.479524114292272,0.417541153701581
"1031","liver",0.453143594413508,0.0173297546155208
"1032","lizard",0.482292846548402,0.00588686654054172
"1033","load",0.467158178664209,0.0466957437488933
"1034","loan",0.437989570906146,0.0243901113068222
"1035","lobster",0.426070391289636,0.00724674824403625
"1036","local",0.45707129041028,0.0751701599550175
"1037","location",0.467960523866015,0.0534019564899985
"1038","lock",0.464593597407416,0.0931569447939286
"1039","locked",0.460307142799282,0.0931251029036697
"1040","lonely",0.456690893705183,0.0559990121247705
"1041","long",0.481898884574562,0.646642000851188
"1042","look",0.483432799709183,0.863868152828647
"1043","lord",0.499078593320591,0.133662159097616
"1044","loser",0.43341344935457,0.0341795509827495
"1045","love",0.4813092400918,0.626564524095768
"1046","lovely",0.451537469186699,0.118761707719406
"1047","lover",0.470019568186717,0.0410170144422388
"1048","low",0.478919665223124,0.105583824941054
"1049","lower",0.497495683218815,0.0500119601246338
"1050","loyal",0.505539888270818,0.0275059567633728
"1051","loyalty",0.504426606405783,0.0242386681702252
"1052","lunar",0.517140771167217,0.00327893806519355
"1053","lunch",0.428544677076478,0.106149989282486
"1054","machine",0.464879189898612,0.092160526618267
"1055","madness",0.513306030191874,0.0200502946539796
"1056","mafia",0.443400227525476,0.00808473359987325
"1057","magazine",0.438018431308714,0.030645877795485
"1058","magic",0.475575043105329,0.0689439054622045
"1059","magnetic",0.502335300348552,0.0079659089850048
"1060","maid",0.457392988317836,0.0252599385529181
"1061","mail",0.432981596507508,0.0563290804994051
"1062","maintain",0.509116904440723,0.0247520215717157
"1063","maintenance",0.452941171334182,0.0123453338428036
"1064","majesty",0.509471432861646,0.0259262883539451
"1065","majority",0.515890391088662,0.011340372720975
"1066","make",0.485169638378901,0.836061639686489
"1067","male",0.467623172428671,0.0521702189790092
"1068","man",0.482366916623058,0.785547199000941
"1069","manage",0.469784892849146,0.0532815786121906
"1070","management",0.449173367229022,0.0195742195630361
"1071","manager",0.438178269860414,0.0517399651447796
"1072","manipulate",0.473863079905074,0.00775388859376893
"1073","map",0.466922557615525,0.0414216394379673
"1074","marathon",0.443666308366872,0.00515993948487588
"1075","marine",0.487756678956828,0.0152266365954962
"1076","marketing",0.426868194039008,0.00757448672426166
"1077","marriage",0.456544508931745,0.0876972255617375
"1078","married",0.443801983592528,0.208068890317891
"1079","mars",0.4951051859707,0.0119181865344529
"1080","massage",0.434018576032665,0.0140329540265235
"1081","match",0.482320580872398,0.0812162359468536
"1082","mathematics",0.510155984940763,0.00448582336915158
"1083","matter",0.471869499570898,0.411096665765774
"1084","maximum",0.504393314109803,0.0162261612970367
"1085","maybe",0.451683462333476,0.632031233011187
"1086","mayonnaise",0.43113752618702,0.00281994886658403
"1087","mayor",0.443130622750196,0.0319133403540818
"1088","meal",0.461422154658395,0.0455005079169812
"1089","meaning",0.48474374722522,0.0655523558339003
"1090","meat",0.469665033785004,0.0568828187373215
"1091","mechanical",0.498529099084251,0.00932113089968096
"1092","medal",0.479050905285785,0.0140989677014504
"1093","medallion",0.480984361307639,0.00189032099731907
"1094","medical",0.457595757109563,0.074099185158262
"1095","meet",0.455465595766542,0.383733609192831
"1096","meeting",0.448916371510637,0.169693199504198
"1097","melt",0.505495229786066,0.0120540970416554
"1098","member",0.47739090452576,0.0564176164869541
"1099","mental",0.455759555277126,0.0331109060804031
"1100","mercenary",0.467391498469339,0.00374491694703063
"1101","merchant",0.505042736244951,0.00733606086305502
"1102","mercy",0.510524275686064,0.0421229376551321
"1103","message",0.470712066200828,0.132463040108356
"1104","metal",0.487993690241078,0.0369645514331957
"1105","meter",0.469802797349282,0.00971332979189383
"1106","method",0.498207272495361,0.0164979823114416
"1107","microphone",0.46914329192842,0.00722810908876276
"1108","microscope",0.478488497601625,0.00367657337769452
"1109","midnight",0.460571430467118,0.0395802462232412
"1110","mile",0.472401524773938,0.0401580600367191
"1111","military",0.491142479652609,0.067123481297161
"1112","milk",0.460259933694135,0.0525538749250551
"1113","million",0.47151576892888,0.145244840837147
"1114","millionaire",0.46099782298709,0.00809405317751
"1115","ming",0.494876113943234,0.00418526699036666
"1116","minimum",0.467095195798347,0.0155885468603896
"1117","minister",0.501186420643955,0.0340428638440773
"1118","ministry",0.483804269150782,0.010284930553614
"1119","minus",0.483484812094272,0.0138162738464693
"1120","minute",0.451736488154383,0.340898500479958
"1121","mirror",0.471113734077219,0.0366717613691081
"1122","miserable",0.467481527494031,0.0313805711658481
"1123","misery",0.487920021264993,0.0176163316278506
"1124","misfortune",0.486951517128852,0.00651360813661258
"1125","missile",0.478737545505066,0.0113978434497349
"1126","mission",0.493702891554563,0.0798749933986325
"1127","mistake",0.461113532052599,0.150772127007204
"1128","mistress",0.48043475556713,0.0185071279236292
"1129","mixture",0.518688774713184,0.00546515565247916
"1130","model",0.464442939096023,0.0452613054243048
"1131","modern",0.518240749954092,0.0349833645539184
"1132","modest",0.478732573803361,0.0112184415802276
"1133","monastery",0.493916265798132,0.00468153449952315
"1134","monday",0.43064104453777,0.0404127951587901
"1135","money",0.449253293457593,0.418101881622725
"1136","monitor",0.462111747703737,0.0219895434338916
"1137","monk",0.503203399852531,0.00970323358278736
"1138","monkey",0.458427647806371,0.0322014706293511
"1139","monster",0.471753014028957,0.0539797703034765
"1140","month",0.45236621803617,0.142392273448834
"1141","monument",0.542354020586859,0.00459998819520166
"1142","moon",0.503070784494452,0.0604941550715588
"1143","morning",0.449712753407535,0.397300584337518
"1144","morphine",0.442473665691844,0.00750614315492555
"1145","motel",0.410949993878071,0.0176699191992619
"1146","mother",0.46590557141525,0.374716141197814
"1147","motive",0.442550447324149,0.0214831797156286
"1148","mountain",0.514213619496393,0.0464938195667639
"1149","mouse",0.473771519740873,0.0180877469299758
"1150","mouth",0.458237744828821,0.154117078747324
"1151","move",0.464847694268348,0.430215779287549
"1152","movie",0.433376252688053,0.0947878708803584
"1153","mud",0.489755885525304,0.020938761055349
"1154","mum",0.433588157282747,0.041073708539529
"1155","murder",0.46084863793119,0.137327083003265
"1156","murderer",0.464399935590473,0.0411614678956083
"1157","muscle",0.459291031943512,0.0222357356097955
"1158","museum",0.462537218134733,0.0217456811523968
"1159","music",0.46846282467074,0.163502670058993
"1160","musician",0.446673790154201,0.00929006564089182
"1161","mutation",0.461608134226736,0.00321059449585745
"1162","mystery",0.481069958989253,0.0405230768274915
"1163","myth",0.49878111174493,0.0114584207043737
"1164","nail",0.439310540228709,0.0275812900159365
"1165","naive",0.469850315735989,0.0143436066144149
"1166","naked",0.44527591884991,0.0511551616480741
"1167","name",0.463147942596564,0.554607288531017
"1168","nanny",0.434482497358065,0.0098189516717769
"1169","nap",0.425415345735078,0.0178275753876168
"1170","narrow",0.502656570951919,0.0176388539404728
"1171","nasty",0.457204216976174,0.0410263340198756
"1172","nation",0.521659272957198,0.0384704398529992
"1173","national",0.490340278470494,0.0617507447895795
"1174","natural",0.481178318506369,0.0681354321022171
"1175","naturally",0.476146911332992,0.0333205965772298
"1176","nausea",0.43176772668434,0.00403693037964853
"1177","naval",0.508241059202238,0.00810181949220728
"1178","navigation",0.505221091738793,0.00413245605042513
"1179","navy",0.490245053390075,0.0232282706281085
"1180","naïve",0.462193534920867,0.000688095482179414
"1181","near",0.487717051284226,0.149054218196165
"1182","necessary",0.479780597551575,0.0812449713112335
"1183","neck",0.457713719679456,0.0841185077492288
"1184","necklace",0.453919153812936,0.0145610634259389
"1185","need",0.481004314930151,0.803508355001351
"1186","needle",0.461147301759077,0.01881933377446
"1187","negative",0.47615114143013,0.0397014007325188
"1188","nephew",0.476387816535273,0.0221596257257621
"1189","nerve",0.458420858790221,0.0300362220917481
"1190","nervous",0.440303736090711,0.0853665545210824
"1191","nest",0.488309904440556,0.0175743935284853
"1192","network",0.475319924615868,0.0266384594116861
"1193","never",0.480746417775823,0.81143387914993
"1194","news",0.459977775756851,0.223368530271541
"1195","newspaper",0.455114877960119,0.0300843732428713
"1196","nice",0.446136554841007,0.516022683851968
"1197","nickname",0.449894141821662,0.0119026539050584
"1198","night",0.471293208899578,0.579811309618115
"1199","nightmare",0.458067442632469,0.0364845931849035
"1200","ninja",0.447357914812126,0.00548612470216183
"1201","nobel",0.467037813699049,0.00479647595704296
"1202","noble",0.518298551760406,0.0272830635315608
"1203","noise",0.474864743823086,0.0562397678803863
"1204","noon",0.453681428846562,0.0242596372199079
"1205","normal",0.45995417195323,0.116293572908609
"1206","normally",0.461679750797541,0.0362873287915925
"1207","north",0.508397358006279,0.0912976890553987
"1208","nose",0.462153396163504,0.0807323945412127
"1209","nothing",0.466394618383571,0.689512057980199
"1210","november",0.50663791851565,0.0167068961767986
"1211","now",0.499086333411454,0.945568230181142
"1212","nuclear",0.480961583022751,0.0232515695722003
"1213","nude",0.428200999457379,0.00681494114686722
"1214","number",0.452500641513234,0.257775634274921
"1215","oath",0.525769347820246,0.0169282361456712
"1216","object",0.51396009016212,0.0318216978406539
"1217","observation",0.489775320245403,0.0124835742444152
"1218","obstacle",0.517125229341788,0.00536108703553555
"1219","obviously",0.444155132982328,0.111369729390531
"1220","occasionally",0.470511246896771,0.0119088669568162
"1221","occur",0.482145361456215,0.0130279929046949
"1222","ocean",0.499781902670805,0.0406543275458756
"1223","october",0.49957201555555,0.0175728402655458
"1224","offend",0.47755509977374,0.00910134419374781
"1225","offer",0.473893252535987,0.124163179591368
"1226","office",0.44063195692253,0.224079148066343
"1227","official",0.478435667039881,0.0491312600379617
"1228","officially",0.447986226636528,0.0305759809632094
"1229","often",0.479328839397997,0.106553061015275
"1230","oil",0.47783592936939,0.0464860532520666
"1231","okay",0.456796485777998,0.617019723332805
"1232","old",0.470277882778405,0.560999742158352
"1233","one",0.502419981461801,0.93945070409409
"1234","onion",0.444198707388402,0.00629459806214916
"1235","open",0.474269035611414,0.377831986654365
"1236","opening",0.470165316523785,0.0581596008735551
"1237","operate",0.477024751029953,0.0205597648981215
"1238","operational",0.460672539301599,0.00876117961000674
"1239","opinion",0.469025558074322,0.061397377470853
"1240","opponent",0.504469038803051,0.0120362345178517
"1241","opposite",0.483184303326883,0.0343706023243027
"1242","optimistic",0.476251602020336,0.00663864580323886
"1243","option",0.462769092595987,0.0334378679291588
"1244","orange",0.453659163024936,0.0265460402667884
"1245","orbit",0.496647759085553,0.0109248748846702
"1246","orchestra",0.472592077908013,0.00690114724000708
"1247","order",0.49353367072216,0.225381559041078
"1248","ordinary",0.491923269078009,0.0361708340711332
"1249","organize",0.48201006031182,0.00931025805910476
"1250","orgasm",0.406029122648921,0.00505276434205335
"1251","original",0.480601842138432,0.066336753618326
"1252","orphanage",0.453382678599999,0.00757138019838274
"1253","out",0.49993344167461,0.941793024606791
"1254","outcome",0.518220795663908,0.0107291637542987
"1255","outside",0.471490942189068,0.251540836835941
"1256","oven",0.439291185074097,0.0136834698651457
"1257","owner",0.454478736078084,0.0445856360456411
"1258","oxygen",0.48660694205057,0.0195625700909901
"1259","pacific",0.509192149388634,0.0131755528839433
"1260","package",0.440342523931664,0.0290638794916481
"1261","pain",0.481826431476326,0.138647356501803
"1262","paint",0.457252776130561,0.0425027104438294
"1263","painter",0.458565970906299,0.00884816233461633
"1264","palace",0.510069049796125,0.0279020388129343
"1265","paper",0.451783270062467,0.111618251460844
"1266","paradise",0.499760207654821,0.0207065482459002
"1267","paragraph",0.465654076925479,0.00393907481446274
"1268","paranoid",0.421712170863422,0.0180062006256543
"1269","paranormal",0.420339160392095,0.00249842343811645
"1270","parent",0.441083020176867,0.021919646601616
"1271","parliament",0.510575776730744,0.00665107190675452
"1272","particle",0.488350917757108,0.00466211871277994
"1273","party",0.453653543410419,0.205443875950209
"1274","passenger",0.469134842128906,0.0129060617639475
"1275","passion",0.483443938458524,0.0314512446295934
"1276","passport",0.444001756991187,0.0185195540271448
"1277","password",0.44845997374404,0.0115407436401649
"1278","past",0.476695292508711,0.210037651093652
"1279","path",0.519833343312529,0.055305480222303
"1280","pathetic",0.44195748445504,0.0360962774500393
"1281","patience",0.48662141788929,0.0270865757697194
"1282","patient",0.450839192038348,0.0713149613392854
"1283","patrol",0.46928791549326,0.0230799340173903
"1284","pen",0.451790624414393,0.0329004389521067
"1285","penalty",0.490855288765305,0.0139545142480809
"1286","penis",0.401945225335675,0.0180504686194288
"1287","pension",0.441511543793714,0.0103206556012215
"1288","people",0.479843891876461,0.732375902057452
"1289","perfect",0.456700971439521,0.20924393373159
"1290","performance",0.476904924623632,0.0327637518134345
"1291","perfume",0.454266212846473,0.0133091334967366
"1292","perimeter",0.445541780073187,0.0176706958307316
"1293","period",0.486445474779885,0.0451898553290898
"1294","permission",0.49807396096865,0.0533856472291342
"1295","person",0.460286889754734,0.304414683926524
"1296","personal",0.457579459827497,0.131629714541337
"1297","personality",0.454580966766383,0.0227529721686347
"1298","perspective",0.47525823629441,0.0160133642743311
"1299","phase",0.467560847574384,0.0185979938055874
"1300","phenomenon",0.514136067126499,0.00785019089601526
"1301","philosophy",0.485333357989518,0.012627251066315
"1302","photo",0.444684492375023,0.0528660807758859
"1303","photographer",0.440689781384772,0.0127654914679267
"1304","phrase",0.481615454370894,0.0138752978381686
"1305","physical",0.471154136451811,0.0444186602796495
"1306","physics",0.487375954159084,0.011600544263334
"1307","piano",0.449410657426049,0.0262252914697906
"1308","picnic",0.438920015954149,0.0126241445404361
"1309","picture",0.450975133277592,0.146336784683585
"1310","piece",0.46354679376242,0.178521946052072
"1311","pig",0.458845231347031,0.0460519162604884
"1312","pill",0.4302292488285,0.0171270538019217
"1313","pilot",0.471941791360836,0.030923135230178
"1314","ping",0.466128684152711,0.00732130486513018
"1315","pirate",0.491746353425161,0.0100317486944825
"1316","pistol",0.479959267596228,0.0142038129498638
"1317","place",0.473331337106368,0.581681438197221
"1318","plague",0.504439167086006,0.0126171548572085
"1319","plan",0.462458220361642,0.212407930339264
"1320","planet",0.503268842036492,0.0646165149128775
"1321","planning",0.454218615318471,0.0739143468684666
"1322","plant",0.487733044224471,0.0392509544800763
"1323","plastic",0.442515478762688,0.0279765954340283
"1324","plate",0.447570456517634,0.042884036495466
"1325","platform",0.497306409908826,0.0124431894079894
"1326","plausible",0.473937165609181,0.00344746709412463
"1327","play",0.459570181155168,0.323654951957577
"1328","playboy",0.433947406189726,0.00509936223023706
"1329","player",0.440291242432098,0.0422813704749567
"1330","pleasant",0.46552098165539,0.0270275517780201
"1331","pleasure",0.463560106892724,0.117089620165081
"1332","plus",0.432521151415383,0.0761828873915434
"1333","pocket",0.454121923201485,0.0553039269593635
"1334","poem",0.471033826878576,0.0136927894427825
"1335","poet",0.472906637975256,0.0125752167578432
"1336","point",0.461430846643631,0.321255937347586
"1337","poison",0.48451296922765,0.0377893340540473
"1338","poker",0.427508085279278,0.0148779290655881
"1339","policy",0.462289980665762,0.0322542815692926
"1340","polite",0.435546180964295,0.0197722605878168
"1341","political",0.498410851192703,0.0394288030866441
"1342","politician",0.481313629130218,0.00960460138613185
"1343","politics",0.483914093294234,0.0302490191144537
"1344","poor",0.469153189767801,0.178281966927926
"1345","popular",0.480032481690737,0.0364263458246739
"1346","population",0.532761896427116,0.019279876236009
"1347","pork",0.458245121008823,0.0137292911218597
"1348","porn",0.406792069479169,0.0151287810303104
"1349","portal",0.468991858998569,0.00614859134584021
"1350","position",0.496596908621456,0.117964883831465
"1351","positive",0.451392177439096,0.0481006700776321
"1352","possibility",0.48497457570701,0.0335869811713466
"1353","potato",0.448694750947583,0.0142457510492291
"1354","potential",0.457097444175208,0.0349429797174925
"1355","pound",0.465766494557146,0.0247993960913691
"1356","poverty",0.505215902373656,0.00989117839846165
"1357","power",0.509951358048936,0.197720275983759
"1358","powerless",0.495267681357721,0.00624567027955626
"1359","practically",0.440229203623032,0.032773848022541
"1360","practice",0.457748896332691,0.0634733133894372
"1361","predator",0.510514902386987,0.00615713429200722
"1362","pregnancy",0.428445649722569,0.0105699543030043
"1363","preparation",0.515312409520077,0.00717607478029096
"1364","prepare",0.519060469744534,0.066826031444255
"1365","presence",0.516467095830114,0.0436078570252529
"1366","preserve",0.52600640171758,0.0114390049176305
"1367","president",0.475588033550067,0.0859319422310448
"1368","press",0.461592651827429,0.0849098952168821
"1369","pressure",0.462638443249115,0.0777524595918646
"1370","pretty",0.445994312095844,0.41634358797526
"1371","prevent",0.508692417006909,0.0269856136786547
"1372","prey",0.543812524506524,0.0125154161346741
"1373","price",0.472595227883739,0.0858387464546773
"1374","pride",0.507624229516815,0.0396167479023184
"1375","priest",0.477822960526209,0.0304664759259777
"1376","primary",0.488727438417915,0.0177941802344184
"1377","prince",0.504476562187746,0.0411863201026396
"1378","princess",0.487117506672079,0.0386296493042935
"1379","prison",0.459466128807553,0.0999897484645996
"1380","prisoner",0.490406674498447,0.0360271572492335
"1381","privacy",0.4271997918577,0.0220873989990774
"1382","private",0.450329520322722,0.110532520666163
"1383","privilege",0.488401987533653,0.0165065252576087
"1384","prize",0.485526526718539,0.0316531688117228
"1385","probability",0.476949935333026,0.00499218708741453
"1386","probably",0.441930763836016,0.353757187724252
"1387","probe",0.50001815486064,0.00665262516969398
"1388","problem",0.452247163247932,0.370502915474537
"1389","procedure",0.450343901590497,0.0254276909503795
"1390","proceed",0.514348456963701,0.0320080893933887
"1391","process",0.477914622614328,0.0577208040931585
"1392","produce",0.522804031100264,0.0218699421875534
"1393","producer",0.467653591247542,0.0168762018371994
"1394","product",0.4600605925408,0.023092360120906
"1395","production",0.512331661155764,0.024127609870054
"1396","professional",0.445004459612497,0.0520195524738819
"1397","professor",0.468475829687998,0.0488291503962374
"1398","profile",0.435292799674182,0.0264318754407384
"1399","profit",0.483880496526952,0.021110396610159
"1400","program",0.454200196585612,0.0570746467103444
"1401","progress",0.475414126839779,0.0413307735560091
"1402","prohibit",0.506498855250839,0.00087681692932343
"1403","project",0.463816587035064,0.0518230647120406
"1404","promise",0.461364496706976,0.220470918257985
"1405","proof",0.481587991293128,0.0607457836677508
"1406","property",0.461254598920274,0.0544659416035265
"1407","propose",0.480879712999417,0.0227281199616033
"1408","prosecutor",0.457754718276819,0.0111097131744656
"1409","protect",0.490767182938647,0.141186164776346
"1410","protein",0.455218107388629,0.00775699511964784
"1411","protest",0.50349859265861,0.0133518482275717
"1412","protocol",0.44685401081084,0.0173390741931576
"1413","prototype",0.45169720996032,0.00645225425050403
"1414","proud",0.470431140672113,0.125286965328065
"1415","provide",0.5069125434377,0.0386778004554167
"1416","psychological",0.469233411715658,0.0117923722363569
"1417","psychology",0.451128367653865,0.00871302845888358
"1418","pub",0.43065968064533,0.0119810936835009
"1419","pull",0.463302337185262,0.191099492704324
"1420","pulse",0.456496647768229,0.0229906213983716
"1421","pump",0.460593962901848,0.0176450669922306
"1422","punish",0.504695705391509,0.0204844316455578
"1423","purpose",0.495927035527583,0.066877289121257
"1424","push",0.47067489066495,0.0975961702748965
"1425","put",0.469742798327449,0.67601031987897
"1426","pyramid",0.49662605798729,0.00521275042481741
"1427","quality",0.478236151172906,0.0319894502381152
"1428","quantity",0.512985040558448,0.00376899252259221
"1429","quarter",0.474923338077624,0.0352916872474006
"1430","queen",0.502340261419344,0.0662707399433991
"1431","question",0.466678603737767,0.266639329238932
"1432","quickly",0.510902948798746,0.115711099306313
"1433","quiet",0.46861903552786,0.163523639108676
"1434","rabbit",0.462191224723296,0.0201489268506351
"1435","raccoon",0.426357395481107,0.00292634737793683
"1436","race",0.497296570411013,0.060668120520778
"1437","racist",0.433473199403408,0.00948965992861204
"1438","radar",0.46178542080521,0.017512263010907
"1439","radiation",0.480994277289251,0.0141797373743022
"1440","radio",0.471967179689398,0.0914374827199498
"1441","radius",0.444405502908741,0.00975682115419862
"1442","rage",0.483841631209467,0.0198887553082761
"1443","rain",0.48135915061863,0.0654094556434702
"1444","ransom",0.464322601113291,0.0100395150091798
"1445","rarely",0.488954393731489,0.0142216754736675
"1446","rat",0.450639931650234,0.0422759340546686
"1447","reactor",0.470988691979196,0.0052096438989385
"1448","read",0.457587871851491,0.260546655358912
"1449","reading",0.452210301836007,0.0857587534132953
"1450","ready",0.473121219679993,0.422706529606745
"1451","real",0.45711892895754,0.454401636517833
"1452","realistic",0.463141987001717,0.00882874654787312
"1453","reality",0.489302459059874,0.047454512694818
"1454","realize",0.450896097902174,0.122950857867121
"1455","really",0.46807077212727,0.787529939143158
"1456","rear",0.496234476385001,0.0191229966791238
"1457","reason",0.47031560681436,0.277909805127632
"1458","reasonable",0.467642706208357,0.0270376479871266
"1459","recently",0.473363319167202,0.0609391649037132
"1460","reception",0.452332057915336,0.0188457392444308
"1461","recognize",0.465108982021214,0.0667336122993573
"1462","record",0.45866384668692,0.116001559475991
"1463","recording",0.476420374466549,0.0232756451477619
"1464","recover",0.499297511870818,0.0202164937885015
"1465","red",0.49011481871612,0.17263430288006
"1466","reduce",0.516277429835678,0.0103400713879647
"1467","reflection",0.499020743258678,0.0101637760443363
"1468","refresh",0.460641988267484,0.00364783801331457
"1469","refuge",0.531494155359402,0.00768010860414473
"1470","refugee",0.475013005760263,0.00470793996949392
"1471","refuse",0.487399830421141,0.0418891715827439
"1472","regiment",0.488478888119796,0.00744556590028673
"1473","regional",0.459269633439701,0.0058208528656148
"1474","relationship",0.444515038133373,0.095415389107899
"1475","relative",0.496384866101082,0.0158067803033833
"1476","religion",0.500501600234925,0.0212035923865264
"1477","remain",0.52583969028854,0.0701593337123295
"1478","remarkable",0.520558887905383,0.0213045544775911
"1479","remember",0.465180772573554,0.505500880700087
"1480","remove",0.499476094377074,0.0429857752180005
"1481","rent",0.426606449733202,0.0464790635688391
"1482","repair",0.493100109159022,0.0193365703332992
"1483","replace",0.476666919191721,0.0274803279248718
"1484","reply",0.51061901686113,0.0114770598596472
"1485","report",0.474363927096041,0.144229783506211
"1486","reporter",0.457402595150155,0.0288992336200657
"1487","reputation",0.479409299744415,0.0349064780384153
"1488","request",0.502555073413288,0.0510347837702662
"1489","rescue",0.494180565465521,0.0412655365125519
"1490","research",0.459441051956048,0.0559749365492089
"1491","resignation",0.497074014808806,0.00780126311342237
"1492","resist",0.491562960585058,0.0254199246356822
"1493","resistance",0.514380907981018,0.0183207363708943
"1494","respect",0.46981711358111,0.123770980699155
"1495","responsibility",0.474572643688661,0.0607931581874043
"1496","rest",0.479106972708788,0.313274495733187
"1497","restaurant",0.424225940618171,0.0528435584632638
"1498","result",0.51884590525724,0.0402287335004644
"1499","return",0.502757307371163,0.164648978108312
"1500","revelation",0.502488268956194,0.00556223458619522
"1501","revenge",0.497806159580641,0.0458212567139791
"1502","reward",0.502673719501163,0.0286382854462369
"1503","rhythm",0.481525188624037,0.0124983302423401
"1504","rich",0.48092759052985,0.102085100169927
"1505","ride",0.459551857225816,0.143801859566391
"1506","ridiculous",0.448787631053076,0.0850077507820679
"1507","rifle",0.469142753260726,0.0183735473108359
"1508","right",0.492354534840288,0.929924542486401
"1509","ring",0.458403655393834,0.103614287533822
"1510","risk",0.47948240793958,0.0998064634377437
"1511","risky",0.468777956233519,0.0160405463757716
"1512","ritual",0.498957583312248,0.0132205975091876
"1513","river",0.504932956596448,0.0699154714308347
"1514","road",0.471026747671688,0.148376218923092
"1515","rob",0.458999733005876,0.027957179647285
"1516","robbery",0.430820042396207,0.0276076954859072
"1517","robot",0.46842347735312,0.0162533433984772
"1518","rock",0.474395801125953,0.102243532989752
"1519","rocket",0.479439663353409,0.0161857764606108
"1520","rodeo",0.410363912169573,0.00423419477295956
"1521","roman",0.528042312949876,0.0165779753528237
"1522","romantic",0.427661464656599,0.0446990242402214
"1523","rome",0.50656087048651,0.022488917468927
"1524","romeo",0.458917514546351,0.00903766041323007
"1525","room",0.45350977398334,0.402790592197028
"1526","rope",0.477207466543292,0.0291749377918193
"1527","rotate",0.487196053964,0.00341873172974467
"1528","round",0.472424632254747,0.118458044814742
"1529","route",0.485344929943157,0.0399965206910156
"1530","royal",0.517137267450441,0.0340700459455177
"1531","rule",0.494137288243483,0.0726841626204167
"1532","rum",0.466309618564254,0.00922172207155572
"1533","run",0.469548493964717,0.405887798498305
"1534","rusty",0.446679779871274,0.0107920709033467
"1535","sabotage",0.477099290244148,0.00795037635561023
"1536","sad",0.460782069769787,0.106295995998795
"1537","safe",0.465683502893872,0.22815025023066
"1538","safety",0.496593127501015,0.0602394199494879
"1539","sail",0.512328877959909,0.0174990602759216
"1540","sailor",0.476274388474532,0.0113535754559603
"1541","salad",0.417240608969833,0.0199019580432615
"1542","salary",0.4398243979039,0.0183999527808066
"1543","sale",0.44628343345165,0.0354105118622691
"1544","samurai",0.502006791435883,0.00531992556763994
"1545","sand",0.503180870208714,0.0287112888043914
"1546","sandwich",0.42513071586705,0.0266407893060953
"1547","satellite",0.463481819361621,0.020009133186084
"1548","satisfied",0.484638490926407,0.0256731064948137
"1549","saturday",0.431345172099942,0.046767970475578
"1550","sauce",0.436102327787499,0.020034762024585
"1551","save",0.486161900436677,0.238344314902315
"1552","savior",0.488361360631489,0.00851421080263309
"1553","say",0.482322556296022,0.843313824350814
"1554","scandal",0.460153630607289,0.014080328546177
"1555","scar",0.464394511390259,0.0154138047797007
"1556","scare",0.451276758739806,0.0522377859168756
"1557","scary",0.439003243063961,0.0454958481281628
"1558","schedule",0.43602981589442,0.0422611780567438
"1559","school",0.435703100201482,0.272334367806451
"1560","science",0.482304165368859,0.0557349574250628
"1561","scientist",0.473766846830469,0.0217689800964887
"1562","scratch",0.462611190378444,0.0296261606757315
"1563","screen",0.477797700157776,0.0371478364600516
"1564","sea",0.521545948466958,0.0822211970686822
"1565","search",0.48871362422355,0.0901824462648686
"1566","second",0.459559524813084,0.363648366122714
"1567","secondary",0.486125997368154,0.00804357213197764
"1568","secret",0.468744579879461,0.164671500420934
"1569","secretary",0.47202207226216,0.0396975175751702
"1570","section",0.483382108457398,0.0375307157746278
"1571","secure",0.491140916260623,0.0462258817097076
"1572","security",0.4521901138877,0.133847774018881
"1573","see",0.490935443863372,0.913722456764926
"1574","select",0.507163168688574,0.00831694640932206
"1575","selfish",0.455631127673048,0.0292440579926251
"1576","sell",0.442068941409986,0.126773437961125
"1577","seller",0.46006376654147,0.00495568540833729
"1578","seminar",0.41794938203765,0.00485084015992395
"1579","senate",0.499360484299943,0.00967838137575605
"1580","senator",0.465690330571903,0.0196712984967521
"1581","send",0.485974053512024,0.251330369707645
"1582","senior",0.467671450972502,0.0330635315607497
"1583","sensational",0.4650259372505,0.00496966477479241
"1584","sensitive",0.450904378174276,0.0336475584259855
"1585","sensor",0.476896599372413,0.0058783235943747
"1586","sentence",0.478504763775377,0.0355417625806532
"1587","september",0.508370525587838,0.0171332668536795
"1588","sergeant",0.455601604861304,0.0474669387983337
"1589","series",0.491314277661219,0.0347449386927118
"1590","sermon",0.455284155409258,0.00449358968384886
"1591","servant",0.50863400660215,0.0239893694684424
"1592","service",0.473400794557696,0.119960826708667
"1593","sexual",0.43479198311816,0.0384261718592247
"1594","shadow",0.509831876143694,0.0334339847718101
"1595","shark",0.453590399518463,0.0127484055755926
"1596","shelter",0.497720474577806,0.0217068495789104
"1597","sheriff",0.42576985383352,0.0327676349707831
"1598","sherlock",0.439458479368648,0.00616101744935586
"1599","shield",0.521360666107407,0.0187595331512909
"1600","shine",0.481883265867295,0.0275789601215273
"1601","ship",0.507587275377172,0.084870287011926
"1602","shirt",0.431172682710606,0.0655197373121717
"1603","shoe",0.435831940381223,0.0274011115149595
"1604","shoot",0.466088843214709,0.183999527808066
"1605","shooter",0.415498984526309,0.0151419837652958
"1606","shop",0.438866745061758,0.0811649782698515
"1607","short",0.483875917566869,0.144104745839585
"1608","shot",0.45794892372498,0.251324156655887
"1609","shoulder",0.467707765828133,0.0390661161902809
"1610","show",0.464049581709026,0.474382034339537
"1611","shower",0.425186465109702,0.0519053876478318
"1612","sick",0.448056673300737,0.195706470582753
"1613","sign",0.459303198421378,0.17415106414044
"1614","signal",0.480817386345268,0.0559850327583154
"1615","signature",0.469488837228131,0.0242130393317242
"1616","silence",0.502498222116549,0.048690133363156
"1617","silent",0.502730953545545,0.0391398961799051
"1618","silk",0.482759055487512,0.0132881644470539
"1619","silver",0.486177859504087,0.0416849175062053
"1620","similar",0.51929807676647,0.0342727467591169
"1621","simple",0.482082827390326,0.140770666940041
"1622","simply",0.505762602018351,0.0806112400319351
"1623","sin",0.498410551717607,0.0295112192182117
"1624","singer",0.452143366498476,0.0206172356268814
"1625","single",0.486577962262781,0.13856969335483
"1626","sink",0.482234355475853,0.0255014709400037
"1627","sip",0.447767029734598,0.00929084227236155
"1628","sister",0.458326159082271,0.1885653442186
"1629","sit",0.460246889869772,0.33202626256978
"1630","situation",0.470264208799135,0.138019838274263
"1631","size",0.476523250613896,0.0712621503993439
"1632","skin",0.477346790246212,0.0762908391658357
"1633","skirt",0.443329743396735,0.0140927546496926
"1634","skull",0.470397268941197,0.0244157401453233
"1635","sky",0.519486253878373,0.0723890426619199
"1636","slave",0.51428627017348,0.0255053540973523
"1637","sleep",0.449011562439346,0.258918059166892
"1638","slow",0.465738678348888,0.11420443425504
"1639","slowly",0.50331103003696,0.0515993948487588
"1640","small",0.484205907464712,0.204486289348033
"1641","smart",0.443329703522263,0.132256456137408
"1642","smash",0.480359128725606,0.0170672531787526
"1643","smell",0.450843994500894,0.111238478672147
"1644","smile",0.462790201707982,0.0815843592635048
"1645","smoke",0.451549484231578,0.0847693249208613
"1646","snack",0.431649994110378,0.0126156015942691
"1647","snail",0.487006070273362,0.00250152996399537
"1648","snake",0.48248762408074,0.0260715184387844
"1649","sniper",0.445007572529716,0.00848314554384395
"1650","snow",0.496382813460092,0.0389418551551244
"1651","sober",0.439502482365294,0.0176163316278506
"1652","society",0.491298434522886,0.0488679819697238
"1653","soda",0.414542371890508,0.0187836087268525
"1654","sofa",0.429250907644901,0.0099634051251464
"1655","soft",0.475758706624279,0.0555563321870253
"1656","software",0.430117355441412,0.0108037203753926
"1657","solar",0.524664119846685,0.0109963249798852
"1658","soldier",0.492166355186958,0.0529484037116771
"1659","something",0.479209027444032,0.825779815658754
"1660","sometimes",0.453813092084007,0.239252197090428
"1661","somewhere",0.454580785034165,0.198069760145137
"1662","son",0.479895920660203,0.385857696262539
"1663","song",0.473703481655315,0.100780359300783
"1664","soul",0.490569319555154,0.106776730878557
"1665","sound",0.463385046568759,0.206780458709611
"1666","soup",0.460473509996728,0.0327388996064032
"1667","source",0.487608526491144,0.0455867140101211
"1668","south",0.502318608840257,0.0954845093087048
"1669","southern",0.535085189263513,0.019917490672656
"1670","spaghetti",0.429432295405212,0.007562060620746
"1671","speak",0.481470495645783,0.265753192731972
"1672","special",0.466052630646929,0.205792583480117
"1673","specialist",0.474738361733907,0.0110895207562527
"1674","spectacular",0.511705529251717,0.0115640425842567
"1675","speech",0.476481731878706,0.0478614675849557
"1676","speed",0.49895484191247,0.0691419464869852
"1677","spend",0.451091428890316,0.138782490377536
"1678","spider",0.470495019086929,0.0136811399707365
"1679","spinal",0.433690941040199,0.0055234030127088
"1680","spirit",0.497869177375266,0.0697011211451897
"1681","spoon",0.443768978717472,0.0114141527105992
"1682","sport",0.461749349739522,0.0243466199445174
"1683","spring",0.490980836373646,0.0453956626685679
"1684","spy",0.461230789705581,0.0316516155487833
"1685","squirrel",0.445582290727127,0.0069508516540697
"1686","stadium",0.469326967024343,0.00854216953554332
"1687","stamp",0.473381589061079,0.0106608201849626
"1688","stand",0.483771904779326,0.293506118302718
"1689","star",0.474385524098671,0.100632022690065
"1690","state",0.478118386593901,0.153351320118172
"1691","statement",0.45974361766812,0.0443945847040879
"1692","station",0.467312903982344,0.112467109657257
"1693","statue",0.483728576482943,0.0137463770141937
"1694","status",0.49766038220781,0.0308237264020528
"1695","stay",0.464252653932718,0.533702699260336
"1696","steal",0.466315478736211,0.0853300528420052
"1697","steel",0.500316975320867,0.0272830635315608
"1698","stick",0.449673541123284,0.136033214974697
"1699","still",0.480033940616352,0.721952731102226
"1700","stomach",0.464403939532746,0.0517112297803997
"1701","stone",0.496713925458547,0.0550173499470337
"1702","stop",0.473508172559481,0.626510159892887
"1703","store",0.435970570215738,0.0908394764882589
"1704","storm",0.494965317386507,0.0458655247077536
"1705","stove",0.437130338376353,0.00934520647524254
"1706","strange",0.48229011904082,0.136205627160977
"1707","strategy",0.501812841098495,0.0207329537158709
"1708","strawberry",0.440416382189071,0.00716287204530557
"1709","street",0.443534581033142,0.176928298276189
"1710","strength",0.518770812375079,0.0711642948341581
"1711","stress",0.439499763906587,0.0297488684479486
"1712","strike",0.498698013038583,0.0590022460182105
"1713","stroll",0.450938868995873,0.00789989531007788
"1714","strong",0.492648587579582,0.160549140579616
"1715","strongly",0.501611005181184,0.0128672301904611
"1716","structure",0.50735315866219,0.0198468172089108
"1717","stubborn",0.477433884311686,0.0217441278894574
"1718","student",0.458330456501629,0.0536038806721279
"1719","study",0.473407625739262,0.0669207804835618
"1720","stupid",0.446750956319789,0.236627182722746
"1721","stupidity",0.485523288674385,0.00634740900209069
"1722","style",0.472713596041106,0.0547579550361444
"1723","subject",0.471665499849208,0.055766022683852
"1724","submarine",0.497844723486521,0.00615713429200722
"1725","substitute",0.467165164876116,0.00738654190858737
"1726","succeed",0.509497171479966,0.0222932063385554
"1727","success",0.500089060699742,0.049276490122801
"1728","suck",0.428200542104829,0.0523511741114559
"1729","suddenly",0.472926984326868,0.0903354426644051
"1730","suffer",0.499413656573068,0.0460348303681544
"1731","suffering",0.490680242237201,0.041170787473245
"1732","sufficient",0.521074688525562,0.0101956179345952
"1733","sugar",0.448235586997586,0.0472782173511896
"1734","suggest",0.477853610733957,0.0697780076606928
"1735","suicide",0.465423985975375,0.0522199233930718
"1736","suitcase",0.447997059563276,0.0144740807013293
"1737","sum",0.489908565006949,0.0151171315582644
"1738","summer",0.472138999449739,0.0726197022084292
"1739","sun",0.512479632993034,0.105642848932753
"1740","sunday",0.44544060692751,0.0508973200001243
"1741","sunset",0.475466079503833,0.0145680531091664
"1742","superman",0.446910996680142,0.00842334492067486
"1743","supernatural",0.466742576263213,0.00692755270997785
"1744","support",0.494238695055829,0.0938869783754734
"1745","surface",0.534323974715666,0.0319840138178271
"1746","surgeon",0.452428218350832,0.0192620137122052
"1747","surgery",0.433374100499908,0.0373691764289242
"1748","surname",0.474409188992831,0.00324088312317686
"1749","surprise",0.454629031044438,0.122128405140679
"1750","survive",0.508044099910365,0.0719059778877488
"1751","suspect",0.453436691709383,0.0734514745125084
"1752","swallow",0.478878567801863,0.018604983488815
"1753","swear",0.455608737218156,0.135397930432459
"1754","sweet",0.450170687386063,0.18190106957686
"1755","swim",0.46504562673113,0.0358314461188619
"1756","sword",0.523109328428251,0.0373676231659848
"1757","symbol",0.509705207614732,0.0188325365094454
"1758","symptom",0.443669378337801,0.00355153571106824
"1759","syndrome",0.438922817009118,0.00882331012758502
"1760","syringe",0.445198441038631,0.00372705442322687
"1761","system",0.474987423416959,0.129740170175488
"1762","table",0.451112704075269,0.128125553349922
"1763","tablet",0.471126330740083,0.00384354914368614
"1764","talent",0.458855000660168,0.0386529482483854
"1765","talk",0.454110499866171,0.623895241734311
"1766","tank",0.465222998533834,0.0302466892200445
"1767","task",0.516880371980421,0.0338013314569917
"1768","taste",0.471718180164137,0.0839639580867528
"1769","tasty",0.463835546607478,0.0121216639795218
"1770","tattoo",0.424607696034256,0.0164164360071202
"1771","taxi",0.437945649809098,0.0318061652112593
"1772","teach",0.470185786919717,0.10344964166224
"1773","teacher",0.460638414560114,0.0658738812623679
"1774","team",0.466396867010498,0.171077156783255
"1775","tear",0.48237837004321,0.0451129688135867
"1776","technical",0.49037627912301,0.014663578779943
"1777","technique",0.502454691162519,0.0159799691211328
"1778","technology",0.489243407418284,0.0353165394544319
"1779","teenage",0.428304430409527,0.0115166680646033
"1780","teenager",0.416914885901681,0.0120540970416554
"1781","telegram",0.462821007597921,0.00822064410707573
"1782","telephone",0.455476386434949,0.0400532147883058
"1783","telescope",0.520896948390317,0.0042489507708844
"1784","television",0.460505584688238,0.0387880821241181
"1785","tell",0.475008596782639,0.837241342889007
"1786","temperature",0.500003411949519,0.0234232051270103
"1787","temple",0.516042834767207,0.0255045774658826
"1788","tenant",0.4366746146587,0.00465046924073401
"1789","tennis",0.427659075714679,0.013493971786532
"1790","terminal",0.460743094870522,0.0109248748846702
"1791","terrible",0.471015035519992,0.143908258077744
"1792","test",0.467171357588857,0.107046998630022
"1793","testimony",0.46647967110352,0.0169748340338549
"1794","text",0.43689481029376,0.0342797364423444
"1795","thank",0.470400053135998,0.691643134733134
"1796","that",0.520325482866987,0.985015672423059
"1797","theater",0.454928051965491,0.0249158908118284
"1798","theft",0.449910742467879,0.015639027905922
"1799","theory",0.4637563088655,0.0482490066883502
"1800","therapy",0.412502402113088,0.024190517019102
"1801","there",0.50598581940067,0.954319313582042
"1802","thick",0.50218404804603,0.0279160181793894
"1803","thief",0.464861970077015,0.0373334513813167
"1804","thin",0.487634165274112,0.0352373230445196
"1805","think",0.485790275417185,0.908952386277854
"1806","third",0.477663225739833,0.118855680127243
"1807","thirst",0.512246077500576,0.00800163403261231
"1808","thousand",0.4905389172383,0.0885251147084681
"1809","three",0.471275462404125,0.514599894999425
"1810","throat",0.468558751578536,0.0700203166792481
"1811","throne",0.523291866516493,0.0173390741931576
"1812","thumb",0.451589628540885,0.0141152769623147
"1813","thunder",0.516281785523922,0.0215856950696328
"1814","ticket",0.440578879155249,0.0539455985188085
"1815","tie",0.46208637032128,0.0613523328456088
"1816","timer",0.47055057673587,0.0101451368890629
"1817","tired",0.452824201768113,0.146113114820303
"1818","tissue",0.442626208459911,0.0178695134869821
"1819","title",0.497481971438114,0.0290335908643287
"1820","toast",0.452078430614092,0.0377093410126653
"1821","tobacco",0.471284143381084,0.00848003901796504
"1822","today",0.470406637115624,0.473696268751767
"1823","toilet",0.430710262687945,0.0418511166407272
"1824","tomato",0.443824254164837,0.00812278854188995
"1825","tomorrow",0.452966227763002,0.345168420300525
"1826","tool",0.479478086831713,0.0172342289447442
"1827","tooth",0.45981944746891,0.0168272740546065
"1828","top",0.462338978645126,0.204108846453745
"1829","torment",0.497688051941116,0.00646312709108023
"1830","tornado",0.466630269208028,0.00379151483521433
"1831","torture",0.479415896438417,0.027508286657782
"1832","total",0.467053477594164,0.0660866782850734
"1833","tough",0.44251616851605,0.119821033044116
"1834","tour",0.441233369412027,0.0407529597425311
"1835","tournament",0.467964015988964,0.00848858196413205
"1836","towel",0.434775020032862,0.0176132251019717
"1837","tower",0.502470745383093,0.0319358626667039
"1838","toy",0.460448102766116,0.0248514303998409
"1839","traditional",0.50199699728448,0.0157159144214251
"1840","tragic",0.47608081055862,0.020532582796681
"1841","trailer",0.424997392542702,0.0126179314886783
"1842","train",0.464818542759957,0.0974167684053892
"1843","traitor",0.510629445796824,0.0241827507044047
"1844","transfer",0.47301076146573,0.0320974020124075
"1845","transmitter",0.458987627961759,0.00649574561280883
"1846","trap",0.489650704595066,0.0445615604700795
"1847","trash",0.435435121035964,0.0347402789038934
"1848","treasure",0.504599054916475,0.0253476979089974
"1849","treatment",0.47078383210024,0.0374848945179138
"1850","tree",0.479861938907946,0.0763576294722323
"1851","trial",0.471783670896093,0.0504328943812266
"1852","triangle",0.469303600343206,0.0058154164453267
"1853","trick",0.466275719737008,0.0670364985725514
"1854","trigger",0.465061408070926,0.0350346222309205
"1855","triple",0.448259286802378,0.0163760511706943
"1856","trophy",0.463437987525995,0.00961236770082913
"1857","trouble",0.454863678640839,0.25855071248171
"1858","truck",0.430669513435972,0.0751204555409549
"1859","true",0.478256610606282,0.35407793652125
"1860","trust",0.457296185485378,0.266098793736001
"1861","try",0.470168562859173,0.502943433270271
"1862","tuesday",0.436953656518301,0.0289932060279028
"1863","tumor",0.420145901175833,0.00733373096864583
"1864","tuna",0.428477076394937,0.00764749008241613
"1865","tunnel",0.481405229949856,0.0234402910193443
"1866","turkey",0.452264648123368,0.0196293603973868
"1867","turn",0.471517157413408,0.383947182847007
"1868","turtle",0.465018795808203,0.00943529572573104
"1869","two",0.480128885742946,0.748011823437495
"1870","typical",0.467063107543709,0.0217915024091108
"1871","ufo",0.479734517163083,0.00345290351441273
"1872","ugly",0.452224632340193,0.060282134680323
"1873","ultimate",0.515975544267727,0.0189723301739965
"1874","unable",0.523603901809907,0.0246176643274527
"1875","uncle",0.469253839963513,0.107015156739763
"1876","uncomfortable",0.440725623982219,0.0257204810144671
"1877","underestimate",0.479042153364155,0.0100713568994387
"1878","understand",0.476963955661957,0.516482449682047
"1879","unexpectedly",0.494862005177588,0.00387849755982392
"1880","unfair",0.455366610966027,0.0179432934766063
"1881","unfortunate",0.487286015116614,0.0224376597919249
"1882","uniform",0.467804978309195,0.0357778585474506
"1883","unique",0.50637220707303,0.0298676930628171
"1884","unit",0.459616083304091,0.0521927412916313
"1885","universe",0.498422270694879,0.0425516382264222
"1886","university",0.473506396098105,0.0374631488367614
"1887","unknown",0.516359658963236,0.0311203996234891
"1888","unpleasant",0.470531034043908,0.0120059458905322
"1889","unreasonable",0.475111810604422,0.0056026194226211
"1890","unusual",0.473243954598336,0.0385644122608363
"1891","up",0.50379138229539,0.939670490800024
"1892","upper",0.483044465610011,0.0233494251373861
"1893","urgent",0.478934304390665,0.0309588602777855
"1894","urine",0.447980575044303,0.00859342721254539
"1895","use",0.472574564319882,0.427392723895086
"1896","useful",0.472336728377677,0.036042689878628
"1897","useless",0.484091769210412,0.044651649720568
"1898","usual",0.450152895782208,0.0640689897267189
"1899","usually",0.438679016542414,0.103691174049325
"1900","vaccine",0.456039449520391,0.00357794118103901
"1901","vagina",0.395322579644471,0.0093933576263657
"1902","valley",0.499019280147099,0.0270982252417654
"1903","valuable",0.481571145742265,0.0310248739527125
"1904","value",0.483674949035213,0.0448427010621212
"1905","valve",0.463611765999615,0.00560883247437893
"1906","vampire",0.430821093168962,0.0133572846478598
"1907","van",0.443910509380124,0.0524412633619444
"1908","vanilla",0.417514975051496,0.0063831340496982
"1909","vehicle",0.455368816933096,0.0372138501349785
"1910","vein",0.466024321575781,0.00544108007691758
"1911","ventilation",0.460624616618239,0.0035476525537196
"1912","venus",0.521421125539205,0.00563912110169834
"1913","verify",0.46344494003887,0.008688952883322
"1914","very",0.488030557097173,0.720703131067433
"1915","victim",0.442571104463991,0.0703550448427011
"1916","victory",0.548554721632583,0.039134459759617
"1917","video",0.441207160553063,0.0637521240870697
"1918","view",0.490596609501071,0.0662785062580964
"1919","village",0.49459042598105,0.055179665924207
"1920","virus",0.454570093183048,0.0179370804248485
"1921","vision",0.488653479126057,0.0357514530774799
"1922","vitamin",0.434785336298475,0.00406488911255875
"1923","vodka",0.419048582467892,0.0166618515515543
"1924","voice",0.479998265786523,0.144441803897447
"1925","voluntarily",0.478726203070849,0.00406100595521011
"1926","volunteer",0.46205813536558,0.0157415432599261
"1927","vote",0.467876379309237,0.0381427013727738
"1928","voter",0.431300886743555,0.00136221159790372
"1929","wait",0.457680348524403,0.632211411512164
"1930","waiter",0.428888719802845,0.0154541896161266
"1931","waitress",0.409281085018016,0.0134986315753503
"1932","walk",0.450201441187512,0.270926334951833
"1933","wall",0.476962081449657,0.108047299963032
"1934","wallet",0.417022837514666,0.0262975181964753
"1935","war",0.504108623188141,0.183011652578572
"1936","warm",0.475007375119476,0.0856445885872452
"1937","warning",0.485452982242841,0.0543106153095808
"1938","warrior",0.528984376324231,0.0224500858954406
"1939","wash",0.456233485644275,0.0575468386439393
"1940","washington",0.460937394620604,0.0383391891346151
"1941","waste",0.468195911638281,0.0928501753633859
"1942","watch",0.46445270390327,0.362260525686309
"1943","watson",0.461192651936216,0.00721412972230765
"1944","weak",0.49494699475358,0.0647570852088983
"1945","wealth",0.539390499060552,0.0173755758722348
"1946","weapon",0.477569340307967,0.0822460492757135
"1947","web",0.464650968246155,0.0173390741931576
"1948","wedding",0.451239058367719,0.0860220314815333
"1949","week",0.439608057694709,0.271567055914359
"1950","weekly",0.446304850459503,0.00775777175111757
"1951","weight",0.476861191079789,0.0579188451179393
"1952","west",0.505081245965718,0.0805203741499769
"1953","western",0.528208684309948,0.0226830753363591
"1954","wet",0.459860512872001,0.0552720850691047
"1955","what",0.514590538651478,0.976600093817082
"1956","whiskey",0.442195657284017,0.0198499237347897
"1957","whistle",0.479699892643457,0.0220462375311818
"1958","white",0.474180429586257,0.183141350034016
"1959","wide",0.496765408671831,0.0467182660615154
"1960","widow",0.466294900604932,0.0175790533173037
"1961","wife",0.461263571234515,0.321005862014334
"1962","win",0.480891439230725,0.158457672031637
"1963","wind",0.501667322518445,0.0884924961867395
"1964","window",0.455660917198773,0.110527860877345
"1965","wine",0.46012975615804,0.0761541520271635
"1966","winner",0.473579188436755,0.036188696594937
"1967","winter",0.503286985796538,0.0410224508625269
"1968","wire",0.451832346669783,0.0354928347980603
"1969","wish",0.472194378303365,0.284854443729944
"1970","witch",0.476372780778907,0.0249896708014526
"1971","witness",0.47265022155089,0.0650273529603638
"1972","witty",0.457337586783917,0.00428855897584055
"1973","wizard",0.499700351373185,0.0106188820855972
"1974","wolf",0.495933352023891,0.0242340083814068
"1975","woman",0.46254387210631,0.395895658008779
"1976","wonderful",0.453929839815357,0.149967536804565
"1977","word",0.464456807215778,0.308037669732808
"1978","work",0.460218536559352,0.652285005110235
"1979","worker",0.457252499238618,0.0225743469305971
"1980","workshop",0.460019057376512,0.00633964268739341
"1981","world",0.490665533656682,0.478941637698313
"1982","worm",0.495108630488239,0.0120773959857473
"1983","worried",0.447356999839822,0.152654681689826
"1984","worry",0.455202429454334,0.35794012482021
"1985","worthless",0.483497097627111,0.0169989096094165
"1986","worthy",0.518160247008488,0.0243015753192732
"1987","wound",0.474814856117146,0.0457793186146137
"1988","write",0.459151953367483,0.153410344109872
"1989","writer",0.438947380015524,0.0280612482642287
"1990","writing",0.452237170795452,0.0777260541218939
"1991","wrong",0.468367381476249,0.535261398620081
"1992","yeah",0.461749836433856,0.754327390549327
"1993","yellow",0.473343233196036,0.0418340307483931
"1994","yesterday",0.449010100262513,0.150466910839601
"1995","yoga",0.396510558888216,0.00810026622926782
"1996","young",0.474589626625597,0.287519842934052
"1997","youth",0.495369167083233,0.0296222775183829
"1998","zombie",0.434198206873667,0.00800474055849122
"1999","zone",0.474616162486553,0.0342673103388288
"2000","zoo",0.448017458603065,0.0144903899621936
