word_english,word_english_past,regularity,consistency,imagine_M,RT_M,z_score,proportion_correct,proportion_error
abandon,abandoned,regular,1,4.766666667,621.2,-0.6,1,0
abate,abated,regular,1,2.633333333,683,-0.29,1,0
abdicate,abdicated,regular,1,2.821428571,813.08,0.28,0.965517241,0
abet,abetted,regular,0.56,2.75,782.71,0.19,0.8,0
abide,abided,regular,0.62,2.1875,705.91,-0.23,0.827586207,0
abort,aborted,regular,1,4.580645161,662.13,-0.3,0.827586207,0
abridge,abridged,regular,1,2.275862069,685.21,-0.26,0.966666667,0
absent,absented,regular,1,3.322580645,782.55,0.34,0.827586207,0
absorb,absorbed,regular,1,4.806451613,658,-0.48,0.965517241,0
abstract,abstracted,regular,1,2.888888889,689.96,-0.29,0.966666667,0
accede,acceded,regular,0.59,3.636363636,893.74,0.78,0.931034483,0
accent,accented,regular,1,3.592592593,714.67,-0.24,0.933333333,0
accept,accepted,regular,1,4.161290323,657.4,-0.4,1,0
acclimatize,acclimatized,regular,1,2.230769231,899.44,1.12,0.551724138,0
accompany,accompanied,regular,1,5.4,703.25,-0.17,0.966666667,0
accord,accorded,regular,1,3.24137931,776.73,0.1,0.866666667,0
account,accounted,regular,1,3.870967742,635.21,-0.59,1,0
accrue,accrued,regular,0.96,2.862068966,814.09,0.38,0.75862069,0
accuse,accused,regular,0.8,3.709677419,607.43,-0.64,0.933333333,0
ache,ached,regular,0.69,4.535714286,705.08,-0.13,0.896551724,0
acknowledge,acknowledged,regular,1,4.357142857,703.9,-0.3,1,0
acquire,acquired,regular,1,3.935483871,731.9,-0.08,1,0
act,acted,regular,1,5.419354839,672.18,-0.35,1,0
adapt,adapted,regular,1,3.258064516,639.5,-0.6,0.928571429,0
addict,addicted,regular,1,2.5,740.64,-0.12,1,0
address,addressed,regular,0.89,3.848484848,657.11,-0.4,0.965517241,0
adhere,adhered,regular,0.94,3.733333333,704.63,-0.06,0.857142857,0
adjourn,adjourned,regular,1,2.65625,688.42,-0.33,0.9,0
adjudicate,adjudicated,regular,1,3.6,864.13,0.69,0.586206897,0
adjust,adjusted,regular,0.83,4.322580645,599.96,-0.72,0.9,0
admire,admired,regular,1,4,627.68,-0.66,0.965517241,0
admonish,admonished,regular,1,3.4,703.66,-0.22,1,0
adore,adored,regular,1,4.322580645,633.5,-0.62,1,0
adulterate,adulterated,regular,1,3.034482759,806.61,0.22,0.966666667,0
advantage,advantaged,regular,1,3.677419355,760.82,0.07,1,0
advise,advised,regular,0.75,3.3125,660.96,-0.37,0.928571429,0
aerate,aerated,regular,1,4.666666667,951.83,1.03,0.866666667,0
affiliate,affiliated,regular,1,2.566666667,725.77,-0.04,0.931034483,0
affix,affixed,regular,1,4.290322581,725.69,-0.17,0.966666667,0
afford,afforded,regular,1,2.484848485,714.69,-0.25,0.966666667,0
age,aged,regular,1,4.78125,675.69,-0.35,1,0
aggregate,aggregated,regular,1,3.846153846,784.07,0.03,0.965517241,0
agonize,agonized,regular,1,4.333333333,669.43,-0.39,1,0
aid,aided,regular,1,4.612903226,610.63,-0.6,0.931034483,0
aim,aimed,regular,1,5.333333333,633.93,-0.51,0.933333333,0
alarm,alarmed,regular,1,4.5,626,-0.62,0.966666667,0
alienate,alienated,regular,1,4.035714286,724.79,-0.08,1,0
align,aligned,regular,0.9,4.548387097,681.78,-0.41,0.931034483,0
allege,alleged,regular,1,2.5625,789.1,0.23,1,0
allocate,allocated,regular,1,4.161290323,662.41,-0.44,1,0
allow,allowed,regular,1,3.967741935,613.36,-0.69,0.965517241,0
alter,altered,regular,1,3.928571429,644.83,-0.49,0.966666667,0
amalgamate,amalgamated,regular,1,2.92,931.21,0.89,0.551724138,0
amaze,amazed,regular,1,3.266666667,704,-0.27,0.933333333,0
ambush,ambushed,regular,1,4.96875,638.2,-0.61,1,0
amend,amended,regular,0.58,3.428571429,695.43,-0.3,0.965517241,0
amplify,amplified,regular,1,4.193548387,635.36,-0.55,0.965517241,0
amuse,amused,regular,0.8,4.730769231,687.42,-0.33,0.896551724,0
analyze,analyzed,regular,1,3.612903226,669.75,-0.4,0.965517241,0
anger,angered,regular,1,4.666666667,642.59,-0.53,0.966666667,0
anglicize,anglicized,regular,1,2.851851852,989.47,1.2,0.666666667,0
annex,annexed,regular,1,3.548387097,679.85,-0.29,0.931034483,0
annotate,annotated,regular,1,3.827586207,793.19,0.25,0.928571429,0
annoy,annoyed,regular,1,4.423076923,657.04,-0.48,0.965517241,0
anoint,anointed,regular,1,4.133333333,714.12,-0.15,0.862068966,0
antagonize,antagonized,regular,1,3.1875,765.21,0.16,0.892857143,0
anticipate,anticipated,regular,1,3.64516129,664.96,-0.38,0.966666667,0
apologize,apologized,regular,1,3.757575758,646.93,-0.55,1,0
appeal,appealed,regular,0.71,4.1,648.67,-0.45,0.965517241,0
appease,appeased,regular,0.9,3.814814815,666.04,-0.47,0.933333333,0
applaud,applauded,regular,1,5.741935484,673.52,-0.4,0.931034483,0
appoint,appointed,regular,1,4.214285714,663.11,-0.41,0.933333333,0
appraise,appraised,regular,0.92,3.633333333,706.14,-0.15,1,0
apprehend,apprehended,regular,0.58,4.612903226,635.31,-0.51,0.896551724,0
apprise,apprised,regular,0.75,2.678571429,779.67,0.22,0.965517241,0
appropriate,appropriated,regular,1,3.677419355,678.43,-0.27,0.933333333,0
approximate,approximated,regular,1,4.1,699.83,-0.26,1,0
argue,argued,regular,1,4.8125,608.5,-0.67,0.965517241,0
arise,arose,irregular,0.5,4.451612903,758.32,-0.02,0.741573034,0.08988764
arouse,aroused,regular,1,4.870967742,647.67,-0.52,0.9,0
arrange,arranged,regular,1,4.733333333,614.04,-0.64,0.965517241,0
arrest,arrested,regular,1,5.303030303,657.74,-0.61,0.964285714,0
arrogate,arrogated,regular,1,2.5,840.52,0.37,0.966666667,0
articulate,articulated,regular,1,2.848484848,701.44,-0.19,0.896551724,0
ascertain,ascertained,regular,1,2.75,764.09,0.18,0.821428571,0
asphalt,asphalted,regular,1,4.258064516,830.46,0.42,0.9,0
assail,assailed,regular,1,3.903225806,724.28,-0.15,1,0
assault,assaulted,regular,1,5.357142857,659.21,-0.54,0.965517241,0
assent,assented,regular,1,3.541666667,698.86,-0.28,0.966666667,0
assess,assessed,regular,1,2.696969697,662.82,-0.47,0.965517241,0
assimilate,assimilated,regular,1,2.71875,713.35,-0.11,0.896551724,0
associate,associated,regular,1,2.961538462,671.43,-0.38,0.965517241,0
assuage,assuaged,regular,1,3.08,742.62,0.11,0.517241379,0
assure,assured,regular,1,3.424242424,678,-0.46,1,0
astound,astounded,regular,1,3.333333333,676.96,-0.39,0.965517241,0
atrophy,atrophied,regular,1,3.870967742,851.92,0.51,0.931034483,0
attack,attacked,regular,1,5.28125,665.39,-0.43,0.965517241,0
attempt,attempted,regular,1,3,611.71,-0.66,0.933333333,0
attenuate,attenuated,regular,1,4.428571429,823.15,0.41,0.724137931,0
attire,attired,regular,1,3.083333333,733.33,-0.1,0.931034483,0
audit,audited,regular,1,3.807692308,700.93,-0.24,0.966666667,0
augment,augmented,regular,1,3.740740741,731.54,-0.07,0.965517241,0
authorize,authorized,regular,1,3.678571429,686.77,-0.36,0.896551724,0
automate,automated,regular,1,3.454545455,721.14,-0.13,0.966666667,0
avenge,avenged,regular,1,3.40625,650.48,-0.53,1,0
average,averaged,regular,1,3.419354839,709.69,-0.4,0.966666667,0
avoid,avoided,regular,1,2.90625,603.19,-0.72,0.931034483,0
await,awaited,regular,1,2.5625,688.56,-0.36,0.862068966,0
awake,awaked/awoke,other,0.71,6.033333333,831.67,0.25,0.670454545,0.034090909
award,awarded,regular,1,5.178571429,683.12,-0.35,0.896551724,0
babble,babbled,regular,1,4.5,679.9,-0.39,1,0
backfire,backfired,regular,1,3.606060606,635.43,-0.56,0.965517241,0
backslide,backslid,irregular,1,3.696969697,828.91,0.41,0.647727273,0.227272727
badger,badgered,regular,1,3.90625,727.39,-0.27,0.965517241,0
bag,bagged,regular,1,5.333333333,743.83,0.01,1,0
bait,baited,regular,1,4.466666667,737.86,-0.02,1,0
balance,balanced,regular,1,4.272727273,636.07,-0.62,1,0
balloon,ballooned,regular,1,5.392857143,662.91,-0.52,0.766666667,0
ban,banned,regular,0.88,3.333333333,679.28,-0.32,1,0
bandage,bandaged,regular,1,6.2,672.96,-0.36,0.896551724,0
bang,banged,regular,0.8,4.967741935,786.7,0.16,0.931034483,0
bank,banked,regular,1,4.272727273,715.79,-0.11,1,0
banquet,banqueted,regular,1,4.785714286,745.84,0.15,0.833333333,0
bar,barred,regular,1,3.192307692,799.57,0.19,1,0
bargain,bargained,regular,1,4.387096774,659.31,-0.47,1,0
bark,barked,regular,1,5.727272727,657.7,-0.39,0.931034483,0
barter,bartered,regular,1,4.366666667,708.07,-0.22,0.966666667,0
bask,basked,regular,1,4.161290323,712.11,-0.19,0.965517241,0
bat,batted,regular,1,5.53125,829.12,0.33,0.896551724,0
bath,bathed,regular,0.33,5.153846154,743.83,0.08,0.766666667,0
batter,battered,regular,1,4.933333333,689.82,-0.26,1,0
bawl,bawled,regular,0.93,4.586206897,707.46,-0.07,0.9,0
bayonet,bayonetted,regular,1,5.793103448,863.09,0.48,0.827586207,0
bead,beaded,regular,0.5,4.516129032,876.89,0.72,0.793103448,0
bear,beared/bore,other,0.14,3.346153846,840.37,0.6,0.602272727,0.193181818
beat,beat,irregular,0.1,5.8,934.79,1.18,0.461538462,0.205128205
become,became,irregular,0.17,3.806451613,773.91,0.16,0.908045977,0.011494253
bed,bedded,regular,0.78,4.857142857,785.05,0.37,0.766666667,0
befall,befell,irregular,0.13,2.1,879.82,0.72,0.738636364,0.102272727
befit,befitted,regular,0.5,3.625,850.13,0.48,0.931034483,0
befuddle,befuddled,regular,1,2.2,707.04,-0.2,0.931034483,0
beget,begot,irregular,0.12,3.363636364,952.08,0.78,0.625,0.227272727
begin,began,irregular,0.08,3.258064516,805.84,0.43,0.704545455,0.011363636
begrudge,begrudged,regular,1,2.80952381,787.93,0.19,1,0
behave,behaved,regular,1,3.636363636,664.63,-0.39,0.965517241,0
behold,beheld,irregular,0.4,3.333333333,799.7,0.25,0.850574713,0.068965517
belay,belayed,regular,1,2.583333333,750.44,-0.03,0.862068966,0
beleaguer,beleaguered,regular,1,2.6,787.22,0.32,0.633333333,0
believe,believed,regular,0.67,3.7,675.88,-0.28,0.896551724,0
bell,belled,regular,0.69,4,924.04,0.81,0.896551724,0
belong,belonged,regular,1,3.090909091,747.29,-0.02,0.866666667,0
bemoan,bemoaned,regular,1,2.677419355,731.96,0.01,0.862068966,0
benefit,benefited,regular,1,3.038461538,677.79,-0.35,0.966666667,0
berate,berated,regular,1,4.5,805.79,0.28,0.933333333,0
beseech,beseeched/besought,other,1,3.142857143,829.08,0.44,0.761363636,0.079545455
beset,beset,irregular,0.38,2.258064516,859.95,0.62,0.67816092,0.137931034
bespeak,bespoke,irregular,0.13,2.678571429,939.83,0.96,0.840909091,0.068181818
bestow,bestowed,regular,0.77,3.482758621,762.25,0.13,0.965517241,0
bestride,bestrode,irregular,1,3.869565217,898.53,0.85,0.620689655,0.275862069
betake,betook,irregular,1,2.766666667,906.46,0.88,0.840909091,0.034090909
betoken,betokened,regular,1,2.421052632,859.79,0.93,0.517241379,0
better,bettered,regular,1,2.307692308,764.13,0.12,1,0
bewitch,bewitched,regular,1,3.965517241,698.85,-0.27,0.965517241,0
bicker,bickered,regular,1,4.413793103,713.37,-0.31,0.933333333,0
bid,bid/bade,other,0.2,4.258064516,893.8,0.84,0.636363636,0.125
bide,bided/bode,other,0.27,3.461538462,769.75,0.13,0.4,0.133333333
billet,billeted,regular,1,3.68,887.71,0.86,0.862068966,0
bind,bound,irregular,0.57,5.8,895.61,0.7,0.551724138,0.344827586
bisect,bisected,regular,1,4.322580645,880.31,0.38,0.9,0
bite,bit,irregular,0.17,6.064516129,865.3,0.52,0.701149425,0.057471264
bivouac,bivouacked,regular,1,4.55,1015.33,1.42,0.266666667,0
blacken,blackened,regular,1,4.566666667,687.86,-0.26,0.965517241,0
blame,blamed,regular,1,4.419354839,673.93,-0.43,0.9,0
blanket,blanketed,regular,1,4.838709677,725.67,-0.09,0.931034483,0
blast,blasted,regular,0.67,5.575757576,695.5,-0.23,0.965517241,0
bleach,bleached,regular,0.83,5.677419355,773.7,0.12,0.9,0
bleat,bleated,regular,1,4.47826087,777.76,0.42,0.733333333,0
bleed,bled,irregular,0.44,5.709677419,749.52,0.02,0.95505618,0.011235955
bless,blessed,regular,1,4.272727273,687.57,-0.28,1,0
blind,blinded,regular,0.43,4.3,779.38,0.18,0.931034483,0
blink,blinked,regular,0.4,6.129032258,815.75,0.3,0.8,0
blitz,blitzed,regular,1,3.903225806,755.54,0.01,0.965517241,0
block,blocked,regular,1,5.032258065,662.56,-0.35,0.9,0
blood,blooded,regular,0.8,4.633333333,867.44,0.68,0.666666667,0
blossom,blossomed,regular,1,6.03125,720.03,-0.12,1,0
blow,blew,irregular,0.19,5.516129032,830.79,0.39,0.781609195,0.022988506
blubber,blubbered,regular,1,4.222222222,749.92,0.06,0.896551724,0
bluff,bluffed,regular,1,3.807692308,705.03,-0.25,1,0
blunt,blunted,regular,1,3.892857143,804.2,0.33,0.896551724,0
blush,blushed,regular,1,6.142857143,681.32,-0.32,0.965517241,0
board,boarded,regular,1,4.64516129,788.52,0.2,0.931034483,0
boat,boated,regular,1,4.6,789.52,0.17,0.896551724,0
bode,boded,regular,1,2.185185185,780.29,0.37,0.655172414,0
boil,boiled,regular,0.88,6.266666667,662.46,-0.48,0.933333333,0
bolt,bolted,regular,1,4.769230769,670.41,-0.35,0.931034483,0
bombard,bombarded,regular,1,4.903225806,718.96,-0.05,0.896551724,0
boo,booed,regular,0.96,4.366666667,879.14,0.55,0.733333333,0
boom,boomed,regular,1,4.566666667,716.42,-0.11,0.655172414,0
booze,boozed,regular,0.78,5.129032258,821.26,0.39,0.766666667,0
border,bordered,regular,1,3.78125,661.96,-0.46,0.931034483,0
borrow,borrowed,regular,1,4.607142857,672.67,-0.36,0.931034483,0
botch,botched,regular,1,3.46875,697.66,-0.33,0.966666667,0
bottle,bottled,regular,1,4.677419355,653.1,-0.46,1,0
bound,bounded,regular,1,3.870967742,750.75,0.23,0.724137931,0
bowl,bowled,regular,1,5.483870968,727.77,-0.03,0.866666667,0
boycott,boycotted,regular,1,4.151515152,676.74,-0.36,0.965517241,0
bracket,bracketed,regular,1,3.166666667,697.61,-0.22,0.965517241,0
braid,braided,regular,1,5.566666667,692.19,-0.19,0.862068966,0
brake,braked,regular,0.69,5.633333333,859.38,0.54,0.517241379,0
brand,branded,regular,0.86,4.857142857,756.5,0.05,0.965517241,0
brave,braved,regular,1,3.741935484,797.32,0.44,0.862068966,0
breach,breached,regular,0.83,3.866666667,789.74,0.15,0.896551724,0
break,broke,irregular,0.13,6.517241379,861.38,0.5,0.761363636,0.068181818
breastfeed,breastfed,irregular,1,5.677419355,889.85,0.69,0.931818182,0.011363636
breathe,breathed,regular,0.8,5.75,894.39,0.9,0.689655172,0
breed,bred,irregular,0.44,4,805.05,0.17,0.875,0.079545455
bribe,bribed,regular,1,4.6,765.52,-0.03,0.964285714,0
bridle,bridled,regular,1,4.346153846,714,-0.09,0.833333333,0
brighten,brightened,regular,1,4.576923077,684.04,-0.34,0.965517241,0
bring,brought,irregular,0.06,4.7,813.96,0.35,0.681818182,0
bristle,bristled,regular,1,4.6,723.28,-0.09,0.966666667,0
broaden,broadened,regular,1,4.25,682.93,-0.3,0.966666667,0
broil,broiled,regular,1,6.166666667,705.07,-0.21,1,0
brood,brooded,regular,1,3.962962963,821.6,0.21,0.571428571,0
brown,browned,regular,1,4.2,781.04,0.18,0.965517241,0
bruise,bruised,regular,0.78,5.333333333,667.38,-0.27,0.827586207,0
brutalize,brutalized,regular,1,5.433333333,817.72,0.28,0.896551724,0
buck,bucked,regular,1,4.636363636,687.7,-0.29,1,0
bud,budded,regular,1,4.34375,903.39,0.8,0.965517241,0
budget,budgeted,regular,1,3.848484848,679.52,-0.3,0.9,0
bug,bugged,regular,1,3.633333333,722.86,-0.13,1,0
build,built,irregular,0.5,5.866666667,782.62,0.23,0.842696629,0.101123596
bulge,bulged,regular,1,4.878787879,698.79,-0.23,1,0
bully,bullied,regular,1,5.181818182,712.89,-0.26,0.965517241,0
bumble,bumbled,regular,1,4.103448276,675.53,-0.41,1,0
bunch,bunched,regular,1,4.366666667,710.55,-0.2,1,0
bung,bunged,regular,1,3.434782609,933.11,1.01,0.666666667,0
buoy,buoyed,regular,1,4.272727273,954.67,1.03,0.566666667,0
burden,burdened,regular,1,3.709677419,680.1,-0.35,1,0
burgle,burgled,regular,1,4.096774194,755.67,-0.06,0.966666667,0
burn,burned/burnt,other,0.25,6.060606061,663.6,-0.41,0.977272727,0
burnish,burnished,regular,1,3.709677419,687.71,-0.28,0.933333333,0
burrow,burrowed,regular,1,5.173913043,791.28,0.18,1,0
burst,burst,irregular,0.5,5.516129032,805.89,0.24,0.719101124,0.258426966
bus,bused,regular,1,4.655172414,720.88,0.02,0.862068966,0
bustle,bustled,regular,1,3.928571429,680.8,-0.33,1,0
butcher,butchered,regular,1,6.166666667,678.1,-0.34,1,0
butter,buttered,regular,1,5.5,666.72,-0.42,0.966666667,0
buttress,buttressed,regular,1,3.333333333,832.36,0.4,0.866666667,0
buy,bought,irregular,0.06,5.642857143,852.04,0.58,0.897727273,0.068181818
bypass,bypassed,regular,1,4.5,693.1,-0.23,1,0
cackle,cackled,regular,1,5.9,683.04,-0.41,0.896551724,0
cage,caged,regular,1,5.346153846,637.61,-0.53,0.965517241,0
cake,caked,regular,0.69,4.115384615,753.9,-0.02,1,0
call,called,regular,0.93,4.967741935,744.75,-0.16,0.933333333,0
calve,calved,regular,1,3.851851852,849.96,0.52,0.866666667,0
camp,camped,regular,1,5.32,645.81,-0.6,0.896551724,0
cancel,canceled,regular,1,2.939393939,585.86,-0.86,1,0
canonize,canonized,regular,1,3.16,774.29,0.17,0.933333333,0
canter,cantered,regular,1,4.481481481,659.28,-0.46,1,0
caparison,caparisoned,regular,1,3.904761905,862.4,1.07,0.413793103,0
capitalize,capitalized,regular,1,4.516129032,660.14,-0.49,1,0
capsize,capsized,regular,1,5.633333333,707.57,-0.21,1,0
captivate,captivated,regular,1,4.290322581,655.5,-0.41,0.965517241,0
care,cared,regular,0.86,4.290322581,725.32,-0.15,0.933333333,0
career,careered,regular,0.94,3.766666667,813.24,0.26,0.862068966,0
caricature,caricatured,regular,1,5.074074074,867.7,0.77,0.9,0
carp,carped,regular,1,2.714285714,707.96,-0.2,0.966666667,0
carry,carried,regular,1,5.307692308,690.04,-0.3,0.965517241,0
carve,carved,regular,1,5.516129032,722.93,-0.27,0.966666667,0
case,cased,regular,1,3.709677419,820.17,0.25,0.862068966,0
cast,cast,irregular,0.33,4.161290323,701.34,-0.33,0.735632184,0.229885057
castigate,castigated,regular,1,4,745.96,-0.01,0.965517241,0
catalogue,catalogued,regular,1,4.172413793,711.48,-0.21,0.966666667,0
catch,caught,irregular,0.14,5.571428571,827.29,0.37,0.730337079,0.168539326
cater,catered,regular,1,4.4,681.79,-0.3,1,0
caution,cautioned,regular,1,3.838709677,683.54,-0.35,1,0
caw,cawed,regular,1,3.88,731.56,-0.01,0.866666667,0
cede,ceded,regular,0.56,2.724137931,815.26,0.37,0.9,0
cement,cemented,regular,1,4.741935484,724.96,-0.18,0.965517241,0
censure,censured,regular,1,4.148148148,730.16,-0.03,0.892857143,0
center,centered,regular,1,4.129032258,675.96,-0.36,0.933333333,0
chafe,chafed,regular,1,3.766666667,761.58,0.03,0.896551724,0
chagrin,chagrined,regular,0.85,3.285714286,879.35,0.6,0.7,0
chair,chaired,regular,0.86,4.193548387,698.04,-0.31,0.933333333,0
challenge,challenged,regular,1,4.741935484,619.83,-0.63,1,0
chance,chanced,regular,1,3.516129032,676.88,-0.35,0.866666667,0
channel,channeled,regular,1,4.192307692,645.53,-0.53,1,0
chap,chapped,regular,0.95,3.965517241,755.85,0.03,0.931034483,0
char,charred,regular,1,4.291666667,732.27,0.08,0.931034483,0
charge,charged,regular,1,4.566666667,603.2,-0.72,1,0
chart,charted,regular,1,4.709677419,655.48,-0.5,1,0
chase,chased,regular,1,5.5,753.64,-0.19,0.965517241,0
chastise,chastised,regular,0.75,3.173913043,714.44,-0.12,0.9,0
chatter,chattered,regular,1,5.064516129,636.41,-0.58,1,0
cheat,cheated,regular,0.7,3.4,745.55,-0.19,1,0
checker,checkered,regular,1,4,670,-0.41,0.965517241,0
cheek,cheeked,regular,0.88,3.259259259,833.67,0.27,0.827586207,0
chew,chewed,regular,0.96,6.566666667,758.69,-0.22,0.966666667,0
chill,chilled,regular,1,4.833333333,623.23,-0.68,1,0
chip,chipped,regular,0.82,4.925925926,629.83,-0.62,1,0
chisel,chiseled,regular,1,5.903225806,683.38,-0.37,1,0
chomp,chomped,regular,1,4.966666667,674.93,-0.4,0.965517241,0
choose,chose,irregular,0.11,4.307692308,716.69,-0.2,0.852272727,0.022727273
chorus,chorused,regular,1,3.909090909,819.39,0.37,1,0
chronicle,chronicled,regular,1,3.15625,708.89,-0.09,0.931034483,0
chuckle,chuckled,regular,1,5.2,616.57,-0.7,0.933333333,0
churn,churned,regular,0.78,4.892857143,697.04,-0.28,0.965517241,0
circle,circled,regular,1,5.464285714,719.52,-0.16,0.964285714,0
circumcise,circumcised,regular,1,5.53125,867.21,0.54,1,0
circumvent,circumvented,regular,1,4.266666667,795.52,0.35,0.965517241,0
civilize,civilized,regular,1,2.533333333,728.71,-0.16,0.965517241,0
claim,claimed,regular,1,2.878787879,690.89,-0.27,0.933333333,0
clamor,clamored,regular,1,4.217391304,672.9,-0.36,1,0
clang,clanged,regular,0.8,4.666666667,824.18,0.37,0.551724138,0
clap,clapped,regular,0.95,5.857142857,715.43,-0.15,1,0
clash,clashed,regular,1,4.692307692,637.07,-0.59,1,0
class,classed,regular,0.8,3.806451613,792.81,0.08,0.965517241,0
clatter,clattered,regular,1,4.4,697.93,-0.2,1,0
clean,cleaned,regular,0.88,5.612903226,759.48,0.05,0.793103448,0
clear,cleared,regular,0.94,4.6,703.55,0.01,0.793103448,0
clench,clenched,regular,1,5.285714286,745.07,-0.05,1,0
click,clicked,regular,0.93,5.848484848,696.25,-0.2,0.965517241,0
climb,climbed,regular,1,5.692307692,837.73,0.36,0.862068966,0
cling,clung,irregular,0.5,5.090909091,777.41,0.2,0.818181818,0.079545455
clink,clinked,regular,0.4,4.2,814.59,0.24,0.633333333,0
cloak,cloaked,regular,1,4.625,701.85,-0.21,0.931034483,0
clock,clocked,regular,1,4.545454545,734.85,-0.02,0.931034483,0
cloister,cloistered,regular,1,3.357142857,765.76,0.15,0.931034483,0
closet,closeted,regular,1,3.28125,807.15,0.31,0.931034483,0
clothe,clothed,regular,1,5.161290323,711.78,-0.18,0.931034483,0
clout,clouted,regular,1,3.655172414,803.96,0.22,0.933333333,0
cloy,cloyed,regular,1,3.45,797.5,0.48,0.931034483,0
cluck,clucked,regular,1,5.1,711.55,-0.17,0.966666667,0
cluster,clustered,regular,1,4.212121212,655,-0.5,0.966666667,0
clutter,cluttered,regular,1,4.290322581,704.21,-0.23,1,0
coagulate,coagulated,regular,1,4.071428571,907,0.69,0.9,0
coalesce,coalesced,regular,0.89,3.833333333,893.63,0.65,0.833333333,0
coast,coasted,regular,1,4.366666667,708.71,-0.2,0.965517241,0
coax,coaxed,regular,1,3.0625,696.86,-0.29,0.933333333,0
cock,cocked,regular,1,4.181818182,810.17,0.28,0.966666667,0
coddle,coddled,regular,1,3.774193548,703.1,-0.21,1,0
codify,codified,regular,1,3.379310345,830.33,0.31,0.931034483,0
coexist,coexisted,regular,1,3.64516129,715.04,-0.1,0.966666667,0
coin,coined,regular,1,4.064516129,713.35,-0.13,0.896551724,0
collaborate,collaborated,regular,1,3.4375,712.96,-0.12,1,0
collate,collated,regular,1,3.827586207,934.4,0.88,0.689655172,0
collectivize,collectivized,regular,1,2.709677419,872.78,0.72,0.931034483,0
collude,colluded,regular,1,2.130434783,765.27,0.13,0.9,0
color,colored,regular,1,5.1,696.86,-0.27,0.966666667,0
combat,combatted,regular,1,4.966666667,773.83,0.11,1,0
come,came,irregular,0.09,4.181818182,813.89,0.34,0.88372093,0
comfort,comforted,regular,1,4.423076923,669.86,-0.46,0.966666667,0
commandeer,commandeered,regular,1,4.233333333,768.7,0.08,0.666666667,0
commence,commenced,regular,1,4.44,711.86,-0.12,0.965517241,0
comment,commented,regular,1,4.730769231,682,-0.31,0.931034483,0
commission,commissioned,regular,1,2.625,761.69,0.16,1,0
commune,communed,regular,1,3.774193548,702.43,-0.23,0.793103448,0
commute,commuted,regular,0.9,4.483870968,784.68,0.3,0.933333333,0
compartmentalize,compartmentalized,regular,1,3.586206897,933.52,0.87,0.9,0
compensate,compensated,regular,1,4.548387097,670.59,-0.39,1,0
compile,compiled,regular,1,3.566666667,735.35,-0.04,0.928571429,0
complain,complained,regular,1,4.03125,749.15,-0.04,0.965517241,0
complement,complemented,regular,1,3.878787879,729.7,-0.08,1,0
complicate,complicated,regular,1,2.928571429,658.86,-0.48,1,0
comply,complied,regular,0.84,2.636363636,711.89,-0.22,0.931034483,0
compost,composted,regular,1,4.52,899.29,0.58,0.566666667,0
comprehend,comprehended,regular,0.58,2.848484848,651.7,-0.41,0.931034483,0
comprise,comprised,regular,0.75,3.935483871,683.96,-0.14,0.862068966,0
compute,computed,regular,0.9,3.9,769.71,0.18,0.8,0
con,conned,regular,1,3.714285714,726.5,-0.08,0.965517241,0
concede,conceded,regular,0.59,3.233333333,752.59,0.08,0.931034483,0
concentrate,concentrated,regular,1,3.545454545,736.56,-0.03,0.933333333,0
conclude,concluded,regular,1,3,671.21,-0.42,0.827586207,0
concur,concurred,regular,1,3.307692308,689.62,-0.24,0.866666667,0
condense,condensed,regular,1,3.666666667,768.79,0.13,0.965517241,0
condition,conditioned,regular,1,3.064516129,763.67,0.02,0.965517241,0
conduct,conducted,regular,1,3.935483871,705.7,-0.2,1,0
confess,confessed,regular,0.89,4.677419355,704.64,-0.13,0.966666667,0
confine,confined,regular,0.9,4.833333333,745.75,0.13,0.965517241,0
confiscate,confiscated,regular,1,5,685.21,-0.3,0.966666667,0
conform,conformed,regular,1,3.935483871,724.29,-0.06,0.833333333,0
confront,confronted,regular,1,4.806451613,703.39,-0.23,0.965517241,0
congeal,congealed,regular,0.71,4.5,819.76,0.21,0.866666667,0
congregate,congregated,regular,1,4.5,741.77,-0.08,0.866666667,0
conjure,conjured,regular,1,4.633333333,781.64,0.21,0.793103448,0
connive,connived,regular,0.63,3.6,836.62,0.49,0.896551724,0
conquer,conquered,regular,1,4.818181818,679.82,-0.29,1,0
consecrate,consecrated,regular,1,3.962962963,798.62,0.27,0.931034483,0
conserve,conserved,regular,1,3.423076923,749.82,0.06,0.933333333,0
consign,consigned,regular,1,3.633333333,814.5,0.38,0.933333333,0
consolidate,consolidated,regular,1,3,771.52,0.18,0.931034483,0
constitute,constituted,regular,1,3.115384615,756,-0.14,0.896551724,0
constrict,constricted,regular,1,4.6,750.48,0.06,0.931034483,0
construe,construed,regular,0.89,3.115384615,721.48,-0.12,1,0
consume,consumed,regular,1,5.074074074,671.11,-0.47,0.965517241,0
contact,contacted,regular,1,5,665.22,-0.42,0.9,0
contaminate,contaminated,regular,1,4.115384615,794,0.21,0.862068966,0
contend,contended,regular,0.58,2.727272727,733.86,-0.11,0.933333333,0
contest,contested,regular,1,4.161290323,720.09,-0.2,0.793103448,0
contort,contorted,regular,1,4.642857143,743.27,0.01,0.931034483,0
contradict,contradicted,regular,1,3.428571429,752.61,0.02,0.933333333,0
contravene,contravened,regular,1,2.92,899.22,0.73,0.933333333,0
contrive,contrived,regular,0.63,2.952380952,719.59,-0.17,1,0
convalesce,convalesced,regular,0.89,3.576923077,972.91,1.01,0.793103448,0
converge,converged,regular,1,4.458333333,738.66,0,0.966666667,0
convert,converted,regular,0.86,3.357142857,760.76,0.12,1,0
convict,convicted,regular,1,3.769230769,640.96,-0.49,0.931034483,0
convulse,convulsed,regular,1,5.62962963,763.48,0.08,0.966666667,0
cook,cooked,regular,1,5.580645161,651.1,-0.48,1,0
cooperate,cooperated,regular,1,4.129032258,742.66,-0.02,0.966666667,0
cope,coped,regular,1,3.387096774,643.1,-0.5,0.966666667,0
copy,copied,regular,1,4.6875,624.17,-0.59,1,0
corn,corned,regular,1,4.148148148,760.48,-0.04,0.862068966,0
correct,corrected,regular,1,4.178571429,674.45,-0.36,1,0
correspond,corresponded,regular,1,4.290322581,733.81,0.01,0.896551724,0
corrode,corroded,regular,1,4.96875,726.14,-0.05,0.965517241,0
corrupt,corrupted,regular,1,3.212121212,674.34,-0.37,1,0
cost,costed/cost,other,1,2.5625,789.02,0.29,0.693181818,0.181818182
cough,coughed,regular,1,5.387096774,630.9,-0.68,1,0
count,counted,regular,1,5.833333333,660.03,-0.5,0.966666667,0
counter,countered,regular,1,4.096774194,758.9,0.01,1,0
counterattack,counterattacked,regular,1,3.846153846,834.08,0.57,0.9,0
counterfeit,counterfeited,regular,1,4.242424242,719.54,-0.15,0.896551724,0
couple,coupled,regular,1,4.129032258,657.34,-0.47,1,0
court,courted,regular,1,4.225806452,801.53,0.26,1,0
covet,coveted,regular,1,3.1875,768.59,0.15,0.931034483,0
cower,cowered,regular,1,4.7,712.86,-0.16,1,0
crackle,crackled,regular,1,4.62962963,760.32,0.04,0.933333333,0
craft,crafted,regular,1,4.848484848,680.07,-0.3,1,0
cramp,cramped,regular,1,4.433333333,649.28,-0.52,1,0
crank,cranked,regular,1,4.709677419,725.11,-0.13,0.933333333,0
crash,crashed,regular,1,6.266666667,639.86,-0.52,0.965517241,0
crave,craved,regular,1,4.066666667,643.59,-0.45,0.965517241,0
craze,crazed,regular,1,2.484848485,707.48,-0.23,0.931034483,0
cream,creamed,regular,0.93,4.939393939,746.25,0.04,0.896551724,0
create,created,regular,1,3.545454545,676.88,-0.34,0.931034483,0
creep,crept,irregular,0.43,4.484848485,796.53,0.19,0.681818182,0.181818182
cremate,cremated,regular,1,4.884615385,777.54,0.16,0.933333333,0
cringe,cringed,regular,1,4.454545455,707.3,-0.19,1,0
cripple,crippled,regular,1,4.466666667,656.93,-0.43,0.965517241,0
criticize,criticized,regular,1,3.636363636,724.52,-0.13,0.931034483,0
crochet,crocheted,regular,0.9,5.833333333,881.75,0.71,0.733333333,0
croon,crooned,regular,1,5.230769231,789.81,0.07,0.931034483,0
cross,crossed,regular,1,4.484848485,705.5,-0.24,1,0
crow,crowed,regular,0.38,4.538461538,876.43,0.58,0.966666667,0
crown,crowned,regular,1,5.967741935,711.79,-0.2,0.965517241,0
cruise,cruised,regular,0.78,5.454545455,685,-0.3,0.931034483,0
crumple,crumpled,regular,1,6.2,655.17,-0.44,0.966666667,0
crusade,crusaded,regular,1,3.848484848,793.44,0.3,0.931034483,0
cry,cried,regular,0.83,5.35483871,827.31,0.29,0.931034483,0
cube,cubed,regular,1,4.322580645,739.48,-0.13,0.862068966,0
cuff,cuffed,regular,1,4.677419355,648.03,-0.53,1,0
cultivate,cultivated,regular,1,4.333333333,697.63,-0.29,0.931034483,0
curb,curbed,regular,1,2.730769231,639.93,-0.56,1,0
cure,cured,regular,1,3.607142857,641.11,-0.5,0.965517241,0
curry,curried,regular,1,3.862068966,756.08,-0.04,0.928571429,0
curtail,curtailed,regular,1,3,703.11,-0.26,0.965517241,0
curtsy,curtsied,regular,1,5,858.05,0.58,0.724137931,0
cushion,cushioned,regular,1,4.75,699.79,-0.42,1,0
cut,cut,irregular,0.25,5.870967742,838.03,0.39,0.818181818,0.147727273
cycle,cycled,regular,1,5.35483871,680.07,-0.35,0.966666667,0
dabble,dabbled,regular,1,3.393939394,658.83,-0.4,1,0
dam,dammed,regular,1,3.8,747.81,-0.02,0.931034483,0
damn,damned,regular,1,2.903225806,718.04,-0.07,0.966666667,0
dampen,dampened,regular,1,4.793103448,700.41,-0.26,1,0
dandle,dandled,regular,1,3.739130435,731.07,-0.15,0.931034483,0
dapple,dappled,regular,1,3.192307692,669.72,-0.34,0.966666667,0
darken,darkened,regular,1,6.066666667,639.38,-0.54,1,0
dart,darted,regular,1,4.833333333,679.5,-0.41,0.933333333,0
date,dated,regular,1,4.7,657.28,-0.52,0.966666667,0
daunt,daunted,regular,1,3.541666667,717.48,-0.15,1,0
dawn,dawned,regular,1,4.222222222,678.39,-0.34,0.965517241,0
daze,dazed,regular,1,4.3,664.68,-0.44,0.933333333,0
deaden,deadened,regular,1,3.03125,865.64,0.65,0.965517241,0
deal,dealt,irregular,0.23,4.346153846,753.21,0.07,0.831460674,0.08988764
debark,debarked,regular,1,4.041666667,714.24,-0.08,0.862068966,0
debate,debated,regular,1,5.5,661.59,-0.43,0.966666667,0
debilitate,debilitated,regular,1,4.034482759,911.17,0.88,0.931034483,0
decamp,decamped,regular,1,3.8,769.36,0.16,0.965517241,0
decapitate,decapitated,regular,1,5.903225806,824,0.41,0.862068966,0
deceive,deceived,regular,0.67,2.90625,707.04,-0.19,1,0
decentralize,decentralized,regular,1,2.846153846,811.3,0.4,0.9,0
decimate,decimated,regular,1,4.555555556,782.04,0.24,0.866666667,0
deck,decked,regular,1,5.066666667,705.54,-0.18,0.965517241,0
declare,declared,regular,0.86,4.192307692,703.18,-0.15,0.965517241,0
decode,decoded,regular,1,4.178571429,718.59,-0.13,0.966666667,0
decompose,decomposed,regular,1,4,764.21,0.08,1,0
decrease,decreased,regular,1,3.642857143,736.63,-0.11,0.827586207,0
decry,decried,regular,0.84,3.416666667,855.42,0.51,0.9,0
deduce,deduced,regular,1,2.133333333,728.15,-0.11,0.896551724,0
deem,deemed,regular,0.93,3.041666667,755.04,-0.09,0.866666667,0
deface,defaced,regular,1,4.892857143,720.58,-0.1,0.862068966,0
default,defaulted,regular,1,3.806451613,710.11,-0.21,1,0
defecate,defecated,regular,1,4.8,836.78,0.53,0.8,0
defend,defended,regular,0.58,5,710.93,-0.15,0.9,0
defile,defiled,regular,1,3.766666667,726.14,-0.07,1,0
deflate,deflated,regular,1,4.633333333,773.29,0.24,0.965517241,0
deform,deformed,regular,1,3.966666667,676.13,-0.29,0.8,0
defrost,defrosted,regular,0.75,4.551724138,767.52,0.12,1,0
defy,defied,regular,0.84,4.068965517,694.04,-0.37,0.965517241,0
degrade,degraded,regular,1,3.709677419,732.82,-0.05,0.933333333,0
dehydrate,dehydrated,regular,1,4.290322581,709.21,-0.16,0.965517241,0
delay,delayed,regular,0.9,3.807692308,653.93,-0.53,1,0
delete,deleted,regular,0.73,4.727272727,741.14,-0.02,0.966666667,0
delight,delighted,regular,0.75,3.433333333,725.93,-0.16,0.931034483,0
deliver,delivered,regular,1,5.433333333,609.97,-0.74,1,0
delve,delved,regular,0.67,2.896551724,811.48,0.23,0.966666667,0
demean,demeaned,regular,0.89,3.75,759.41,0.16,0.75862069,0
demolish,demolished,regular,1,5.214285714,706.79,-0.26,0.965517241,0
demoralize,demoralized,regular,1,2.9,736.14,-0.02,0.966666667,0
demur,demured,regular,1,3.8,752.39,0.17,0.793103448,0
denote,denoted,regular,1,2.333333333,747.18,-0.1,0.965517241,0
dent,dented,regular,1,5.6875,716.45,-0.19,0.966666667,0
deny,denied,regular,0.84,4,682.22,-0.27,0.931034483,0
depend,depended,regular,0.58,3.806451613,686.26,-0.28,0.931034483,0
deplete,depleted,regular,0.73,3.407407407,732.04,0.02,0.896551724,0
deploy,deployed,regular,1,4.172413793,742.19,-0.12,0.965517241,0
deport,deported,regular,1,4.5,620.24,-0.67,0.966666667,0
deposit,deposited,regular,1,5.03030303,716.5,-0.15,1,0
deprecate,deprecated,regular,1,2.896551724,775.81,0.36,0.724137931,0
depress,depressed,regular,0.89,3.677419355,726.23,-0.27,1,0
derange,deranged,regular,1,2.454545455,700.67,-0.23,1,0
descend,descended,regular,0.58,4.4,688.34,-0.3,1,0
desecrate,desecrated,regular,1,3.964285714,824.78,0.35,0.862068966,0
deserve,deserved,regular,1,2.653846154,669.93,-0.34,0.966666667,0
design,designed,regular,0.9,4.333333333,665.62,-0.4,1,0
desire,desired,regular,1,3.033333333,752.37,0.02,1,0
desolate,desolated,regular,1,3.933333333,779.29,0.2,0.862068966,0
despise,despised,regular,0.75,3.580645161,738.39,-0.08,0.965517241,0
destine,destined,regular,1,3.068965517,719.52,-0.08,0.785714286,0
detach,detached,regular,0.88,4.03030303,742.26,-0.08,0.965517241,0
detain,detained,regular,1,4.366666667,716.9,-0.18,1,0
deter,deterred,regular,1,3.12,748.32,0.04,0.862068966,0
determine,determined,regular,1,2.551724138,667.38,-0.37,0.966666667,0
detonate,detonated,regular,1,5.4,865.7,0.51,0.896551724,0
devastate,devastated,regular,1,3.724137931,674.74,-0.37,0.931034483,0
deviate,deviated,regular,1,3.3,762,0.01,0.827586207,0
devour,devoured,regular,1,5.2,651.59,-0.49,1,0
dial,dialed,regular,1,5.785714286,646.12,-0.53,0.896551724,0
dictate,dictated,regular,1,4.642857143,759.85,-0.02,0.9,0
diet,dieted,regular,1,3.833333333,699.11,-0.17,0.965517241,0
differentiate,differentiated,regular,1,3.461538462,809.88,0.33,0.896551724,0
dig,dug,irregular,0.14,5.785714286,761.54,0.07,0.887640449,0.08988764
digest,digested,regular,1,4.161290323,643.31,-0.56,0.966666667,0
digress,digressed,regular,0.89,4,734.54,-0.05,0.896551724,0
dilute,diluted,regular,0.9,4.606060606,680.72,-0.37,0.862068966,0
diminish,diminished,regular,1,2.866666667,709.59,-0.17,0.966666667,0
dine,dined,regular,0.89,5,703.64,-0.24,1,0
direct,directed,regular,1,4.9,712.29,-0.25,0.965517241,0
disable,disabled,regular,1,4.129032258,692.7,-0.21,0.9,0
disallow,disallowed,regular,1,3.321428571,813.65,0.34,0.896551724,0
disappoint,disappointed,regular,1,3.3,700.86,-0.25,0.933333333,0
disarm,disarmed,regular,1,4.153846154,694.43,-0.28,1,0
disband,disbanded,regular,0.88,3.931034483,735.18,0,0.965517241,0
disburse,disbursed,regular,0.8,3.15625,822,0.22,0.933333333,0
discern,discerned,regular,0.8,3.071428571,695.86,-0.29,0.966666667,0
discipline,disciplined,regular,1,4.677419355,735.18,-0.05,0.965517241,0
disclose,disclosed,regular,1,3.535714286,756.03,0,1,0
discomfit,discomfited,regular,1,2.04,725.5,-0.01,0.833333333,0
disconnect,disconnected,regular,1,4.03030303,651.52,-0.46,1,0
discount,discounted,regular,1,3.03030303,719.25,-0.21,0.933333333,0
discover,discovered,regular,1,4.032258065,622.83,-0.62,1,0
discriminate,discriminated,regular,1,4.192307692,718.93,-0.16,0.965517241,0
disdain,disdained,regular,1,2.448275862,793.38,0.18,0.896551724,0
disembowel,disemboweled,regular,1,5.821428571,827.89,0.34,0.966666667,0
disengage,disengaged,regular,1,3.387096774,818.19,0.31,0.931034483,0
disfigure,disfigured,regular,1,4.433333333,743.93,-0.16,0.9,0
disgrace,disgraced,regular,1,2.375,692.52,-0.24,0.966666667,0
disgust,disgusted,regular,0.71,3.566666667,698.21,-0.21,1,0
dishearten,disheartened,regular,1,3.4,725.47,-0.17,1,0
disillusion,disillusioned,regular,1,2.379310345,812.58,0.48,0.866666667,0
disinfect,disinfected,regular,1,5.666666667,707.85,-0.14,0.931034483,0
disintegrate,disintegrated,regular,1,4.966666667,800.15,0.37,0.9,0
dislike,disliked,regular,0.83,2.53125,701.89,-0.29,0.965517241,0
dislodge,dislodged,regular,1,4.9,725.38,-0.12,0.896551724,0
dismay,dismayed,regular,0.9,3,680.12,-0.26,0.896551724,0
dismiss,dismissed,regular,1,3.363636364,643.07,-0.47,0.931034483,0
disobey,disobeyed,regular,0.9,4.225806452,702.83,-0.24,1,0
disorganize,disorganized,regular,1,3.766666667,680.42,-0.27,0.896551724,0
disorient,disoriented,regular,1,2.59375,695.54,-0.23,1,0
disparage,disparaged,regular,1,3.148148148,784.22,0.2,0.931034483,0
dispel,dispelled,regular,0.69,2.606060606,792.61,0.1,0.965517241,0
disperse,dispersed,regular,0.8,3.818181818,761.93,0.08,1,0
displace,displaced,regular,1,4.423076923,703.78,-0.34,0.931034483,0
displease,displeased,regular,0.9,3.193548387,742,0.04,0.75862069,0
dispose,disposed,regular,1,4.121212121,686.19,-0.25,0.931034483,0
disprove,disproved,regular,1,3.428571429,753.72,0.06,0.862068966,0
disqualify,disqualified,regular,1,3.633333333,729.56,-0.21,0.9,0
disregard,disregarded,regular,1,2.965517241,762.36,0.07,0.933333333,0
dissatisfy,dissatisfied,regular,1,2.375,787,0.2,0.965517241,0
dissemble,dissembled,regular,1,4.35483871,735.85,-0.2,0.965517241,0
dissent,dissented,regular,0.83,3.344827586,802.82,0.29,0.933333333,0
dissociate,dissociated,regular,1,2.333333333,817.17,0.38,0.862068966,0
dissuade,dissuaded,regular,1,2.814814815,750.19,0.05,0.931034483,0
distend,distended,regular,0.58,3.607142857,765.82,0.09,0.933333333,0
distinguish,distinguished,regular,1,2.933333333,711.86,-0.23,1,0
distract,distracted,regular,0.11,3.806451613,641.18,-0.61,1,0
distribute,distributed,regular,1,5.333333333,709.33,-0.19,0.931034483,0
disturb,disturbed,regular,1,4.064516129,636.97,-0.56,1,0
dive,dived/dove,other,0.5,5.903225806,759.55,0.03,0.888888889,0.051282051
diversify,diversified,regular,1,3.466666667,702.64,-0.29,0.965517241,0
divide,divided,regular,0.62,4.766666667,714.36,-0.15,0.965517241,0
divorce,divorced,regular,1,4.545454545,678.61,-0.33,0.966666667,0
dizzy,dizzied,regular,1,5.178571429,785.1,0.11,0.793103448,0
do,did,irregular,0.04,4.064516129,858.02,0.54,0.674157303,0
doctor,doctored,regular,1,4.148148148,708.86,-0.2,1,0
dodge,dodged,regular,1,5.866666667,626.03,-0.68,1,0
dog,dogged,regular,1,4.5625,764.96,0.03,0.966666667,0
dominate,dominated,regular,1,4.424242424,630.31,-0.58,1,0
don,donned,regular,1,4.392857143,767.3,0.12,0.931034483,0
doodle,doodled,regular,1,5,754.86,0.01,0.793103448,0
dope,doped,regular,1,4.35483871,710.37,-0.18,0.931034483,0
dot,dotted,regular,1,4.387096774,725.07,-0.16,0.966666667,0
doubt,doubted,regular,1,3.060606061,686.04,-0.25,0.9,0
down,downed,regular,1,3.09375,793.73,0.22,1,0
doze,dozed,regular,1,4.838709677,690.72,-0.4,1,0
drag,dragged,regular,1,5,743.71,-0.04,0.733333333,0
dramatize,dramatized,regular,1,4.466666667,744.14,0.03,1,0
drat,dratted,regular,1,2.96,875.52,0.67,0.866666667,0
draw,drew,irregular,0.09,6,744.1,-0.01,0.784090909,0.022727273
dread,dreaded,regular,0.55,4.035714286,755.66,0.02,0.966666667,0
dredge,dredged,regular,1,4.571428571,769.88,0.24,0.862068966,0
dress,dressed,regular,0.88,5.8,709.48,-0.28,0.966666667,0
drift,drifted,regular,1,4.96969697,701.7,-0.24,1,0
drink,drank,irregular,0.29,6.060606061,834.68,0.4,0.73255814,0.023255814
drip,dripped,regular,0.85,5.966666667,714.54,-0.15,1,0
drive,drove,irregular,0.43,5.730769231,821.04,0.33,0.808988764,0.02247191
drool,drooled,regular,1,5.9375,707.36,-0.06,0.833333333,0
drop,dropped,regular,1,4.666666667,687.93,-0.37,0.966666667,0
drowse,drowsed,regular,1,4.551724138,702.93,-0.28,0.965517241,0
drum,drummed,regular,0.91,5.461538462,690.82,-0.35,0.933333333,0
dub,dubbed,regular,1,3.5,715.89,-0.15,0.933333333,0
duel,dueled,regular,1,5.857142857,737.69,0.02,0.896551724,0
dumbfound,dumbfounded,regular,1,3.0625,684.33,-0.33,0.933333333,0
dunk,dunked,regular,1,5.375,860.11,0.51,0.966666667,0
duplicate,duplicated,regular,1,5.071428571,701.41,-0.24,1,0
dwarf,dwarfed,regular,1,4.206896552,685.81,-0.31,0.896551724,0
dwell,dwelled/dwelt,other,0.21,4.133333333,720.11,-0.24,0.977011494,0
dye,dyed,regular,0.71,5.366666667,711.14,-0.2,1,0
earmark,earmarked,regular,1,4.233333333,825.5,0.42,0.931034483,0
ease,eased,regular,0.89,3.709677419,753.13,0.12,0.8,0
eat,ate,irregular,0.1,6.230769231,885.16,0.71,0.813953488,0
ebb,ebbed,regular,1,3.5,722.2,-0.17,1,0
eclipse,eclipsed,regular,1,4.806451613,738.61,0.02,0.965517241,0
eddy,eddied,regular,1,4,721.52,-0.02,0.793103448,0
edify,edified,regular,1,3.652173913,669.52,-0.42,0.966666667,0
educate,educated,regular,1,4.538461538,676.75,-0.4,0.965517241,0
effect,effected,regular,1,3.321428571,758.48,-0.04,1,0
elaborate,elaborated,regular,1,2.878787879,671.9,-0.36,1,0
elbow,elbowed,regular,1,5,654.61,-0.44,1,0
electrify,electrified,regular,1,5.096774194,656.48,-0.54,1,0
elevate,elevated,regular,1,5.151515152,675.28,-0.37,1,0
eliminate,eliminated,regular,1,3.964285714,664.04,-0.45,0.965517241,0
elope,eloped,regular,1,4.62962963,732.21,-0.19,0.965517241,0
elude,eluded,regular,1,3.310344828,645.81,-0.41,0.896551724,0
emancipate,emancipated,regular,1,2.896551724,792.14,0.25,0.965517241,0
embark,embarked,regular,1,4.060606061,630.78,-0.51,0.931034483,0
embed,embedded,regular,0.58,3.242424242,756.07,-0.03,1,0
embitter,embittered,regular,1,2.333333333,794.85,0.18,0.965517241,0
embody,embodied,regular,1,3.483870968,707.41,-0.22,0.966666667,0
emboss,embossed,regular,1,4.814814815,743.18,-0.01,0.933333333,0
embroider,embroidered,regular,1,5.206896552,769,0.3,0.896551724,0
emerge,emerged,regular,1,4.566666667,653.93,-0.41,0.966666667,0
emit,emitted,regular,0.47,3.733333333,759.31,0.05,0.833333333,0
employ,employed,regular,1,3.642857143,650.96,-0.46,0.896551724,0
empty,emptied,regular,1,5.193548387,689.22,-0.39,0.964285714,0
enable,enabled,regular,1,3.580645161,610.45,-0.6,0.966666667,0
enamel,enameled,regular,1,4.137931034,734.65,-0.11,0.896551724,0
encapsulate,encapsulated,regular,1,4.8,923.21,0.72,0.928571429,0
enchant,enchanted,regular,1,4.307692308,719.87,-0.12,1,0
enclose,enclosed,regular,1,4.677419355,774.78,0.15,0.965517241,0
encompass,encompassed,regular,1,3.548387097,784.04,0.1,0.933333333,0
encourage,encouraged,regular,1,3.545454545,695.1,-0.21,0.966666667,0
encrust,encrusted,regular,0.71,4.037037037,788.79,0.23,0.965517241,0
end,ended,regular,0.55,3.242424242,772.26,-0.02,0.931034483,0
endeavor,endeavored,regular,1,2.242424242,726.48,-0.09,0.931034483,0
endow,endowed,regular,1,2.709677419,761.81,0.09,0.965517241,0
energize,energized,regular,1,4.225806452,632.54,-0.53,0.928571429,0
enfeeble,enfeebled,regular,1,4.166666667,853.36,0.65,0.827586207,0
enforce,enforced,regular,1,4.032258065,697.9,-0.2,1,0
engender,engendered,regular,1,2.148148148,780.32,0.05,0.892857143,0
engrave,engraved,regular,1,5.230769231,704.53,-0.19,1,0
engulf,engulfed,regular,1,4.0625,718.86,-0.13,0.965517241,0
enjoin,enjoined,regular,1,2.612903226,702.5,-0.24,0.866666667,0
enlarge,enlarged,regular,1,5.423076923,742.3,-0.02,1,0
enlist,enlisted,regular,1,4.233333333,697.46,-0.19,0.965517241,0
enmesh,enmeshed,regular,1,3.64,924.26,0.75,0.931034483,0
enrage,enraged,regular,1,4.137931034,758.45,0.07,1,0
enrich,enriched,regular,1,4.225806452,711.11,-0.18,0.965517241,0
ensconce,ensconced,regular,1,2.956521739,902.14,0.9,0.827586207,0
enslave,enslaved,regular,1,4.548387097,700.07,-0.09,0.933333333,0
ensue,ensued,regular,0.96,2.696969697,740.33,-0.06,0.931034483,0
entail,entailed,regular,1,3.583333333,699.54,-0.22,0.933333333,0
enter,entered,regular,1,5.03030303,635.13,-0.52,1,0
enthrall,enthralled,regular,0.93,3.678571429,814.63,0.5,0.931034483,0
entice,enticed,regular,1,3.666666667,736.44,-0.09,0.964285714,0
entrance,entranced,regular,1,4.12,674.86,-0.47,0.793103448,0
entreat,entreated,regular,1,2.310344828,730.59,-0.08,1,0
entrust,entrusted,regular,0.83,2.939393939,764.61,-0.04,0.965517241,0
enumerate,enumerated,regular,1,4,830.23,0.37,0.9,0
envelop,enveloped,regular,1,4.121212121,835.22,0.35,0.931034483,0
envision,envisioned,regular,1,4.064516129,748.85,-0.04,0.931034483,0
epitomize,epitomized,regular,1,3.454545455,772.92,0.11,0.866666667,0
equalize,equalized,regular,1,2.466666667,736.17,-0.09,1,0
equip,equipped,regular,0.83,4.071428571,747.04,0.08,1,0
eradicate,eradicated,regular,1,4.592592593,808.3,0.21,0.896551724,0
erect,erected,regular,1,4.806451613,668.04,-0.43,0.965517241,0
err,erred,regular,0.86,3.620689655,775.46,0.04,0.827586207,0
escalate,escalated,regular,1,4,710.97,-0.2,0.966666667,0
eschew,eschewed,regular,0.96,2.740740741,731.45,-0.07,0.689655172,0
espouse,espoused,regular,1,2.714285714,774.54,0.2,0.933333333,0
establish,established,regular,1,2.566666667,630.77,-0.51,1,0
estimate,estimated,regular,1,3.846153846,656.21,-0.49,1,0
etch,etched,regular,1,5.322580645,686.11,-0.36,0.965517241,0
evacuate,evacuated,regular,1,4.84375,723.55,-0.12,1,0
evaluate,evaluated,regular,1,3.090909091,673,-0.31,1,0
evict,evicted,regular,1,4.482758621,757.52,-0.13,0.931034483,0
evince,evinced,regular,1,3.444444444,879.8,0.73,0.862068966,0
evolve,evolved,regular,1,4.5,720.21,-0.13,1,0
exact,exacted,regular,1,2.033333333,772.48,0.28,0.928571429,0
exalt,exalted,regular,1,3.642857143,714.72,-0.18,0.966666667,0
exasperate,exasperated,regular,1,2.793103448,797.5,0.27,1,0
exceed,exceeded,regular,0.59,3.571428571,701,-0.27,0.965517241,0
exchange,exchanged,regular,1,4.21875,656.1,-0.52,0.966666667,0
excite,excited,regular,0.75,3.454545455,724.89,-0.11,0.965517241,0
exclude,excluded,regular,1,4.214285714,732,-0.22,0.857142857,0
excrete,excreted,regular,0.73,5.4,739.65,0.02,0.866666667,0
execute,executed,regular,1,4.090909091,639.48,-0.51,1,0
exempt,exempted,regular,1,2.625,814.3,0.14,0.964285714,0
exert,exerted,regular,0.83,3.125,734.11,-0.08,0.965517241,0
exhaust,exhausted,regular,0.75,3.7,688.04,-0.32,1,0
exhilarate,exhilarated,regular,1,4,800.68,0.36,0.933333333,0
exhume,exhumed,regular,1,5.428571429,728.78,-0.09,0.965517241,0
exist,existed,regular,1,2.878787879,684.67,-0.3,0.931034483,0
exonerate,exonerated,regular,1,2.78125,831.93,0.32,1,0
expand,expanded,regular,0.88,4.454545455,680.5,-0.36,0.965517241,0
expel,expelled,regular,0.69,4.366666667,661.41,-0.53,0.931034483,0
experience,experienced,regular,1,3.923076923,690.12,-0.44,0.9,0
expire,expired,regular,1,3.333333333,651.29,-0.42,0.933333333,0
explode,exploded,regular,1,6.666666667,609.68,-0.75,0.965517241,0
explore,explored,regular,1,4.129032258,665.58,-0.31,0.866666667,0
expose,exposed,regular,1,5.181818182,628.62,-0.59,0.966666667,0
expound,expounded,regular,1,3.148148148,741.07,-0.03,1,0
expropriate,expropriated,regular,1,2.703703704,978.38,1.04,0.833333333,0
extend,extended,regular,0.58,3.484848485,658.73,-0.39,1,0
externalize,externalized,regular,1,3.580645161,756.03,0.05,1,0
extol,extolled,regular,1,3.739130435,695.89,-0.19,0.933333333,0
extradite,extradited,regular,1,3.15,872.69,0.48,0.9,0
extricate,extricated,regular,1,4.111111111,830.14,0.37,0.965517241,0
exude,exuded,regular,1,3.538461538,814.12,0.29,0.866666667,0
eye,eyed,regular,0.83,4.53125,728.07,-0.14,1,0
face,faced,regular,1,5.225806452,758,0.03,0.965517241,0
fade,faded,regular,1,4.730769231,734.68,-0.05,0.965517241,0
faint,fainted,regular,1,5.290322581,734.4,-0.17,0.847457627,0
fall,fell,irregular,0.06,5.269230769,860.57,0.47,0.784090909,0.079545455
falsify,falsified,regular,1,3.72,720.79,-0.15,1,0
familiarize,familiarized,regular,1,3.967741935,821.38,0.46,0.896551724,0
fancy,fancied,regular,1,3.714285714,652.31,-0.49,0.966666667,0
farm,farmed,regular,1,5.625,671.97,-0.41,1,0
fart,farted,regular,1,5.875,768.71,-0.01,0.965517241,0
fashion,fashioned,regular,1,3.84375,643.47,-0.53,1,0
fasten,fastened,regular,1,5.533333333,683.39,-0.29,0.965517241,0
father,fathered,regular,1,4.75,722.5,-0.06,0.931034483,0
fatigue,fatigued,regular,1,4.161290323,711.74,-0.16,0.933333333,0
fault,faulted,regular,1,3.290322581,729.93,-0.13,0.965517241,0
fawn,fawned,regular,1,4.173913043,719.65,-0.18,0.931034483,0
feast,feasted,regular,1,6,850.04,0.49,0.933333333,0
feature,featured,regular,1,4.225806452,784.79,0.13,0.965517241,0
feed,fed,irregular,0.44,6.064516129,740.26,0.02,0.954545455,0
feel,felt,irregular,0.23,4.307692308,771.57,0.16,0.942528736,0
fence,fenced,regular,1,5.212121212,699.3,-0.24,1,0
ferment,fermented,regular,1,4.708333333,670.22,-0.37,0.931034483,0
ferry,ferried,regular,1,4.892857143,740.3,0.08,0.931034483,0
fester,festered,regular,1,3.724137931,736.52,-0.05,0.966666667,0
fetch,fetched,regular,1,4.548387097,755.04,0.05,1,0
fiddle,fiddled,regular,1,4.7,698.46,-0.25,0.933333333,0
field,fielded,regular,1,3.24137931,834.92,0.45,0.866666667,0
fight,fought,irregular,0.09,6.166666667,830.22,0.49,0.921348315,0.011235955
filch,filched,regular,1,3.24,808.56,0.36,0.965517241,0
fill,filled,regular,1,5.5625,843.16,0.35,0.928571429,0
film,filmed,regular,1,5.878787879,746.17,-0.02,1,0
finalize,finalized,regular,1,3.387096774,678.69,-0.31,1,0
find,found,irregular,0.57,4.733333333,802.85,0.23,0.897727273,0
fine,fined,regular,0.89,3.454545455,781.27,0.26,0.793103448,0
fingerprint,fingerprinted,regular,1,5.741935484,767.33,0.08,0.933333333,0
fire,fired,regular,1,5,764.07,0.1,0.965517241,0
fish,fished,regular,1,6.071428571,853.78,0.3,0.931034483,0
fix,fixed,regular,1,4.571428571,701.76,-0.25,0.966666667,0
fizz,fizzed,regular,1,4.741935484,728,-0.06,0.896551724,0
flabbergast,flabbergasted,regular,1,3.392857143,741.31,0.16,0.965517241,0
flail,flailed,regular,1,4.866666667,840.63,0.43,0.9,0
flame,flamed,regular,1,5.3,754.3,0.06,0.965517241,0
flap,flapped,regular,0.95,5,703.66,-0.27,0.966666667,0
flash,flashed,regular,1,5.666666667,709.86,-0.2,0.965517241,0
flatter,flattered,regular,1,3.5625,688.31,-0.27,1,0
flavor,flavored,regular,1,4.272727273,750.04,0.17,0.827586207,0
flay,flayed,regular,0.89,3.931034483,794.41,0.26,0.9,0
flee,fled,irregular,0.1,4.807692308,840.49,0.51,0.625,0.181818182
flex,flexed,regular,1,5.833333333,651.03,-0.46,1,0
flicker,flickered,regular,1,5.166666667,745.31,-0.07,1,0
fling,flung,irregular,0.5,5.333333333,786.03,0.19,0.747126437,0.057471264
flip,flipped,regular,0.82,5.153846154,719.17,-0.06,0.966666667,0
flit,flitted,regular,0.44,4.52173913,892.83,0.84,0.862068966,0
flock,flocked,regular,1,4.516129032,692.76,-0.28,0.966666667,0
flood,flooded,regular,1,5.909090909,742.76,-0.07,0.966666667,0
floor,floored,regular,1,4.142857143,775.85,0.15,0.965517241,0
flounce,flounced,regular,1,4.35,738.86,0.01,0.966666667,0
flour,floured,regular,1,5.066666667,796.41,0.18,0.933333333,0
flout,flouted,regular,1,3.961538462,776.96,0.25,1,0
flower,flowered,regular,1,5.451612903,688.56,-0.3,0.9,0
fluff,fluffed,regular,1,5.233333333,736.21,-0.14,0.965517241,0
flush,flushed,regular,1,5.966666667,700.52,-0.22,1,0
flute,fluted,regular,0.9,4.321428571,942.91,0.8,0.766666667,0
fly,flew,irregular,0.06,5.935483871,913.9,0.76,0.693181818,0.102272727
foam,foamed,regular,1,5.966666667,660.41,-0.37,0.931034483,0
foil,foiled,regular,0.88,3.741935484,702.22,-0.27,0.931034483,0
follow,followed,regular,1,5.666666667,681.9,-0.38,0.966666667,0
fool,fooled,regular,1,3.538461538,777.48,0.08,0.724137931,0
forage,foraged,regular,1,4.24137931,844.5,0.43,0.827586207,0
forbear,forbore,irregular,1,3.612903226,841.57,0.62,0.466666667,0.066666667
ford,forded,regular,1,3.689655172,796.58,0.34,0.896551724,0
foreclose,foreclosed,regular,1,3.666666667,763.46,0.09,0.965517241,0
foresee,foresaw,irregular,0.18,2.696969697,838.49,0.51,0.806818182,0.034090909
foreshorten,foreshortened,regular,1,2.28,924.61,0.94,0.862068966,0
foretell,foretold,irregular,0.19,3.612903226,778.53,0.16,0.93258427,0.011235955
forewarn,forewarned,regular,1,3.5,769.31,0.02,0.966666667,0
forge,forged,regular,1,4.833333333,726.65,-0.14,0.931034483,0
forget,forgot,irregular,0.13,3.838709677,782.91,0.18,0.91954023,0.022988506
forgive,forgave,irregular,0.5,4.076923077,710.84,-0.21,0.88372093,0.034883721
forgo,forwent,irregular,0.09,2.666666667,956.67,0.81,0.298850575,0.103448276
form,formed,regular,1,4.548387097,731.52,-0.08,0.966666667,0
formulate,formulated,regular,1,3.387096774,667.62,-0.36,0.966666667,0
forsake,forsook,irregular,0.18,2.967741935,760.64,0.18,0.340909091,0.25
forward,forwarded,regular,1,4.193548387,810.16,0.32,0.896551724,0
foster,fostered,regular,1,3.806451613,691.55,-0.34,0.966666667,0
found,founded,regular,1,3.612903226,731.33,-0.02,0.533333333,0
fracture,fractured,regular,1,5.333333333,695.64,-0.19,0.965517241,0
frame,framed,regular,1,5.242424242,718.86,-0.14,0.933333333,0
freak,freaked,regular,0.87,3.678571429,853.4,0.38,0.866666667,0
freewheel,freewheeled,regular,1,2.870967742,849.67,0.73,0.827586207,0
freeze,froze,irregular,0.11,6.133333333,754.77,0.07,0.829545455,0.079545455
freshen,freshened,regular,1,3.838709677,799.14,0.09,0.966666667,0
frighten,frightened,regular,1,4.633333333,681.72,-0.36,1,0
frisk,frisked,regular,1,4.8125,746.66,0.02,1,0
front,fronted,regular,1,2.625,839.57,0.19,1,0
froth,frothed,regular,1,5.043478261,788.85,0.16,0.933333333,0
frustrate,frustrated,regular,1,4.032258065,688.25,-0.33,0.965517241,0
fudge,fudged,regular,1,3.068965517,738.04,-0.13,0.965517241,0
fuel,fueled,regular,1,5,772.57,0.04,0.833333333,0
fulminate,fulminated,regular,1,2.869565217,840.68,0.68,0.862068966,0
fume,fumed,regular,1,4.666666667,776.5,0.14,0.833333333,0
fund,funded,regular,1,4.433333333,683.32,-0.25,0.9,0
fur,furred,regular,1,3.461538462,839.37,0.53,0.965517241,0
furnish,furnished,regular,1,4.933333333,680.59,-0.29,0.931034483,0
further,furthered,regular,1,2.821428571,708.59,-0.2,0.966666667,0
fuss,fussed,regular,1,3.833333333,700.63,-0.14,0.931034483,0
gag,gagged,regular,1,5.633333333,695.93,-0.3,1,0
gall,galled,regular,0.93,2.285714286,784.71,0.18,0.965517241,0
galvanize,galvanized,regular,1,3,732.52,-0.05,0.931034483,0
gambol,gamboled,regular,1,4.666666667,828.22,0.35,0.966666667,0
gape,gaped,regular,1,5.068965517,772.5,0.04,0.8,0
garden,gardened,regular,1,6.033333333,638.17,-0.52,1,0
garner,garnered,regular,1,2.677419355,674.41,-0.39,0.965517241,0
gas,gassed,regular,1,4.321428571,738.62,-0.13,0.966666667,0
gasp,gasped,regular,1,4.935483871,656.18,-0.51,0.965517241,0
gauge,gauged,regular,1,4.064516129,722.09,0.07,0.793103448,0
gear,geared,regular,0.94,2.633333333,736.32,-0.05,0.833333333,0
generate,generated,regular,1,2.787878788,673.5,-0.42,0.965517241,0
germinate,germinated,regular,1,4.233333333,747.64,-0.01,0.933333333,0
gesture,gestured,regular,1,5.483870968,709.3,-0.21,1,0
get,got,irregular,0.07,3.833333333,851.96,0.49,0.842696629,0.056179775
giggle,giggled,regular,1,6.366666667,662.66,-0.44,1,0
gird,girded,regular,1,3.961538462,866.04,0.66,0.827586207,0
give,gave,irregular,0.33,4.928571429,787.16,0.16,0.896551724,0.022988506
gladden,gladdened,regular,1,3.346153846,752.67,0.01,1,0
glare,glared,regular,0.86,5.387096774,692.96,-0.23,0.965517241,0
gleam,gleamed,regular,0.93,4.483870968,742.67,0.06,0.724137931,0
glide,glided,regular,0.58,5.034482759,837,0.4,0.966666667,0
glimpse,glimpsed,regular,1,4.303030303,721.89,-0.07,0.965517241,0
glisten,glistened,regular,1,6.2,722.8,-0.17,0.862068966,0
gloat,gloated,regular,1,3.689655172,705.32,-0.22,0.966666667,0
gloss,glossed,regular,1,4.678571429,729.14,-0.08,0.965517241,0
glower,glowered,regular,1,4.172413793,795.64,0.5,0.793103448,0
glut,glutted,regular,0.75,4.035714286,830.65,0.43,0.965517241,0
gnaw,gnawed,regular,0.91,5.269230769,743.32,0.13,0.965517241,0
go,went,irregular,0.05,4.333333333,971.79,1.07,0.651685393,0.02247191
gobble,gobbled,regular,1,5.133333333,635.03,-0.7,1,0
golf,golfed,regular,1,5.076923077,712.97,-0.22,1,0
gore,gored,regular,1,4.269230769,736.81,-0.04,0.931034483,0
gossip,gossipped,regular,1,4.709677419,637.52,-0.6,1,0
govern,governed,regular,1,3.393939394,642.48,-0.5,0.966666667,0
grace,graced,regular,1,3.285714286,683.81,-0.27,0.931034483,0
graduate,graduated,regular,1,5.392857143,694.72,-0.37,1,0
grant,granted,regular,1,2.71875,681.41,-0.33,0.966666667,0
grapple,grappled,regular,1,3.53125,653.03,-0.45,1,0
grate,grated,regular,1,4.515151515,741.56,-0.07,0.9,0
gravel,graveled,regular,1,4.321428571,754.93,0.01,0.9,0
grease,greased,regular,1,5.090909091,756.07,0.13,0.931034483,0
grey,greyed,regular,1,4.424242424,824.66,0.39,0.966666667,0
grill,grilled,regular,1,5.548387097,646.28,-0.51,1,0
grin,grinned,regular,0.83,5.580645161,782.11,0.28,0.965517241,0
grip,gripped,regular,0.85,5.966666667,775.5,0.07,0.966666667,0
grit,gritted,regular,0.44,4.566666667,796.35,0.21,0.933333333,0
groom,groomed,regular,1,5.03030303,683.82,-0.26,0.827586207,0
grope,groped,regular,1,5.344827586,675.3,-0.25,0.931034483,0
group,grouped,regular,1,4.393939394,642.86,-0.44,0.793103448,0
grow,grew,irregular,0.19,5.181818182,770.59,0.14,0.696629213,0.06741573
growl,growled,regular,1,5.5,660.07,-0.39,0.965517241,0
grudge,grudged,regular,1,3.633333333,689.74,-0.27,0.931034483,0
grunt,grunted,regular,1,4.538461538,680.31,-0.32,1,0
guard,guarded,regular,1,5.060606061,642.97,-0.53,1,0
guffaw,guffawed,regular,0.92,4.75,752.75,0.24,0.833333333,0
gulp,gulped,regular,1,5.966666667,614.68,-0.65,0.933333333,0
gurgle,gurgled,regular,1,5.25,715.11,-0.12,0.931034483,0
gut,gutted,regular,0.75,4.896551724,802.35,0.23,0.896551724,0
guzzle,guzzled,regular,1,5.428571429,704.18,-0.16,0.965517241,0
hack,hacked,regular,1,5.366666667,700.14,-0.27,1,0
hail,hailed,regular,1,4.230769231,718,-0.21,0.966666667,0
hallucinate,hallucinated,regular,1,5.586206897,828.18,0.46,0.933333333,0
halve,halved,regular,0.5,5.033333333,770.35,0.18,0.896551724,0
hamper,hampered,regular,1,3.103448276,628.14,-0.62,0.933333333,0
hand,handed,regular,0.86,4.346153846,762.79,0.08,0.966666667,0
handicap,handicapped,regular,1,4.653846154,673.96,-0.34,0.965517241,0
hang,hanged/hung,other,0.25,5.866666667,781.95,0.21,0.95505618,0
happen,happened,regular,1,3.192307692,679.93,-0.41,0.966666667,0
harass,harassed,regular,1,4.272727273,667.97,-0.39,0.966666667,0
harden,hardened,regular,1,4.967741935,676.76,-0.39,1,0
hark,harked,regular,1,2.413793103,767.58,0.01,0.9,0
harmonize,harmonized,regular,1,4.129032258,639.59,-0.54,1,0
harrow,harrowed,regular,1,2.535714286,773.3,0.17,0.931034483,0
harvest,harvested,regular,1,5.107142857,666.69,-0.55,0.966666667,0
hatch,hatched,regular,0.86,5.3,679.1,-0.32,1,0
haul,hauled,regular,0.93,5.064516129,662.59,-0.44,0.965517241,0
hawk,hawked,regular,1,3.90625,650.37,-0.49,0.931034483,0
haze,hazed,regular,1,4.366666667,722.57,-0.15,0.933333333,0
headline,headlined,regular,1,4.242424242,700.04,-0.24,0.965517241,0
heap,heaped,regular,0.57,4.35483871,856.42,0.4,0.75862069,0
hearten,heartened,regular,1,3.35483871,724.04,-0.11,0.965517241,0
heave,heaved,regular,0.63,4.666666667,724.25,0.03,0.724137931,0
hector,hectored,regular,1,3.666666667,675.3,-0.26,0.933333333,0
heed,heeded,regular,0.56,3.433333333,908.19,0.86,0.586206897,0
heighten,heightened,regular,1,4.7,701.79,-0.26,1,0
hem,hemmed,regular,1,4.88,722.36,-0.21,0.933333333,0
herd,herded,regular,1,5.233333333,763.62,0.1,0.866666667,0
hew,hewed,regular,0.96,4.1,768.73,0.22,0.517241379,0
hiccup,hiccupped,regular,1,5.878787879,707.39,-0.16,0.933333333,0
hide,hid,irregular,0.17,5.451612903,830.55,0.42,0.852272727,0.034090909
hijack,hijacked,regular,1,5.346153846,639.39,-0.51,1,0
hinder,hindered,regular,1,4.322580645,728.5,-0.06,0.75862069,0
hint,hinted,regular,1,3.677419355,774.19,0.09,0.9,0
hiss,hissed,regular,1,5.428571429,695.12,-0.22,0.896551724,0
hit,hit,irregular,0.38,5.8125,820.63,0.44,0.727272727,0.079545455
hitchhike,hitchhiked,regular,1,5.428571429,799.04,0.23,0.965517241,0
hoard,hoarded,regular,1,4.678571429,719.56,-0.09,0.931034483,0
hoe,hoed,regular,0.76,4.64,795.64,0.16,0.966666667,0
hoist,hoisted,regular,1,5.161290323,700.07,-0.23,0.965517241,0
hold,held,irregular,0.25,6,772.03,0.15,0.897727273,0.022727273
holiday,holidayed,regular,1,4.3,769.92,0.2,0.866666667,0
home,homed,regular,1,3.757575758,819.09,0.32,0.8,0
hone,honed,regular,1,4.142857143,713.76,-0.14,1,0
honor,honored,regular,1,4.903225806,721.21,-0.32,0.965517241,0
hoodwink,hoodwinked,regular,1,3.846153846,755.74,-0.05,0.933333333,0
hoot,hooted,regular,0.89,5.034482759,833.65,0.48,0.862068966,0
hope,hoped,regular,1,2.5,709.07,-0.23,0.964285714,0
hose,hosed,regular,1,4.72,737.1,-0.09,0.966666667,0
host,hosted,regular,1,5.387096774,705.03,-0.21,1,0
house,housed,regular,1,4.133333333,760,0.08,0.931034483,0
howl,howled,regular,1,5.258064516,671.96,-0.39,0.965517241,0
huff,huffed,regular,1,4.516129032,662.59,-0.43,1,0
hum,hummed,regular,0.91,4.769230769,838.76,0.26,0.966666667,0
humble,humbled,regular,1,3.258064516,651.08,-0.52,0.862068966,0
humor,humored,regular,1,4.1,719.33,-0.15,0.862068966,0
hunch,hunched,regular,1,4.032258065,771.24,-0.03,1,0
hunt,hunted,regular,1,5.580645161,728,-0.11,0.931034483,0
hurry,hurried,regular,1,5.096774194,705.57,-0.14,0.965517241,0
hurt,hurt,irregular,0.17,5.454545455,812.32,0.26,0.75,0.147727273
husband,husbanded,regular,1,3.307692308,727.4,-0.19,0.866666667,0
hustle,hustled,regular,1,4.1875,638.97,-0.6,1,0
ice,iced,regular,1,5.5,701.21,-0.3,1,0
identify,identified,regular,1,4,658.96,-0.37,0.965517241,0
idolize,idolized,regular,1,3.515151515,659.97,-0.43,1,0
ignore,ignored,regular,1,4.115384615,644.54,-0.51,0.965517241,0
illustrate,illustrated,regular,1,4.6,667.77,-0.43,1,0
imbibe,imbibed,regular,1,4.045454545,854.56,0.58,0.9,0
immerse,immersed,regular,0.8,4.576923077,817.29,0.36,0.965517241,0
immortalize,immortalized,regular,1,3.5,742.52,-0.08,0.862068966,0
impact,impacted,regular,1,3.928571429,648.59,-0.46,0.966666667,0
impale,impaled,regular,1,5.4,680.07,-0.24,0.931034483,0
impeach,impeached,regular,0.86,3.806451613,728.33,0.01,0.833333333,0
impel,impelled,regular,0.69,2.741935484,756.74,0.05,0.931034483,0
impersonate,impersonated,regular,1,3.909090909,776.21,0.18,1,0
implement,implemented,regular,1,2.9,684.04,-0.19,0.896551724,0
implore,implored,regular,1,3.793103448,710.54,-0.18,0.896551724,0
import,imported,regular,1,3.5,706.31,-0.21,0.931034483,0
impound,impounded,regular,1,4.517241379,768.89,0.11,0.9,0
impregnate,impregnated,regular,1,5.161290323,875.41,0.62,0.966666667,0
imprint,imprinted,regular,1,3.96875,715.81,-0.11,0.896551724,0
improve,improved,regular,1,3.580645161,758.09,0.08,0.827586207,0
impugn,impugned,regular,1,2.380952381,957.67,1.12,0.333333333,0
incapacitate,incapacitated,regular,1,3.9375,886.77,0.79,0.793103448,0
incense,incensed,regular,1,3.066666667,894.29,0.65,0.965517241,0
incinerate,incinerated,regular,1,6,852,0.58,0.933333333,0
incite,incited,regular,0.75,3.25,803.62,0.33,0.896551724,0
include,included,regular,1,2.939393939,696.81,-0.1,0.9,0
incorporate,incorporated,regular,1,3.8,731.32,-0.08,0.933333333,0
incriminate,incriminated,regular,1,4.161290323,860.8,0.62,0.931034483,0
incur,incurred,regular,1,2.1,666.37,-0.33,0.9,0
indicate,indicated,regular,1,4.25,680.9,-0.33,1,0
individualize,individualized,regular,1,3.115384615,697.59,-0.21,0.931034483,0
induce,induced,regular,1,3.903225806,734.48,-0.03,0.827586207,0
industrialize,industrialized,regular,1,4.433333333,779.93,0.18,0.931034483,0
infer,inferred,regular,1,3.620689655,825.19,0.42,0.931034483,0
infiltrate,infiltrated,regular,1,4.419354839,792.54,0.42,0.866666667,0
inflate,inflated,regular,1,5.034482759,740.58,-0.03,0.9,0
inform,informed,regular,1,4.35483871,700.64,-0.11,0.896551724,0
infuriate,infuriated,regular,1,4.71875,786.54,0.31,0.896551724,0
ingest,ingested,regular,1,4.1,719.7,-0.13,1,0
inhabit,inhabited,regular,1,4.258064516,751,0.11,0.931034483,0
inherit,inherited,regular,1,3.75862069,720.19,-0.15,0.931034483,0
initial,initialed,regular,1,4.076923077,848.89,0.31,0.933333333,0
inject,injected,regular,1,6.090909091,659.96,-0.5,0.931034483,0
inlay,inlaid,irregular,1,3.806451613,748.15,-0.03,0.920454545,0
innovate,innovated,regular,1,3.928571429,685.83,-0.39,1,0
inquire,inquired,regular,1,4,743.14,-0.01,0.933333333,0
insert,inserted,regular,0.86,5.285714286,690.04,-0.23,0.965517241,0
insinuate,insinuated,regular,1,3.730769231,876.76,0.69,0.866666667,0
inspect,inspected,regular,1,4.454545455,689.33,-0.24,1,0
install,installed,regular,0.93,4.733333333,689.52,-0.23,1,0
instil,instilled,regular,1,3.043478261,799.43,0.14,0.966666667,0
institutionalize,institutionalized,regular,1,3.967741935,827.55,0.51,0.866666667,0
insulate,insulated,regular,1,5,753.17,0.11,0.827586207,0
insure,insured,regular,1,3.935483871,726.28,-0.17,1,0
intend,intended,regular,0.58,3.419354839,716.14,-0.21,0.933333333,0
inter,interred,regular,1,3.407407407,809.57,0.55,0.862068966,0
intercede,interceded,regular,0.59,2.666666667,855.62,0.41,0.928571429,0
interest,interested,regular,1,3.129032258,693.33,-0.35,0.9,0
interject,interjected,regular,1,3.466666667,699.83,-0.24,1,0
interlock,interlocked,regular,1,4.846153846,718.11,-0.33,0.964285714,0
intern,interned,regular,1,3.709677419,640.03,-0.55,0.966666667,0
internationalize,internationalized,regular,1,2.777777778,950.3,0.99,0.827586207,0
interpret,interpreted,regular,1,3.060606061,741.88,-0.12,0.928571429,0
interrogate,interrogated,regular,1,5.607142857,814.82,0.31,0.966666667,0
intersect,intersected,regular,1,4.181818182,795.72,0.23,1,0
intertwine,intertwined,regular,0.9,5.392857143,856.88,0.4,0.833333333,0
interview,interviewed,regular,1,4.961538462,644.46,-0.57,0.933333333,0
intimate,intimated,regular,1,4.387096774,804.31,0.33,0.655172414,0
intone,intoned,regular,1,3.833333333,847.36,0.49,0.965517241,0
intrigue,intrigued,regular,1,2.875,683.9,-0.28,0.966666667,0
intrude,intruded,regular,1,4.9,708.41,-0.17,1,0
inundate,inundated,regular,1,3.75862069,879.05,0.88,0.766666667,0
invalidate,invalidated,regular,1,2.64516129,803.37,0.29,0.9,0
invert,inverted,regular,0.86,4.481481481,730.66,-0.11,1,0
investigate,investigated,regular,1,4.4,728.39,-0.18,0.965517241,0
invite,invited,regular,0.75,4.2,725.62,-0.11,1,0
involve,involved,regular,1,4.290322581,681.82,-0.32,0.965517241,0
iron,ironed,regular,1,5.966666667,712.5,-0.15,0.964285714,0
irritate,irritated,regular,1,3.666666667,738.62,-0.09,0.966666667,0
issue,issued,regular,1,2.8,670.03,-0.43,1,0
itemize,itemized,regular,1,3.225806452,741.3,-0.03,0.965517241,0
jabber,jabbered,regular,1,4.772727273,671.57,-0.39,1,0
jam,jammed,regular,1,4.838709677,638.45,-0.55,1,0
jar,jarred,regular,1,4.806451613,731,-0.11,0.966666667,0
jeopardize,jeopardized,regular,1,3.862068966,625.97,-0.65,0.966666667,0
jet,jetted,regular,0.63,4.666666667,769.12,0.08,0.896551724,0
jib,jibbed,regular,1,3.523809524,758.2,0.24,0.866666667,0
jiggle,jiggled,regular,1,4.903225806,735.57,-0.21,0.966666667,0
jingle,jingled,regular,1,5.322580645,666.52,-0.42,0.931034483,0
jog,jogged,regular,1,5.714285714,691,-0.4,0.965517241,0
join,joined,regular,1,4.5,749.46,-0.16,0.866666667,0
joke,joked,regular,1,4.741935484,684.37,-0.31,0.931034483,0
josh,joshed,regular,1,3.518518519,743.79,0.01,0.966666667,0
jot,jotted,regular,1,4.785714286,778.48,0.14,1,0
judge,judged,regular,1,3.515151515,641.71,-0.56,0.965517241,0
jumble,jumbled,regular,1,4.580645161,672.23,-0.41,1,0
justify,justified,regular,1,3.838709677,573.4,-0.87,1,0
keen,keened,regular,0.89,3,750.29,-0.02,0.827586207,0
keep,kept,irregular,0.43,3.633333333,693.34,-0.29,0.921348315,0.033707865
kick,kicked,regular,0.87,5.096774194,702.9,-0.23,1,0
kidnap,kidnapped,regular,1,5.733333333,649.73,-0.47,1,0
kindle,kindled,regular,1,3.92,655.25,-0.5,0.965517241,0
knead,kneaded,regular,0.56,5.303030303,864,0.88,0.533333333,0
kneel,kneeled/knelt,other,0.25,5.35483871,770.28,0.22,0.712643678,0.137931034
knight,knighted,regular,0.73,4.8,761.86,0.09,1,0
knock,knocked,regular,1,5,679.75,-0.27,0.965517241,0
know,knew,irregular,0.19,2.454545455,844.31,0.54,0.76744186,0.023255814
KO,KOed,regular,0.77,5.913043478,869.78,0.61,0.5,0
labor,labored,regular,1,5.1,635.03,-0.54,0.966666667,0
lacerate,lacerated,regular,1,5.387096774,775.79,0.14,1,0
lacquer,lacquered,regular,1,4.25,799,0.1,0.866666667,0
lag,lagged,regular,1,4.222222222,659.32,-0.44,0.966666667,0
lament,lamented,regular,1,3.64516129,714.2,-0.23,0.862068966,0
lampoon,lampooned,regular,1,2.785714286,669.5,-0.3,0.866666667,0
land,landed,regular,0.86,5.516129032,721.74,-0.2,0.931034483,0
languish,languished,regular,1,3.793103448,698.52,-0.25,1,0
lapse,lapsed,regular,1,2.909090909,677.61,-0.45,0.966666667,0
last,lasted,regular,0.67,2.4375,680.34,-0.32,1,0
lather,lathered,regular,1,5.2,705,-0.23,0.965517241,0
laugh,laughed,regular,1,6.34375,681.38,-0.39,1,0
launder,laundered,regular,1,4.571428571,714.52,-0.24,1,0
layer,layered,regular,1,4.678571429,688.88,-0.33,0.965517241,0
leach,leached,regular,0.86,4.038461538,746.08,0.23,0.862068966,0
lead,lead,irregular,0.44,4.392857143,744.24,-0.05,0.943181818,0.011363636
leak,leaked,regular,0.87,4.909090909,837.83,0.47,0.8,0
leap,leaped/leapt,other,0.46,5.230769231,729.77,-0.11,0.793103448,0.103448276
learn,learned/learnt,other,0.25,4.666666667,743.92,-0.06,0.943181818,0
leave,left,irregular,0.25,5.193548387,889.05,0.69,0.795454545,0.068181818
leaven,leavened,regular,1,3.034482759,847.88,0.51,0.866666667,0
leer,leered,regular,1,3.95,787.5,0.21,0.827586207,0
legalize,legalized,regular,1,3.060606061,743.21,0,1,0
legitimize,legitimized,regular,1,2.807692308,696.89,-0.12,0.931034483,0
lend,lent,irregular,0.45,3.964285714,847.38,0.42,0.730337079,0.157303371
lessen,lessened,regular,1,2.96875,707.03,-0.24,0.966666667,0
let,let,irregular,0.33,3.032258065,837.87,0.53,0.806818182,0.068181818
lever,levered,regular,1,4.121212121,741.5,-0.02,0.896551724,0
liaise,liaised,regular,1,3.458333333,988.71,1.29,0.7,0
liberate,liberated,regular,1,4.258064516,722.83,-0.18,0.966666667,0
lick,licked,regular,0.87,5.857142857,695.67,-0.22,0.931034483,0
lie,lied/lay,other,0.88,2.96875,783.2,0.23,0.920454545,0
light,lighted/lit,other,0.18,6.033333333,909.31,0.78,0.720430108,0.204301075
like,liked,regular,0.8,4.076923077,770.79,0.12,1,0
limber,limbered,regular,1,3.956521739,729.89,-0.02,0.931034483,0
limit,limited,regular,1,3.230769231,712.42,-0.21,0.862068966,0
line,lined,regular,0.89,3.935483871,718.58,-0.18,0.965517241,0
link,linked,regular,0.43,4.038461538,688,-0.35,0.896551724,0
lisp,lisped,regular,1,4.1,752.6,0.08,0.862068966,0
listen,listened,regular,1,4.857142857,662.9,-0.41,0.733333333,0
live,lived,regular,0.67,4.346153846,872.23,1.05,0.827586207,0
loan,loaned,regular,1,4.433333333,698.74,-0.27,0.933333333,0
lob,lobbed,regular,1,3.724137931,748.07,-0.04,0.931034483,0
localize,localized,regular,1,3.548387097,651.24,-0.5,1,0
lock,locked,regular,1,6.366666667,686.21,-0.48,1,0
log,logged,regular,1,3.333333333,695.79,-0.22,0.966666667,0
loll,lolled,regular,0.67,3.384615385,790.73,0.25,0.931034483,0
look,looked,regular,1,4.939393939,729,0.22,0.862068966,0
loop,looped,regular,1,4.571428571,813.46,0.26,0.8,0
loosen,loosened,regular,1,4.878787879,795.3,0.28,0.931034483,0
lop,lopped,regular,1,3.814814815,732.48,-0.04,0.793103448,0
lord,lorded,regular,1,2.6,788.81,0.27,0.793103448,0
lose,lost,irregular,0.11,3.633333333,835.32,0.54,0.724137931,0.034482759
love,loved,regular,1,4.357142857,728.46,-0.04,0.965517241,0
lower,lowered,regular,1,5.357142857,671.37,-0.44,0.931034483,0
lug,lugged,regular,0.9,4.258064516,813.92,0.44,0.896551724,0
lumber,lumbered,regular,1,4.677419355,699.69,-0.3,1,0
lunch,lunched,regular,1,4.464285714,696.58,-0.3,0.862068966,0
lurch,lurched,regular,1,5.172413793,685.76,-0.36,0.966666667,0
lurk,lurked,regular,1,4.407407407,711.81,-0.21,0.896551724,0
machine,machined,regular,0.89,4.071428571,816.25,0.28,0.862068966,0
magnify,magnified,regular,1,5.454545455,654.66,-0.47,0.966666667,0
maim,maimed,regular,1,4.615384615,794.52,0.36,0.931034483,0
malfunction,malfunctioned,regular,1,4.225806452,719.52,-0.15,0.966666667,0
malt,malted,regular,1,4.333333333,744.57,-0.04,0.965517241,0
man,manned,regular,1,3.571428571,828.14,0.56,0.862068966,0
manage,managed,regular,1,3.212121212,627.93,-0.69,1,0
maneuver,maneuvered,regular,1,4.363636364,678.96,-0.35,0.833333333,0
manhandle,manhandled,regular,1,4.518518519,749.89,-0.03,0.931034483,0
manifest,manifested,regular,1,3.6,721.65,-0.22,0.896551724,0
manure,manured,regular,1,4.222222222,850.22,0.23,0.655172414,0
mar,marred,regular,1,4.576923077,715.48,0.06,0.931034483,0
march,marched,regular,1,5.678571429,720.14,-0.22,1,0
mark,marked,regular,1,5.269230769,653.14,-0.47,0.966666667,0
maroon,marooned,regular,1,4.275862069,669.08,-0.39,0.862068966,0
marshal,marshaled,regular,1,3.071428571,695.79,-0.32,1,0
marvel,marveled,regular,1,4.064516129,685.87,-0.3,1,0
mask,masked,regular,1,5.3,661.76,-0.48,1,0
mass,massed,regular,1,2.966666667,732.08,-0.01,0.896551724,0
massage,massaged,regular,1,6.433333333,758.14,0.05,0.966666667,0
mastermind,masterminded,regular,1,3.678571429,719.37,-0.04,0.931034483,0
mat,matted,regular,1,2.964285714,732.92,0.09,0.866666667,0
mate,mated,regular,1,5.242424242,687.59,-0.28,1,0
matter,mattered,regular,1,2.818181818,711.48,-0.14,1,0
maul,mauled,regular,0.93,4.814814815,708.25,-0.21,0.933333333,0
mean,meant,irregular,0.13,2.923076923,901.56,0.65,0.655172414,0.103448276
measure,measured,regular,1,5.678571429,702.04,-0.26,0.931034483,0
meddle,meddled,regular,1,3.962962963,703.75,-0.11,0.965517241,0
meditate,meditated,regular,1,5.233333333,779.52,0.13,0.8,0
meet,met,irregular,0.1,5.111111111,770.99,0.09,0.862068966,0.022988506
melt,melted,regular,1,5.636363636,679.03,-0.23,1,0
menace,menaced,regular,1,4.387096774,758.3,0.01,0.9,0
menstruate,menstruated,regular,1,4.966666667,840.81,0.42,0.933333333,0
merchandise,merchandised,regular,1,4.258064516,709.72,-0.15,1,0
merit,merited,regular,1,3.2,711.21,-0.2,0.933333333,0
mesmerize,mesmerized,regular,1,4.387096774,720.78,-0.15,0.933333333,0
metamorphose,metamorphosed,regular,1,4.387096774,778.72,0.49,0.655172414,0
mew,mewed,regular,0.96,5.103448276,834.75,0.6,0.655172414,0
migrate,migrated,regular,1,4.787878788,766.04,-0.05,0.9,0
mill,milled,regular,1,4.272727273,786.76,0.3,0.862068966,0
mimeograph,mimeographed,regular,1,4.565217391,945.42,1.02,0.733333333,0
mince,minced,regular,1,4.566666667,749.63,0.05,0.833333333,0
mine,mined,regular,0.89,4,745.27,0.12,0.965517241,0
minimize,minimized,regular,1,3.766666667,717.87,-0.25,1,0
mire,mired,regular,1,3.5,739.34,-0.05,0.966666667,0
misbehave,misbehaved,regular,1,4.225806452,700.64,-0.24,1,0
misconceive,misconceived,regular,0.89,3.142857143,877.6,0.61,0.7,0
misfire,misfired,regular,1,3.666666667,765.55,0.01,1,0
misjudge,misjudged,regular,1,2.666666667,717.43,-0.15,0.965517241,0
mislead,mislead,irregular,0.47,2.787878788,709.72,-0.21,0.965909091,0
misplace,misplaced,regular,1,4.321428571,698.21,-0.33,0.965517241,0
misread,misread,irregular,0.47,3.923076923,774.08,0.07,0.977272727,0.011363636
miss,missed,regular,1,3.806451613,701.15,-0.25,0.931034483,0
mistake,mistook,irregular,0.18,3.846153846,763.45,0.11,0.75862069,0.057471264
mistrust,mistrusted,regular,0.83,2.363636364,717.23,-0.12,0.931034483,0
misuse,misused,regular,0.73,3.161290323,753.15,0.05,0.9,0
mix,mixed,regular,1,5.884615385,670.21,-0.37,0.966666667,0
mob,mobbed,regular,1,4.366666667,661.19,-0.31,0.896551724,0
mock,mocked,regular,1,4.8,691.84,-0.33,0.862068966,0
moderate,moderated,regular,1,3.516129032,703.63,-0.26,0.931034483,0
modify,modified,regular,1,4.678571429,624,-0.61,1,0
moisten,moistened,regular,1,5.066666667,731.27,-0.07,0.866666667,0
mold,molded,regular,0.8,5.041666667,809.5,0.32,0.9,0
mollify,mollified,regular,1,3.857142857,735.96,-0.06,0.933333333,0
molt,molted,regular,1,4.851851852,717.26,-0.03,0.793103448,0
monopolize,monopolized,regular,1,3.833333333,729.71,-0.05,1,0
mooch,mooched,regular,1,3.580645161,804,0.17,0.9,0
moot,mooted,regular,0.9,2.482758621,938.56,0.82,0.566666667,0
moralize,moralized,regular,1,3.6,775.03,0.11,1,0
mortgage,mortgaged,regular,1,2.821428571,775.96,0.17,0.9,0
mother,mothered,regular,1,5.060606061,733.89,-0.15,1,0
motivate,motivated,regular,1,4.290322581,660.96,-0.43,0.965517241,0
motorize,motorized,regular,1,3.964285714,778.28,0.03,0.896551724,0
mourn,mourned,regular,1,4.516129032,693.96,-0.14,0.8,0
move,moved,regular,1,5.483870968,691.36,-0.12,0.566666667,0
muck,mucked,regular,1,3.857142857,812.07,0.28,0.965517241,0
muddy,muddied,regular,1,4.787878788,746.81,-0.03,0.931034483,0
muffle,muffled,regular,1,4.607142857,629.08,-0.56,0.866666667,0
mull,mulled,regular,1,3.535714286,729.31,-0.03,0.896551724,0
mumble,mumbled,regular,1,4.541666667,685.23,-0.41,0.896551724,0
munch,munched,regular,1,5.533333333,708.83,-0.28,1,0
murmur,murmured,regular,1,4.6,728.8,-0.07,0.896551724,0
mushroom,mushroomed,regular,1,4.5,731.73,-0.15,0.9,0
muster,mustered,regular,1,3.5,624.59,-0.62,1,0
mute,muted,regular,0.9,5.133333333,687.19,-0.23,0.896551724,0
mutter,muttered,regular,1,4.666666667,697.28,-0.25,1,0
mystify,mystified,regular,1,4.033333333,738.48,-0.05,0.966666667,0
nag,nagged,regular,1,4.689655172,654.52,-0.42,1,0
name,named,regular,1,4.074074074,712.83,-0.06,0.793103448,0
narrate,narrated,regular,1,3.787878788,709.41,-0.21,0.9,0
nationalize,nationalized,regular,1,4.129032258,723.48,-0.1,1,0
nauseate,nauseated,regular,1,4.230769231,812.45,0.17,0.966666667,0
near,neared,regular,0.94,4.166666667,844.46,0.5,0.9,0
neck,necked,regular,1,4.612903226,791.63,0.24,1,0
needle,needled,regular,1,4.35483871,779.13,0.25,0.793103448,0
neglect,neglected,regular,1,3.935483871,652.82,-0.43,0.965517241,0
nerve,nerved,regular,1,3.7,682,-0.24,0.896551724,0
nestle,nestled,regular,1,4.75,685.69,-0.36,0.966666667,0
neuter,neutered,regular,1,4.064516129,788.52,0.16,0.833333333,0
nibble,nibbled,regular,1,5.181818182,688.03,-0.27,1,0
nickname,nicknamed,regular,1,3.2,711.96,-0.2,0.931034483,0
nip,nipped,regular,0.83,5.064516129,746.93,-0.03,0.933333333,0
nominate,nominated,regular,1,3.96969697,693.17,-0.27,1,0
nose,nosed,regular,1,4.387096774,759.88,0.11,0.866666667,0
note,noted,regular,1,4.15625,680.48,-0.42,1,0
notify,notified,regular,1,4,654.13,-0.4,0.862068966,0
nudge,nudged,regular,1,5.178571429,676.72,-0.35,1,0
numb,numbed,regular,0.91,4.3,703.12,-0.32,0.931034483,0
nurse,nursed,regular,0.75,5.774193548,677.79,-0.33,1,0
nuzzle,nuzzled,regular,1,4.44,669.78,-0.41,0.964285714,0
object,objected,regular,1,4.678571429,687.03,-0.35,1,0
oblige,obliged,regular,1,3.214285714,729.29,-0.11,0.965517241,0
obscure,obscured,regular,1,4,747.9,-0.16,0.966666667,0
obsess,obsessed,regular,0.89,4.111111111,694.48,-0.29,1,0
obtain,obtained,regular,1,3.484848485,664.93,-0.36,0.965517241,0
obviate,obviated,regular,1,3.954545455,880.4,0.62,0.866666667,0
occupy,occupied,regular,1,4.333333333,603.5,-0.71,1,0
offend,offended,regular,0.58,4.321428571,625.21,-0.63,0.965517241,0
officiate,officiated,regular,1,3.909090909,841.85,0.46,0.896551724,0
oil,oiled,regular,0.89,5,662.1,-0.38,0.966666667,0
ooze,oozed,regular,0.78,6.233333333,842.3,0.36,0.793103448,0
operate,operated,regular,1,4.866666667,623.43,-0.66,1,0
oppose,opposed,regular,1,3.483870968,679.28,-0.35,0.966666667,0
orate,orated,regular,1,4.615384615,773.67,0.12,0.862068966,0
orchestrate,orchestrated,regular,1,4.633333333,847.03,0.6,0.966666667,0
order,ordered,regular,1,4.166666667,612.88,-0.66,0.833333333,0
orient,oriented,regular,1,3.88,696.07,-0.32,1,0
originate,originated,regular,1,2.818181818,739.79,0.04,0.933333333,0
orphan,orphaned,regular,1,3.806451613,678.96,-0.29,0.965517241,0
ossify,ossified,regular,1,4.263157895,741.97,0,1,0
oust,ousted,regular,1,4.272727273,746.48,-0.18,0.931034483,0
outdistance,outdistanced,regular,1,4.225806452,794.13,0.24,1,0
outdo,outdid,irregular,0.08,3.233333333,720.98,-0.2,0.704545455,0
outgrow,outgrew,irregular,0.23,4.035714286,695.97,-0.27,0.930232558,0
outlast,outlasted,regular,0.75,3.566666667,633.24,-0.6,1,0
outline,outlined,regular,1,4.709677419,629.07,-0.61,0.965517241,0
outmaneuver,outmaneuvered,regular,1,3.821428571,839.54,0.38,0.933333333,0
outrage,outraged,regular,1,4.12,612.66,-0.69,1,0
outrun,outran,irregular,0.33,5.032258065,712.26,-0.19,0.875,0.022727273
outsell,outsold,irregular,0.19,3.466666667,775.62,0.13,0.865168539,0.078651685
outshine,outshone,irregular,1,3.838709677,694.45,-0.28,0.827586207,0.126436782
outweigh,outweighed,regular,1,4.516129032,696.68,-0.37,0.892857143,0
overawe,overawed,regular,1,3.142857143,876.15,0.57,0.724137931,0
overburden,overburdened,regular,1,4,749.34,0,1,0
overcome,overcame,irregular,1,3.740740741,692.13,-0.35,0.943820225,0
overcrowd,overcrowded,regular,1,5.5,729.07,-0.16,0.965517241,0
overdo,overdid,irregular,0.08,3.303030303,726.88,-0.18,0.659090909,0
overdraw,overdrew,irregular,1,2.75,771.13,0.01,0.775280899,0.02247191
overestimate,overestimated,regular,1,3.290322581,696.9,-0.29,1,0
overflow,overflowed,regular,0.77,5.419354839,656.94,-0.43,0.689655172,0
overhang,overhung,irregular,1,3.96969697,703.41,-0.28,0.840909091,0.056818182
overhear,overheard,irregular,0.12,4.387096774,667.16,-0.4,0.942528736,0
overlap,overlapped,regular,1,4.903225806,652.5,-0.48,0.896551724,0
overload,overloaded,regular,1,4.730769231,636.83,-0.54,0.827586207,0
overman,overmanned,regular,1,2.583333333,835.13,0.55,0.896551724,0
overplay,overplayed,regular,0.9,4.032258065,657,-0.45,0.933333333,0
overrate,overrated,regular,1,3.483870968,685.88,-0.28,0.9,0
override,overrode,irregular,1,3.060606061,726.05,-0.13,0.727272727,0.045454545
overrun,overran,irregular,1,4.242424242,719.92,-0.2,0.862068966,0.022988506
oversee,oversaw,irregular,1,3.303030303,722.06,-0.26,0.840909091,0.056818182
overshadow,overshadowed,regular,1,3.714285714,653.89,-0.46,0.965517241,0
overshoot,overshot,irregular,1,4.166666667,734.7,-0.12,0.954545455,0.011363636
oversleep,overslept,irregular,1,4.387096774,675.79,-0.41,0.954545455,0
overstate,overstated,regular,1,2.5625,779.04,0.02,0.965517241,0
overtake,overtook,irregular,1,4.615384615,696.17,-0.3,0.931034483,0.011494253
overtax,overtaxed,regular,1,3.774193548,743.89,0.01,0.966666667,0
overthrow,overthrew,irregular,1,4.451612903,688.97,-0.4,0.75862069,0.034482759
overwhelm,overwhelmed,regular,1,3.964285714,636.92,-0.57,0.896551724,0
owe,owed,regular,0.76,3.903225806,735.08,-0.1,0.928571429,0
oxygenate,oxygenated,regular,1,3.75,782.93,0.16,0.966666667,0
pacify,pacified,regular,1,3.909090909,673.45,-0.33,1,0
package,packaged,regular,1,4.935483871,652.54,-0.52,0.965517241,0
paddle,paddled,regular,1,6.133333333,623.62,-0.61,1,0
paint,painted,regular,1,5.766666667,655.64,-0.44,0.965517241,0
pale,paled,regular,1,4.366666667,719.26,-0.13,0.9,0
palpitate,palpitated,regular,1,3.96,800.88,0.24,0.862068966,0
pander,pandered,regular,1,3.607142857,788,0.16,0.896551724,0
panic,panicked,regular,1,5.214285714,650.18,-0.49,0.965517241,0
paper,papered,regular,1,4.40625,736.19,-0.13,0.9,0
parallel,paralleled,regular,1,3.821428571,751.64,0.01,0.965517241,0
paraphrase,paraphrased,regular,1,2.606060606,752.57,0.04,0.965517241,0
pardon,pardoned,regular,1,3.903225806,648.36,-0.53,0.966666667,0
park,parked,regular,1,5.892857143,658.32,-0.46,0.965517241,0
parole,paroled,regular,1,4,741.86,0.06,0.933333333,0
part,parted,regular,1,4.35483871,738.81,-0.06,0.933333333,0
partake,partook,irregular,0.18,3.35483871,749.35,0.04,0.831460674,0.04494382
particularize,particularized,regular,1,3.548387097,820.5,0.54,0.931034483,0
partner,partnered,regular,1,4.032258065,679.48,-0.31,0.966666667,0
paste,pasted,regular,1,5.807692308,678.15,-0.27,0.9,0
pat,patted,regular,1,5.464285714,835.08,0.38,0.896551724,0
patent,patented,regular,1,3.35483871,797.04,0.38,0.827586207,0
patronize,patronized,regular,1,3.612903226,739.73,-0.01,1,0
pattern,patterned,regular,1,3.375,695.19,-0.28,0.931034483,0
pave,paved,regular,1,4.903225806,701.36,-0.1,0.892857143,0
pawn,pawned,regular,1,4.516129032,687.69,-0.27,0.896551724,0
peak,peaked,regular,0.87,4.346153846,726.52,-0.08,1,0
peck,pecked,regular,1,5.766666667,673.31,-0.32,0.966666667,0
peddle,peddled,regular,1,4.633333333,697.21,-0.23,1,0
peek,peeked,regular,0.87,4.846153846,830.75,0.5,0.896551724,0
peep,peeped,regular,0.57,5.642857143,653.86,-0.36,0.766666667,0
peg,pegged,regular,1,4.333333333,709.5,-0.24,0.965517241,0
pen,penned,regular,1,5.387096774,751.85,0.05,0.931034483,0
pencil,penciled,regular,1,4.535714286,659,-0.5,0.966666667,0
people,peopled,regular,1,3.615384615,880.47,0.71,0.7,0
perceive,perceived,regular,0.67,3.214285714,668.52,-0.37,0.931034483,0
percolate,percolated,regular,1,4,813.6,0.35,0.896551724,0
perforate,perforated,regular,1,5.111111111,951.74,0.83,0.833333333,0
perfume,perfumed,regular,1,4.642857143,635,-0.48,0.862068966,0
perjure,perjured,regular,1,2.653846154,833.1,0.66,0.766666667,0
permeate,permeated,regular,1,4.125,794.89,0.23,0.933333333,0
perpetrate,perpetrated,regular,1,3.516129032,876.33,0.67,0.862068966,0
perplex,perplexed,regular,1,3.741935484,678.79,-0.4,0.965517241,0
persevere,persevered,regular,0.94,4,850.14,0.56,0.766666667,0
personalize,personalized,regular,1,3.46875,696.9,-0.25,1,0
perspire,perspired,regular,1,5.833333333,776.3,-0.01,1,0
perturb,perturbed,regular,1,3.681818182,769.93,0.12,0.966666667,0
pervade,pervaded,regular,1,3.636363636,703.78,-0.23,0.965517241,0
pester,pestered,regular,1,4.6,681.46,-0.38,0.933333333,0
petition,petitioned,regular,1,4.551724138,684.29,-0.25,0.965517241,0
phase,phased,regular,1,3.161290323,737.97,-0.01,1,0
photocopy,photocopied,regular,1,5.727272727,764.07,-0.02,0.965517241,0
phrase,phrased,regular,1,4.225806452,710.66,-0.18,1,0
picket,picketed,regular,1,4.965517241,810.29,0.4,1,0
picnic,picnicked,regular,1,6.333333333,773.24,0.22,0.833333333,0
piece,pieced,regular,1,4.066666667,801.75,0.2,0.7,0
pile,piled,regular,1,5.857142857,710.19,-0.25,0.965517241,0
pilot,piloted,regular,1,5.464285714,718.68,-0.08,0.965517241,0
pinch,pinched,regular,1,5.851851852,683.79,-0.36,0.966666667,0
ping,pinged,regular,0.28,4.259259259,876.15,0.8,0.620689655,0
pioneer,pioneered,regular,0.94,2.96969697,696.75,-0.24,0.965517241,0
pique,piqued,regular,0.87,3.28,960.06,0.93,0.7,0
pit,pitted,regular,0.44,3.766666667,755.16,0.12,0.931034483,0
pity,pitied,regular,1,3.0625,737.11,-0.09,0.9,0
placate,placated,regular,1,3.310344828,808.95,0.28,0.633333333,0
plague,plagued,regular,1,3.516129032,727.29,-0.04,1,0
plan,planned,regular,1,3.333333333,734.83,-0.07,1,0
plant,planted,regular,1,5.827586207,666.58,-0.32,0.9,0
plate,plated,regular,1,4.612903226,749.11,0.09,0.931034483,0
plead,pleaded/pled,other,0.64,4.962962963,745.71,0.12,0.833333333,0.1
pleat,pleated,regular,0.7,3.931034483,827.32,0.31,0.793103448,0
plod,plodded,regular,1,3.833333333,765.68,0.21,0.965517241,0
plop,plopped,regular,1,4.454545455,685.64,-0.37,0.933333333,0
plow,plowed,regular,1,5.551724138,719.67,-0.19,1,0
plug,plugged,regular,1,5.484848485,686.83,-0.3,1,0
plummet,plummetted,regular,1,4.428571429,734.93,-0.15,0.966666667,0
plunder,plundered,regular,1,4.6,665.93,-0.41,0.931034483,0
ply,plied,regular,0.83,3.032258065,772.56,0.23,0.931034483,0
pocket,pocketed,regular,1,5.387096774,633.28,-0.48,0.896551724,0
poison,poisoned,regular,1,5,702.48,-0.24,0.966666667,0
polarize,polarized,regular,1,3.964285714,684,-0.34,1,0
police,policed,regular,1,4.787878788,705.15,-0.05,0.785714286,0
politicize,politicized,regular,1,2.96969697,970.83,1.15,0.9,0
pollute,polluted,regular,0.9,5,672.46,-0.38,0.896551724,0
ponder,pondered,regular,1,4.310344828,635.54,-0.63,0.965517241,0
pop,popped,regular,1,5,679.89,-0.37,0.933333333,0
populate,populated,regular,1,3.730769231,697.46,-0.23,0.965517241,0
portray,portrayed,regular,0.9,3.393939394,728.5,-0.13,1,0
posit,posited,regular,1,3.434782609,884.64,0.48,0.866666667,0
possess,possessed,regular,0.89,3.666666667,780.76,0.12,1,0
postpone,postponed,regular,1,3.346153846,676.36,-0.38,0.965517241,0
posture,postured,regular,1,4.193548387,714.64,-0.19,0.833333333,0
potter,pottered,regular,1,4.555555556,735.73,-0.14,1,0
pound,pounded,regular,0.88,5.266666667,696.69,-0.29,0.966666667,0
pout,pouted,regular,1,5.269230769,713.8,-0.21,0.966666667,0
power,powered,regular,1,3.935483871,720.66,-0.13,1,0
praise,praised,regular,1,5.107142857,702.32,-0.28,0.928571429,0
pray,prayed,regular,0.89,5.580645161,699.37,-0.28,0.9,0
prearrange,prearranged,regular,1,3.703703704,853.38,0.6,1,0
precipitate,precipitated,regular,1,4.482758621,831.33,0.65,0.793103448,0
predestine,predestined,regular,1,2.1,901.05,0.83,0.833333333,0
predicate,predicated,regular,1,3.24,809.63,0.44,0.655172414,0
predispose,predisposed,regular,1,2.586206897,906.09,0.87,0.8,0
preen,preened,regular,0.88,4.631578947,817.14,0.29,0.733333333,0
prefer,preferred,regular,1,3.464285714,709.97,-0.2,1,0
preoccupy,preoccupied,regular,1,3.214285714,718.14,-0.18,1,0
presage,presaged,regular,1,3.3,1013.57,1.37,0.689655172,0
present,presented,regular,1,4.677419355,792,0.29,0.931034483,0
preside,presided,regular,0.58,4.1,776.62,0.1,0.931034483,0
pressure,pressured,regular,1,3.483870968,693.3,-0.25,1,0
presume,presumed,regular,1,3.533333333,654.52,-0.37,0.862068966,0
pretend,pretended,regular,0.58,3.333333333,690.58,-0.35,0.9,0
prevaricate,prevaricated,regular,1,3.181818182,1002.57,1.23,0.724137931,0
prey,preyed,regular,0.89,4.346153846,715.89,-0.18,0.965517241,0
prick,pricked,regular,0.87,5.8,716.22,-0.2,0.9,0
prime,primed,regular,1,3.269230769,717.17,-0.19,1,0
prize,prized,regular,0.67,3.34375,753.11,-0.05,1,0
proceed,proceeded,regular,0.59,3.363636364,736.12,-0.24,0.896551724,0
proclaim,proclaimed,regular,1,4.366666667,702.6,-0.23,1,0
prod,prodded,regular,1,4.740740741,746.39,0.01,0.793103448,0
profess,professed,regular,0.89,4.096774194,759.81,-0.09,0.964285714,0
profit,profited,regular,1,4.35483871,748.81,0.03,0.9,0
progress,progressed,regular,0.89,4.161290323,746.55,0.05,1,0
project,projected,regular,1,4.266666667,715.82,-0.1,0.933333333,0
prolong,prolonged,regular,1,3.516129032,710.36,-0.15,0.933333333,0
promote,promoted,regular,1,4.25,666.27,-0.5,0.896551724,0
promulgate,promulgated,regular,1,3.8,888.47,0.53,0.620689655,0
prop,propped,regular,1,4.121212121,702.72,-0.29,0.966666667,0
propagate,propagated,regular,1,2.866666667,791.59,0.18,1,0
prophesy,prophesied,regular,1,3.88,852.38,0.38,0.7,0
propose,proposed,regular,1,4.607142857,707.43,-0.17,0.933333333,0
propound,propounded,regular,1,2.285714286,894,0.7,0.931034483,0
prosecute,prosecuted,regular,1,4.225806452,752.73,-0.12,0.928571429,0
prospect,prospected,regular,1,3.4,721.7,-0.08,0.931034483,0
prostitute,prostituted,regular,1,5.333333333,810.35,0.36,0.931034483,0
protect,protected,regular,1,4.5,626.21,-0.71,0.965517241,0
protract,protracted,regular,1,2.870967742,777.89,0.2,0.965517241,0
prove,proved,regular,1,3.181818182,836.9,0.48,0.724137931,0
provoke,provoked,regular,1,3.961538462,680.11,-0.36,0.965517241,0
prune,pruned,regular,1,4.413793103,740.08,-0.05,0.931034483,0
publicize,publicized,regular,1,3.866666667,668.82,-0.37,0.965517241,0
pucker,puckered,regular,1,5.483870968,677.03,-0.45,0.966666667,0
puff,puffed,regular,1,5.35483871,704.9,-0.21,1,0
pull,pulled,regular,1,5.642857143,718.21,-0.2,0.965517241,0
pulsate,pulsated,regular,1,4.636363636,748.28,-0.14,1,0
pulverize,pulverized,regular,1,4.677419355,736.9,-0.11,1,0
punch,punched,regular,1,6,622.41,-0.67,1,0
puncture,punctured,regular,1,5.5625,696.67,-0.31,1,0
purchase,purchased,regular,1,5.384615385,621.77,-0.59,1,0
purge,purged,regular,1,3.965517241,649.24,-0.48,1,0
purloin,purloined,regular,1,3.761904762,785.44,0.26,0.965517241,0
purr,purred,regular,1,6.266666667,698.52,-0.2,0.966666667,0
pursue,pursued,regular,0.96,4.272727273,672.71,-0.33,0.965517241,0
put,put,irregular,0.5,3.575757576,853.72,0.55,0.784090909,0.102272727
putt,putted,regular,0.75,4.769230769,814.91,0.33,0.766666667,0
quadruple,quadrupled,regular,1,4.633333333,730.93,-0.05,1,0
qualify,qualified,regular,1,3.321428571,671.72,-0.4,1,0
quarrel,quarreled,regular,1,4.575757576,718.41,-0.11,0.966666667,0
quarter,quartered,regular,1,3.75,684.54,-0.25,0.933333333,0
quaver,quavered,regular,1,4.36,849.56,0.52,0.896551724,0
quench,quenched,regular,1,4.833333333,686.13,-0.41,1,0
quest,quested,regular,1,3.64516129,777.96,0.21,0.9,0
queue,queued,regular,0.96,4.833333333,744.78,0.07,0.827586207,0
quicken,quickened,regular,1,3.466666667,718.04,-0.15,0.965517241,0
quip,quipped,regular,0.82,3.740740741,745.93,-0.04,1,0
quiver,quivered,regular,1,5.428571429,684.41,-0.31,1,0
quote,quoted,regular,1,3.7,659.24,-0.49,0.966666667,0
rack,racked,regular,1,4.275862069,689.4,-0.33,1,0
radicalize,radicalized,regular,1,2.636363636,830.33,0.46,0.965517241,0
rage,raged,regular,1,4.848484848,704.88,-0.16,0.862068966,0
rail,railed,regular,1,4.433333333,691.9,-0.27,1,0
raise,raised,regular,1,4.346153846,696.38,-0.17,0.896551724,0
rally,rallied,regular,1,4.923076923,656.3,-0.48,0.965517241,0
ramble,rambled,regular,1,4.785714286,642.79,-0.51,0.966666667,0
range,ranged,regular,1,3.322580645,730.46,-0.06,0.896551724,0
rankle,rankled,regular,1,3.913043478,737.46,-0.08,0.866666667,0
rant,ranted,regular,1,4.349206349,676.8,-0.38,1,0
rape,raped,regular,1,4.964285714,690.7,-0.34,0.931034483,0
rate,rated,regular,1,4.612903226,727.5,-0.1,1,0
ration,rationed,regular,1,3.928571429,723.96,-0.06,0.965517241,0
rattle,rattled,regular,1,5.333333333,674.45,-0.34,1,0
rave,raved,regular,1,4.096774194,694.19,-0.27,0.931034483,0
ravish,ravished,regular,1,4.444444444,654.72,-0.49,0.966666667,0
reach,reached,regular,0.83,4.787878788,800.11,0.36,0.931034483,0
reactivate,reactivated,regular,1,3.806451613,744.92,0.02,0.862068966,0
read,read,irregular,0.44,5.545454545,743.32,-0.02,0.977272727,0
ready,readied,regular,1,3.5,706.59,-0.27,0.933333333,0
realize,realized,regular,1,4.387096774,680.48,-0.32,1,0
reappear,reappeared,regular,0.94,4.185185185,781.44,-0.05,0.931034483,0
rearm,rearmed,regular,1,4.275862069,831.21,0.44,0.896551724,0
reason,reasoned,regular,1,2.466666667,692.79,-0.28,0.965517241,0
rebel,rebelled,regular,0.69,4.129032258,753.31,-0.09,1,0
rebuff,rebuffed,regular,1,2.774193548,634.25,-0.53,0.966666667,0
rebuild,rebuilt,irregular,0.67,5.161290323,762.84,0.11,0.897727273,0.056818182
recall,recalled,regular,0.93,3.870967742,748.07,-0.03,0.965517241,0
recapitulate,recapitulated,regular,1,3.068965517,962.33,0.9,0.413793103,0
recast,recast,irregular,0.5,3,815.95,0.29,0.724137931,0.206896552
receive,received,regular,0.67,4.115384615,662.23,-0.32,0.931034483,0
recharge,recharged,regular,1,4.838709677,747.07,-0.14,1,0
recite,recited,regular,0.75,4.857142857,720.79,-0.08,0.966666667,0
reclaim,reclaimed,regular,1,3.576923077,728.81,-0.08,0.931034483,0
recognize,recognized,regular,1,3.677419355,680.73,-0.41,1,0
recollect,recollected,regular,1,3.678571429,789.81,0.27,0.9,0
reconcile,reconciled,regular,1,3.096774194,723.44,-0.1,0.931034483,0
reconsider,reconsidered,regular,1,2.575757576,744.61,-0.01,0.933333333,0
reconstruct,reconstructed,regular,1,5.290322581,796.86,0.26,1,0
recount,recounted,regular,1,3.606060606,743.82,-0.02,0.965517241,0
recover,recovered,regular,1,4.161290323,637.1,-0.58,0.966666667,0
recruit,recruited,regular,0.9,3.636363636,731.04,-0.06,0.896551724,0
recuperate,recuperated,regular,1,3.6875,767.13,0.23,0.862068966,0
recycle,recycled,regular,1,4.566666667,713.8,-0.19,1,0
redecorate,redecorated,regular,1,5.482758621,801.96,0.26,0.933333333,0
redeploy,redeployed,regular,1,2.933333333,869.15,0.76,0.724137931,0
redistribute,redistributed,regular,1,3.696969697,793.96,0.34,0.862068966,0
redo,redid,irregular,0.08,3.961538462,874.77,0.51,0.674157303,0.02247191
redress,redressed,regular,0.89,3.903225806,791.37,0.32,0.9,0
reek,reeked,regular,0.87,4.409090909,729.23,0.1,0.827586207,0
refill,refilled,regular,1,5.151515152,719.04,-0.06,0.862068966,0
refit,refitted,regular,0.47,3.967741935,844,0.52,0.933333333,0
reflect,reflected,regular,1,4.677419355,666.33,-0.45,0.965517241,0
refract,refracted,regular,1,3.193548387,802.86,0.39,0.933333333,0
refresh,refreshed,regular,1,3.533333333,687.97,-0.3,0.966666667,0
refuel,refueled,regular,1,4.939393939,715.65,-0.1,0.793103448,0
refuse,refused,regular,0.8,3.939393939,718.96,-0.06,0.866666667,0
regain,regained,regular,1,2.75,744.52,-0.02,0.9,0
regenerate,regenerated,regular,1,3.448275862,759.1,0.05,1,0
register,registered,regular,1,4.423076923,657.07,-0.48,0.966666667,0
regret,regretted,regular,0.63,3.870967742,776.07,0.06,0.933333333,0
regulate,regulated,regular,1,3.153846154,682.65,-0.37,0.965517241,0
rehabilitate,rehabilitated,regular,1,4.322580645,852.48,0.44,0.928571429,0
rehouse,rehoused,regular,1,3.782608696,880.27,0.66,1,0
reimburse,reimbursed,regular,0.8,4.071428571,719.24,-0.1,0.896551724,0
reinforce,reinforced,regular,1,3.870967742,753.96,0,0.9,0
reiterate,reiterated,regular,1,3.413793103,793.08,0.23,0.862068966,0
rejoice,rejoiced,regular,1,4.96969697,689.93,-0.28,1,0
rejuvenate,rejuvenated,regular,1,3.310344828,784.48,0.24,0.966666667,0
relapse,relapsed,regular,1,3.545454545,739.14,-0.04,0.966666667,0
relax,relaxed,regular,0.83,5.161290323,632.28,-0.61,1,0
release,released,regular,1,4.709677419,632.79,-0.45,0.8,0
relent,relented,regular,1,3,757.78,0.03,0.965517241,0
relinquish,relinquished,regular,1,4,732.92,-0.06,0.896551724,0
relive,relived,regular,0.75,2.766666667,924,0.79,0.666666667,0
relocate,relocated,regular,1,4.483870968,761.29,0.11,0.965517241,0
remand,remanded,regular,0.88,2.266666667,803.85,0.27,0.931034483,0
remarry,remarried,regular,1,4.5,767.8,0.14,0.896551724,0
remember,remembered,regular,1,3.5,686.77,-0.33,1,0
reminisce,reminisced,regular,1,3.870967742,855.83,0.58,0.862068966,0
remodel,remodeled,regular,1,5.192307692,698.71,-0.23,0.933333333,0
remove,removed,regular,1,4.115384615,668.84,-0.23,0.833333333,0
rend,rent,irregular,1,3.580645161,795.58,0.3,0.689655172,0.103448276
rendezvous,rendezvoused,regular,1,4.172413793,840.52,0.48,0.8,0
renounce,renounced,regular,1,3.64516129,665.47,-0.38,1,0
rent,rented,regular,1,3.5,698.83,-0.26,0.943820225,0
reopen,reopened,regular,1,4.64516129,687.15,-0.35,0.965517241,0
repaint,repainted,regular,1,6.03030303,745.15,0.03,0.9,0
repatriate,repatriated,regular,1,3.444444444,1026.27,1.39,0.655172414,0
repeal,repealed,regular,0.71,2.633333333,835.46,0.49,0.827586207,0
repel,repelled,regular,0.69,4.692307692,756.73,-0.01,0.896551724,0
replace,replaced,regular,1,4.451612903,689.92,-0.29,0.9,0
replenish,replenished,regular,1,4.033333333,731.7,-0.01,0.931034483,0
reply,replied,regular,0.84,4.935483871,725.96,-0.04,0.931034483,0
repose,reposed,regular,1,3.68,821.08,0.36,0.9,0
repress,repressed,regular,0.89,3.03030303,718.28,-0.12,1,0
reprimand,reprimanded,regular,1,4.133333333,718.96,-0.03,0.862068966,0
reproach,reproached,regular,1,2.9,734.04,-0.11,0.933333333,0
reprove,reproved,regular,1,3.37037037,840.43,0.7,0.75862069,0
repulse,repulsed,regular,1,3.903225806,710.07,-0.13,0.933333333,0
require,required,regular,1,2.363636364,758.52,0.08,0.931034483,0
rescind,rescinded,regular,1,2.448275862,806.64,0.29,0.862068966,0
research,researched,regular,1,4.225806452,800.86,0.09,0.933333333,0
resent,resented,regular,1,2.967741935,734.09,-0.13,0.793103448,0
reset,reset,irregular,0.38,3.2,858,0.52,0.784090909,0.170454545
resettle,resettled,regular,1,4.064516129,753.07,0.02,1,0
resign,resigned,regular,0.9,4.258064516,768.52,0.04,0.966666667,0
resolve,resolved,regular,1,2.633333333,692.07,-0.25,1,0
resort,resorted,regular,1,2.757575758,741.96,-0.03,1,0
respect,respected,regular,1,3.692307692,649.75,-0.4,0.862068966,0
rest,rested,regular,1,5.321428571,706.21,-0.31,0.933333333,0
restock,restocked,regular,1,4.757575758,846.24,0.56,0.896551724,0
restrain,restrained,regular,1,4.153846154,722.25,-0.23,0.965517241,0
restructure,restructured,regular,1,3.64516129,782.44,0.24,0.9,0
resume,resumed,regular,1,3.454545455,744.59,-0.05,0.931034483,0
resurrect,resurrected,regular,1,4.46875,751.68,0.07,0.965517241,0
retail,retailed,regular,1,3.692307692,778.9,0.24,0.933333333,0
retaliate,retaliated,regular,1,3.896551724,810.71,0.34,0.965517241,0
retch,retched,regular,1,4.923076923,787.89,0.26,0.965517241,0
retell,retold,irregular,0.19,3.533333333,816.2,0.39,0.931818182,0.011363636
rethink,rethought,irregular,0.13,3.548387097,849.86,0.36,0.574712644,0.057471264
retool,retooled,regular,1,3.259259259,815.96,0.29,0.833333333,0
retouch,retouched,regular,1,4.36,766.9,0.12,1,0
retract,retracted,regular,1,3.533333333,712.29,-0.09,0.965517241,0
retrieve,retrieved,regular,0.67,4.290322581,719.57,-0.12,1,0
reunite,reunited,regular,0.75,4.612903226,710.63,-0.14,0.931034483,0
rev,revved,regular,1,4.291666667,855.93,0.56,0.931034483,0
revamp,revamped,regular,1,2.793103448,714.29,-0.11,0.966666667,0
revel,reveled,regular,1,3.933333333,881.95,0.67,0.689655172,0
reverberate,reverberated,regular,1,3.964285714,778.35,0.34,0.827586207,0
reverse,reversed,regular,0.8,4.607142857,682.5,-0.29,1,0
revile,reviled,regular,1,3.807692308,819.7,0.37,0.827586207,0
revitalize,revitalized,regular,1,3.275862069,777.11,0.11,0.966666667,0
revivify,revivified,regular,1,3.230769231,897.83,1.14,0.379310345,0
revolt,revolted,regular,1,4.46875,718.88,-0.13,0.931034483,0
revolve,revolved,regular,1,4.838709677,727.07,-0.19,0.933333333,0
rewrite,rewrote,irregular,0.17,4.161290323,810.03,0.34,0.818181818,0
rhyme,rhymed,regular,1,3.807692308,733.03,-0.07,0.966666667,0
riddle,riddled,regular,1,3.242424242,685.93,-0.35,0.931034483,0
ride,rode,irregular,0.25,5.454545455,785.36,0.23,0.863636364,0.011363636
ridicule,ridiculed,regular,1,3.9,736.75,-0.17,0.933333333,0
rifle,rifled,regular,1,4.939393939,688.15,-0.3,0.931034483,0
right,righted,regular,0.73,3.730769231,889.5,0.65,0.793103448,0
rim,rimmed,regular,0.78,2.620689655,773.61,0.3,0.8,0
ring,ringed/rang,other,0.18,5.064516129,752.51,0.07,0.761363636,0.034090909
riot,rioted,regular,1,5.53125,712.19,-0.26,0.966666667,0
ripen,ripened,regular,1,4.59375,700.83,-0.29,1,0
rise,rose,irregular,0.33,5.535714286,811.72,0.31,0.842696629,0.06741573
risk,risked,regular,1,3.25,761.24,-0.14,1,0
rive,rived,regular,1,3.9,863.05,0.69,0.766666667,0
roam,roamed,regular,1,4.677419355,701.89,-0.13,0.965517241,0
roast,roasted,regular,0.86,5.714285714,648.04,-0.46,0.928571429,0
robe,robed,regular,1,4.483870968,776.36,0.14,0.896551724,0
rocket,rocketed,regular,1,4.96875,668.24,-0.37,1,0
romanticize,romanticized,regular,1,3.2,820.04,0.5,0.933333333,0
roof,roofed,regular,1,5.181818182,714.18,-0.1,0.827586207,0
roost,roosted,regular,1,4.034482759,827.96,0.5,0.931034483,0
rope,roped,regular,1,4.818181818,688.26,-0.29,0.931034483,0
rotate,rotated,regular,1,6,641.62,-0.52,0.966666667,0
rough,roughed,regular,1,3.060606061,787.34,0.24,1,0
round,rounded,regular,1,3.612903226,720.48,-0.25,0.966666667,0
rout,routed,regular,1,3.46875,740.72,-0.04,0.9,0
rove,roved,regular,1,3.096774194,811,0.52,0.793103448,0
rub,rubbed,regular,1,5.692307692,701.64,-0.3,0.965517241,0
ruin,ruined,regular,1,4.366666667,680.24,-0.33,0.862068966,0
rumble,rumbled,regular,1,4.75862069,618.54,-0.64,0.965517241,0
rummage,rummaged,regular,1,4.7,695.14,-0.29,0.965517241,0
rumple,rumpled,regular,1,4.533333333,675.7,-0.38,1,0
run,ran,irregular,0.2,6.181818182,737.16,-0.03,0.93258427,0.02247191
rush,rushed,regular,1,4.272727273,653.36,-0.45,0.965517241,0
rusticate,rusticated,regular,1,3.037037037,929.76,1.02,0.862068966,0
rut,rutted,regular,0.78,3.653846154,825.68,0.34,0.933333333,0
sack,sacked,regular,1,3.96969697,699.85,-0.27,0.965517241,0
sadden,saddened,regular,1,4.096774194,747.63,-0.13,1,0
safeguard,safeguarded,regular,1,4.225806452,758.14,0.08,1,0
sail,sailed,regular,1,6.6,656.5,-0.45,1,0
salute,saluted,regular,0.9,6.466666667,711.25,-0.25,0.689655172,0
salve,salved,regular,1,3.681818182,745.32,0.04,0.833333333,0
sanctify,sanctified,regular,1,3.75,791.03,0.17,1,0
sand,sanded,regular,1,4.153846154,830.58,0.36,0.9,0
sandwich,sandwiched,regular,1,5.129032258,699.24,-0.25,0.966666667,0
sate,sated,regular,1,3.538461538,841.67,0.59,0.827586207,0
satirize,satirized,regular,1,3.730769231,766.72,0.05,0.892857143,0
saturate,saturated,regular,1,4.545454545,711.8,-0.18,1,0
savage,savaged,regular,1,3.807692308,641.28,-0.57,1,0
savor,savored,regular,1,4.133333333,720.5,-0.28,0.965517241,0
say,said,irregular,0.05,4.484848485,826.46,0.31,0.862068966,0.022988506
scab,scabbed,regular,1,5.2,737.86,-0.11,0.966666667,0
scale,scaled,regular,1,4.516129032,663.71,-0.46,0.965517241,0
scalp,scalped,regular,1,5.107142857,707.66,-0.24,1,0
scan,scanned,regular,1,5.346153846,685.11,-0.28,0.965517241,0
scar,scarred,regular,1,5.7,642.62,-0.56,1,0
scatter,scattered,regular,1,5.548387097,699.03,-0.29,0.966666667,0
scent,scented,regular,1,3.538461538,744.25,-0.11,0.833333333,0
scheme,schemed,regular,1,3.535714286,738.12,0.01,0.862068966,0
scoff,scoffed,regular,1,4.407407407,681.89,-0.3,0.933333333,0
scoop,scooped,regular,1,5.272727273,688.46,-0.35,0.896551724,0
scorch,scorched,regular,1,4.9375,687.78,-0.35,0.965517241,0
scorn,scorned,regular,1,4.266666667,671,-0.46,0.966666667,0
scour,scoured,regular,1,4.612903226,734.69,-0.06,0.866666667,0
scout,scouted,regular,1,4.151515152,698.62,-0.23,1,0
scrabble,scrabbled,regular,1,3.15625,721.13,-0.25,1,0
scrap,scrapped,regular,0.95,4.333333333,734.89,-0.09,0.9,0
scratch,scratched,regular,0.86,5.677419355,685.65,-0.3,0.896551724,0
scream,screamed,regular,0.93,6.181818182,702.44,-0.27,0.9,0
screen,screened,regular,0.88,4.709677419,683.56,-0.39,0.833333333,0
scribble,scribbled,regular,1,5.848484848,686.1,-0.31,1,0
scrounge,scrounged,regular,1,4.222222222,713.93,-0.06,0.966666667,0
scrunch,scrunched,regular,1,4.689655172,707.76,-0.18,0.966666667,0
scud,scudded,regular,1,3.458333333,847.85,0.52,0.965517241,0
scuffle,scuffled,regular,1,4.71875,685.28,-0.31,1,0
sculpture,sculptured,regular,1,4.7,725.55,-0.02,0.966666667,0
scuttle,scuttled,regular,1,3.620689655,741.96,-0.02,0.965517241,0
seal,sealed,regular,0.69,5.392857143,709.35,-0.33,0.866666667,0
sear,seared,regular,0.94,4.733333333,808.88,0.31,0.931034483,0
season,seasoned,regular,1,4.25,718.64,-0.16,0.75862069,0
secede,seceded,regular,0.59,3.142857143,860.58,0.66,0.827586207,0
secrete,secreted,regular,0.73,4.5,816.7,0.38,0.833333333,0
seduce,seduced,regular,1,4.774193548,672.19,-0.37,0.931034483,0
see,saw,irregular,0.1,5.032258065,779.86,0.14,0.898876404,0
seek,sought,irregular,0.07,4.133333333,834.69,0.52,0.633333333,0.2
seep,seeped,regular,0.57,4.9,781,0.24,0.827586207,0
segment,segmented,regular,1,4.375,721.45,-0.13,1,0
seize,seized,regular,0.89,5.142857143,692.12,-0.41,0.866666667,0
sell,sold,irregular,0.13,5.115384615,756.51,0.07,0.897727273,0.034090909
send,sent,irregular,0.45,4.964285714,776.64,0.09,0.853932584,0.056179775
sense,sensed,regular,1,4.321428571,712.03,-0.2,0.966666667,0
sentence,sentenced,regular,1,3.03030303,685.44,-0.36,0.931034483,0
separate,separated,regular,1,5,650.93,-0.49,0.966666667,0
serve,served,regular,1,4.612903226,654.75,-0.45,0.965517241,0
set,set,irregular,0.33,3.903225806,790.09,0.22,0.795454545,0.136363636
settle,settled,regular,1,3.709677419,619.28,-0.66,1,0
sew,sewed,regular,0.76,6.060606061,878.38,0.68,0.633333333,0
shade,shaded,regular,1,5.4,664.66,-0.43,0.966666667,0
shake,shook,irregular,0.13,6.5,717.84,-0.19,0.853932584,0.056179775
shamble,shambled,regular,1,3.896551724,687.41,-0.39,0.931034483,0
shame,shamed,regular,1,4.296296296,689.96,-0.43,0.965517241,0
share,shared,regular,0.86,4.566666667,645.97,-0.55,0.966666667,0
shatter,shattered,regular,1,5.1,600.86,-0.77,1,0
shear,sheared,regular,0.94,4.6875,715.77,-0.32,0.931034483,0
shed,shed,irregular,0.42,4.766666667,742.64,-0.04,0.795454545,0.170454545
shell,shelled,regular,0.67,4.290322581,597.41,-0.75,1,0
shelve,shelved,regular,1,4.655172414,637.38,-0.6,1,0
shield,shielded,regular,1,5.419354839,740,-0.22,1,0
shimmer,shimmered,regular,1,4.892857143,650.52,-0.49,0.965517241,0
shine,shined/shone,other,0.13,5.733333333,756.3,-0.09,0.795454545,0.125
shipwreck,shipwrecked,regular,1,5.612903226,696.57,-0.23,0.965517241,0
shit,shit/shat/shitted,other,1,6.3125,811.5,0.65,0.566666667,0.166666667
shock,shocked,regular,1,4.730769231,756.31,0.03,0.896551724,0
shoo,shooed,regular,0.96,5.5,725.04,-0.06,0.862068966,0
shoot,shot,irregular,0.11,5.466666667,740.23,-0.11,0.921348315,0.02247191
shore,shored,regular,1,3.53125,722.38,-0.15,0.833333333,0
shoulder,shouldered,regular,1,3.25,666.64,-0.37,0.933333333,0
shove,shoved,regular,1,5.757575758,702.29,-0.27,0.965517241,0
show,showed,regular,0.76,4.677419355,830.37,0.31,0.9,0
shred,shredded/shred,other,0.3,4.766666667,659.73,-0.51,1,0
shrill,shrilled,regular,1,3.208333333,669.07,-0.4,0.965517241,0
shrink,shrank/shrunk,other,0.29,4.709677419,713.41,-0.17,0.786516854,0.101123596
shrivel,shriveled,regular,1,4.958333333,656.96,-0.4,0.9,0
shrug,shrugged,regular,1,5.36,760.21,-0.01,0.933333333,0
shuffle,shuffled,regular,1,4.866666667,578.18,-0.87,0.965517241,0
shunt,shunted,regular,1,3.3,716.63,-0.34,0.9,0
shut,shut,irregular,0.25,4.967741935,791.79,0.16,0.795454545,0.181818182
shutter,shuttered,regular,1,4.769230769,607.61,-0.75,0.965517241,0
shy,shied,regular,0.83,3.935483871,815.96,0.29,0.896551724,0
side,sided,regular,0.55,3.242424242,791.05,0.48,0.766666667,0
sidetrack,sidetracked,regular,1,3.935483871,712.13,-0.16,1,0
sieve,sieved,regular,0.67,4.75,740.47,0.04,0.620689655,0
sigh,sighed,regular,0.83,4.566666667,726.86,-0.28,0.965517241,0
sign,signed,regular,0.89,5.121212121,708.15,-0.17,0.931034483,0
signify,signified,regular,1,2.696969697,683.1,-0.39,1,0
silence,silenced,regular,1,4.925925926,630.3,-0.6,1,0
silver,silvered,regular,1,3.548387097,869.52,0.63,0.766666667,0
simplify,simplified,regular,1,2.696969697,672.59,-0.3,0.931034483,0
sin,sinned,regular,0.83,3.606060606,797.9,0.17,1,0
sing,sang/sung,other,0.18,5.612903226,756.66,0.1,0.761363636,0
sink,sank/sunk,other,0.29,4.677419355,745.62,0,0.772727273,0.079545455
sip,sipped,regular,0.82,5.423076923,689.57,-0.27,1,0
sit,sat,irregular,0.13,5.787878788,841.44,0.41,0.829545455,0.022727273
site,sited,regular,0.73,4.166666667,862.08,0.57,0.862068966,0
size,sized,regular,0.67,3.363636364,746.75,-0.1,0.965517241,0
skate,skated,regular,1,6.21875,708.41,-0.21,0.9,0
skewer,skewered,regular,1,5.137931034,795.38,0.26,0.896551724,0
skid,skidded,regular,0.5,5.333333333,731.89,-0.11,0.931034483,0
skimp,skimped,regular,1,2.966666667,709.52,-0.2,0.931034483,0
skip,skipped,regular,0.82,4.5,667,-0.38,1,0
skirt,skirted,regular,0.8,4.121212121,719.62,-0.11,0.866666667,0
skulk,skulked,regular,1,4.111111111,793.68,0.1,0.9,0
slacken,slackened,regular,1,3.826086957,740.18,0.02,0.965517241,0
slam,slammed,regular,1,5.322580645,706.48,-0.27,1,0
slant,slanted,regular,1,3.966666667,753.89,-0.02,0.933333333,0
slash,slashed,regular,1,4.64,665.83,-0.4,1,0
slaughter,slaughtered,regular,1,5.533333333,667.54,-0.35,0.896551724,0
slay,slew,irregular,0.05,4.692307692,723.78,-0.11,0.696629213,0.101123596
sleep,slept,irregular,0.43,6.3,701.58,-0.26,0.943820225,0.011235955
slew,slewed,regular,0.96,3.923076923,862.56,0.36,0.566666667,0
slim,slimmed,regular,0.75,4.424242424,852.83,0.4,1,0
sling,slung,irregular,0.5,4.709677419,768.45,0.06,0.852272727,0.045454545
slink,slunk,irregular,1,4.111111111,754.98,0.06,0.640449438,0.101123596
slit,slit,irregular,0.38,5.714285714,774.21,0.1,0.625,0.238636364
slither,slithered,regular,1,5.2,697.48,-0.21,0.966666667,0
slog,slogged,regular,1,4,762.46,0.05,0.931034483,0
slope,sloped,regular,1,4,707.66,-0.27,1,0
slot,slotted,regular,1,3.870967742,734.52,-0.02,0.9,0
slow,slowed,regular,0.71,4.133333333,743.88,-0.07,0.896551724,0
slumber,slumbered,regular,1,4.9,686.63,-0.4,0.931034483,0
slur,slurred,regular,1,3.833333333,697.93,-0.25,0.966666667,0
smack,smacked,regular,1,6.466666667,705.62,-0.29,1,0
smash,smashed,regular,1,5.846153846,652.71,-0.44,0.933333333,0
smell,smelled/smelt,other,0.21,5.833333333,750.06,0,0.920454545,0
smelt,smelted,regular,1,4.866666667,837.38,0.58,0.551724138,0
smirk,smirked,regular,1,5.533333333,678.5,-0.42,1,0
smite,smote,irregular,1,4.75862069,806.95,0.18,0.505747126,0.264367816
smolder,smoldered,regular,1,4.785714286,735.95,-0.22,0.75862069,0
smooth,smoothed,regular,1,5.161290323,735.67,-0.28,0.862068966,0
smuggle,smuggled,regular,1,5.290322581,671.96,-0.35,0.896551724,0
snake,snaked,regular,0.69,4.75,753.88,0.1,0.827586207,0
snare,snared,regular,0.86,4.36,723.67,-0.1,0.933333333,0
snatch,snatched,regular,0.86,5.096774194,675.76,-0.41,1,0
sneer,sneered,regular,0.94,4.782608696,735.08,-0.2,0.896551724,0
snicker,snickered,regular,1,5.833333333,679.33,-0.31,1,0
sniffle,sniffled,regular,1,5.28,702.3,-0.28,0.965517241,0
snip,snipped,regular,0.82,4.545454545,722.26,-0.22,0.9,0
snivel,sniveled,regular,1,4.192307692,701.75,-0.25,0.862068966,0
snooze,snoozed,regular,0.67,5.7,637.86,-0.63,0.75862069,0
snort,snorted,regular,1,4.818181818,700.24,-0.29,1,0
snowball,snowballed,regular,1,4.653846154,635.62,-0.5,0.966666667,0
snuff,snuffed,regular,1,3.848484848,675.79,-0.38,0.965517241,0
snuggle,snuggled,regular,1,5.740740741,694.25,-0.39,0.933333333,0
soap,soaped,regular,1,5.076923077,662.81,-0.34,0.933333333,0
sob,sobbed,regular,1,4.741935484,685.75,-0.29,0.965517241,0
socialize,socialized,regular,1,4.909090909,650.67,-0.58,0.931034483,0
sod,sodded,regular,1,3.24137931,841.11,0.32,0.965517241,0
soil,soiled,regular,0.88,5.259259259,666.46,-0.43,0.965517241,0
solder,soldered,regular,1,4.7,996.4,1.17,0.379310345,0
solicit,solicited,regular,1,4.206896552,728,-0.09,0.833333333,0
solve,solved,regular,1,4.677419355,629.41,-0.62,1,0
sorrow,sorrowed,regular,1,4.107142857,691.5,-0.37,0.965517241,0
sound,sounded,regular,1,4.290322581,724.55,-0.11,0.966666667,0
sow,sowed,regular,0.76,4.884615385,798.2,0.43,0.75862069,0
span,spanned,regular,1,3.535714286,763.52,-0.12,0.827586207,0
spank,spanked,regular,1,6.366666667,832.44,0.38,0.862068966,0
spare,spared,regular,0.86,4.096774194,744.14,-0.07,0.965517241,0
sparkle,sparkled,regular,1,5.666666667,645.93,-0.53,0.965517241,0
spawn,spawned,regular,1,4.068965517,713.24,-0.22,0.966666667,0
speak,spoke,irregular,0.07,6,737.47,-0.08,0.931034483,0.022988506
spear,speared,regular,0.94,5.3,697.56,-0.21,0.931034483,0
specialize,specialized,regular,1,2.454545455,729.5,-0.13,0.965517241,0
speculate,speculated,regular,1,3.290322581,721.97,-0.09,0.966666667,0
spell,spelled/spelt,other,0.71,4.757575758,731.53,-0.12,0.909090909,0
spend,spent,irregular,0.45,4.230769231,790.57,0.12,0.795454545,0.090909091
spew,spewed,regular,0.96,5.357142857,759.11,0.11,0.931034483,0
spike,spiked,regular,0.8,4.4375,796.79,0.07,0.965517241,0
spin,spun,irregular,0.17,5.846153846,726.42,-0.13,0.91011236,0.06741573
spiral,spiraled,regular,1,5.35483871,706.67,-0.15,1,0
spit,spit/spat,other,0.13,5.933333333,876.85,0.54,0.613636364,0.113636364
splash,splashed,regular,1,5.307692308,745.45,-0.02,1,0
splay,splayed,regular,1,4.68,782.54,0.07,0.866666667,0
splinter,splintered,regular,1,4.896551724,722.18,-0.01,0.965517241,0
split,split,irregular,0.38,4.90625,802.6,0.19,0.625,0.215909091
splutter,spluttered,regular,1,5.238095238,814.2,0.38,0.896551724,0
spoil,spoiled/spoilt,other,1,3.939393939,645.09,-0.5,0.942528736,0
sponsor,sponsored,regular,1,4.387096774,669.72,-0.41,1,0
spoon,spooned,regular,1,5.448275862,675.24,-0.23,0.7,0
spot,spotted,regular,1,4.307692308,731.7,-0.05,0.931034483,0
sprain,sprained,regular,1,5,747.89,-0.04,0.965517241,0
spray,sprayed,regular,0.84,5.78125,705.14,-0.17,0.966666667,0
spreadeagle,spreadeagled,regular,1,4.36,961.22,1.11,0.862068966,0
spring,sprang/sprung,other,0.18,4.5,705.67,-0.23,0.886363636,0.034090909
sprint,sprinted,regular,1,5.538461538,740.11,-0.16,0.931034483,0
spur,spurred,regular,1,3.878787879,673.17,-0.37,0.966666667,0
spurt,spurted,regular,0.83,4.866666667,748.59,0.03,0.931034483,0
spy,spied,regular,0.83,4.666666667,786.41,0.05,1,0
squander,squandered,regular,1,3.225806452,715.29,-0.11,0.965517241,0
squash,squashed,regular,1,4.96969697,648.03,-0.55,1,0
squawk,squawked,regular,1,5.3,760.82,-0.12,0.933333333,0
squeal,squealed,regular,0.69,5.966666667,736.52,0,0.827586207,0
squelch,squelched,regular,1,3.952380952,713.17,-0.25,1,0
squirm,squirmed,regular,1,5.222222222,664.18,-0.41,0.933333333,0
stab,stabbed,regular,1,5.848484848,710,-0.16,1,0
stable,stabled,regular,1,3.766666667,717.33,-0.19,0.931034483,0
staff,staffed,regular,1,3.3125,721.21,-0.25,0.966666667,0
stagger,staggered,regular,1,4.962962963,684.2,-0.28,1,0
stain,stained,regular,1,4.961538462,671.96,-0.37,0.931034483,0
stalk,stalked,regular,1,5.482758621,664.97,-0.47,0.966666667,0
stammer,stammered,regular,1,5.793103448,681.5,-0.31,0.933333333,0
stampede,stampeded,regular,0.59,5.483870968,711.25,-0.09,0.965517241,0
stand,stood,irregular,0.14,5.677419355,746.31,-0.05,0.842696629,0.011235955
star,starred,regular,1,5,725.32,-0.11,0.833333333,0
stare,stared,regular,0.86,5.225806452,731.14,-0.1,0.933333333,0
startle,startled,regular,1,4.724137931,672.14,-0.45,1,0
stash,stashed,regular,1,4.666666667,719.97,-0.29,1,0
station,stationed,regular,1,2.461538462,704.76,-0.13,0.966666667,0
stay,stayed,regular,0.89,3.576923077,769.71,0.03,0.965517241,0
steal,stole,irregular,0.08,5.766666667,775.88,0.2,0.873563218,0
steam,steamed,regular,0.93,5.3,734.37,-0.1,0.9,0
steep,steeped,regular,0.57,4.09375,796.89,0.31,0.724137931,0
stem,stemmed,regular,1,3.28125,696.48,-0.08,0.862068966,0
step,stepped,regular,1,5.5,894.93,0.56,0.965517241,0
sterilize,sterilized,regular,1,4.678571429,735.77,0.01,1,0
stick,sticked/stuck,other,0.07,4.892857143,769.38,0.03,0.818181818,0.090909091
stiffen,stiffened,regular,1,4.548387097,728.36,-0.15,0.896551724,0
stigmatize,stigmatized,regular,1,3.0625,830.53,0.37,1,0
stimulate,stimulated,regular,1,4.35483871,679,-0.32,0.827586207,0
sting,stung,irregular,0.5,4.75862069,722.21,-0.17,0.921348315,0.011235955
stink,stank/stunk,other,0.29,4.423076923,819.65,0.25,0.781609195,0.022988506
stir,stirred,regular,1,5.225806452,635.36,-0.59,0.965517241,0
stock,stocked,regular,1,4.483870968,819.85,0.03,0.965517241,0
stoke,stoked,regular,1,4.612903226,739.16,-0.03,0.8,0
stomp,stomped,regular,1,4.913043478,680.97,-0.28,1,0
stonewall,stonewalled,regular,1,3.451612903,777.36,0.16,0.965517241,0
stop,stopped,regular,1,4.59375,665.48,-0.48,1,0
storm,stormed,regular,1,5.545454545,636.61,-0.56,0.965517241,0
straddle,straddled,regular,1,5.444444444,660.86,-0.46,1,0
straggle,straggled,regular,1,4.296296296,727.5,-0.2,0.9,0
strain,strained,regular,1,4.321428571,675.28,-0.37,1,0
strangle,strangled,regular,1,5.08,646.61,-0.58,0.965517241,0
stratify,stratified,regular,1,3.730769231,692.9,-0.19,1,0
streak,streaked,regular,0.87,4.387096774,854.92,0.21,0.517241379,0
streamline,streamlined,regular,1,4.516129032,776.78,0.18,0.9,0
stress,stressed,regular,0.88,3.966666667,605.55,-0.7,0.966666667,0
strew,strewed,regular,0.96,3.857142857,719.06,-0.16,0.655172414,0
stride,strode,irregular,0.25,5.793103448,727.49,-0.01,0.609195402,0.172413793
strike,struck,irregular,0.2,6.033333333,750.81,0.02,0.522727273,0.227272727
strip,stripped,regular,0.85,5.548387097,726.7,-0.15,0.931034483,0
strive,strived/strove,other,0.43,3.212121212,722.96,-0.19,0.643678161,0.275862069
stroll,strolled,regular,1,4.807692308,687,-0.26,0.933333333,0
struggle,struggled,regular,1,4.516129032,602.28,-0.74,1,0
strut,strutted,regular,0.75,6.066666667,791.08,0,0.896551724,0
stud,studded,regular,1,3.68,839.08,0.35,0.862068966,0
stuff,stuffed,regular,1,5.428571429,654.07,-0.56,0.965517241,0
stumble,stumbled,regular,1,5.064516129,638.47,-0.61,1,0
stun,stunned,regular,0.8,4.892857143,661.62,-0.38,0.966666667,0
stupefy,stupefied,regular,1,2.185185185,753.81,-0.01,0.862068966,0
style,styled,regular,1,4.303030303,742.03,-0.16,0.966666667,0
sub,subbed,regular,1,2.266666667,783.85,0.12,0.966666667,0
subdue,subdued,regular,0.96,4.214285714,692.44,-0.28,0.931034483,0
subjugate,subjugated,regular,1,3.842105263,703.04,-0.08,0.866666667,0
submerge,submerged,regular,1,5.096774194,632.3,-0.52,0.9,0
subordinate,subordinated,regular,1,3.193548387,783,0.19,0.965517241,0
subscribe,subscribed,regular,1,3.870967742,772.79,0.06,0.933333333,0
subsidize,subsidized,regular,1,3.967741935,714.35,-0.24,0.896551724,0
substantiate,substantiated,regular,1,3.064516129,797.5,0.29,0.965517241,0
subsume,subsumed,regular,1,3.24137931,860.96,0.39,0.866666667,0
subvert,subverted,regular,0.83,3.24137931,719.39,-0.03,0.862068966,0
succumb,succumbed,regular,0.92,3.04,724.32,-0.1,0.965517241,0
suckle,suckled,regular,1,4.838709677,708,-0.21,0.966666667,0
suffer,suffered,regular,1,4.384615385,603.59,-0.76,0.931034483,0
suffocate,suffocated,regular,1,6.333333333,624.48,-0.6,0.931034483,0
sugar,sugared,regular,1,5.071428571,694.42,-0.35,0.9,0
suit,suited,regular,0.89,3.307692308,676.35,-0.31,0.866666667,0
sully,sullied,regular,1,3.344827586,765.34,0.09,1,0
summon,summoned,regular,1,4.129032258,668,-0.46,0.965517241,0
sunbathe,sunbathed,regular,1,5.466666667,796.04,0.29,0.966666667,0
superimpose,superimposed,regular,1,3.741935484,822.67,0.37,0.896551724,0
supervise,supervised,regular,1,4.230769231,669.41,-0.36,0.966666667,0
supplement,supplemented,regular,1,3.419354839,684.61,-0.32,0.965517241,0
support,supported,regular,1,4.032258065,617.15,-0.61,0.965517241,0
suppress,suppressed,regular,0.89,4.161290323,728.14,-0.19,1,0
surface,surfaced,regular,1,4.642857143,672.9,-0.41,1,0
surmise,surmised,regular,0.75,2.709677419,766.23,0.2,0.931034483,0
surpass,surpassed,regular,1,2.59375,678.14,-0.43,0.966666667,0
surrender,surrendered,regular,1,4.548387097,629.21,-0.59,1,0
survey,surveyed,regular,0.9,4.612903226,661.83,-0.47,1,0
suspect,suspected,regular,0.5,3.321428571,701.81,-0.14,0.931034483,0
sustain,sustained,regular,1,2.0625,663.68,-0.28,0.833333333,0
swaddle,swaddled,regular,1,4.592592593,765.75,0.02,0.965517241,0
swallow,swallowed,regular,1,5.384615385,687.52,-0.41,0.931034483,0
swap,swapped,regular,1,4.387096774,698.96,-0.17,0.933333333,0
swat,swatted,regular,1,5.5,810.11,0.29,0.965517241,0
sway,swayed,regular,0.89,5.064516129,765.48,-0.13,0.931034483,0
swear,swore,irregular,0.14,4.615384615,782.12,0.14,0.772727273,0.136363636
sweep,swept,irregular,0.43,5.740740741,715.63,-0.2,0.91954023,0.045977011
sweeten,sweetened,regular,1,4.696969697,672.24,-0.44,0.866666667,0
swerve,swerved,regular,1,5.1,712.96,-0.19,0.827586207,0
swill,swilled,regular,1,4.571428571,682.54,-0.25,0.8,0
swim,swam,irregular,0.14,6.121212121,723.71,-0.21,0.897727273,0.034090909
swing,swung,irregular,0.5,6.090909091,685.97,-0.31,0.865168539,0
swipe,swiped,regular,1,5.9,740.28,-0.06,0.862068966,0
swish,swished,regular,1,4.75862069,778.85,0.1,0.965517241,0
swivel,swiveled,regular,1,5.666666667,660.26,-0.36,0.965517241,0
swoop,swooped,regular,1,5.566666667,693.88,-0.25,0.6,0
symbolize,symbolized,regular,1,3.451612903,640.14,-0.61,1,0
synchronize,synchronized,regular,1,4.379310345,767.85,0.24,0.931034483,0
synthesize,synthesized,regular,1,2.4,789.38,0.3,0.966666667,0
table,tabled,regular,1,3.545454545,660.64,-0.4,0.965517241,0
tackle,tackled,regular,1,5.121212121,636.96,-0.68,0.965517241,0
tail,tailed,regular,1,4.096774194,729.86,-0.11,0.965517241,0
taint,tainted,regular,1,3.4375,657.96,-0.48,0.931034483,0
take,took,irregular,0.13,5.6,769.71,0.12,0.897727273,0
tally,tallied,regular,1,3.96875,654.89,-0.51,0.933333333,0
tamp,tamped,regular,1,3.518518519,755.65,0.04,0.9,0
tangle,tangled,regular,1,4.4,674.86,-0.29,0.965517241,0
tap,tapped,regular,0.95,5.424242424,685.81,-0.43,0.931034483,0
taper,tapered,regular,1,5.125,671.79,-0.35,0.966666667,0
tarnish,tarnished,regular,1,4.28125,631.07,-0.58,1,0
tattoo,tattooed,regular,0.96,6.181818182,673.57,-0.5,0.965517241,0
tax,taxed,regular,1,3.21875,687.23,-0.27,1,0
teach,taught,irregular,0.17,5.466666667,778.62,0.12,0.920454545,0.056818182
tear,teared/tore,other,0.18,4.7,883.23,0.66,0.795454545,0.090909091
tease,teased,regular,0.89,4.787878788,756.42,0.02,0.896551724,0
teem,teemed,regular,1,4.807692308,737.4,-0.16,0.9,0
teethe,teethed,regular,1,4.806451613,793.05,0.27,0.733333333,0
telephone,telephoned,regular,1,5.3,684.77,-0.34,0.965517241,0
televise,televised,regular,1,4.966666667,653.04,-0.42,0.965517241,0
tell,told,irregular,0.13,5.133333333,720.83,-0.15,0.921348315,0.011235955
temper,tempered,regular,1,2.833333333,659.34,-0.47,1,0
tenant,tenanted,regular,1,2.75,839.1,0.74,0.689655172,0
tender,tendered,regular,1,3.423076923,697.08,-0.34,0.931034483,0
term,termed,regular,1,2.393939394,716.41,-0.23,0.931034483,0
terrace,terraced,regular,1,3.53125,795.69,0.25,0.965517241,0
terrorize,terrorized,regular,1,4.451612903,697.69,-0.39,0.966666667,0
testify,testified,regular,1,4.115384615,626.24,-0.57,0.966666667,0
thank,thanked,regular,1,4.807692308,723.33,-0.1,1,0
thaw,thawed,regular,0.91,6,723.52,-0.1,0.966666667,0
thicken,thickened,regular,1,4.580645161,737,-0.06,0.933333333,0
think,thought,irregular,0.07,4.307692308,837.14,0.44,0.67816092,0.034482759
thrash,thrashed,regular,1,4.806451613,693.69,-0.23,1,0
threaten,threatened,regular,1,5.032258065,701.57,-0.2,0.965517241,0
thrill,thrilled,regular,1,4.03030303,661.48,-0.34,0.9,0
throb,throbbed,regular,1,5.142857143,731.34,-0.08,1,0
throttle,throttled,regular,1,4.068965517,721.86,0.01,0.933333333,0
throw,threw,irregular,0.19,5.346153846,831.31,0.34,0.727272727,0.056818182
thrust,thrust,irregular,0.2,5.181818182,739.34,0.03,0.741573034,0.213483146
thumb,thumbed,regular,0.83,4.4375,739.86,0.01,0.933333333,0
thunder,thundered,regular,1,5,641.14,-0.48,1,0
tick,ticked,regular,0.87,4.964285714,808.67,0.29,0.931034483,0
tidy,tidied,regular,1,4.192307692,760.38,0.04,1,0
tighten,tightened,regular,1,6.1,668.75,-0.39,1,0
till,tilled,regular,1,4.3125,707.8,-0.21,0.862068966,0
time,timed,regular,1,3.730769231,714.59,-0.18,0.9,0
tinge,tinged,regular,1,4.153846154,710.17,-0.11,0.827586207,0
tinker,tinkered,regular,1,4.571428571,731.62,-0.14,0.966666667,0
tint,tinted,regular,1,5.037037037,679.15,-0.37,0.931034483,0
tiptoe,tiptoed,regular,1,6.4,648.25,-0.41,0.965517241,0
titillate,titillated,regular,1,4.206896552,845.04,0.72,0.833333333,0
toast,toasted,regular,1,5.133333333,653.72,-0.48,0.833333333,0
toe,toed,regular,0.76,3.696969697,712.63,-0.24,0.965517241,0
tolerate,tolerated,regular,1,3.774193548,665,-0.59,0.965517241,0
tone,toned,regular,1,4,699.36,-0.24,0.933333333,0
toot,tooted,regular,0.89,4.666666667,768.24,0.2,0.896551724,0
topple,toppled,regular,1,4.6,613.72,-0.76,0.966666667,0
torpedo,torpedoed,regular,1,4.96875,786.61,0.14,0.933333333,0
toss,tossed,regular,1,5.483870968,639.07,-0.52,0.965517241,0
tote,toted,regular,1,4.619047619,720.79,-0.21,0.933333333,0
touch,touched,regular,1,5.818181818,700.57,-0.27,0.965517241,0
tour,toured,regular,1,4.966666667,703.96,-0.25,0.931034483,0
tout,touted,regular,1,3.461538462,771.7,0.1,0.9,0
tower,towered,regular,1,4.928571429,652.73,-0.46,1,0
track,tracked,regular,1,4.161290323,673.78,-0.45,0.931034483,0
traffic,trafficked,regular,1,4.935483871,739.96,-0.12,0.931034483,0
train,trained,regular,1,4.666666667,652.47,-0.52,1,0
tramp,tramped,regular,1,3.878787879,687.27,-0.29,0.896551724,0
tranquilize,tranquilized,regular,1,5.033333333,746.43,-0.16,1,0
transcend,transcended,regular,0.58,3.7,682.69,-0.31,1,0
transfer,transferred,regular,1,3.807692308,654.48,-0.52,1,0
transfix,transfixed,regular,1,3.896551724,725.21,-0.2,1,0
transgress,transgressed,regular,0.89,2.806451613,734.43,-0.01,0.965517241,0
transmit,transmitted,regular,0.47,3.533333333,697.07,-0.25,0.931034483,0
transpire,transpired,regular,1,2.862068966,770.21,0.04,0.965517241,0
transport,transported,regular,1,5.09375,620.45,-0.61,0.966666667,0
trap,trapped,regular,0.95,5.090909091,647.93,-0.56,1,0
traverse,traversed,regular,0.8,3.821428571,762.42,0.1,0.862068966,0
tread,trod,irregular,0.09,4.866666667,786.49,0.2,0.693181818,0.136363636
treasure,treasured,regular,1,4.384615385,632.27,-0.5,1,0
treble,trebled,regular,1,3.25,746,-0.02,0.931034483,0
tremble,trembled,regular,1,5.363636364,646.42,-0.55,0.896551724,0
trick,tricked,regular,0.87,3.571428571,710.45,-0.17,1,0
trigger,triggered,regular,1,4.64516129,632.37,-0.5,0.931034483,0
trim,trimmed,regular,0.75,5.303030303,651.14,-0.52,0.965517241,0
triple,tripled,regular,1,4.133333333,649.54,-0.58,0.965517241,0
troll,trolled,regular,1,3.96875,690.18,-0.28,0.965517241,0
trot,trotted,regular,1,4.866666667,707.67,-0.25,0.965517241,0
trounce,trounced,regular,1,3.607142857,694.3,-0.26,1,0
trumpet,trumpeted,regular,1,4.733333333,679.11,-0.31,0.965517241,0
trundle,trundled,regular,1,3.56,722.78,-0.22,0.931034483,0
trust,trusted,regular,0.8,3.481481481,678.57,-0.42,0.933333333,0
tuck,tucked,regular,1,4.787878788,655.04,-0.45,1,0
tumble,tumbled,regular,1,5.076923077,631.43,-0.57,0.933333333,0
tunnel,tunneled,regular,1,5.285714286,638.86,-0.62,0.965517241,0
tutor,tutored,regular,1,5.433333333,650.37,-0.47,0.931034483,0
tweak,tweaked,regular,0.87,2.96875,680.48,-0.52,0.833333333,0
twine,twined,regular,1,4.586206897,770.92,0.01,0.896551724,0
twirl,twirled,regular,1,5.24137931,659.86,-0.46,1,0
twitch,twitched,regular,1,6.166666667,723.55,-0.19,1,0
type,typed,regular,1,5.909090909,731.07,-0.14,1,0
unbalance,unbalanced,regular,1,4.538461538,687.55,-0.23,1,0
unbind,unbound,irregular,1,4.545454545,816.08,0.24,0.719101124,0.213483146
unburden,unburdened,regular,1,2.59375,729.04,-0.03,0.862068966,0
uncover,uncovered,regular,1,5.642857143,620.93,-0.64,0.966666667,0
undercut,undercut,irregular,1,3.548387097,743.81,-0.07,0.804597701,0.16091954
undergo,underwent,irregular,0.09,3.571428571,763.36,0.04,0.579545455,0.034090909
underlie,underlay,irregular,0.11,3.35483871,771.67,0.04,0.707865169,0.112359551
underline,underlined,regular,1,5.35483871,698,-0.33,0.896551724,0
underpay,underpaid,regular,0.9,3.481481481,793.33,-0.05,0.9,0
underplay,underplayed,regular,0.9,3,673.93,-0.38,1,0
underscore,underscored,regular,1,3.785714286,732.71,-0.13,1,0
understand,understood,irregular,0.25,4.387096774,692.52,-0.29,0.977011494,0
understudy,understudied,regular,1,2.818181818,788.23,0.07,0.9,0
undertake,undertook,irregular,1,3.2,708.03,-0.27,0.897727273,0
underwrite,underwrote,irregular,1,3.384615385,801.89,0.28,0.741573034,0.02247191
undo,undid,irregular,0.08,3.785714286,759.06,-0.01,0.764044944,0.011235955
undress,undressed,regular,0.89,5.3,668.45,-0.47,0.966666667,0
unearth,unearthed,regular,1,4.818181818,706,-0.12,0.931034483,0
unfurl,unfurled,regular,1,4.129032258,679.07,-0.28,0.9,0
unhook,unhooked,regular,1,5.034482759,654.79,-0.53,0.966666667,0
unionize,unionized,regular,1,4.166666667,787.61,0.31,0.827586207,0
unlearn,unlearned,regular,1,2.321428571,775.43,0.22,0.766666667,0
unload,unloaded,regular,1,5.4,629.33,-0.65,1,0
unmask,unmasked,regular,1,5.321428571,682.21,-0.34,1,0
unpack,unpacked,regular,1,5.096774194,702.26,-0.32,0.931034483,0
unroll,unrolled,regular,1,5.121212121,652.54,-0.54,0.933333333,0
unseat,unseated,regular,0.73,4.8,766.33,0.17,0.862068966,0
untangle,untangled,regular,1,4.9,654.04,-0.48,0.9,0
unwind,unwound,irregular,0.63,4.064516129,746.56,-0.02,0.707865169,0.191011236
unzip,unzipped,regular,0.83,6.4,662.25,-0.44,0.933333333,0
upbraid,upbraided,regular,1,4.571428571,817.96,0.3,0.827586207,0
upend,upended,regular,1,3.571428571,746.5,0.12,0.724137931,0
uphold,upheld,irregular,0.4,3.181818182,713.39,-0.2,0.887640449,0.06741573
upholster,upholstered,regular,1,5.620689655,727.7,-0.12,0.931034483,0
uproot,uprooted,regular,0.9,4.59375,694.79,-0.26,0.965517241,0
upset,upset,irregular,0.38,3.8,700.74,-0.28,0.831460674,0.134831461
urbanize,urbanized,regular,1,3.515151515,699.39,-0.15,0.966666667,0
urinate,urinated,regular,1,6.181818182,723.26,-0.1,0.9,0
usher,ushered,regular,1,4.344827586,669.24,-0.39,1,0
utilize,utilized,regular,1,3.903225806,723.48,-0.03,0.9,0
vacate,vacated,regular,1,4.133333333,718.44,-0.13,0.965517241,0
vacillate,vacillated,regular,1,4.631578947,908,0.97,0.448275862,0
validate,validated,regular,1,4.35483871,673.14,-0.3,0.965517241,0
vandalize,vandalized,regular,1,4.551724138,718.76,-0.17,0.966666667,0
vanquish,vanquished,regular,1,4.5,702.26,-0.17,0.931034483,0
varnish,varnished,regular,1,5.037037037,702.85,-0.17,0.965517241,0
vault,vaulted,regular,1,4.833333333,691.25,-0.25,0.933333333,0
veer,veered,regular,0.94,4.25,727.31,-0.05,0.896551724,0
veil,veiled,regular,1,4.733333333,774.63,0.2,0.933333333,0
venerate,venerated,regular,1,2.517241379,728.73,-0.06,1,0
ventilate,ventilated,regular,1,4.303030303,757.04,0.07,0.965517241,0
verbalize,verbalized,regular,1,4.161290323,747.73,-0.13,1,0
vest,vested,regular,1,3.115384615,679.1,-0.36,0.966666667,0
veto,vetoed,regular,1,3.714285714,812.5,0.35,0.896551724,0
vibrate,vibrated,regular,1,6.133333333,754.89,-0.09,0.931034483,0
vie,vied,regular,0.83,3.869565217,839.33,0.41,0.9,0
vilify,vilified,regular,1,3.75,794.2,0.28,0.896551724,0
violate,violated,regular,1,3.15625,678.17,-0.43,0.966666667,0
visualize,visualized,regular,1,4.806451613,663.23,-0.43,1,0
volley,volleyed,regular,1,4.777777778,672.79,-0.39,1,0
vomit,vomited,regular,1,5.419354839,707.97,-0.33,1,0
vouchsafe,vouchsafed,regular,1,3.37037037,908.57,0.99,0.866666667,0
waddle,waddled,regular,1,4.888888889,680.71,-0.28,0.965517241,0
waft,wafted,regular,1,4.083333333,758.24,0.16,0.833333333,0
wage,waged,regular,1,3.838709677,720.36,-0.21,0.965517241,0
waggle,waggled,regular,1,4.607142857,687.33,-0.36,0.931034483,0
wait,waited,regular,1,3.903225806,741.96,-0.08,0.966666667,0
wake,woke,other,0.13,5.419354839,866.3,0.47,0.766666667,0.066666667
walk,walked,regular,1,6.4,683.79,-0.27,1,0
wallop,walloped,regular,1,5.448275862,663.5,-0.39,0.896551724,0
waltz,waltzed,regular,1,5.933333333,714.82,-0.19,0.933333333,0
wane,waned,regular,1,2.862068966,777.83,0.17,0.862068966,0
want,wanted,regular,1,3.071428571,786.25,0.19,0.965517241,0
warble,warbled,regular,1,4.379310345,739.14,-0.06,0.966666667,0
warn,warned,regular,1,3.757575758,772.39,0.03,1,0
warrant,warranted,regular,1,2.333333333,679.46,-0.31,0.933333333,0
waste,wasted,regular,1,4.5,680.46,-0.4,0.965517241,0
water,watered,regular,1,5.939393939,718.93,-0.15,0.965517241,0
waver,wavered,regular,1,3.966666667,717.45,-0.16,0.75862069,0
waylay,waylaid,regular,1,3.631578947,766.96,0.12,0.965517241,0
wean,weaned,regular,0.88,3.555555556,775.35,0.29,0.689655172,0
wear,wore,irregular,0.14,5,835.07,0.5,0.795454545,0.022727273
weather,weathered,regular,1,3.696969697,657.19,-0.41,0.931034483,0
weave,weaved/wove,other,0.14,4.8,776.32,0.19,0.670454545,0.090909091
wedge,wedged,regular,1,4.566666667,645.64,-0.49,0.966666667,0
weep,wept,irregular,0.43,4.833333333,748.85,-0.01,0.840909091,0.113636364
weigh,weigh,regular,0.89,5,762.29,0.07,0.965517241,0
welcome,welcomed,regular,1,4.933333333,696.36,-0.33,0.965517241,0
well,welled,regular,0.67,3.6,813.05,0.51,0.827586207,0
westernize,westernized,regular,1,3.896551724,777.17,0.13,1,0
whack,whacked,regular,1,5.193548387,694.67,-0.26,0.933333333,0
wheel,wheeled,regular,0.69,4.6,770.7,0.11,0.933333333,0
whet,whetted,regular,0.6,3.954545455,899.8,0.75,0.724137931,0
whine,whined,regular,0.89,5.290322581,727.58,-0.07,0.9,0
whip,whipped,regular,0.85,5.903225806,656.42,-0.51,0.896551724,0
whirr,whirred,regular,1,4.2,763.96,0.14,0.862068966,0
whisper,whispered,regular,1,5.461538462,629.14,-0.6,0.966666667,0
whiten,whitened,regular,1,5.074074074,835.41,0.45,0.933333333,0
whittle,whittled,regular,1,5.090909091,685.42,-0.3,0.965517241,0
whoop,whooped,regular,1,4.606060606,715.36,0.18,0.75862069,0
wield,wielded,regular,1,4.096774194,896.08,0.74,0.827586207,0
wilt,wilted,regular,1,5.107142857,664.04,-0.37,0.827586207,0
win,won,irregular,0.17,4.846153846,867.3,0.66,0.764044944,0.02247191
winch,winched,regular,1,4.275862069,806,0.35,0.896551724,0
wind,winded/wound,other,0.57,4.625,814.93,0.5,0.685393258,0.123595506
wink,winked,regular,0.4,6.25,731.44,-0.1,0.833333333,0
winter,wintered,regular,1,3.5,753.86,0.11,0.965517241,0
wire,wired,regular,1,4.576923077,653.92,-0.32,0.896551724,0
withdraw,withdrew,irregular,0.17,4.033333333,727.99,-0.08,0.829545455,0
wither,withered,regular,1,4.625,696.11,-0.28,0.965517241,0
withhold,withheld,irregular,0.4,3.612903226,714.5,-0.13,0.942528736,0.022988506
withstand,withstood,irregular,0.25,4.129032258,791.7,0.21,0.829545455,0.068181818
wobble,wobbled,regular,1,5.133333333,701.21,-0.22,1,0
wonder,wondered,regular,1,4.384615385,683.93,-0.42,1,0
word,worded,regular,1,2.821428571,830.92,0.52,0.866666667,0
worm,wormed,regular,1,4.451612903,745.08,0.14,0.862068966,0
worsen,worsened,regular,1,3.258064516,736.13,-0.08,0.857142857,0
wound,wounded,regular,1,5.612903226,1011.14,1.03,0.466666667,0
wrap,wrapped,regular,1,5.607142857,657.11,-0.47,0.965517241,0
wreathe,wreathed,regular,1,4.095238095,841.75,0.6,0.6,0
wrench,wrenched,regular,1,4.72,720.52,-0.22,0.966666667,0
wrestle,wrestled,regular,1,5.848484848,690.17,-0.29,1,0
wring,wrung,irregular,0.5,5.304347826,800.32,0.41,0.761363636,0.056818182
wrinkle,wrinkled,regular,1,5.25,700.1,-0.28,0.966666667,0
write,wrote,irregular,0.09,6.060606061,777.03,0.09,0.75,0.011363636
wrong,wronged,regular,1,3.225806452,752.82,0.08,0.933333333,0
yank,yanked,regular,1,5.25,701.78,-0.18,0.931034483,0
yawn,yawned,regular,1,5.967741935,680.74,-0.26,0.931034483,0
yell,yelled,regular,0.67,5.333333333,819.03,0.28,1,0
yelp,yelped,regular,1,4.884615385,637.64,-0.5,0.965517241,0
zap,zapped,regular,0.95,5.090909091,745,-0.1,0.966666667,0
zip,zipped,regular,0.82,5.625,729.64,-0.04,0.933333333,0