word_german,word_english,letters_N,frequency_per_million,frequency_class,valence_M_young_female,valence_M_young_male,valence_M_old_female,valence_M_old_male,valence_M_young,valence_M_old,valence_M,arousal_M_young_female,arousal_M_young_male,arousal_M_old_female,arousal_M_old_male,arousal_M_young,arousal_M_old,arousal_M,control_M_young_female,control_M_young_male,control_M_old_female,control_M_old_male,control_M_young,control_M_old,control_M,imagine_M_young_female,imagine_M_young_male,imagine_M_old_female,imagine_M_old_male,imagine_M_young,imagine_M_old,imagine_M,selfrelevance_M_young_female,selfrelevance_M_young_male,selfrelevance_M_old_female,selfrelevance_M_old_male,selfrelevance_M_young,selfrelevance_M_old,selfrelevance_M,agerelevance_M_young_female,agerelevance_M_young_male,agerelevance_M_old_female,agerelevance_M_old_male,agerelevance_M_young,agerelevance_M_old,agerelevance_M,valence_M_self,valence_M_other,self_or_other_M,self_or_other_SD,self_or_other_class,valence_anova_p_age,valence_anova_etasquared_age,valence_anova_significant_age,valence_anova_p_sex,valence_anova_etasquared_sex,valence_anova_significant_sex,valence_anova_p_age_sex,valence_anova_etasquared_age_sex,valence_anova_significant_age_sex,arousal_anova_p_age,arousal_anova_etasquared_age,arousal_anova_significant_age,arousal_anova_p_sex,arousal_anova_etasquared_sex,arousal_anova_significant_sex,arousal_anova_p_age_sex,arousal_anova_etasquared_age_sex,arousal_anova_significant_age_sex,control_anova_p_age,control_anova_etasquared_age,control_anova_significant_age,control_anova_p_sex,control_anova_etasquared_sex,control_anova_significant_sex,control_anova_p_age_sex,control_anova_etasquared_age_sex,control_anova_significant_age_sex,imagine_anova_p_age,imagine_anova_etasquared_age,imagine_anova_significant_age,imagine_anova_p_sex,imagine_anova_etasquared_sex,imagine_anova_significant_sex,imagine_anova_p_age_sex,imagine_anova_etasquared_age_sex,imagine_anova_significant_age_sex,selfrelevance_anova_p_age,selfrelevance_anova_etasquared_age,selfrelevance_anova_significant_age,selfrelevance_anova_p_sex,selfrelevance_anova_etasquared_sex,selfrelevance_anova_significant_sex,selfrelevance_anova_p_age_sex,selfrelevance_anova_etasquared_age_sex,selfrelevance_anova_significant_age_sex,agerelevance_anova_p_age,agerelevance_anova_etasquared_age,agerelevance_anova_significant_age,agerelevance_anova_p_sex,agerelevance_anova_etasquared_sex,agerelevance_anova_significant_sex,agerelevance_anova_p_age_sex,agerelevance_anova_etasquared_age_sex,agerelevance_anova_significant_age_sex
abhaengig,dependent,8,19.464,10,1.5,1.75,1.75,2.083,1.625,1.917,1.771,6,5.583,4.5,4.636,5.792,4.565,5.191,1.917,1.167,2.818,2.417,1.542,2.609,2.064,4.083,3.364,3.333,3.083,3.739,3.208,3.468,3.417,3.667,1.667,2.583,3.542,2.125,2.833,3.917,3.333,3.75,3.091,3.625,3.435,3.532,1.813,2.563,1.917,0.22,2,0.273,0.027,0,0.273,0.027,0,0.875,0.001,0,0.007,0.16,1,0.745,0.002,0,0.522,0.01,0,0.026,0.111,1,0.222,0.034,0,0.71,0.003,0,0.352,0.02,0,0.38,0.018,0,0.67,0.004,0,0.005,0.168,1,0.226,0.033,0,0.487,0.011,0,0.496,0.011,0,0.043,0.092,1,0.899,0,0
abwesend,pre-occupied,8,1.767,14,2.917,3.083,3,2.917,3,2.958,2.979,2.833,2.5,3.083,2.25,2.667,2.667,2.667,1.917,1.917,3.083,2,1.917,2.542,2.229,3.833,3.25,5,3.583,3.542,4.292,3.917,2.583,2.917,1.833,2.25,2.75,2.042,2.396,3.5,3.667,3.583,4,3.583,3.792,3.688,2.813,2.125,1.458,0.5,1,0.875,0.001,0,0.875,0.001,0,0.638,0.005,0,1,0,0,0.187,0.039,0,0.568,0.007,0,0.13,0.051,0,0.188,0.039,0,0.188,0.039,0,0.221,0.034,0,0.105,0.059,0,0.494,0.011,0,0.082,0.067,0,0.352,0.02,0,0.917,0,0,0.273,0.027,0,0.127,0.052,0,0.509,0.01,0
aggressiv,aggressive,9,8.319,12,1.083,1.583,1.167,1.833,1.333,1.5,1.417,6.667,6.5,6.833,6.636,6.583,6.739,6.66,3.333,3.75,4.167,2.917,3.542,3.542,3.542,5.545,6.417,5.917,6.083,6,6,6,2.25,3.083,2.5,3,2.667,2.739,2.702,2.667,2.167,2.333,1.75,2.417,2.042,2.229,1.875,1.625,1.125,0.333,1,0.466,0.012,0,0.014,0.131,1,0.715,0.003,0,0.366,0.019,0,0.279,0.027,0,0.928,0,0,1,0,0,0.469,0.012,0,0.151,0.046,0,0.963,0,0,0.209,0.036,0,0.391,0.017,0,0.855,0.001,0,0.15,0.048,0,0.716,0.003,0,0.068,0.074,0,0.01,0.142,1,0.836,0.001,0
akkurat,precise,7,1.695,14,4.083,4.417,6.083,5.833,4.25,5.958,5.104,5.167,4.667,3.833,4.083,4.917,3.958,4.438,5.75,5.273,5.667,6.167,5.522,5.917,5.723,4.417,3.083,5.083,3.75,3.75,4.417,4.083,4.667,4.182,5.583,5.5,4.435,5.542,5,3.25,3.583,3.75,3.917,3.417,3.833,3.625,5.125,4.813,1.625,0.441,2,0,0.367,1,0.903,0,0,0.393,0.017,0,0.041,0.092,1,0.784,0.002,0,0.413,0.015,0,0.264,0.029,0,0.975,0,0,0.18,0.041,0,0.222,0.034,0,0.017,0.122,1,1,0,0,0.007,0.158,1,0.474,0.012,0,0.613,0.006,0,0.069,0.073,0,0.269,0.028,0,0.711,0.003,0
aktiv,active,5,32.207,10,5.75,5.417,6.333,5.833,5.583,6.083,5.833,4.667,4.917,5.417,5.667,4.792,5.542,5.167,6.167,6.167,6.25,6.083,6.167,6.167,6.167,5.5,5.75,5.917,4.833,5.625,5.375,5.5,6.083,4.833,6.25,5.5,5.458,5.875,5.667,1.5,1.333,2.25,2,1.417,2.13,1.766,6.75,6.188,2,0,2,0.013,0.133,1,0.036,0.097,1,0.667,0.004,0,0.134,0.05,0,0.613,0.006,0,1,0,0,1,0,0,0.807,0.001,0,0.807,0.001,0,0.556,0.008,0,0.328,0.022,0,0.121,0.054,0,0.173,0.042,0,0.002,0.201,1,0.411,0.015,0,0.001,0.228,1,0.3,0.025,0,0.835,0.001,0
albern,silly,6,2.666,13,4.333,4.75,3.333,2.583,4.542,2.958,3.75,2.167,2.583,3.417,3.333,2.375,3.375,2.875,4.083,3.583,4.083,2.833,3.833,3.458,3.646,5.75,5.75,5.25,5.167,5.75,5.208,5.479,4.75,5.583,2.25,2,5.167,2.125,3.646,2.25,1.583,1.417,2.167,1.917,1.792,1.854,5,5,1.25,0.441,1,0,0.325,1,0.63,0.005,0,0.097,0.061,0,0.007,0.154,1,0.64,0.005,0,0.484,0.011,0,0.429,0.014,0,0.069,0.073,0,0.429,0.014,0,0.207,0.036,0,0.922,0,0,0.922,0,0,0,0.583,1,0.456,0.013,0,0.17,0.042,0,0.541,0.009,0,0.838,0.001,0,0.001,0.217,1
alt,old,3,27.889,10,3.667,3.333,3.917,3.417,3.5,3.667,3.583,2.75,2.75,3.667,3.167,2.75,3.417,3.083,3.833,2.583,2.583,4,3.208,3.292,3.25,6.727,6.333,6.273,6.583,6.522,6.435,6.478,1.75,2,5.583,6,1.875,5.792,3.833,4.75,5,4.75,4.667,4.875,4.708,4.792,3.5,4,1.875,0.354,2,0.677,0.004,0,0.3,0.024,0,0.835,0.001,0,0.091,0.063,0,0.521,0.009,0,0.521,0.009,0,0.865,0.001,0,0.865,0.001,0,0.009,0.145,1,0.747,0.002,0,0.896,0,0,0.27,0.029,0,0,0.611,1,0.483,0.011,0,0.86,0.001,0,0.213,0.035,0,0.53,0.009,0,0.213,0.035,0
amuesiert,amused,8,4.435,13,6.083,5.417,5.5,5.5,5.75,5.5,5.625,2.5,3,3.333,2.75,2.75,3.042,2.896,4.75,4.583,3.667,4.083,4.667,3.875,4.271,5.833,5.417,6,5,5.625,5.5,5.563,5.25,5.25,4.583,4.5,5.25,4.542,4.896,2.167,2.417,3,2.75,2.292,2.875,2.583,6.125,5.375,1.875,0.354,2,0.329,0.022,0,0.195,0.038,0,0.195,0.038,0,0.473,0.012,0,0.918,0,0,0.186,0.039,0,0.06,0.078,0,0.762,0.002,0,0.481,0.011,0,0.764,0.002,0,0.094,0.062,0,0.485,0.011,0,0.052,0.083,0,0.907,0,0,0.907,0,0,0.028,0.105,1,1,0,0,0.336,0.021,0
analytisch,analytical,10,1.015,15,3.25,4.667,4.917,5.5,3.958,5.208,4.583,4.583,4.833,4.5,4.75,4.708,4.625,4.667,6.25,5.833,4.75,5.5,6.042,5.125,5.583,2.273,2.833,3.75,3.083,2.565,3.417,3,4.25,4.917,4.583,5.5,4.583,5.042,4.813,2.417,2.667,2.667,2.917,2.542,2.792,2.667,5.375,4.75,1.833,0.354,2,0.002,0.2,1,0.011,0.138,1,0.274,0.027,0,0.829,0.001,0,0.518,0.01,0,1,0,0,0.024,0.111,1,0.673,0.004,0,0.144,0.048,0,0.107,0.059,0,0.92,0,0,0.249,0.031,0,0.332,0.021,0,0.097,0.061,0,0.79,0.002,0,0.293,0.025,0,0.293,0.025,0,1,0,0
angeekelt,disgusted,9,0.341,16,1.583,1.833,1.417,1.083,1.708,1.25,1.479,6.583,6,6.083,6.636,6.292,6.348,6.319,2.417,2.167,3.333,2.75,2.292,3.042,2.667,6.083,6.25,5.333,4.909,6.167,5.13,5.66,2.083,1.833,1.25,1.583,1.958,1.417,1.688,2.917,2.917,2.833,3.333,2.917,3.083,3,1.688,1.813,1.833,0.333,2,0.024,0.11,1,0.833,0.001,0,0.145,0.048,0,0.775,0.002,0,0.949,0,0,0.021,0.118,1,0.104,0.059,0,0.361,0.019,0,0.714,0.003,0,0.045,0.091,1,0.8,0.002,0,0.562,0.008,0,0.085,0.066,0,0.893,0,0,0.347,0.02,0,0.398,0.016,0,0.208,0.036,0,0.208,0.036,0
angenehm,pleasant,8,10.39,11,6.5,6.417,6.5,6,6.458,6.25,6.354,1.5,1.5,1.417,2,1.5,1.708,1.604,5.333,4.5,4.75,4.167,4.917,4.458,4.688,4,4.083,4.75,4.1,4.042,4.455,4.239,6.25,5.583,5.333,4.909,5.917,5.13,5.532,3.25,2.833,3.417,3.167,3.042,3.292,3.167,6.267,6.5,1.125,0.354,1,0.361,0.019,0,0.203,0.037,0,0.361,0.019,0,0.409,0.016,0,0.249,0.03,0,0.249,0.03,0,0.356,0.019,0,0.157,0.045,0,0.8,0.001,0,0.516,0.01,0,0.63,0.006,0,0.534,0.009,0,0.014,0.132,1,0.086,0.067,0,0.698,0.004,0,0.139,0.049,0,0.05,0.084,0,0.618,0.006,0
angepasst,conformist,8,7.722,12,2.667,2.417,4.167,3.75,2.542,3.958,3.25,4.75,4.583,2.583,4,4.667,3.292,3.979,2.5,3.25,5.083,3.833,2.875,4.458,3.667,2.182,3.083,3.417,3,2.652,3.208,2.936,3.5,3.5,4.25,3.917,3.5,4.083,3.792,3.833,3.833,3.833,3.25,3.833,3.542,3.688,3.813,3.813,1.208,0.333,1,0.001,0.228,1,0.401,0.016,0,0.833,0.001,0,0,0.256,1,0.084,0.066,0,0.03,0.102,1,0.001,0.215,1,0.586,0.007,0,0.034,0.098,1,0.243,0.032,0,0.621,0.006,0,0.183,0.041,0,0.237,0.032,0,0.734,0.003,0,0.734,0.003,0,0.265,0.028,0,0.265,0.028,0,0.265,0.028,0
angeregt,inspired,8,8.621,12,5.333,5.417,4.727,5.75,5.375,5.261,5.319,4.333,4.167,3.917,4.5,4.25,4.208,4.229,5,4.25,4.583,4.667,4.625,4.625,4.625,3.667,3.75,4.75,4.583,3.708,4.667,4.188,5.25,5,5.636,4.917,5.125,5.261,5.191,2.5,2.333,2.5,2.583,2.417,2.542,2.479,6,5.563,1.917,0.333,2,0.679,0.004,0,0.098,0.062,0,0.158,0.046,0,0.916,0,0,0.6,0.006,0,0.347,0.02,0,1,0,0,0.319,0.023,0,0.215,0.035,0,0.073,0.071,0,0.937,0,0,0.812,0.001,0,0.536,0.009,0,0.052,0.085,0,0.339,0.021,0,0.557,0.008,0,0.845,0.001,0,0.557,0.008,0
angespannt,tense,10,4.28,13,2.333,2.167,2.667,3.25,2.25,2.958,2.604,6.25,6.333,5.417,5.727,6.292,5.565,5.936,3.667,3.5,4.333,6,3.583,5.167,4.375,4.5,4.583,4.167,4,4.542,4.083,4.313,4,3.25,3.167,3.5,3.625,3.333,3.479,2.75,2.583,2.583,2.417,2.667,2.5,2.583,2.267,2.563,1.833,0.441,2,0.047,0.087,1,0.55,0.008,0,0.285,0.026,0,0.024,0.112,1,0.527,0.009,0,0.714,0.003,0,0,0.258,1,0.07,0.073,0,0.028,0.105,1,0.32,0.022,0,0.928,0,0,0.785,0.002,0,0.516,0.01,0,0.643,0.005,0,0.231,0.032,0,0.448,0.013,0,0.448,0.013,0,1,0,0
aengstlich,afraid,9,6.332,12,2.417,2.25,2.583,2.583,2.333,2.583,2.458,5.5,5.5,5.417,4,5.5,4.708,5.104,1.833,1.917,2.182,2.667,1.875,2.435,2.149,5.417,5.917,4.917,5.333,5.667,5.125,5.396,3.25,2.5,2.75,2.25,2.875,2.5,2.688,3.667,3.667,4.083,3.583,3.667,3.833,3.75,1.75,2.063,2,0,2,0.337,0.021,0,0.748,0.002,0,0.748,0.002,0,0.034,0.098,1,0.056,0.08,0,0.056,0.08,0,0.072,0.073,0,0.346,0.021,0,0.505,0.01,0,0.209,0.036,0,0.287,0.026,0,0.922,0,0,0.34,0.021,0,0.115,0.056,0,0.749,0.002,0,0.41,0.016,0,0.218,0.034,0,0.218,0.034,0
arrogant,arrogant,8,3.317,13,2.583,2,1.917,1.833,2.292,1.875,2.083,5.333,5.667,6,5.583,5.5,5.792,5.646,5.417,5,5.083,4.583,5.208,4.833,5.021,5,5.083,4.75,5.333,5.043,5.042,5.043,3.5,3,1.5,2.083,3.25,1.792,2.521,2.333,2.5,2.333,2.583,2.417,2.458,2.438,2.063,1.625,1.042,0.167,1,0.3,0.024,0,0.406,0.016,0,0.533,0.009,0,0.428,0.014,0,0.91,0,0,0.31,0.023,0,0.445,0.013,0,0.351,0.02,0,0.932,0,0,1,0,0,0.559,0.008,0,0.661,0.005,0,0.002,0.202,1,0.925,0,0,0.222,0.034,0,0.869,0.001,0,0.411,0.015,0,0.869,0.001,0
attraktiv,attractive,9,13.839,11,6.667,6.25,5.583,6.333,6.458,5.958,6.208,2.75,3.417,3.5,4.25,3.083,3.875,3.479,4.667,4.75,4.333,4.75,4.708,4.542,4.625,6.636,6.417,6.083,6.167,6.522,6.125,6.319,5.417,5.25,4.917,3.75,5.333,4.333,4.833,2.083,1.583,2.25,1.917,1.833,2.083,1.958,6.438,5.813,1.375,0.441,1,0.05,0.085,0,0.505,0.01,0,0.023,0.112,1,0.079,0.068,0,0.115,0.056,0,0.925,0,0,0.728,0.003,0,0.602,0.006,0,0.728,0.003,0,0.14,0.05,0,0.8,0.002,0,0.574,0.007,0,0.002,0.193,1,0.036,0.096,1,0.113,0.056,0,0.257,0.029,0,0.062,0.077,0,0.704,0.003,0
aufbrausend,quick-tempered,11,0.376,16,2.917,2.75,1.667,2.083,2.833,1.875,2.354,6.167,5.75,6.583,6.5,5.958,6.542,6.25,2.917,3.25,3.75,2.25,3.083,3,3.042,4.833,5.833,4.667,4.917,5.333,4.792,5.063,3.5,3.5,2.917,2.5,3.5,2.708,3.104,2.25,2.25,2.417,2,2.25,2.208,2.229,2.688,2.375,1.083,0.167,1,0,0.252,1,0.618,0.006,0,0.248,0.03,0,0.006,0.158,1,0.225,0.033,0,0.417,0.015,0,0.879,0.001,0,0.289,0.026,0,0.098,0.061,0,0.349,0.02,0,0.281,0.026,0,0.516,0.01,0,0.109,0.057,0,0.669,0.004,0,0.669,0.004,0,0.869,0.001,0,0.412,0.015,0,0.412,0.015,0
aufgewuehlt,agitated,10,1.217,14,3.25,3.167,3,3.167,3.208,3.083,3.146,6,5.667,6.083,6.417,5.833,6.25,6.042,2.833,2.667,4.167,4.167,2.75,4.167,3.458,4,4.583,5.083,4.417,4.292,4.75,4.521,3.583,3.583,3.583,3.25,3.583,3.417,3.5,2.417,1.917,2.167,2.083,2.167,2.125,2.146,3.25,3.375,2,0,2,0.707,0.003,0,0.9,0,0,0.707,0.003,0,0.11,0.057,0,1,0,0,0.199,0.037,0,0.003,0.189,1,0.852,0.001,0,0.852,0.001,0,0.393,0.017,0,0.938,0,0,0.245,0.031,0,0.713,0.003,0,0.713,0.003,0,0.713,0.003,0,0.863,0.001,0,0.231,0.032,0,0.39,0.017,0
aufmerksam,attentive,10,27.967,10,5.667,5.583,6.25,5.833,5.625,6.042,5.833,4.083,4.333,5.083,5.636,4.208,5.348,4.766,6,6,5.083,5.833,6,5.458,5.729,3.833,4.583,5.167,5,4.208,5.083,4.646,6.167,5.667,5.833,5.833,5.917,5.833,5.875,3.083,2.833,2.75,2.667,2.958,2.708,2.833,6.25,6.188,1.583,0.5,2,0.135,0.05,0,0.366,0.019,0,0.545,0.008,0,0.02,0.119,1,0.405,0.016,0,0.753,0.002,0,0.162,0.044,0,0.33,0.022,0,0.33,0.022,0,0.067,0.074,0,0.534,0.009,0,0.33,0.022,0,0.768,0.002,0,0.378,0.018,0,0.378,0.018,0,0.222,0.034,0,0.413,0.015,0,0.682,0.004,0
ausdauernd,persistent,10,1.174,14,5.417,5.75,6.083,6.25,5.583,6.167,5.875,4.417,4.25,3.333,4.167,4.333,3.75,4.042,5.583,6.167,5.5,5.333,5.875,5.417,5.646,4,3.667,4.25,4.25,3.833,4.25,4.042,5.25,5.083,6.083,5.5,5.167,5.792,5.479,2.75,2.083,3.25,2.583,2.417,2.917,2.667,6.25,5.625,2,0,2,0.009,0.144,1,0.25,0.03,0,0.7,0.003,0,0.186,0.039,0,0.447,0.013,0,0.256,0.029,0,0.182,0.04,0,0.541,0.009,0,0.273,0.027,0,0.446,0.013,0,0.76,0.002,0,0.76,0.002,0,0.059,0.078,0,0.252,0.03,0,0.522,0.009,0,0.084,0.066,0,0.023,0.112,1,1,0,0
ausgeglichen,balanced,12,11.467,11,6.75,6.25,6.417,6.083,6.5,6.25,6.375,1.667,2.417,2.417,2.5,2.042,2.458,2.25,5.667,5,4.75,5.083,5.333,4.917,5.125,3.75,3.5,4.5,2.833,3.625,3.667,3.646,4.917,4.083,5.333,5,4.5,5.167,4.833,3.333,4.083,3.833,4.083,3.708,3.958,3.833,6.813,6.375,1.833,0.22,2,0.303,0.024,0,0.089,0.064,0,0.73,0.003,0,0.229,0.033,0,0.229,0.033,0,0.334,0.021,0,0.366,0.019,0,0.717,0.003,0,0.279,0.027,0,0.931,0,0,0.052,0.083,0,0.148,0.047,0,0.141,0.049,0,0.197,0.038,0,0.577,0.007,0,0.134,0.05,0,0.004,0.175,1,0.134,0.05,0
autoritaer,authoritarian,9,1.537,14,2.75,2.167,2.167,2.083,2.458,2.125,2.292,5.167,5.75,5.5,5.917,5.458,5.708,5.583,5.5,5.917,5.167,4.667,5.708,4.917,5.313,4.75,5.75,4.333,5.417,5.25,4.875,5.063,3.25,2.917,4.083,2.917,3.083,3.5,3.292,3.917,3.5,3.818,3.25,3.708,3.522,3.617,3,1.875,1,0,1,0.322,0.022,0,0.322,0.022,0,0.457,0.013,0,0.446,0.013,0,0.131,0.051,0,0.799,0.001,0,0.073,0.071,0,0.923,0,0,0.294,0.025,0,0.515,0.01,0,0.075,0.07,0,0.942,0,0,0.457,0.013,0,0.184,0.04,0,0.457,0.013,0,0.589,0.007,0,0.132,0.052,0,0.814,0.001,0
bedaechtig,deliberate,9,1.866,14,4.25,3.833,4.917,4.25,4.042,4.583,4.313,2.917,2.917,2.5,3.083,2.917,2.792,2.854,5,5,4.167,3.833,5,4,4.5,3.583,3.417,4.5,3.5,3.5,4,3.75,3.917,4,4.5,4.667,3.958,4.583,4.271,4,4.167,3.917,4,4.083,3.958,4.021,5,5.438,1.833,0.333,2,0.089,0.064,0,0.089,0.064,0,0.69,0.004,0,0.721,0.003,0,0.406,0.016,0,0.406,0.016,0,0.026,0.108,1,0.703,0.003,0,0.703,0.003,0,0.326,0.022,0,0.253,0.03,0,0.412,0.015,0,0.159,0.045,0,0.776,0.002,0,0.924,0,0,0.422,0.015,0,0.422,0.015,0,0.788,0.002,0
begeistert,enthusiastic,10,24.183,10,6.083,6,6,5.75,6.042,5.875,5.958,4.5,4.083,4.75,4.583,4.292,4.667,4.479,4.833,4.083,3.833,4.583,4.458,4.208,4.333,5.455,6,5.667,5.667,5.739,5.667,5.702,5.667,5,5.917,4.917,5.333,5.417,5.375,2.5,1.917,1.833,2,2.208,1.917,2.063,6.438,6.063,1.708,0.441,2,0.482,0.011,0,0.482,0.011,0,0.725,0.003,0,0.449,0.013,0,0.555,0.008,0,0.8,0.001,0,0.595,0.006,0,1,0,0,0.115,0.055,0,0.883,0.001,0,0.508,0.01,0,0.508,0.01,0,0.789,0.002,0,0.01,0.142,1,0.593,0.007,0,0.175,0.041,0,0.33,0.022,0,0.083,0.067,0
beharrlich,insistent,10,4.207,13,4.25,4.167,5.333,5.5,4.208,5.417,4.813,5.417,4.667,4.833,4.75,5.042,4.792,4.917,5.167,5.25,4.833,5.667,5.208,5.25,5.229,2.917,3.333,4.25,3.083,3.125,3.667,3.396,4.833,4.167,5.667,5.25,4.5,5.458,4.979,3,3,3.417,3.333,3,3.375,3.188,5.5,4.5,1.75,0.441,2,0.002,0.201,1,0.909,0,0,0.732,0.003,0,0.571,0.007,0,0.347,0.02,0,0.451,0.013,0,0.916,0,0,0.252,0.03,0,0.347,0.02,0,0.289,0.025,0,0.462,0.012,0,0.124,0.053,0,0.017,0.123,1,0.166,0.043,0,0.747,0.002,0,0.156,0.045,0,0.873,0.001,0,0.873,0.001,0
beherrscht,self-controlled,10,17.868,11,3.75,3.417,5.667,5.833,3.583,5.75,4.667,4.833,4.167,3.083,3.083,4.5,3.083,3.792,5.167,5,5.364,4.833,5.083,5.087,5.085,3.333,4.25,4.833,3.917,3.792,4.375,4.083,4.583,4,4.909,5.333,4.292,5.13,4.702,3.5,3.5,4.083,3.75,3.5,3.917,3.708,4.688,4.875,1.583,0.464,2,0,0.486,1,0.805,0.001,0,0.46,0.012,0,0.002,0.195,1,0.446,0.013,0,0.446,0.013,0,0.974,0,0,0.463,0.013,0,0.701,0.003,0,0.266,0.028,0,1,0,0,0.084,0.067,0,0.046,0.089,1,0.845,0.001,0,0.22,0.035,0,0.006,0.157,1,0.258,0.029,0,0.258,0.029,0
bekuemmert,troubled,9,1.606,14,2.833,2.5,3.25,3,2.667,3.125,2.896,5.333,5.083,5.667,4.083,5.208,4.875,5.042,2.917,2.667,2.833,3,2.792,2.917,2.854,3.636,4.667,4.667,4.417,4.174,4.542,4.362,3.583,3.333,2.583,3.083,3.458,2.833,3.146,3.667,3.583,3.75,3.667,3.625,3.708,3.667,2.438,3.188,2,0,2,0.147,0.047,0,0.353,0.02,0,0.894,0,0,0.261,0.029,0,0.003,0.183,1,0.028,0.106,1,0.678,0.004,0,0.89,0,0,0.49,0.011,0,0.414,0.016,0,0.414,0.016,0,0.183,0.041,0,0.136,0.05,0,0.763,0.002,0,0.367,0.019,0,0.688,0.004,0,0.688,0.004,0,1,0,0
berechnend,calculating,10,0.484,16,1.583,2.333,1.417,2.083,1.958,1.75,1.854,5.917,5.167,5.167,5.5,5.542,5.333,5.438,5.917,6.083,5.182,5.5,6,5.348,5.681,3.091,2.917,3.417,3.5,3,3.458,3.234,2.167,3.25,2.667,3.083,2.708,2.875,2.792,2.5,2.5,2.417,2.75,2.5,2.583,2.542,3.625,2,1.417,0.441,1,0.461,0.012,0,0.015,0.127,1,0.882,0.001,0,0.49,0.011,0,0.49,0.011,0,0.077,0.069,0,0.089,0.066,0,0.526,0.009,0,0.843,0.001,0,0.443,0.014,0,0.939,0,0,0.827,0.001,0,0.714,0.003,0,0.104,0.059,0,0.464,0.012,0,0.782,0.002,0,0.58,0.007,0,0.58,0.007,0
beschaemt,ashamed,8,1.723,14,2.917,2.333,2.75,3.417,2.625,3.083,2.854,4.833,4.75,4.75,3.909,4.792,4.348,4.574,2.5,2.333,2.5,2.75,2.417,2.625,2.521,4.417,3.917,4.25,3.917,4.167,4.083,4.125,2.75,2.833,2.417,2.833,2.792,2.625,2.708,3.583,2.75,3.083,3.083,3.167,3.083,3.125,2,2.813,1.917,0.333,2,0.191,0.039,0,0.904,0,0,0.077,0.07,0,0.293,0.026,0,0.293,0.026,0,0.388,0.017,0,0.506,0.01,0,0.894,0,0,0.506,0.01,0,0.874,0.001,0,0.431,0.014,0,0.874,0.001,0,0.655,0.005,0,0.503,0.01,0,0.655,0.005,0,0.623,0.006,0,0.017,0.122,1,0.017,0.122,1
bescheiden,modest,10,15.151,11,4.75,5.167,4.5,5.333,4.958,4.917,4.938,3.091,2.667,2.667,2.75,2.87,2.708,2.787,3.917,4.5,4.833,4.833,4.208,4.833,4.521,2.25,2.75,4.167,3.417,2.5,3.792,3.146,4.167,4.333,4.833,4,4.25,4.417,4.333,3.75,4,3.75,3.833,3.875,3.792,3.833,4.938,5.25,1.792,0.441,2,0.892,0,0,0.047,0.086,1,0.5,0.01,0,0.518,0.01,0,0.518,0.01,0,0.337,0.021,0,0.161,0.044,0,0.509,0.01,0,0.509,0.01,0,0.007,0.155,1,0.785,0.002,0,0.176,0.041,0,0.685,0.004,0,0.419,0.015,0,0.227,0.033,0,0.655,0.005,0,0.374,0.018,0,0.655,0.005,0
besonnen,level-headed,8,2.232,14,5.083,5.25,6.083,6.25,5.167,6.167,5.667,2.5,2.417,1.917,3,2.458,2.458,2.458,4.917,5.25,5.25,5.583,5.083,5.417,5.25,3.25,3.25,4,3.5,3.25,3.75,3.5,4.333,4.417,5.667,5.833,4.375,5.75,5.063,3.583,3.75,3.917,3.917,3.667,3.917,3.792,5.75,5.625,2,0,2,0.001,0.213,1,0.568,0.007,0,1,0,0,1,0,0,0.208,0.036,0,0.143,0.048,0,0.457,0.013,0,0.457,0.013,0,1,0,0,0.336,0.021,0,0.629,0.005,0,0.629,0.005,0,0,0.281,1,0.708,0.003,0,0.9,0,0,0.194,0.038,0,0.663,0.004,0,0.663,0.004,0
besorgt,worried,7,19.631,10,2.75,3.25,4.333,4,3,4.167,3.583,5.583,5.25,5.083,5.167,5.417,5.125,5.271,3.818,3.083,4.083,5,3.435,4.542,4,5.25,5.417,4.333,3.727,5.333,4.043,4.702,4.833,4.25,5,4.917,4.542,4.958,4.75,3.5,3.917,3.818,4.083,3.708,3.957,3.83,3.25,4.25,1.667,0.333,2,0.001,0.216,1,0.805,0.001,0,0.22,0.034,0,0.357,0.019,0,0.692,0.004,0,0.509,0.01,0,0.01,0.146,1,0.822,0.001,0,0.046,0.089,1,0.02,0.12,1,0.685,0.004,0,0.477,0.012,0,0.281,0.026,0,0.387,0.017,0,0.516,0.01,0,0.257,0.03,0,0.114,0.057,0,0.721,0.003,0
bestimmend,decisive,10,0.86,15,2.583,3.167,3.667,3.833,2.875,3.75,3.313,5.417,5.25,5.833,5.25,5.333,5.542,5.438,6.083,6.25,5,5.333,6.167,5.167,5.667,3.417,4.667,4.667,4.75,4.042,4.708,4.375,4.167,4.083,4.333,4.083,4.125,4.208,4.167,3,3.25,3.833,3.083,3.125,3.458,3.292,4.125,2.688,1,0,1,0.023,0.112,1,0.318,0.023,0,0.578,0.007,0,0.448,0.013,0,0.175,0.041,0,0.448,0.013,0,0.009,0.147,1,0.495,0.011,0,0.82,0.001,0,0.197,0.038,0,0.197,0.038,0,0.257,0.029,0,0.871,0.001,0,0.746,0.002,0,0.871,0.001,0,0.279,0.027,0,0.415,0.015,0,0.107,0.058,0
boshaft,malicious,7,1.008,15,1.25,1.833,1.333,1.5,1.542,1.417,1.479,6.333,5.917,6,5.75,6.125,5.875,6,4.167,4.333,4.417,3.833,4.25,4.125,4.188,5,5.417,4.917,4.417,5.208,4.667,4.938,1.417,2,1.583,1.833,1.708,1.708,1.708,2.833,2.833,3.25,2.917,2.833,3.083,2.958,1.5,1.063,1,0,1,0.497,0.011,0,0.046,0.088,1,0.26,0.029,0,0.329,0.022,0,0.195,0.038,0,0.744,0.002,0,0.801,0.001,0,0.675,0.004,0,0.452,0.013,0,0.402,0.016,0,0.948,0,0,0.478,0.011,0,1,0,0,0.221,0.034,0,0.622,0.006,0,0.164,0.043,0,0.351,0.02,0,0.351,0.02,0
brutal,brutal,6,9.161,12,1,1.167,1,1.167,1.083,1.083,1.083,6.833,6.417,6.833,6.583,6.625,6.708,6.667,4,4,3.5,3,4,3.25,3.625,6.417,6.667,5.25,5.833,6.542,5.542,6.042,1,2,1,1.333,1.5,1.167,1.333,2.636,2.167,2.333,2,2.391,2.167,2.277,1.125,1,1,0,1,1,0,0,0.042,0.091,1,1,0,0,0.6,0.006,0,0.041,0.092,1,0.6,0.006,0,0.263,0.028,0,0.707,0.003,0,0.707,0.003,0,0.035,0.097,1,0.369,0.018,0,0.719,0.003,0,0.187,0.039,0,0.01,0.14,1,0.187,0.039,0,0.255,0.03,0,0.055,0.083,0,0.739,0.003,0
defensiv,defensive,8,2.013,14,2.417,2.583,2.25,3.75,2.5,3,2.75,4.333,4.083,3.583,4.091,4.208,3.826,4.021,2.333,2.833,3.167,3.167,2.583,3.167,2.875,3.417,4,4,3.333,3.708,3.667,3.688,3.083,3.5,2.5,3.917,3.292,3.208,3.25,3.5,3,3.25,3.583,3.25,3.417,3.333,2.875,3.125,1.625,0.5,2,0.113,0.056,0,0.01,0.142,1,0.036,0.096,1,0.446,0.014,0,0.791,0.002,0,0.437,0.014,0,0.159,0.045,0,0.543,0.008,0,0.543,0.008,0,0.934,0,0,0.934,0,0,0.221,0.034,0,0.843,0.001,0,0.033,0.099,1,0.237,0.032,0,0.42,0.015,0,0.686,0.004,0,0.048,0.086,1
depressiv,depressive,9,1.54,14,1.667,1.25,1.083,1.833,1.458,1.458,1.458,5.083,5.333,5,4,5.208,4.522,4.872,1.833,1.5,2.167,1.917,1.667,2.042,1.854,4.583,4.167,5,5.083,4.375,5.042,4.708,2.5,3.333,3.333,2.75,2.917,3.042,2.979,3.583,3.167,3.667,3.583,3.375,3.625,3.5,1.188,1.5,2,0,2,1,0,0,0.336,0.021,0,0.001,0.209,1,0.179,0.042,0,0.473,0.012,0,0.235,0.033,0,0.285,0.026,0,0.404,0.016,0,0.905,0,0,0.267,0.028,0,0.78,0.002,0,0.675,0.004,0,0.803,0.001,0,0.803,0.001,0,0.161,0.044,0,0.37,0.018,0,0.37,0.018,0,0.549,0.008,0
deprimiert,depressed,10,1.529,14,1.917,2.167,1.75,2.333,2.042,2.042,2.042,4.583,4.917,4.833,4.167,4.75,4.5,4.625,1.833,1.917,2.333,1.833,1.875,2.083,1.979,4.583,5.5,4.583,5.083,5.042,4.833,4.938,2.417,3.167,2,2,2.792,2,2.396,3.417,3,3.333,3.75,3.208,3.542,3.375,1.938,2.063,2,0,2,1,0,0,0.172,0.042,0,0.581,0.007,0,0.563,0.008,0,0.7,0.003,0,0.25,0.03,0,0.422,0.015,0,0.422,0.015,0,0.263,0.028,0,0.661,0.004,0,0.141,0.049,0,0.661,0.004,0,0.057,0.08,0,0.359,0.019,0,0.359,0.019,0,0.231,0.032,0,1,0,0,0.136,0.05,0
direkt,direct,6,100.106,8,5,4.75,4.667,4.583,4.875,4.625,4.75,3.833,4.667,4,4.417,4.25,4.208,4.229,4.75,5.083,5.333,4.25,4.917,4.792,4.854,2.5,3.083,4.333,3.7,2.792,4.045,3.391,4.75,4.167,5.417,5.417,4.458,5.417,4.938,2.083,2.75,2.333,2.091,2.417,2.217,2.319,4.938,5.125,1,0,1,0.501,0.01,0,0.654,0.005,0,0.822,0.001,0,0.919,0,0,0.131,0.051,0,0.611,0.006,0,0.698,0.003,0,0.248,0.03,0,0.032,0.1,1,0.026,0.113,1,0.963,0,0,0.257,0.03,0,0.01,0.14,1,0.42,0.015,0,0.42,0.015,0,0.476,0.012,0,0.459,0.013,0,0.117,0.056,0
diskret,discreet,7,3.877,13,4.917,4.5,6,5.75,4.708,5.875,5.292,3.833,3.333,2.833,3.083,3.583,2.958,3.271,4.75,5.333,5.25,5.083,5.042,5.167,5.104,2.417,2.083,3.667,3.417,2.25,3.542,2.896,5.25,4.417,6,5.667,4.833,5.833,5.333,3.417,3.667,3.833,3.667,3.542,3.75,3.646,5.5,6,1.292,0.354,1,0,0.246,1,0.285,0.026,0,0.788,0.002,0,0.095,0.062,0,0.735,0.003,0,0.312,0.023,0,0.729,0.003,0,0.565,0.008,0,0.302,0.024,0,0.015,0.127,1,0.57,0.007,0,0.935,0,0,0.005,0.167,1,0.09,0.064,0,0.462,0.012,0,0.237,0.032,0,0.811,0.001,0,0.237,0.032,0
dominant,dominant,8,0.94,15,2.25,2.417,2.917,3.333,2.333,3.125,2.729,6.083,5.5,5.583,5.917,5.792,5.75,5.771,5.75,6.333,5.667,5.917,6.042,5.792,5.917,5.5,5.75,5.083,5,5.625,5.042,5.333,3.667,3.583,3.917,3.583,3.625,3.75,3.688,2.833,3.167,3,3.083,3,3.042,3.021,3.813,2.375,1,0,1,0.026,0.107,1,0.402,0.016,0,0.719,0.003,0,0.908,0,0,0.729,0.003,0,0.207,0.036,0,0.57,0.007,0,0.345,0.02,0,0.704,0.003,0,0.216,0.035,0,0.859,0.001,0,0.722,0.003,0,0.805,0.001,0,0.681,0.004,0,0.805,0.001,0,0.871,0.001,0,0.418,0.015,0,0.626,0.005,0
dumm,dumb,4,11.779,11,1.75,2.083,2.167,1.5,1.917,1.833,1.875,2.833,3.75,3.583,3.167,3.292,3.375,3.333,1.75,2.167,2.167,2.083,1.958,2.125,2.042,4.083,5.25,5.25,5.167,4.667,5.208,4.938,1.167,1.5,1.333,1.25,1.333,1.292,1.313,3.083,2.75,2.75,3.167,2.917,2.958,2.938,1.188,1.313,1.792,0.354,2,0.728,0.003,0,0.487,0.011,0,0.041,0.091,1,0.874,0.001,0,0.635,0.005,0,0.209,0.036,0,0.607,0.006,0,0.607,0.006,0,0.441,0.014,0,0.363,0.019,0,0.363,0.019,0,0.294,0.025,0,0.796,0.002,0,0.44,0.014,0,0.201,0.037,0,0.792,0.002,0,0.792,0.002,0,0.022,0.114,1
egoistisch,egoistic,10,1.002,15,2.25,2.5,1.833,1.833,2.375,1.833,2.104,5.75,6.083,6.083,4.667,5.917,5.375,5.646,5.333,4.583,5.417,4.75,4.958,5.083,5.021,3.273,4.667,4,3.417,4,3.708,3.851,3.75,3.833,2,3.083,3.792,2.542,3.167,2.667,2.333,2.417,2.5,2.5,2.458,2.479,2.625,1.625,1.292,0.167,1,0.063,0.076,0,0.662,0.004,0,0.662,0.004,0,0.117,0.055,0,0.117,0.055,0,0.013,0.131,1,0.811,0.001,0,0.18,0.04,0,0.936,0,0,0.664,0.004,0,0.501,0.011,0,0.105,0.06,0,0.009,0.145,1,0.21,0.036,0,0.281,0.026,0,0.894,0,0,0.69,0.004,0,0.507,0.01,0
ehrgeizig,ambitious,9,3.261,13,5.083,4.75,4.333,4.5,4.917,4.417,4.667,5.25,5.25,5.167,5.455,5.25,5.304,5.277,6.5,5.75,5.917,5.25,6.125,5.583,5.854,3,4.083,4.167,4.25,3.565,4.208,3.894,5.667,4.5,4,4.917,5.083,4.458,4.771,1.667,1.5,1.917,2.25,1.583,2.083,1.833,5.625,4.625,1.833,0.333,2,0.244,0.031,0,0.845,0.001,0,0.558,0.008,0,0.891,0,0,0.744,0.003,0,0.744,0.003,0,0.081,0.068,0,0.024,0.111,1,0.891,0,0,0.201,0.038,0,0.262,0.029,0,0.335,0.022,0,0.151,0.046,0,0.771,0.002,0,0.019,0.119,1,0.026,0.108,1,0.703,0.003,0,0.255,0.029,0
ehrlich,honest,7,13.411,11,6.75,6.083,6.833,6.583,6.417,6.708,6.563,2.667,2.583,2.5,2.818,2.625,2.652,2.638,5.917,5.75,5.333,5.833,5.833,5.583,5.708,3.833,2.917,4.833,3.333,3.375,4.083,3.729,6.083,5.833,6.667,6.167,5.958,6.417,6.188,3.667,3.167,3.25,3.417,3.417,3.333,3.375,6.188,6.625,1.333,0.441,1,0.119,0.054,0,0.016,0.124,1,0.262,0.029,0,0.929,0,0,0.758,0.002,0,0.598,0.007,0,0.575,0.007,0,0.708,0.003,0,0.456,0.013,0,0.183,0.04,0,0.026,0.108,1,0.581,0.007,0,0.048,0.086,1,0.104,0.059,0,0.583,0.007,0,0.717,0.003,0,0.469,0.012,0,0.151,0.046,0
eigenwillig,willful,11,1.424,14,3.667,3.25,4.5,3.417,3.458,3.958,3.708,4.333,4.333,4.583,5.083,4.333,4.833,4.583,4.833,5.083,4.417,4.25,4.958,4.333,4.646,3.25,2.917,4.417,3.167,3.083,3.792,3.438,5.667,5,5.5,4.167,5.333,4.833,5.083,2.667,3.667,3.25,3.917,3.167,3.583,3.375,4.688,3.875,1.333,0.5,1,0.219,0.034,0,0.068,0.074,0,0.41,0.015,0,0.149,0.047,0,0.467,0.012,0,0.467,0.012,0,0.115,0.056,0,0.915,0,0,0.595,0.006,0,0.166,0.043,0,0.123,0.053,0,0.367,0.018,0,0.299,0.025,0,0.041,0.091,1,0.487,0.011,0,0.309,0.024,0,0.045,0.088,1,0.683,0.004,0
einfallslos,unimaginative,11,0.701,15,1.833,2,2.167,2.083,1.917,2.125,2.021,3.333,4.167,4.167,2.75,3.75,3.458,3.604,2,2.182,3.083,2.167,2.087,2.625,2.362,3.25,3.667,3.083,2.091,3.458,2.609,3.043,2.083,2.083,2,2.333,2.083,2.167,2.125,3,2.75,3.083,3.167,2.875,3.125,3,1.5,2,1.917,0,2,0.373,0.018,0,0.858,0.001,0,0.592,0.007,0,0.551,0.008,0,0.551,0.008,0,0.025,0.109,1,0.098,0.062,0,0.251,0.031,0,0.089,0.066,0,0.07,0.074,0,0.542,0.009,0,0.14,0.05,0,0.841,0.001,0,0.689,0.004,0,0.689,0.004,0,0.168,0.043,0,0.643,0.005,0,0.356,0.019,0
einfuehlsam,empathic,10,1.49,14,6.833,6.167,6.75,6.333,6.5,6.542,6.521,2,2.583,3,3.417,2.292,3.208,2.75,5.167,4.75,4.583,4.833,4.958,4.708,4.833,2.364,2.833,4,3.417,2.609,3.708,3.17,6.167,6.25,6.25,5.417,6.208,5.833,6.021,3.25,3.083,3.5,3.917,3.167,3.708,3.438,6.063,6.375,1.083,0.333,1,0.84,0.001,0,0.011,0.137,1,0.546,0.008,0,0.017,0.123,1,0.182,0.04,0,0.822,0.001,0,0.525,0.009,0,0.832,0.001,0,0.398,0.016,0,0.03,0.105,1,0.909,0,0,0.292,0.026,0,0.153,0.046,0,0.153,0.046,0,0.082,0.067,0,0.004,0.171,1,0.491,0.011,0,0.112,0.056,0
einsam,lonely,6,10.456,11,2,1.917,2.833,3,1.958,2.917,2.438,4.667,4.167,4.083,3.167,4.417,3.625,4.021,2.5,2,2.167,2.833,2.25,2.5,2.375,4.75,6.417,4.417,4.667,5.583,4.542,5.063,2.25,3,3.667,2.75,2.625,3.208,2.917,4.333,4.167,4.167,4.333,4.25,4.25,4.25,1.75,3,2,0,2,0.022,0.113,1,0.919,0,0,0.759,0.002,0,0.119,0.054,0,0.162,0.044,0,0.678,0.004,0,0.53,0.009,0,0.834,0.001,0,0.147,0.047,0,0.036,0.096,1,0.053,0.082,0,0.149,0.047,0,0.288,0.026,0,0.879,0.001,0,0.131,0.051,0,1,0,0,1,0,0,0.445,0.013,0
eitel,vain,5,3.796,13,3.333,2.917,2.417,2.417,3.125,2.417,2.771,5.167,5.583,4.75,5.167,5.375,4.958,5.167,4.5,4,4,3.5,4.25,3.75,4,5.545,6,5.333,4.667,5.783,5,5.383,3.75,4.167,3.167,2.417,3.958,2.792,3.375,2,1.75,2.167,2.333,1.875,2.25,2.063,3.25,2.938,1.917,0.333,2,0.04,0.092,1,0.538,0.009,0,0.538,0.009,0,0.32,0.023,0,0.32,0.023,0,1,0,0,0.34,0.021,0,0.34,0.021,0,1,0,0,0.129,0.053,0,0.833,0.001,0,0.268,0.028,0,0.015,0.127,1,0.72,0.003,0,0.213,0.035,0,0.114,0.056,0,0.859,0.001,0,0.375,0.018,0
emotional,emotional,9,5.606,12,6.333,4.75,5.5,5.083,5.542,5.292,5.417,4.25,4.583,5,5.667,4.417,5.333,4.875,3,2.333,3.727,4,2.667,3.87,3.255,4,4.25,5.333,4,4.125,4.667,4.396,6,4.333,4.917,3.917,5.167,4.417,4.792,3,2.417,2.25,2.417,2.708,2.333,2.521,5.25,5.375,1.75,0.441,2,0.504,0.01,0,0.01,0.141,1,0.123,0.053,0,0.03,0.103,1,0.227,0.033,0,0.685,0.004,0,0.018,0.124,1,0.687,0.004,0,0.339,0.021,0,0.352,0.02,0,0.352,0.02,0,0.176,0.041,0,0.136,0.05,0,0.01,0.142,1,0.503,0.01,0,0.123,0.053,0,0.388,0.017,0,0.123,0.053,0
empfindlich,touchy,11,6.046,12,3.083,3.167,3.333,2.667,3.125,3,3.063,4.833,5,4.417,4.667,4.917,4.542,4.729,2.667,2.25,3.25,2.583,2.458,2.917,2.688,3.833,4.417,4.417,4.167,4.125,4.292,4.208,5.667,5,4.5,3.917,5.333,4.208,4.771,3.25,3,3.917,3.25,3.125,3.583,3.354,3,3.125,1.75,0.441,2,0.698,0.003,0,0.366,0.019,0,0.247,0.03,0,0.292,0.025,0,0.556,0.008,0,0.906,0,0,0.221,0.034,0,0.15,0.047,0,0.737,0.003,0,0.76,0.002,0,0.76,0.002,0,0.446,0.013,0,0.012,0.136,1,0.151,0.046,0,0.923,0,0,0.043,0.09,1,0.043,0.09,1,0.348,0.02,0
energisch,energetic,9,8.818,12,5.167,4.417,5.083,5.333,4.792,5.208,5,5.5,5.25,5.25,5.5,5.375,5.375,5.375,5.75,5.417,5.833,5.583,5.583,5.708,5.646,4.417,4.5,5.333,4.583,4.458,4.958,4.708,4.667,4,5.667,5.083,4.333,5.375,4.854,2.167,2.167,3,2.75,2.167,2.875,2.521,5.438,5.5,1.273,0.518,1,0.291,0.025,0,0.524,0.009,0,0.206,0.036,0,1,0,0,1,0,0,0.471,0.012,0,0.743,0.002,0,0.445,0.013,0,0.913,0,0,0.278,0.027,0,0.468,0.012,0,0.365,0.019,0,0.004,0.173,1,0.076,0.07,0,0.904,0,0,0.026,0.108,1,0.685,0.004,0,0.685,0.004,0
entschlossen,determined,12,24.095,10,5.917,5.083,5.75,5.75,5.5,5.75,5.625,4.5,4.917,5.167,5.75,4.708,5.458,5.083,6.417,6.5,6.25,6.333,6.458,6.292,6.375,3.417,4.083,4.75,4.5,3.75,4.625,4.188,4.5,4.083,5.667,5.333,4.292,5.5,4.896,2.25,2.25,2.083,2.25,2.25,2.167,2.208,6.063,5.5,1.917,0.333,2,0.422,0.015,0,0.184,0.04,0,0.184,0.04,0,0.107,0.058,0,0.279,0.027,0,0.856,0.001,0,0.52,0.009,0,0.747,0.002,0,1,0,0,0.136,0.05,0,0.719,0.003,0,0.43,0.014,0,0.005,0.164,1,0.367,0.019,0,0.92,0,0,0.668,0.004,0,0.668,0.004,0,0.668,0.004,0
entspannt,relaxed,9,10.01,11,6.5,6.167,6.25,6.167,6.333,6.208,6.271,1.167,1.333,1.833,1.417,1.25,1.625,1.438,4.083,3.75,3,3.667,3.917,3.333,3.625,4.583,5.667,4,3.75,5.125,3.875,4.5,4.75,4.917,5.333,5,4.833,5.167,5,3,3.667,3.667,3.5,3.333,3.583,3.458,6.563,6,1.958,0,2,0.565,0.008,0,0.34,0.021,0,0.565,0.008,0,0.042,0.091,1,0.489,0.011,0,0.11,0.057,0,0.249,0.03,0,0.74,0.003,0,0.322,0.022,0,0.018,0.12,1,0.419,0.015,0,0.199,0.037,0,0.357,0.019,0,0.817,0.001,0,0.489,0.011,0,0.346,0.02,0,0.346,0.02,0,0.119,0.054,0
enttaeuscht,disappointed,10,27.579,10,2.5,2.25,2.667,2.5,2.375,2.583,2.479,4.75,5.25,5.083,4.818,5,4.957,4.979,2.667,2,2.917,2.833,2.333,2.875,2.604,4,4.667,4.25,4,4.333,4.125,4.229,2.75,3.25,2.333,2.333,3,2.333,2.667,3,2.833,3.545,3.583,2.917,3.565,3.234,1.875,2.563,1.958,0.167,2,0.458,0.013,0,0.458,0.013,0,0.882,0.001,0,0.896,0,0,0.756,0.002,0,0.314,0.024,0,0.071,0.072,0,0.207,0.036,0,0.325,0.022,0,0.673,0.004,0,0.673,0.004,0,0.355,0.019,0,0.101,0.06,0,0.534,0.009,0,0.534,0.009,0,0.032,0.102,1,0.827,0.001,0,0.729,0.003,0
erfahren,experienced,8,71.761,9,6.167,5.917,6.167,6.333,6.042,6.25,6.146,2.75,2.25,3.333,3.25,2.5,3.292,2.896,6.417,6.417,5.75,5.5,6.417,5.625,6.021,2.833,2.75,3.417,3.583,2.792,3.5,3.146,4.667,3.667,5.75,5.667,4.167,5.708,4.938,4.333,4.75,4.333,4.167,4.542,4.25,4.396,6,6.063,1.75,0.363,2,0.361,0.019,0,0.854,0.001,0,0.361,0.019,0,0.027,0.106,1,0.405,0.016,0,0.551,0.008,0,0.006,0.161,1,0.648,0.005,0,0.648,0.005,0,0.16,0.044,0,0.933,0,0,0.802,0.001,0,0,0.372,1,0.08,0.068,0,0.137,0.05,0,0.072,0.072,0,0.434,0.014,0,0.072,0.072,0
erfolgreich,successful,11,66.876,9,5.75,5.5,6.417,6.167,5.625,6.292,5.958,4.25,4.5,4,4.583,4.375,4.292,4.333,6.167,6.083,6.333,5.75,6.125,6.042,6.083,4.583,6.25,4.833,4.75,5.417,4.792,5.104,5.417,5.167,4.25,5,5.292,4.625,4.958,2.167,2.333,2.25,2.917,2.25,2.583,2.417,6.25,5.063,1.708,0.354,2,0.025,0.108,1,0.39,0.017,0,1,0,0,0.849,0.001,0,0.344,0.02,0,0.704,0.003,0,0.717,0.003,0,0.151,0.046,0,0.279,0.027,0,0.164,0.043,0,0.08,0.068,0,0.054,0.082,0,0.048,0.086,1,0.45,0.013,0,0.135,0.05,0,0.272,0.027,0,0.172,0.042,0,0.409,0.016,0
erfreut,delighted,7,12.147,11,6.75,6.417,6.917,6,6.583,6.478,6.532,3.667,3,3.364,3.667,3.333,3.522,3.426,4.636,4.5,4.364,4.333,4.565,4.348,4.457,5.417,6,6,5.5,5.708,5.75,5.729,5.5,5.333,5.333,4.75,5.417,5.042,5.229,3.083,2.333,2.833,2.75,2.708,2.792,2.75,6.688,6.313,1.917,0.333,2,0.488,0.011,0,0.001,0.222,1,0.11,0.058,0,0.709,0.003,0,0.709,0.003,0,0.321,0.023,0,0.619,0.006,0,0.85,0.001,0,0.904,0,0,0.914,0,0,0.914,0,0,0.166,0.043,0,0.25,0.03,0,0.25,0.03,0,0.52,0.009,0,0.649,0.005,0,0.027,0.106,1,0.074,0.071,0
ernst,serious,5,50.072,9,4.583,4.083,5.25,5.333,4.333,5.292,4.813,4.667,5.333,4.417,4.667,5,4.542,4.771,5.417,5.167,4.333,5,5.292,4.667,4.979,4.583,4.917,5.25,4,4.75,4.625,4.688,4.833,4.75,4.667,4.917,4.792,4.792,4.792,4.083,3.917,3.833,4.083,4,3.958,3.979,4.625,4.625,1.917,0.333,2,0.002,0.205,1,0.468,0.012,0,0.311,0.023,0,0.073,0.071,0,0.073,0.071,0,0.409,0.016,0,0.087,0.065,0,0.562,0.008,0,0.206,0.036,0,0.801,0.001,0,0.357,0.019,0,0.115,0.055,0,1,0,0,0.846,0.001,0,0.697,0.003,0,0.853,0.001,0,0.853,0.001,0,0.357,0.019,0
erschoepft,exhausted,9,10.781,11,3.917,3.75,2.833,2.833,3.833,2.833,3.333,3.75,2.75,3.417,2.833,3.25,3.125,3.188,2.5,2,3.273,2.75,2.25,3,2.617,4.583,5.167,5.083,5.75,4.875,5.417,5.146,4,3.25,2.667,2.75,3.625,2.708,3.167,4.25,4,4.083,3.667,4.125,3.875,4,2.625,3.25,2,0,2,0.014,0.13,1,0.832,0.001,0,0.832,0.001,0,0.814,0.001,0,0.141,0.049,0,0.695,0.004,0,0.04,0.094,1,0.163,0.045,0,0.975,0,0,0.284,0.026,0,0.217,0.034,0,0.934,0,0,0.044,0.089,1,0.455,0.013,0,0.351,0.02,0,0.299,0.025,0,0.168,0.043,0,0.728,0.003,0
erstaunt,astonished,8,10.944,11,4.75,4.583,4.5,4.083,4.667,4.292,4.479,4,4.417,4,4.75,4.208,4.375,4.292,3.25,2.667,3.25,3.5,2.958,3.375,3.167,5.083,6,4.667,5.25,5.542,4.958,5.25,3.917,3.417,4.5,3.5,3.667,4,3.833,3.25,3.167,2.5,2.583,3.208,2.542,2.875,4.813,4.75,1.917,0.333,2,0.175,0.041,0,0.29,0.025,0,0.648,0.005,0,0.68,0.004,0,0.153,0.046,0,0.68,0.004,0,0.285,0.026,0,0.667,0.004,0,0.285,0.026,0,0.223,0.033,0,0.12,0.054,0,0.726,0.003,0,0.402,0.016,0,0.063,0.076,0,0.529,0.009,0,0.009,0.143,1,1,0,0,0.736,0.003,0
feige,cowardly,5,2.852,13,1.833,1.833,2.083,1.917,1.833,2,1.917,5.167,5.5,4.667,4.083,5.333,4.375,4.854,2.417,1.667,2.917,3.167,2.042,3.042,2.542,3.667,4.417,4.417,4.5,4.042,4.458,4.25,2.917,2.333,2,2.083,2.625,2.042,2.333,2.75,2.667,2.583,3,2.708,2.792,2.75,1.75,2.125,1.458,0.464,1,0.544,0.008,0,0.761,0.002,0,0.761,0.002,0,0.025,0.109,1,0.764,0.002,0,0.274,0.027,0,0.011,0.139,1,0.508,0.01,0,0.189,0.039,0,0.474,0.012,0,0.474,0.012,0,0.566,0.008,0,0.051,0.084,0,0.394,0.017,0,0.257,0.029,0,0.728,0.003,0,0.487,0.011,0,0.299,0.025,0
feindselig,hostile,10,1.011,15,1.333,1.75,1.417,1.5,1.542,1.458,1.5,6.5,6.167,6.333,6.417,6.333,6.375,6.354,3.083,4.25,4.75,3.333,3.667,4.042,3.854,3.833,4.667,4.583,5.333,4.25,4.958,4.604,1.583,2.5,1.333,1.5,2.042,1.417,1.729,2.833,3.333,3.083,2.75,3.083,2.917,3,1.688,1.188,1.083,0.333,1,0.643,0.005,0,0.168,0.043,0,0.356,0.019,0,0.867,0.001,0,0.616,0.006,0,0.404,0.016,0,0.416,0.015,0,0.786,0.002,0,0.007,0.154,1,0.221,0.034,0,0.172,0.042,0,0.942,0,0,0.024,0.111,1,0.048,0.086,1,0.167,0.043,0,0.265,0.028,0,0.575,0.007,0,0.007,0.153,1
fies,nasty,4,0.632,15,1.167,1.75,1.25,1.417,1.458,1.333,1.396,5.917,5.5,6.417,5.25,5.708,5.833,5.771,4.5,4.273,4,3.417,4.391,3.708,4.043,4.75,5.917,4.583,5.5,5.333,5.042,5.188,2.25,3.25,1.583,1.583,2.75,1.583,2.167,2.583,2.417,2.917,3.167,2.5,3.042,2.771,1.688,1.188,1,0,1,0.491,0.011,0,0.043,0.09,1,0.253,0.03,0,0.71,0.003,0,0.022,0.113,1,0.268,0.028,0,0.241,0.032,0,0.481,0.012,0,0.756,0.002,0,0.619,0.006,0,0.081,0.068,0,0.831,0.001,0,0.003,0.184,1,0.184,0.04,0,0.184,0.04,0,0.009,0.147,1,0.833,0.001,0,0.295,0.025,0
flexibel,flexible,8,8.04,12,5.75,5,6.083,5.333,5.375,5.708,5.542,2.75,3.083,3.25,3.917,2.917,3.583,3.25,6.083,5.583,4.333,5.417,5.833,4.875,5.354,2.727,2.583,4.083,3.5,2.652,3.792,3.234,5.5,5.5,6.167,5.667,5.5,5.917,5.708,1.75,1.417,2.25,2.75,1.583,2.5,2.042,5.938,5.875,1.667,0.441,2,0.343,0.02,0,0.037,0.096,1,1,0,0,0.11,0.057,0,0.228,0.033,0,0.686,0.004,0,0.003,0.182,1,0.346,0.02,0,0.013,0.132,1,0.029,0.107,1,0.473,0.012,0,0.664,0.004,0,0.184,0.04,0,0.422,0.015,0,0.422,0.015,0,0,0.392,1,0.631,0.005,0,0.02,0.117,1
frech,impudent,5,4.976,12,3.917,3.583,2.333,2,3.75,2.167,2.958,4.083,4.583,5.083,5.083,4.333,5.083,4.708,5.083,4.417,5.083,3.333,4.75,4.208,4.479,5.083,6.333,5.333,5.75,5.708,5.542,5.625,4.667,4.75,3,2.583,4.708,2.792,3.75,1.917,1.833,1.833,1.917,1.875,1.875,1.875,4.75,4.375,1.125,0,1,0,0.293,1,0.373,0.018,0,1,0,0,0.021,0.116,1,0.428,0.014,0,0.428,0.014,0,0.214,0.035,0,0.007,0.152,1,0.214,0.035,0,0.689,0.004,0,0.05,0.084,0,0.32,0.023,0,0,0.272,1,0.726,0.003,0,0.599,0.006,0,1,0,0,1,0,0,0.646,0.005,0
friedlich,peaceful,9,12.432,11,6.583,6.083,5.833,5.833,6.333,5.833,6.083,1.833,1.833,1.75,2.667,1.833,2.208,2.021,5,4.833,3.917,4.417,4.917,4.167,4.542,4.75,5.333,4.75,5.25,5.042,5,5.021,6.167,6.083,5.917,5.667,6.125,5.792,5.958,3.667,4.25,3.833,4,3.958,3.917,3.938,5.938,5.938,1.333,0.441,1,0.209,0.036,0,0.527,0.009,0,0.527,0.009,0,0.202,0.037,0,0.121,0.054,0,0.121,0.054,0,0.069,0.073,0,0.681,0.004,0,0.412,0.015,0,0.936,0,0,0.298,0.025,0,0.936,0,0,0.304,0.024,0,0.605,0.006,0,0.796,0.002,0,0.834,0.001,0,0.064,0.076,0,0.297,0.025,0
froehlich,cheerful,8,11.241,11,6.583,6.417,6.417,6.25,6.5,6.333,6.417,2,2.25,2,2.455,2.125,2.217,2.17,5.727,4.5,5.25,4.833,5.087,5.042,5.064,6.083,6.083,6.25,6.417,6.083,6.333,6.208,5.917,5.583,5.25,5,5.75,5.125,5.438,2.417,2.5,2.667,2.917,2.458,2.792,2.625,6.688,6.5,1.708,0.486,2,0.429,0.014,0,0.429,0.014,0,1,0,0,0.811,0.001,0,0.411,0.016,0,0.811,0.001,0,0.866,0.001,0,0.06,0.08,0,0.346,0.021,0,0.396,0.016,0,0.777,0.002,0,0.777,0.002,0,0.08,0.068,0,0.407,0.016,0,0.905,0,0,0.136,0.05,0,0.452,0.013,0,0.706,0.003,0
frustriert,frustated,10,4.47,13,1.833,1.75,2.333,2.25,1.792,2.292,2.042,6.25,5.75,6,5.333,6,5.667,5.833,1.833,2.167,3.167,2.333,2,2.75,2.375,3.75,4.667,3.75,4.5,4.208,4.125,4.167,3,2.917,1.75,2.667,2.958,2.208,2.583,3.25,2.75,2.917,3,3,2.958,2.979,1.375,2.063,1.958,0.167,2,0.026,0.108,1,0.703,0.003,0,1,0,0,0.355,0.019,0,0.109,0.057,0,0.816,0.001,0,0.069,0.073,0,0.538,0.009,0,0.155,0.045,0,0.88,0.001,0,0.137,0.049,0,0.88,0.001,0,0.079,0.068,0,0.323,0.022,0,0.237,0.032,0,0.882,0.001,0,0.461,0.012,0,0.303,0.024,0
furchtlos,fearless,9,0.8,15,5.083,5.083,5.25,5.25,5.083,5.25,5.167,2.917,3.25,3.833,4.417,3.083,4.125,3.604,5.167,5.25,4.727,5.5,5.208,5.13,5.17,3.917,5.417,5,4.5,4.667,4.75,4.708,3.333,4.5,5.417,4.333,3.917,4.875,4.396,2.333,2,2.167,2.167,2.167,2.167,2.167,5.125,4.813,1.75,0.441,2,0.635,0.005,0,1,0,0,1,0,0,0.036,0.097,1,0.345,0.02,0,0.796,0.002,0,0.837,0.001,0,0.354,0.02,0,0.454,0.013,0,0.864,0.001,0,0.306,0.024,0,0.044,0.089,1,0.032,0.1,1,0.924,0,0,0.013,0.133,1,1,0,0,0.515,0.01,0,0.515,0.01,0
furchtsam,frightened,9,0.905,15,2.5,2.5,3.167,2.583,2.5,2.875,2.688,5.417,5.667,6,3.727,5.542,4.913,5.234,2.083,2.167,3,2.75,2.125,2.875,2.5,3.75,5.083,4.364,5.667,4.417,5.043,4.723,3,2.917,2.667,3,2.958,2.833,2.896,3.583,3.5,4,3.417,3.542,3.708,3.625,2.313,2.75,1.917,0.167,2,0.266,0.028,0,0.386,0.017,0,0.386,0.017,0,0.055,0.083,0,0.005,0.167,1,0.001,0.238,1,0.053,0.083,0,0.826,0.001,0,0.66,0.004,0,0.231,0.033,0,0.01,0.143,1,0.976,0,0,0.725,0.003,0,0.725,0.003,0,0.557,0.008,0,0.406,0.016,0,0.1,0.06,0,0.215,0.035,0
gebildet,educated,8,20.458,10,6.583,6.167,6.5,6.333,6.375,6.417,6.396,3,2.917,3.083,3.75,2.958,3.417,3.188,6,5.833,5.417,5.5,5.917,5.458,5.688,3.083,5.091,4.25,4.417,4.043,4.333,4.191,5.583,5.583,5.167,5.417,5.583,5.292,5.438,3.083,3.167,3.5,3.333,3.125,3.417,3.271,6.5,6.188,1.833,0.441,2,0.853,0.001,0,0.198,0.037,0,0.578,0.007,0,0.215,0.035,0,0.428,0.014,0,0.309,0.024,0,0.186,0.039,0,0.903,0,0,0.716,0.003,0,0.653,0.005,0,0.052,0.085,0,0.098,0.063,0,0.285,0.026,0,0.645,0.005,0,0.645,0.005,0,0.244,0.031,0,0.867,0.001,0,0.616,0.006,0
geduldig,patient,8,5.869,12,5.583,5.583,6.167,5.583,5.583,5.875,5.729,2.5,2.417,2.5,2,2.458,2.25,2.354,5.417,5.333,4.417,4.583,5.375,4.5,4.938,3.5,3.333,4,3.667,3.417,3.826,3.617,4.417,4.167,5.5,4.833,4.292,5.167,4.729,3.583,4,3.667,4,3.792,3.833,3.813,6.25,6.438,1.375,0.527,1,0.259,0.029,0,0.259,0.029,0,0.259,0.029,0,0.583,0.007,0,0.443,0.013,0,0.583,0.007,0,0.041,0.091,1,0.921,0,0,0.765,0.002,0,0.434,0.014,0,0.638,0.005,0,0.875,0.001,0,0.035,0.097,1,0.26,0.029,0,0.607,0.006,0,0.838,0.001,0,0.07,0.073,0,0.838,0.001,0
gehemmt,inhibited,7,1.535,14,2.364,2.083,2.667,2.583,2.217,2.625,2.426,5.5,5.833,4.667,4.167,5.667,4.417,5.042,2.583,1.667,2.182,2.583,2.125,2.391,2.255,3.25,3.333,4,3.917,3.292,3.957,3.617,2.083,2.75,2.333,2.583,2.417,2.458,2.438,3.417,3.083,3.083,3.333,3.25,3.208,3.229,2.063,2.313,1.792,0.354,2,0.146,0.049,0,0.506,0.01,0,0.718,0.003,0,0.001,0.229,1,0.81,0.001,0,0.234,0.032,0,0.545,0.009,0,0.545,0.009,0,0.126,0.054,0,0.202,0.038,0,1,0,0,0.872,0.001,0,0.929,0,0,0.331,0.021,0,0.657,0.005,0,0.888,0,0,0.888,0,0,0.325,0.022,0
gehorsam,obedient,8,1.161,14,2.75,2.75,5,4.5,2.75,4.75,3.75,5.833,4.833,3.75,4.333,5.333,4.042,4.688,3.333,2.833,5.25,3.417,3.083,4.333,3.708,4.167,5.5,4.333,4.167,4.833,4.25,4.542,3.333,2.833,3.583,3.083,3.083,3.333,3.208,3.5,3.417,3.667,3.167,3.458,3.417,3.438,3.313,3.063,1.167,0.333,1,0,0.423,1,0.482,0.011,0,0.482,0.011,0,0.015,0.128,1,0.684,0.004,0,0.126,0.052,0,0.038,0.095,1,0.052,0.083,0,0.259,0.029,0,0.255,0.029,0,0.255,0.029,0,0.145,0.048,0,0.553,0.008,0,0.238,0.032,0,1,0,0,0.863,0.001,0,0.23,0.033,0,0.389,0.017,0
geizig,stingy,6,0.831,15,1.667,1.917,2,1.667,1.792,1.833,1.813,5.417,6,4.917,4.364,5.708,4.652,5.191,4.583,4.583,3.833,3.583,4.583,3.708,4.146,4.364,6.083,4.25,4.5,5.261,4.375,4.809,2.167,2.333,1.917,1.833,2.25,1.875,2.063,3.083,2.917,3.833,3.5,3,3.667,3.333,2.313,1.688,1.333,0.441,1,0.901,0,0,0.901,0,0,0.385,0.017,0,0.013,0.134,1,0.971,0,0,0.177,0.042,0,0.083,0.067,0,0.801,0.001,0,0.801,0.001,0,0.12,0.055,0,0.073,0.073,0,0.177,0.042,0,0.381,0.017,0,0.922,0,0,0.77,0.002,0,0.006,0.158,1,0.288,0.026,0,0.722,0.003,0
gelangweilt,bored,11,3.126,13,2.25,2.75,2.75,2.333,2.5,2.542,2.521,2.75,3,2.667,2.333,2.87,2.5,2.681,2.917,2.5,2.917,2.917,2.708,2.917,2.813,4.167,5.917,3.667,3.917,5.042,3.792,4.417,2.583,2.833,2.083,2.917,2.708,2.5,2.604,3,2,1.917,2.583,2.5,2.25,2.375,1.813,1.938,1.75,0.441,2,0.89,0,0,0.89,0,0,0.133,0.05,0,0.403,0.016,0,0.926,0,0,0.515,0.01,0,0.532,0.009,0,0.532,0.009,0,0.532,0.009,0,0.011,0.137,1,0.04,0.092,1,0.12,0.054,0,0.632,0.005,0,0.216,0.035,0,0.503,0.01,0,0.429,0.014,0,0.597,0.006,0,0.011,0.139,1
gelassen,at ease,8,42.879,9,6,6,5.917,5.333,6,5.625,5.813,1.5,1.667,1.75,2.333,1.583,2.042,1.813,4.75,4.667,4.083,3.417,4.708,3.75,4.229,3.25,4,4.818,2.636,3.625,3.727,3.674,4.417,5.25,5.333,5.333,4.833,5.333,5.083,3.25,3.667,3.636,3.917,3.458,3.783,3.617,6.063,5.625,1.917,0,2,0.199,0.037,0,0.316,0.023,0,0.316,0.023,0,0.138,0.049,0,0.223,0.034,0,0.496,0.011,0,0.055,0.081,0,0.445,0.013,0,0.552,0.008,0,0.844,0.001,0,0.173,0.044,0,0.007,0.161,1,0.14,0.049,0,0.217,0.034,0,0.217,0.034,0,0.243,0.032,0,0.201,0.038,0,0.801,0.001,0
gemuetlich,comfortable,9,6.503,12,5.917,6.083,5.833,5.5,6,5.667,5.833,1.25,1.5,1.5,1.5,1.375,1.5,1.438,3.917,4.083,3.917,3.667,4,3.792,3.896,5.667,5.667,5,5.25,5.667,5.125,5.396,5,4.917,5.25,5.083,4.958,5.167,5.063,4.25,3.917,4.5,3.75,4.083,4.125,4.104,5.688,5.625,1.625,0.441,2,0.246,0.03,0,0.77,0.002,0,0.383,0.017,0,0.536,0.009,0,0.536,0.009,0,0.536,0.009,0,0.687,0.004,0,0.936,0,0,0.687,0.004,0,0.175,0.041,0,0.752,0.002,0,0.752,0.002,0,0.62,0.006,0,0.766,0.002,0,0.921,0,0,0.847,0.001,0,0.015,0.126,1,0.338,0.021,0
genuegsam,modest,8,0.519,16,4.083,4.167,4.417,4.167,4.125,4.292,4.208,2.833,3,3.083,3,2.917,3.042,2.979,4.083,4.667,4.333,3.917,4.375,4.125,4.25,2.583,3.333,4.75,3.25,2.958,4,3.479,4,4.667,5.917,5,4.333,5.458,4.896,4.083,3.833,3.917,3.917,3.958,3.917,3.938,4.813,5.313,1.542,0.486,2,0.669,0.004,0,0.831,0.001,0,0.669,0.004,0,0.676,0.004,0,0.889,0,0,0.676,0.004,0,0.595,0.006,0,0.859,0.001,0,0.29,0.025,0,0.049,0.085,1,0.47,0.012,0,0.034,0.098,1,0.019,0.118,1,0.789,0.002,0,0.095,0.062,0,0.824,0.001,0,0.507,0.01,0,0.507,0.01,0
gerecht,just,7,22.117,10,6.167,6,6.583,6.583,6.083,6.583,6.333,2.75,2.75,2.333,3.583,2.75,2.958,2.854,5.417,5.5,5.417,5.917,5.458,5.667,5.563,4.333,4.583,3.583,2.417,4.458,3,3.729,6.167,5.25,6.083,5.667,5.708,5.875,5.792,3.167,3.417,3.333,3.333,3.292,3.333,3.313,6.188,6.438,1.208,0.441,1,0.034,0.098,1,0.717,0.003,0,0.717,0.003,0,0.617,0.006,0,0.137,0.049,0,0.137,0.049,0,0.552,0.008,0,0.406,0.016,0,0.552,0.008,0,0.015,0.128,1,0.428,0.014,0,0.223,0.034,0,0.555,0.008,0,0.022,0.114,1,0.377,0.018,0,0.799,0.001,0,0.445,0.013,0,0.445,0.013,0
gereizt,irritated,7,5.102,12,1.583,1.5,1.833,1.75,1.542,1.792,1.667,6.333,6.5,6.167,5.917,6.417,6.042,6.229,3,2.667,3.083,3,2.833,3.042,2.938,4.083,4.5,5.583,5.333,4.292,5.458,4.875,2.833,2.667,2.364,2.75,2.75,2.565,2.66,2.917,2.833,3.5,3.167,2.875,3.333,3.104,1.875,2.063,1.333,0.486,1,0.225,0.033,0,0.684,0.004,0,1,0,0,0.112,0.056,0,0.858,0.001,0,0.373,0.018,0,0.64,0.005,0,0.64,0.005,0,0.779,0.002,0,0.027,0.106,1,0.871,0.001,0,0.517,0.01,0,0.659,0.005,0,0.801,0.001,0,0.528,0.009,0,0.066,0.075,0,0.396,0.016,0,0.61,0.006,0
geschickt,skilful,9,42.038,9,5.75,5.583,5.917,6.5,5.667,6.208,5.938,3.167,3.5,3,3.25,3.333,3.125,3.229,5.75,5.5,4.667,5.25,5.625,4.958,5.292,4,3.917,4.75,4.25,3.957,4.5,4.234,5.25,4.667,6.167,4.333,4.958,5.25,5.104,2.417,2.25,2.75,2.455,2.333,2.609,2.468,5.813,5.25,2,0,2,0.083,0.067,0,0.498,0.01,0,0.225,0.033,0,0.573,0.007,0,0.43,0.014,0,0.91,0,0,0.055,0.081,0,0.624,0.006,0,0.224,0.033,0,0.272,0.028,0,0.552,0.008,0,0.671,0.004,0,0.438,0.014,0,0.002,0.193,1,0.1,0.06,0,0.226,0.034,0,0.297,0.025,0,0.77,0.002,0
geschwaetzig,gossipy,11,0.422,16,3.583,3.583,1.667,1.917,3.583,1.792,2.688,3.167,4.167,4.833,4,3.667,4.435,4.043,3.417,3.833,4.167,2.583,3.625,3.375,3.5,4.5,5.333,5.167,5.333,4.917,5.25,5.083,4.5,4.167,2.5,2.167,4.333,2.333,3.333,3.583,3.333,3.167,3.25,3.458,3.208,3.333,3.688,3.438,1,0,1,0,0.385,1,0.716,0.003,0,0.716,0.003,0,0.124,0.054,0,0.862,0.001,0,0.062,0.079,0,0.578,0.007,0,0.198,0.037,0,0.03,0.102,1,0.469,0.012,0,0.279,0.027,0,0.469,0.012,0,0,0.287,1,0.487,0.011,0,1,0,0,0.366,0.019,0,0.762,0.002,0,0.545,0.008,0
gesellig,sociable,8,0.494,16,5.417,5.917,5.833,5.25,5.667,5.542,5.604,2.583,2.083,2.75,3.083,2.333,2.917,2.625,4.917,4.833,5.083,4.833,4.875,4.958,4.917,5.333,5.583,5.5,5.75,5.458,5.625,5.542,5.75,5.25,5.667,4.75,5.5,5.208,5.354,2.25,2.833,2.75,3.083,2.542,2.917,2.729,6.125,6,1.083,0.333,1,0.642,0.005,0,0.877,0.001,0,0.049,0.085,1,0.124,0.053,0,0.824,0.001,0,0.269,0.028,0,0.828,0.001,0,0.665,0.004,0,0.828,0.001,0,0.731,0.003,0,0.607,0.006,0,1,0,0,0.517,0.01,0,0.12,0.054,0,0.643,0.005,0,0.268,0.028,0,0.178,0.041,0,0.71,0.003,0
gespraechig,talkative,10,0.587,15,5.333,5.083,5.167,4.667,5.208,4.917,5.063,2.917,2.667,3.75,3.667,2.792,3.708,3.25,5,4.167,5,4.333,4.583,4.667,4.625,4.667,4.417,5.25,4.5,4.542,4.875,4.708,5.417,5.25,5.417,4.75,5.333,5.083,5.208,3.167,3.417,2.333,3.25,3.292,2.792,3.042,5.313,5.625,1.083,0.333,1,0.357,0.019,0,0.238,0.031,0,0.692,0.004,0,0.034,0.098,1,0.692,0.004,0,0.843,0.001,0,0.809,0.001,0,0.034,0.098,1,0.809,0.001,0,0.551,0.008,0,0.373,0.018,0,0.655,0.005,0,0.503,0.01,0,0.266,0.028,0,0.503,0.01,0,0.067,0.074,0,0.034,0.098,1,0.218,0.034,0
gesund,healthy,6,15.579,11,6.917,6.083,6.75,6.333,6.5,6.542,6.521,2.167,2,2.167,3,2.083,2.583,2.333,5.5,5.917,4.083,4.5,5.708,4.292,5,6,4.917,4.667,5.25,5.458,4.958,5.208,5.917,5.917,4.917,4.5,5.917,4.708,5.313,1.5,1.667,1.917,2.167,1.583,2.042,1.813,6.875,6,2,0,2,0.848,0.001,0,0.006,0.159,1,0.341,0.021,0,0.192,0.038,0,0.382,0.017,0,0.192,0.038,0,0.018,0.12,1,0.474,0.012,0,1,0,0,0.386,0.017,0,0.663,0.004,0,0.151,0.046,0,0.01,0.14,1,0.647,0.005,0,0.647,0.005,0,0.054,0.082,0,0.373,0.018,0,0.858,0.001,0
gewissenhaft,conscientious,12,1.924,14,5.333,4.833,6.5,6.25,5.083,6.375,5.729,4.583,4.75,3.667,4.333,4.667,4,4.333,5.583,5.583,5.5,6,5.583,5.739,5.66,2.917,2.833,4.167,3.583,2.875,3.875,3.375,6,4.667,6.167,5.833,5.333,6,5.667,3.583,3.833,3.833,4,3.708,3.917,3.813,5.938,5.938,1.75,0.5,2,0,0.265,1,0.254,0.029,0,0.702,0.003,0,0.163,0.044,0,0.38,0.018,0,0.597,0.006,0,0.622,0.006,0,0.46,0.013,0,0.46,0.013,0,0.063,0.076,0,0.528,0.009,0,0.636,0.005,0,0.039,0.093,1,0.011,0.138,1,0.118,0.055,0,0.316,0.023,0,0.316,0.023,0,0.84,0.001,0
gierig,greedy,6,1.732,14,2.167,1.917,1.583,1.583,2.042,1.583,1.813,6.083,6.25,6.083,6.167,6.167,6.125,6.146,2.833,2.909,4.583,3,2.87,3.792,3.34,4.917,6,4.417,5.167,5.458,4.792,5.125,2.583,3.333,1.417,1.583,2.958,1.5,2.229,2.417,2.083,2,2.333,2.25,2.167,2.208,2.25,1.813,1.25,0.441,1,0.031,0.101,1,0.547,0.008,0,0.547,0.008,0,0.851,0.001,0,0.574,0.007,0,0.851,0.001,0,0.111,0.058,0,0.19,0.04,0,0.15,0.048,0,0.188,0.039,0,0.073,0.071,0,0.74,0.003,0,0,0.248,1,0.238,0.032,0,0.45,0.013,0,0.688,0.004,0,1,0,0,0.114,0.056,0
gluecklich,happy,9,40.126,9,6.917,6.75,6.917,6.583,6.833,6.75,6.792,2.333,1.667,1.417,2.167,2,1.792,1.896,5.25,4.667,3.667,4.583,4.958,4.125,4.542,6.167,5.583,6.364,5.364,5.875,5.864,5.87,6,5.667,5.25,5.75,5.833,5.5,5.667,2.917,3,2.833,3.25,2.958,3.042,3,6.938,6.688,2,0,2,0.598,0.006,0,0.118,0.055,0,0.598,0.006,0,0.627,0.005,0,0.923,0,0,0.104,0.059,0,0.08,0.068,0,0.722,0.003,0,0.114,0.056,0,0.981,0,0,0.098,0.064,0,0.659,0.005,0,0.388,0.017,0,0.828,0.001,0,0.282,0.026,0,0.691,0.004,0,0.236,0.032,0,0.427,0.014,0
grausam,cruel,7,5.978,12,1,1.167,1,1.25,1.083,1.125,1.104,6.333,6.5,6.833,6.583,6.417,6.708,6.563,3.833,4.25,4.667,3.5,4.042,4.083,4.063,5.75,6.167,5.583,6,5.958,5.792,5.875,1,2,1.091,1.417,1.5,1.261,1.383,2.917,2.75,2.75,2.75,2.833,2.75,2.792,1.313,1.063,1.083,0.333,1,0.696,0.004,0,0.055,0.081,0,0.696,0.004,0,0.198,0.037,0,0.853,0.001,0,0.355,0.019,0,0.952,0,0,0.59,0.007,0,0.258,0.029,0,0.71,0.003,0,0.355,0.019,0,1,0,0,0.317,0.023,0,0.009,0.147,1,0.173,0.043,0,0.578,0.007,0,0.578,0.007,0,0.578,0.007,0
gruendlich,thorough,9,15.635,11,4.75,4.667,6.417,6.083,4.708,6.25,5.479,4.417,4.75,3.917,3.583,4.583,3.75,4.167,5.583,5.667,5.333,5.333,5.625,5.333,5.479,3.5,4.417,4.417,3.667,3.958,4.042,4,5.417,4.583,6.083,6,5,6.042,5.521,3.667,3.5,3.333,3.917,3.583,3.625,3.604,5.813,5.375,1.917,0.333,2,0,0.451,1,0.421,0.015,0,0.629,0.005,0,0.066,0.075,0,1,0,0,0.454,0.013,0,0.353,0.02,0,0.894,0,0,0.894,0,0,0.881,0.001,0,0.881,0.001,0,0.139,0.049,0,0.001,0.218,1,0.131,0.051,0,0.214,0.035,0,0.807,0.001,0,0.227,0.033,0,0.033,0.1,1
guetig,kind,5,1.511,14,6.25,5.75,6.833,6.083,6,6.458,6.229,1.917,2.167,2.25,2.273,2.042,2.261,2.149,5.25,5.5,4.833,4,5.375,4.417,4.896,3.833,3.583,5.25,4.182,3.708,4.739,4.213,5.083,4.583,5.667,5.083,4.833,5.375,5.104,4.083,3.833,3.833,4.091,3.958,3.957,3.957,5.813,5.938,1.083,0.333,1,0.074,0.071,0,0.016,0.124,1,0.62,0.006,0,0.476,0.012,0,0.657,0.005,0,0.712,0.003,0,0.035,0.097,1,0.512,0.01,0,0.226,0.033,0,0.09,0.065,0,0.263,0.029,0,0.485,0.011,0,0.142,0.048,0,0.142,0.048,0,0.909,0,0,0.985,0,0,0.985,0,0,0.2,0.038,0
harmlos,harmless,7,7.908,12,4.417,4.417,4.667,4.333,4.417,4.5,4.458,1.917,1.667,3,2.167,1.792,2.583,2.188,3.75,3.333,3.417,2.75,3.542,3.083,3.313,3.333,3.583,4,2.273,3.458,3.174,3.319,4.75,4.083,4,3.083,4.417,3.542,3.979,3.5,3.75,3.333,3.833,3.625,3.583,3.604,4.125,4.5,1.167,0.441,1,0.838,0.001,0,0.684,0.004,0,0.684,0.004,0,0.01,0.143,1,0.071,0.072,0,0.325,0.022,0,0.288,0.026,0,0.211,0.035,0,0.771,0.002,0,0.565,0.008,0,0.191,0.039,0,0.082,0.069,0,0.094,0.062,0,0.129,0.052,0,0.808,0.001,0,0.866,0.001,0,0.132,0.051,0,0.612,0.006,0
haesslich,ugly,7,3.174,13,1.75,2,2.333,2.25,1.875,2.292,2.083,4.25,5,4.417,4.5,4.625,4.458,4.542,3.25,2.75,2.917,3,3,2.957,2.979,6.333,6.75,5.417,6.833,6.542,6.125,6.333,2.083,1.75,2.417,2.833,1.917,2.625,2.271,3.25,3.167,3.083,3.667,3.208,3.375,3.292,2,3.188,1.708,0.441,2,0.179,0.041,0,0.786,0.002,0,0.588,0.007,0,0.624,0.006,0,0.224,0.033,0,0.329,0.022,0,0.914,0,0,0.588,0.007,0,0.449,0.013,0,0.283,0.026,0,0.021,0.115,1,0.199,0.037,0,0.103,0.059,0,0.923,0,0,0.383,0.017,0,0.391,0.017,0,0.2,0.037,0,0.09,0.064,0
heiter,bright,6,9.268,12,6.083,5.917,6.167,6.083,6,6.125,6.063,2.667,2.833,3,3.182,2.75,3.087,2.915,5.167,4.417,4.167,4.25,4.792,4.208,4.5,5.583,5.583,5.917,5.333,5.583,5.625,5.604,6,5.583,5.417,5.167,5.792,5.292,5.542,2.917,2.75,2.833,2.667,2.833,2.75,2.792,6.125,5.875,2,0,2,0.579,0.007,0,0.579,0.007,0,0.853,0.001,0,0.485,0.011,0,0.72,0.003,0,0.988,0,0,0.225,0.033,0,0.485,0.011,0,0.384,0.017,0,0.923,0,0,0.501,0.01,0,0.501,0.01,0,0.117,0.055,0,0.292,0.025,0,0.791,0.002,0,0.682,0.004,0,0.413,0.015,0,1,0,0
hektisch,hectic,8,3.988,13,2.5,2.417,1.75,2.25,2.458,2,2.229,6.583,6.25,6.25,5.917,6.417,6.083,6.25,2.833,2.667,3.917,1.917,2.75,2.917,2.833,5.5,6,5.083,5,5.75,5.043,5.404,4,3.25,2.667,2.75,3.625,2.708,3.167,2,1.833,2,1.727,1.917,1.87,1.894,2.688,2.875,1.417,0.486,1,0.063,0.077,0,0.39,0.017,0,0.231,0.032,0,0.185,0.04,0,0.185,0.04,0,1,0,0,0.714,0.003,0,0.021,0.115,1,0.049,0.085,1,0.154,0.047,0,0.671,0.004,0,0.553,0.008,0,0.068,0.073,0,0.501,0.01,0,0.4,0.016,0,0.822,0.001,0,0.355,0.02,0,0.822,0.001,0
hemmungslos,unrestrained,11,2.659,13,3.667,4.167,1.5,1.833,3.917,1.667,2.792,3.083,3.167,5.417,5.333,3.125,5.375,4.25,3.167,3.167,2.75,2.167,3.167,2.458,2.813,3.833,5.417,5.909,4.75,4.625,5.304,4.957,3.333,4.25,1.333,1.417,3.792,1.375,2.583,2.167,1.833,2.083,2.364,2,2.217,2.106,3.875,3.75,1.333,0.433,1,0,0.525,1,0.203,0.036,0,0.797,0.002,0,0,0.275,1,1,0,0,0.88,0.001,0,0.228,0.033,0,0.617,0.006,0,0.617,0.006,0,0.194,0.039,0,0.693,0.004,0,0.014,0.133,1,0,0.521,1,0.16,0.044,0,0.24,0.031,0,0.338,0.021,0,0.909,0,0,0.19,0.04,0
hilflos,helpless,7,9.555,11,2.583,2.417,2.25,2.667,2.5,2.458,2.479,5.667,5.5,5.818,4.833,5.583,5.304,5.447,1.333,1.083,1.818,2,1.208,1.913,1.553,4.167,4.917,4.667,4.917,4.542,4.792,4.667,2.25,2,2.083,1.75,2.125,1.917,2.021,4.25,4,3.75,3.833,4.125,3.792,3.958,1.563,2.5,1.75,0.441,2,0.906,0,0,0.723,0.003,0,0.409,0.016,0,0.483,0.011,0,0.121,0.055,0,0.268,0.028,0,0.013,0.134,1,0.901,0,0,0.431,0.014,0,0.652,0.005,0,0.369,0.018,0,0.652,0.005,0,0.524,0.009,0,0.373,0.018,0,0.898,0,0,0.141,0.048,0,0.71,0.003,0,0.458,0.013,0
hoeflich,polite,7,7.069,12,5.667,5.75,6.417,5.917,5.708,6.167,5.938,3.583,3.083,2.917,2.75,3.333,2.833,3.083,4.917,5.083,4.583,4.917,5,4.75,4.875,4.182,5.083,5.417,4.333,4.652,4.875,4.766,6.083,5.75,5.917,5.75,5.917,5.833,5.875,3.25,3.667,3.75,3.583,3.458,3.667,3.563,5.688,5.75,1,0,1,0.081,0.068,0,0.421,0.015,0,0.262,0.029,0,0.161,0.044,0,0.347,0.02,0,0.637,0.005,0,0.489,0.011,0,0.489,0.011,0,0.817,0.001,0,0.589,0.007,0,0.839,0.001,0,0.031,0.103,1,0.796,0.002,0,0.44,0.014,0,0.796,0.002,0,0.266,0.028,0,0.503,0.01,0,0.122,0.053,0
impulsiv,impulsive,8,0.543,16,5.417,5.083,5.25,5.182,5.25,5.217,5.234,4.75,5.25,4.917,5.667,5,5.292,5.146,4.25,2.917,4.25,3.75,3.583,4,3.792,4.417,3.917,5.25,4.75,4.167,5,4.583,5.167,4,6.25,4,4.583,5.125,4.854,1.917,1.833,2,1.833,1.875,1.917,1.896,4.313,4.438,1.625,0.441,2,0.934,0,0,0.625,0.006,0,0.746,0.002,0,0.537,0.009,0,0.189,0.039,0,0.791,0.002,0,0.382,0.017,0,0.059,0.079,0,0.382,0.017,0,0.142,0.048,0,0.375,0.018,0,1,0,0,0.155,0.045,0,0,0.321,1,0.155,0.045,0,0.847,0.001,0,0.563,0.008,0,0.847,0.001,0
intelligent,intelligent,11,4.418,13,6.583,6.25,6.667,6.417,6.417,6.542,6.479,2.667,3.5,3.667,4.167,3.083,3.917,3.5,6.167,6.083,4.75,5.167,6.125,4.958,5.542,4.167,4.583,4.75,2.917,4.375,3.833,4.104,5.917,5.667,5.167,5.75,5.792,5.458,5.625,3,2.417,3,2.75,2.708,2.875,2.792,6.625,6.438,1.917,0.333,2,0.511,0.01,0,0.129,0.052,0,0.826,0.001,0,0.067,0.074,0,0.14,0.049,0,0.709,0.003,0,0.014,0.131,1,0.715,0.003,0,0.584,0.007,0,0.342,0.021,0,0.216,0.035,0,0.052,0.083,0,0.218,0.034,0,0.535,0.009,0,0.125,0.053,0,0.331,0.022,0,0.018,0.121,1,0.331,0.022,0
interessiert,interested,12,55.203,9,6,5.917,6.417,6.083,5.958,6.25,6.104,4.75,3.917,5.083,5.167,4.333,5.125,4.729,6.083,5.917,5.75,6,6,5.875,5.938,4,4.333,4.818,3.75,4.174,4.261,4.217,6.25,6.083,6.25,5.833,6.167,6.042,6.104,2.583,2.083,2.25,2.667,2.333,2.458,2.396,6.563,6.688,1.458,0.486,1,0.185,0.04,0,0.341,0.021,0,0.567,0.008,0,0.078,0.069,0,0.398,0.016,0,0.302,0.024,0,0.698,0.003,0,0.897,0,0,0.518,0.01,0,0.84,0.001,0,0.528,0.01,0,0.231,0.034,0,0.684,0.004,0,0.344,0.02,0,0.684,0.004,0,0.638,0.005,0,0.875,0.001,0,0.089,0.064,0
ironisch,ironic,8,6.9,12,4.333,4.583,2.583,4,4.458,3.292,3.875,4.25,4.167,5.273,4.333,4.208,4.783,4.489,4.583,5.333,4.167,4.5,4.958,4.333,4.646,3.417,2.75,4.417,3.917,3.083,4.167,3.625,4.667,6,3.5,4.364,5.333,3.913,4.638,2.083,2.25,3.25,3.5,2.167,3.375,2.771,5.313,5.438,1.333,0.5,1,0.007,0.156,1,0.048,0.086,1,0.161,0.044,0,0.115,0.057,0,0.173,0.043,0,0.253,0.03,0,0.112,0.057,0,0.166,0.043,0,0.591,0.007,0,0.085,0.066,0,0.347,0.02,0,0.893,0,0,0.004,0.178,1,0.021,0.118,1,0.611,0.006,0,0,0.365,1,0.39,0.017,0,0.863,0.001,0
irritiert,confused,9,6.722,12,3,2.917,3.417,2.75,2.958,3.083,3.021,5,4.833,5.25,4.5,4.917,4.875,4.896,3.333,2.25,3.167,2.667,2.792,2.917,2.854,4.25,4.167,4.083,3.75,4.208,3.917,4.063,2.583,2.083,2.25,2.75,2.333,2.5,2.417,3.167,3.583,3.333,3.333,3.375,3.333,3.354,2.563,3.063,1.75,0.441,2,0.674,0.004,0,0.211,0.035,0,0.329,0.022,0,0.916,0,0,0.248,0.03,0,0.46,0.012,0,0.684,0.004,0,0.013,0.132,1,0.345,0.02,0,0.564,0.008,0,0.68,0.004,0,0.805,0.001,0,0.655,0.005,0,1,0,0,0.184,0.04,0,0.862,0.001,0,0.386,0.017,0,0.386,0.017,0
jung,young,4,19.92,10,6.333,6,5.667,5.417,6.167,5.542,5.854,3.333,3.417,3.5,3.917,3.375,3.708,3.542,5.083,4.917,3.917,4.417,5,4.167,4.583,6.083,6.417,6.333,6,6.25,6.174,6.213,6.333,6.333,1.417,2.25,6.333,1.833,4.083,1.167,1,1.333,1.5,1.083,1.417,1.25,4.813,4.313,1.917,0.333,2,0.045,0.089,1,0.34,0.021,0,0.891,0,0,0.423,0.015,0,0.547,0.008,0,0.688,0.004,0,0.144,0.048,0,0.767,0.002,0,0.555,0.008,0,0.825,0.001,0,1,0,0,0.378,0.018,0,0,0.845,1,0.158,0.045,0,0.158,0.045,0,0.042,0.091,1,1,0,0,0.3,0.024,0
kaempferisch,belligerent,11,3.782,13,4.417,4.667,5.083,5.167,4.542,5.125,4.833,6.667,6.25,6.333,6.5,6.458,6.417,6.438,6,5.583,6.25,5.333,5.792,5.792,5.792,5.75,6.167,6.167,5.583,5.958,5.875,5.917,5.167,4,5.25,4.917,4.583,5.083,4.833,1.833,1.75,2,1.917,1.792,1.958,1.875,5.438,4.688,1.708,0.441,2,0.127,0.052,0,0.659,0.004,0,0.825,0.001,0,0.848,0.001,0,0.565,0.008,0,0.183,0.04,0,1,0,0,0.066,0.075,0,0.483,0.011,0,0.828,0.001,0,0.828,0.001,0,0.196,0.038,0,0.281,0.026,0,0.109,0.057,0,0.368,0.018,0,0.325,0.022,0,0.622,0.006,0,1,0,0
kontrolliert,controlled,12,21.656,10,3.083,3.417,4.75,5,3.25,4.875,4.063,5.083,5.583,4.75,4.917,5.333,4.833,5.083,5.667,4.333,5.583,4.667,5,5.125,5.063,3.167,3.083,4,3.5,3.125,3.75,3.438,4.5,4.167,5.5,5.167,4.333,5.333,4.833,3,3.75,3.667,3.75,3.375,3.708,3.542,4.625,4.5,1.667,0.527,2,0,0.289,1,0.452,0.013,0,0.914,0,0,0.142,0.048,0,0.324,0.022,0,0.621,0.006,0,0.843,0.001,0,0.081,0.068,0,0.742,0.002,0,0.196,0.038,0,0.543,0.008,0,0.664,0.004,0,0.017,0.123,1,0.411,0.015,0,1,0,0,0.134,0.05,0,0.063,0.076,0,0.134,0.05,0
konzentriert,concentrating,12,23.716,10,5.25,5.167,6.167,5.917,5.208,6.042,5.625,5.083,5.333,4.75,5.083,5.208,4.917,5.063,6.333,6.417,6.25,5.833,6.375,6.042,6.208,4.5,4.917,4.364,3.583,4.708,3.957,4.34,5.25,5.333,6.083,5.667,5.292,5.875,5.583,2.25,2.667,2.833,2.75,2.458,2.792,2.625,6.313,5.75,2,0,2,0.004,0.178,1,0.54,0.009,0,0.759,0.002,0,0.542,0.009,0,0.542,0.009,0,0.93,0,0,0.301,0.024,0,0.603,0.006,0,0.436,0.014,0,0.148,0.048,0,0.717,0.003,0,0.236,0.032,0,0.071,0.072,0,0.6,0.006,0,0.432,0.014,0,0.226,0.033,0,0.542,0.009,0,0.362,0.019,0
kraftvoll,powerful,9,2.579,13,5.667,5.25,5.833,5.833,5.458,5.833,5.646,5.417,5.25,5,5.083,5.333,5.042,5.188,5.5,5.667,5.083,5.167,5.583,5.125,5.354,5.5,5.25,5.75,5.167,5.375,5.458,5.417,5.083,4.833,4.167,4.75,4.958,4.458,4.708,1.75,1.667,1.917,1.667,1.708,1.792,1.75,5.938,6.063,2,0,2,0.159,0.044,0,0.431,0.014,0,0.431,0.014,0,0.515,0.01,0,0.926,0,0,0.78,0.002,0,0.16,0.044,0,0.698,0.003,0,0.897,0,0,0.837,0.001,0,0.305,0.024,0,0.68,0.004,0,0.234,0.032,0,0.689,0.004,0,0.32,0.023,0,0.64,0.005,0,0.351,0.02,0,0.64,0.005,0
krank,ill,5,21.402,10,2.167,1.833,1.917,2.417,2,2.167,2.083,4.667,4.75,4.667,4.417,4.708,4.542,4.625,1.917,1.5,3.25,3.333,1.708,3.292,2.5,6.25,6.333,5.167,6,6.292,5.583,5.938,2.167,1.75,2.667,3.167,1.958,2.917,2.438,4.5,4.333,4.167,4.333,4.417,4.25,4.333,1.563,2.563,1.958,0.167,2,0.647,0.005,0,0.819,0.001,0,0.256,0.029,0,0.701,0.003,0,0.848,0.001,0,0.701,0.003,0,0.002,0.194,1,0.733,0.003,0,0.61,0.006,0,0.112,0.056,0,0.299,0.024,0,0.395,0.017,0,0.049,0.085,1,0.93,0,0,0.338,0.021,0,0.372,0.018,0,1,0,0,0.372,0.018,0
kreativ,creative,7,4.052,13,6.25,5.917,6.417,6.167,6.083,6.292,6.188,2.917,2.583,3.083,4.25,2.75,3.667,3.208,5.167,4.5,5.167,5.417,4.833,5.292,5.063,5.667,5.083,5.917,4.667,5.375,5.292,5.333,5.167,5.5,5.667,4.818,5.333,5.261,5.298,2.167,1.833,2.5,2.182,2,2.348,2.17,6.313,6.188,1.75,0.441,2,0.525,0.009,0,0.374,0.018,0,0.899,0,0,0.089,0.064,0,0.434,0.014,0,0.162,0.044,0,0.315,0.023,0,0.646,0.005,0,0.315,0.023,0,0.867,0.001,0,0.071,0.072,0,0.504,0.01,0,0.838,0.001,0,0.564,0.008,0,0.189,0.04,0,0.125,0.054,0,0.142,0.049,0,0.972,0,0
kritisch,critical,8,20.751,10,4.25,4.417,5.25,5.5,4.333,5.375,4.854,5.333,5.083,5,5.167,5.208,5.083,5.146,5.75,5.083,5.25,5.667,5.417,5.458,5.438,2.917,3.25,3.75,3.417,3.083,3.583,3.333,5.667,5.417,6,5.5,5.542,5.75,5.646,2.75,2.833,3.25,3.636,2.792,3.435,3.106,5.625,5.438,1.5,0.527,2,0.018,0.121,1,0.625,0.005,0,0.922,0,0,0.724,0.003,0,0.906,0,0,0.556,0.008,0,0.901,0,0,0.708,0.003,0,0.11,0.057,0,0.297,0.025,0,1,0,0,0.485,0.011,0,0.528,0.009,0,0.258,0.029,0,0.704,0.003,0,0.034,0.1,1,0.435,0.014,0,0.613,0.006,0
lahm,lame,4,4.55,13,2.083,2.417,2.417,2.167,2.25,2.292,2.271,3,3,2.75,2.75,3,2.75,2.875,2.833,2.083,2.167,2.083,2.458,2.125,2.292,4.75,4.545,4.833,5.417,4.652,5.125,4.894,1.5,2.5,1.917,1.833,2,1.875,1.938,3.667,4.167,3.667,3.917,3.917,3.792,3.854,1.75,1.875,1.75,0.441,2,0.875,0.001,0,0.875,0.001,0,0.273,0.027,0,0.609,0.006,0,1,0,0,1,0,0,0.325,0.022,0,0.22,0.034,0,0.325,0.022,0,0.415,0.016,0,0.745,0.002,0,0.5,0.011,0,0.744,0.002,0,0.235,0.032,0,0.162,0.044,0,0.543,0.008,0,0.072,0.071,0,0.543,0.008,0
langsam,slowly,7,62.801,9,3,3.25,2.917,3,3.125,2.958,3.042,2.417,2.833,2.333,2.583,2.625,2.458,2.542,3.833,3.5,3.167,3.583,3.667,3.375,3.521,5.167,5.083,5.583,4.417,5.125,5,5.063,2.167,3.25,2.583,2.417,2.708,2.5,2.604,4.25,4.333,3.917,3.917,4.292,3.917,4.104,2.5,2.375,1.833,0.354,2,0.602,0.006,0,0.602,0.006,0,0.794,0.002,0,0.709,0.003,0,0.457,0.013,0,0.852,0.001,0,0.482,0.011,0,0.92,0,0,0.367,0.019,0,0.798,0.002,0,0.205,0.036,0,0.271,0.028,0,0.627,0.005,0,0.288,0.026,0,0.149,0.047,0,0.078,0.069,0,0.842,0.001,0,0.842,0.001,0
launisch,moody,8,0.628,15,2.083,2.083,1.583,1.917,2.083,1.75,1.917,5.5,5.167,5.5,5.083,5.333,5.292,5.313,2.583,2.25,3.417,2.333,2.417,2.875,2.646,4.417,3.25,4.455,3.727,3.833,4.091,3.957,3.25,3.417,1.75,2.5,3.333,2.125,2.729,2.917,3,2.917,3.667,2.958,3.292,3.125,1.875,1.75,1.208,0.441,1,0.167,0.043,0,0.486,0.011,0,0.486,0.011,0,0.911,0,0,0.317,0.023,0,0.911,0,0,0.23,0.033,0,0.066,0.075,0,0.324,0.022,0,0.647,0.005,0,0.097,0.064,0,0.696,0.004,0,0.006,0.159,1,0.279,0.027,0,0.489,0.011,0,0.277,0.027,0,0.176,0.041,0,0.277,0.027,0
lebhaft,lively,7,5.408,12,6.083,5.917,6.083,5.5,6,5.792,5.896,3.917,3.833,5.083,4.818,3.875,4.957,4.404,4.833,5.083,4.5,4.083,4.958,4.292,4.625,5.5,5.333,5.583,5.583,5.417,5.583,5.5,5.917,5.667,6,4.333,5.792,5.167,5.479,1.75,1.364,1.917,1.833,1.565,1.875,1.723,5.938,5.625,1.667,0.441,2,0.428,0.014,0,0.157,0.045,0,0.428,0.014,0,0.021,0.118,1,0.699,0.004,0,0.84,0.001,0,0.091,0.064,0,0.83,0.001,0,0.392,0.017,0,0.662,0.004,0,0.827,0.001,0,0.827,0.001,0,0.032,0.1,1,0.001,0.207,1,0.016,0.125,1,0.112,0.058,0,0.237,0.032,0,0.444,0.014,0
liberal,liberal,7,2.883,13,5.333,4.417,6.25,5.167,4.875,5.708,5.292,2.667,2.75,2.667,3.25,2.708,2.958,2.833,4.25,4.25,4,4.667,4.25,4.333,4.292,2.167,2.333,3.25,2.417,2.25,2.833,2.542,4.667,4.25,5.417,5.083,4.458,5.25,4.854,2.833,2.667,3.417,3.417,2.75,3.417,3.083,5.5,5.5,1.292,0.441,1,0.006,0.161,1,0.001,0.216,1,0.773,0.002,0,0.507,0.01,0,0.378,0.018,0,0.507,0.01,0,0.85,0.001,0,0.45,0.013,0,0.45,0.013,0,0.252,0.03,0,0.511,0.01,0,0.325,0.022,0,0.06,0.078,0,0.365,0.019,0,0.92,0,0,0.008,0.15,1,0.729,0.003,0,0.729,0.003,0
listig,wily,6,1.397,14,3,2.833,3.167,2.5,2.917,2.833,2.875,5,5.167,5.417,5.273,5.083,5.348,5.213,6,5.583,5.167,5.583,5.792,5.375,5.583,4,5.083,3.917,4,4.542,3.958,4.25,3,3.333,1.333,2,3.167,1.667,2.417,2.917,2.417,3.083,3.083,2.667,3.083,2.875,3.625,2.625,1.25,0.441,1,0.849,0.001,0,0.344,0.02,0,0.569,0.007,0,0.517,0.01,0,0.977,0,0,0.7,0.003,0,0.236,0.032,0,1,0,0,0.236,0.032,0,0.292,0.025,0,0.292,0.025,0,0.365,0.019,0,0,0.306,1,0.149,0.047,0,0.627,0.005,0,0.055,0.081,0,0.244,0.031,0,0.244,0.031,0
lustig,jovial,6,17.447,11,6.417,6.5,6,5.917,6.458,5.958,6.208,2.583,2.083,2.5,3.083,2.333,2.792,2.563,4.667,4.25,3.667,4.333,4.458,4,4.229,6.167,6.25,6.167,5.364,6.208,5.783,6,5.667,5.833,5.25,4.833,5.75,5.042,5.396,2.667,2.333,2.5,2.25,2.5,2.375,2.438,6.063,6.063,1.708,0.486,2,0.026,0.108,1,1,0,0,0.703,0.003,0,0.267,0.028,0,0.919,0,0,0.191,0.039,0,0.312,0.023,0,0.782,0.002,0,0.234,0.032,0,0.295,0.025,0,0.394,0.017,0,0.295,0.025,0,0.042,0.091,1,0.713,0.003,0,0.393,0.017,0,0.594,0.007,0,0.217,0.034,0,0.859,0.001,0
mitfuehlend,compassionate,10,0.457,16,6.083,5.333,5.917,5,5.708,5.458,5.583,3.167,2.833,2.75,3.75,3,3.25,3.125,4.917,4.833,5.167,4.083,4.875,4.625,4.75,3.75,4.25,4.917,3.333,4,4.125,4.063,6.083,5.25,6.25,4.833,5.667,5.542,5.604,3.333,3.167,3.917,3.917,3.25,3.917,3.583,5.938,6.188,1.083,0.333,1,0.414,0.015,0,0.009,0.147,1,0.785,0.002,0,0.593,0.007,0,0.477,0.012,0,0.158,0.045,0,0.575,0.007,0,0.194,0.038,0,0.264,0.028,0,0.802,0.001,0,0.281,0.026,0,0.042,0.091,1,0.684,0.004,0,0.001,0.236,1,0.344,0.02,0,0.01,0.142,1,0.737,0.003,0,0.737,0.003,0
moralisch,moral,9,8.094,12,3.25,3.083,3.667,3.917,3.167,3.792,3.479,4.917,5,4.5,4.182,4.958,4.348,4.66,5.083,4.5,3.75,4,4.792,3.875,4.333,2.833,3.083,3.833,2.833,2.958,3.333,3.146,3.833,3.333,3.75,4.417,3.583,4.083,3.833,4,4.083,3.917,3.5,4.042,3.708,3.875,4.563,4.563,1.208,0.441,1,0.086,0.066,0,0.907,0,0,0.561,0.008,0,0.06,0.08,0,0.715,0.003,0,0.533,0.009,0,0.009,0.144,1,0.624,0.006,0,0.224,0.033,0,0.46,0.012,0,0.46,0.012,0,0.221,0.034,0,0.269,0.028,0,0.853,0.001,0,0.199,0.037,0,0.146,0.047,0,0.464,0.012,0,0.273,0.027,0
muede,tired,4,18.234,11,3,3,2.667,3,3,2.833,2.917,3,2.333,1.583,1.917,2.667,1.75,2.208,2.167,2.083,2.25,2.25,2.125,2.25,2.188,6.333,6.333,5.583,6.083,6.333,5.833,6.083,3.5,3.583,2.75,3,3.542,2.875,3.208,4.167,4.167,4.167,3.667,4.167,3.917,4.042,2.375,2.938,2,0,2,0.6,0.006,0,0.6,0.006,0,0.6,0.006,0,0.017,0.122,1,0.655,0.005,0,0.184,0.04,0,0.706,0.003,0,0.9,0,0,0.9,0,0,0.136,0.05,0,0.451,0.013,0,0.451,0.013,0,0.159,0.045,0,0.722,0.003,0,0.859,0.001,0,0.297,0.025,0,0.297,0.025,0,0.297,0.025,0
mutig,brave,5,7.053,12,5.25,5.583,6.083,5.917,5.417,6,5.708,4.75,4.417,4.583,4.917,4.583,4.75,4.667,5.5,5.5,5.417,5.083,5.5,5.25,5.375,4.818,5.75,5.167,5,5.304,5.083,5.191,4.417,4.5,5.583,4.333,4.458,4.958,4.708,2.083,2.25,2.167,2.5,2.167,2.333,2.25,5.75,5.375,1.833,0.354,2,0.01,0.14,1,0.704,0.003,0,0.257,0.029,0,0.741,0.003,0,1,0,0,0.51,0.01,0,0.529,0.009,0,0.674,0.004,0,0.674,0.004,0,0.71,0.003,0,0.48,0.012,0,0.312,0.024,0,0.123,0.053,0,0.074,0.071,0,0.042,0.091,1,0.501,0.01,0,0.314,0.023,0,0.736,0.003,0
nachgiebig,compliant,10,0.446,16,3.583,3.833,4.25,4.167,3.708,4.208,3.958,2.5,2.833,2.75,3,2.667,2.875,2.771,3.833,4.333,4.083,3.75,4.083,3.917,4,2.833,2.75,3.917,2.917,2.792,3.417,3.104,4,4.167,4.667,4.5,4.083,4.583,4.333,3.417,3.583,3.833,3.667,3.5,3.75,3.625,3.625,5,1.125,0.167,1,0.196,0.038,0,0.828,0.001,0,0.664,0.004,0,0.488,0.011,0,0.333,0.021,0,0.889,0,0,0.67,0.004,0,0.831,0.001,0,0.289,0.026,0,0.237,0.032,0,0.305,0.024,0,0.384,0.017,0,0.255,0.029,0,1,0,0,0.703,0.003,0,0.268,0.028,0,1,0,0,0.458,0.013,0
naiv,naive,4,6.803,12,3.667,3.75,3.667,2.917,3.708,3.292,3.5,2.833,3.333,3.167,3,3.083,3.083,3.083,1.917,1.917,2.417,2.583,1.917,2.5,2.208,3.25,3.833,3.364,3,3.542,3.174,3.362,3.333,2.583,1.75,2.25,2.958,2,2.479,2.833,2.417,2.583,2.583,2.625,2.583,2.604,2.063,2.313,1.833,0.333,2,0.28,0.027,0,0.386,0.017,0,0.28,0.027,0,1,0,0,0.635,0.005,0,0.344,0.02,0,0.095,0.062,0,0.808,0.001,0,0.808,0.001,0,0.584,0.007,0,0.867,0.001,0,0.472,0.012,0,0.045,0.088,1,0.789,0.002,0,0.186,0.039,0,0.878,0.001,0,0.444,0.013,0,0.444,0.013,0
neidisch,jealous,8,2.827,13,1.5,1.917,1.583,1.75,1.708,1.667,1.688,6.083,5.583,4.667,4.833,5.833,4.75,5.292,2.583,2.667,3.667,3,2.625,3.333,2.979,3.917,4.25,3.917,4.333,4.083,4.125,4.104,3.167,3,1.75,1.417,3.083,1.583,2.333,2.75,2.417,2.583,2.75,2.583,2.667,2.625,1.5,1.75,1.417,0.527,1,0.855,0.001,0,0.205,0.036,0,0.584,0.007,0,0.001,0.213,1,0.599,0.006,0,0.295,0.025,0,0.066,0.075,0,0.441,0.014,0,0.323,0.022,0,0.941,0,0,0.503,0.01,0,0.941,0,0,0,0.322,1,0.45,0.013,0,0.801,0.001,0,0.745,0.002,0,0.745,0.002,0,0.332,0.021,0
nervoes,nervous,6,12.178,11,2.25,1.917,1.917,2.167,2.083,2.042,2.063,6,5.75,6,5.583,5.875,5.792,5.833,2.583,2.167,3,2.364,2.375,2.696,2.532,4.75,5.417,5.455,4.583,5.083,5,5.043,3.167,2.917,2.583,2.75,3.042,2.667,2.854,3,2.583,3.167,2.5,2.792,2.833,2.813,2.5,2.688,2,0,2,0.866,0.001,0,0.866,0.001,0,0.241,0.031,0,0.755,0.002,0,0.216,0.035,0,0.755,0.002,0,0.479,0.012,0,0.227,0.034,0,0.799,0.002,0,0.886,0,0,0.82,0.001,0,0.093,0.064,0,0.378,0.018,0,0.922,0,0,0.623,0.006,0,0.88,0.001,0,0.054,0.082,0,0.65,0.005,0
neutral,neutral,7,4.311,13,3.583,4,5,4.75,3.792,4.875,4.333,3.583,3.75,3.667,3.75,3.667,3.708,3.688,3.833,3.833,3.583,3.833,3.833,3.708,3.771,2.636,2.083,3,3.167,2.348,3.083,2.723,3.25,3,5.583,4.25,3.125,4.917,4.021,3.167,3.333,3.333,3.583,3.25,3.458,3.354,4,3.938,1.5,0.433,2,0.001,0.216,1,0.79,0.002,0,0.29,0.025,0,0.874,0.001,0,0.635,0.005,0,0.874,0.001,0,0.717,0.003,0,0.717,0.003,0,0.717,0.003,0,0.117,0.056,0,0.671,0.004,0,0.43,0.015,0,0,0.288,1,0.069,0.073,0,0.209,0.036,0,0.312,0.023,0,0.312,0.023,0,0.839,0.001,0
normal,normal,6,22.15,10,3.417,3.833,4.833,4.917,3.625,4.875,4.25,3.167,3.833,2.833,3.333,3.5,3.083,3.292,3.75,4.083,3.417,4.417,3.917,3.917,3.917,1.833,2.167,3.083,2.917,2,3,2.5,4,4,5.417,5.333,4,5.375,4.688,3.083,2.917,3.167,3.5,3,3.333,3.167,3.938,4.188,1.833,0.354,2,0,0.276,1,0.417,0.015,0,0.588,0.007,0,0.229,0.033,0,0.095,0.062,0,0.808,0.001,0,1,0,0,0.06,0.078,0,0.34,0.021,0,0.023,0.112,1,0.845,0.001,0,0.559,0.008,0,0.002,0.195,1,0.922,0,0,0.922,0,0,0.082,0.067,0,0.658,0.004,0,0.189,0.039,0
offen,open-minded,5,93.39,8,6.25,5.917,6.5,6.167,6.083,6.333,6.208,2.417,2.417,3.167,3.583,2.417,3.375,2.896,5.167,4.833,4.167,3.833,5,4,4.5,3.083,3.75,5.167,4,3.417,4.583,4,6,5.833,6.167,5.5,5.917,5.833,5.875,1.917,1.75,2.583,2.917,1.833,2.75,2.292,6,6,1.333,0.527,1,0.342,0.021,0,0.207,0.036,0,1,0,0,0.015,0.126,1,0.587,0.007,0,0.587,0.007,0,0.015,0.127,1,0.404,0.016,0,1,0,0,0.051,0.084,0,0.67,0.004,0,0.122,0.053,0,0.775,0.002,0,0.158,0.045,0,0.393,0.017,0,0.001,0.224,1,0.748,0.002,0,0.337,0.021,0
ordentlich,tidy,10,16.065,11,4.333,4.917,6.333,6.25,4.625,6.292,5.458,4.417,4.083,3.25,2.833,4.25,3.042,3.646,5.5,5.167,5.5,5.667,5.333,5.583,5.458,4.833,5.083,5.833,4.583,4.958,5.208,5.083,3.833,4.417,5.75,5,4.125,5.375,4.75,3.5,3.75,3.75,3.583,3.625,3.667,3.646,5.438,4.688,2,0,2,0,0.477,1,0.347,0.02,0,0.212,0.035,0,0.006,0.16,1,0.373,0.018,0,0.921,0,0,0.497,0.011,0,0.82,0.001,0,0.497,0.011,0,0.575,0.007,0,0.264,0.028,0,0.097,0.061,0,0.009,0.147,1,0.855,0.001,0,0.149,0.047,0,0.853,0.001,0,0.853,0.001,0,0.357,0.019,0
passiv,passive,6,2.308,14,2.5,2.75,3,3,2.625,3,2.813,2.833,3.333,2.75,2.25,3.083,2.5,2.792,2.083,1.583,3.083,2.25,1.833,2.667,2.25,2.5,3.333,4.083,3.417,2.917,3.75,3.333,2.5,3.333,2.273,2.75,2.917,2.522,2.723,3.75,3.833,3.917,3.833,3.792,3.875,3.833,2.5,2.625,1.792,0.441,2,0.197,0.038,0,0.664,0.004,0,0.664,0.004,0,0.21,0.036,0,1,0,0,0.281,0.026,0,0.017,0.124,1,0.052,0.083,0,0.621,0.006,0,0.134,0.05,0,0.879,0.001,0,0.177,0.041,0,0.254,0.03,0,0.069,0.075,0,0.614,0.006,0,0.674,0.004,0,1,0,0,0.674,0.004,0
planlos,unsystematic,7,0.711,15,2.833,2.667,1.917,2,2.75,1.958,2.354,2.667,3.667,4.25,3.167,3.167,3.708,3.438,1.667,2,2.5,2.083,1.833,2.292,2.063,4,4.333,3.25,3.417,4.174,3.333,3.745,2.583,3.083,2.167,2.25,2.833,2.208,2.521,2.75,2.083,2.583,2.667,2.417,2.625,2.521,2.063,2.375,2,0,2,0.025,0.109,1,0.903,0,0,0.715,0.003,0,0.268,0.028,0,0.932,0,0,0.037,0.096,1,0.176,0.041,0,0.901,0,0,0.266,0.028,0,0.184,0.041,0,0.687,0.004,0,0.893,0,0,0.145,0.048,0,0.492,0.011,0,0.623,0.006,0,0.341,0.021,0,0.185,0.04,0,0.09,0.064,0
praktisch,practical,9,37.952,10,5.083,4.917,6,5.833,5,5.913,5.447,3.5,3.333,3.667,4.5,3.417,4.083,3.75,5.417,5.75,5.25,5.545,5.583,5.391,5.489,3,2.667,5.25,4.583,2.833,4.917,3.875,4.75,4.333,6.333,4.583,4.542,5.458,5,3.25,2.75,2.917,2.667,3,2.792,2.896,5.75,5.688,1.917,0.333,2,0.021,0.118,1,0.665,0.004,0,1,0,0,0.031,0.101,1,0.272,0.027,0,0.102,0.06,0,0.551,0.008,0,0.314,0.024,0,0.951,0,0,0,0.303,1,0.3,0.024,0,0.728,0.003,0,0.055,0.081,0,0.025,0.11,1,0.159,0.045,0,0.494,0.011,0,0.221,0.034,0,0.681,0.004,0
puenktlich,punctual,9,10.712,11,4.667,4.75,6.455,6.5,4.708,6.478,5.574,4.167,4.083,3.25,3.167,4.125,3.208,3.667,5.083,5.417,5.75,5.667,5.25,5.708,5.479,4.25,4.333,5.75,4.333,4.292,5.042,4.667,5,4.083,6.25,5.667,4.542,5.958,5.25,3.917,3.5,3.417,3.917,3.708,3.667,3.688,6.125,6.063,1.167,0.354,1,0,0.475,1,0.822,0.001,0,0.947,0,0,0.07,0.073,0,0.867,0.001,0,1,0,0,0.242,0.031,0,0.748,0.002,0,0.592,0.007,0,0.229,0.033,0,0.284,0.026,0,0.229,0.033,0,0.009,0.145,1,0.155,0.045,0,0.749,0.002,0,0.851,0.001,0,0.851,0.001,0,0.044,0.089,1
raffiniert,cunning,10,2.74,13,5.417,5.417,3.167,2.917,5.417,3.042,4.229,4.167,4.333,5.25,5.583,4.25,5.417,4.833,5.75,5.833,6,4.5,5.792,5.25,5.521,3.667,3.333,3.833,3.455,3.5,3.652,3.574,4.083,4.083,2.083,2.25,4.083,2.167,3.125,2.5,2.083,2.727,2.75,2.292,2.739,2.511,5.75,5,1.917,0.333,2,0,0.573,1,0.688,0.004,0,0.688,0.004,0,0,0.248,1,0.419,0.015,0,0.787,0.002,0,0.106,0.058,0,0.036,0.096,1,0.02,0.117,1,0.794,0.002,0,0.52,0.01,0,0.967,0,0,0,0.342,1,0.836,0.001,0,0.836,0.001,0,0.039,0.095,1,0.355,0.02,0,0.302,0.025,0
rastlos,restless,7,1.033,15,2.167,2.917,2.5,3.25,2.542,2.875,2.708,6.083,6.167,5.917,5.75,6.125,5.833,5.979,3.417,3.583,3.417,3.667,3.5,3.542,3.521,4.083,3.417,4.417,4.75,3.75,4.583,4.167,3.75,3.833,2.417,2.833,3.792,2.625,3.208,2.167,1.917,2.25,2.167,2.042,2.208,2.125,3.063,3.25,2,0,2,0.35,0.02,0,0.039,0.093,1,1,0,0,0.337,0.021,0,0.89,0,0,0.68,0.004,0,0.925,0,0,0.64,0.005,0,0.925,0,0,0.089,0.064,0,0.729,0.003,0,0.302,0.024,0,0.021,0.116,1,0.609,0.006,0,0.733,0.003,0,0.477,0.012,0,0.477,0.012,0,0.722,0.003,0
rational,rational,8,2.434,13,3.833,5.083,5.5,5.667,4.458,5.583,5.021,3.917,3.5,3.75,4,3.708,3.875,3.792,5.667,5.917,4.75,5.75,5.792,5.25,5.521,2.167,2.833,3.583,3.333,2.5,3.458,2.979,4.25,5,5.182,5.917,4.625,5.565,5.085,2.75,2.833,3.25,3.333,2.792,3.292,3.042,5.375,5.188,2,0,2,0.001,0.219,1,0.032,0.1,1,0.098,0.061,0,0.659,0.004,0,0.825,0.001,0,0.379,0.018,0,0.171,0.042,0,0.116,0.055,0,0.341,0.021,0,0.09,0.064,0,0.708,0.003,0,0.411,0.015,0,0.031,0.104,1,0.081,0.069,0,0.986,0,0,0.065,0.075,0,0.754,0.002,0,1,0,0
reif,mature,4,8.03,12,5.583,5.5,5.5,5.5,5.542,5.5,5.521,2.667,2.75,3.667,2.727,2.708,3.217,2.957,5.333,5.083,4.167,4.75,5.208,4.458,4.833,3.417,3.583,4.75,3.75,3.5,4.25,3.875,4.833,4.667,5.75,5.333,4.75,5.542,5.146,4.167,3.75,4.25,4,3.958,4.125,4.042,5.813,6,1.875,0.167,2,0.897,0,0,0.897,0,0,0.897,0,0,0.176,0.042,0,0.235,0.033,0,0.158,0.046,0,0.094,0.062,0,0.706,0.003,0,0.347,0.02,0,0.191,0.039,0,0.464,0.012,0,0.307,0.024,0,0.008,0.148,1,0.314,0.023,0,0.664,0.004,0,0.474,0.012,0,0.156,0.045,0,0.72,0.003,0
reizbar,irritable,7,0.287,16,2.25,2.167,1.75,2.667,2.208,2.208,2.208,6.5,6.083,5.75,5.833,6.292,5.792,6.042,2.917,2.917,4.083,2.667,2.917,3.375,3.146,2.75,3.25,4.167,4.167,3,4.167,3.583,3.917,3.833,2.833,3.583,3.875,3.208,3.542,2.833,2.75,3.5,2.833,2.792,3.167,2.979,2.063,2.063,1.25,0.441,1,1,0,0,0.112,0.056,0,0.058,0.079,0,0.029,0.104,1,0.455,0.013,0,0.265,0.028,0,0.306,0.024,0,0.117,0.055,0,0.117,0.055,0,0.044,0.089,1,0.66,0.004,0,0.66,0.004,0,0.139,0.049,0,0.455,0.013,0,0.351,0.02,0,0.258,0.029,0,0.258,0.029,0,0.378,0.018,0
reserviert,reserved,10,7.966,12,2.5,2.833,3.833,3.75,2.667,3.792,3.229,4.417,4.333,3.583,3.667,4.375,3.625,4,4,3.917,4.75,4.5,3.958,4.625,4.292,3.333,2.333,4.417,3.417,2.833,3.917,3.375,2.75,2.75,3.667,3.75,2.75,3.708,3.229,3.583,3.833,3.5,3.25,3.708,3.375,3.542,2.813,2.5,1.333,0.441,1,0.001,0.231,1,0.688,0.004,0,0.504,0.01,0,0.036,0.097,1,1,0,0,0.811,0.001,0,0.133,0.051,0,0.704,0.003,0,0.849,0.001,0,0.027,0.106,1,0.041,0.091,1,1,0,0,0.071,0.072,0,0.936,0,0,0.936,0,0,0.264,0.028,0,1,0,0,0.401,0.016,0
resolut,resolute,7,0.812,15,4.667,4.333,5.167,5.167,4.5,5.167,4.833,4.917,4.833,5.25,5.75,4.875,5.5,5.188,5.75,5.333,5.667,5.417,5.542,5.542,5.542,4.833,2.667,5.5,4.636,3.75,5.087,4.404,4.25,2.833,4.583,4.75,3.542,4.667,4.104,3.333,3.417,3.545,2.667,3.375,3.087,3.234,4.8,4.267,1.583,0.527,2,0.091,0.063,0,0.668,0.004,0,0.668,0.004,0,0.073,0.071,0,0.543,0.008,0,0.396,0.016,0,1,0,0,0.338,0.021,0,0.81,0.001,0,0.018,0.124,1,0.007,0.158,1,0.229,0.033,0,0.027,0.107,1,0.209,0.036,0,0.114,0.056,0,0.393,0.017,0,0.209,0.037,0,0.13,0.053,0
ruhig,calm,5,40.225,9,5.25,4.833,5.583,5.833,5.042,5.708,5.375,1.583,2,1.75,1.833,1.792,1.792,1.792,5.083,5.083,4.167,4.583,5.083,4.375,4.729,4.417,4.417,5.25,3.25,4.417,4.25,4.333,4.167,5,5.333,5.417,4.583,5.375,4.979,3.917,4.083,4,4,4,4,4,5.25,5.063,1.875,0.354,2,0.026,0.107,1,0.775,0.002,0,0.257,0.029,0,1,0,0,0.349,0.02,0,0.531,0.009,0,0.161,0.044,0,0.677,0.004,0,0.677,0.004,0,0.707,0.003,0,0.028,0.105,1,0.028,0.105,1,0.05,0.085,1,0.249,0.03,0,0.344,0.02,0,1,0,0,0.669,0.004,0,0.669,0.004,0
sachlich,factual,8,7.392,12,4.083,4.25,5.364,5.833,4.167,5.609,4.872,4.083,4,3.417,3.667,4.042,3.542,3.792,5.833,5.75,5.667,5.917,5.792,5.792,5.792,3,3,4.917,3.167,3,4.042,3.521,4.25,5,6,5.917,4.625,5.958,5.292,2.917,3.083,3.25,3.583,3,3.417,3.208,5.438,5.438,1.583,0.527,2,0,0.368,1,0.273,0.028,0,0.599,0.006,0,0.178,0.041,0,0.821,0.001,0,0.651,0.005,0,1,0,0,0.756,0.002,0,0.535,0.009,0,0.048,0.086,1,0.095,0.062,0,0.095,0.062,0,0,0.294,1,0.29,0.025,0,0.188,0.039,0,0.113,0.056,0,0.337,0.021,0,0.748,0.002,0
sanft,gentle,5,11.89,11,6.25,6.167,6.417,5.583,6.208,6,6.104,1.917,2,2.25,2.167,1.958,2.208,2.083,4.667,4.667,4,4.25,4.667,4.125,4.396,4.917,4.5,4.727,4.083,4.708,4.391,4.553,5.833,5.417,4.917,4.5,5.625,4.708,5.167,3.25,3.083,3.333,3.5,3.167,3.417,3.292,5.688,5.75,1.75,0.5,2,0.4,0.016,0,0.068,0.074,0,0.133,0.05,0,0.374,0.018,0,1,0,0,0.766,0.002,0,0.232,0.032,0,0.781,0.002,0,0.781,0.002,0,0.57,0.008,0,0.321,0.023,0,0.831,0.001,0,0.036,0.096,1,0.33,0.022,0,1,0,0,0.255,0.029,0,1,0,0,0.446,0.013,0
scheu,bashful,5,2.788,13,3.5,3.833,3.917,3.833,3.667,3.875,3.771,4.75,4.167,3.5,2.667,4.458,3.083,3.771,2.5,1.917,2.636,2.833,2.208,2.739,2.468,4.667,4.417,4.5,4.833,4.542,4.667,4.604,2.917,2.5,3,2.083,2.708,2.542,2.625,3.417,3.083,3.25,3.167,3.25,3.208,3.229,2.75,2.875,1.75,0.441,2,0.574,0.007,0,0.735,0.003,0,0.574,0.007,0,0,0.269,1,0.044,0.089,1,0.716,0.003,0,0.075,0.072,0,0.507,0.01,0,0.184,0.041,0,0.795,0.002,0,0.931,0,0,0.544,0.008,0,0.715,0.003,0,0.149,0.047,0,0.585,0.007,0,0.845,0.001,0,0.331,0.021,0,0.559,0.008,0
schlaefrig,sleepy,9,0.886,15,2.917,3.083,3.727,2.833,3,3.261,3.128,2,2.25,1.75,1.75,2.125,1.75,1.938,2.75,2.167,2.083,2.333,2.458,2.208,2.333,5.5,6.083,5.667,5.333,5.792,5.5,5.646,3.167,3.667,2.25,2.75,3.417,2.5,2.958,3.917,3.833,3.667,3.583,3.875,3.625,3.75,2.313,2.563,2,0,2,0.455,0.013,0,0.333,0.022,0,0.161,0.045,0,0.283,0.026,0,0.719,0.003,0,0.719,0.003,0,0.428,0.014,0,0.596,0.006,0,0.189,0.039,0,0.536,0.009,0,0.79,0.002,0,0.332,0.021,0,0.066,0.075,0,0.309,0.023,0,1,0,0,0.392,0.017,0,0.775,0.002,0,1,0,0
schuechtern,shy,10,4.11,13,3.917,3.833,3.667,3.333,3.875,3.5,3.688,4.333,4.583,3.75,2.917,4.458,3.333,3.896,2.75,2.083,2.833,2.75,2.417,2.792,2.604,4.333,5.167,4.417,4.667,4.75,4.542,4.646,4.167,3.583,2.333,2.417,3.875,2.375,3.125,3.167,2.583,2.75,3,2.875,2.875,2.875,3,3.188,1.625,0.486,2,0.22,0.034,0,0.493,0.011,0,0.68,0.004,0,0.007,0.152,1,0.47,0.012,0,0.183,0.04,0,0.225,0.033,0,0.225,0.033,0,0.344,0.02,0,0.647,0.005,0,0.237,0.032,0,0.522,0.009,0,0.001,0.209,1,0.573,0.007,0,0.453,0.013,0,1,0,0,0.325,0.022,0,0.017,0.123,1
schuldig,guilty,8,21.776,10,2.167,2.167,2.917,2.667,2.167,2.792,2.479,6,6,6.083,5.75,6,5.917,5.958,2.667,2.417,3.917,3.083,2.542,3.5,3.021,4.083,3.917,3.333,3.583,4,3.458,3.729,1.833,1.833,1.417,1.833,1.833,1.625,1.729,2.917,2.917,3.083,3.333,2.917,3.208,3.063,1.667,2.2,1.75,0.441,2,0.077,0.069,0,0.719,0.003,0,0.719,0.003,0,0.79,0.002,0,0.595,0.006,0,0.595,0.006,0,0.029,0.104,1,0.209,0.036,0,0.496,0.011,0,0.394,0.017,0,0.948,0,0,0.742,0.002,0,0.518,0.01,0,0.518,0.01,0,0.518,0.01,0,0.034,0.098,1,0.354,0.02,0,0.354,0.02,0
schwach,weak,7,21.652,10,2.333,2.75,3.25,2.583,2.542,2.917,2.729,3.5,3.917,3,3.182,3.708,3.087,3.404,1.917,1.667,2.5,2.417,1.792,2.458,2.125,5.182,5.417,4.583,4.25,5.304,4.417,4.851,2.25,2.583,2.25,1.667,2.417,1.958,2.188,4.083,4.25,3.75,3.6,4.167,3.682,3.935,1.75,2.625,2,0,2,0.211,0.035,0,0.674,0.004,0,0.074,0.071,0,0.127,0.053,0,0.455,0.013,0,0.769,0.002,0,0.042,0.091,1,0.603,0.006,0,0.795,0.002,0,0.07,0.074,0,0.918,0,0,0.553,0.008,0,0.167,0.043,0,0.703,0.003,0,0.167,0.043,0,0.026,0.112,1,0.969,0,0,0.462,0.013,0
schweigsam,silent,10,1.221,14,3.083,3.083,4,4.083,3.083,4.042,3.563,3.833,3.5,3.083,2.909,3.667,3,3.34,3.917,4.25,4.333,4.25,4.083,4.292,4.188,4.667,4.083,4.75,4.75,4.375,4.75,4.563,3.083,3.583,3.455,3.833,3.333,3.652,3.489,3.917,3.417,3.667,4.083,3.667,3.875,3.771,3.267,2.938,1.333,0.441,1,0.008,0.149,1,0.904,0,0,0.904,0,0,0.014,0.133,1,0.337,0.021,0,0.762,0.002,0,0.608,0.006,0,0.758,0.002,0,0.608,0.006,0,0.45,0.013,0,0.557,0.008,0,0.557,0.008,0,0.559,0.008,0,0.409,0.016,0,0.909,0,0,0.328,0.022,0,0.844,0.001,0,0.035,0.097,1
sehnsuechtig,longing,11,2.079,14,4.583,5,4.417,5.083,4.792,4.75,4.771,3.75,4.083,4.833,4.083,3.917,4.458,4.188,2.167,2.333,3.167,3.083,2.25,3.125,2.688,4.417,5.333,3.667,3.583,4.875,3.625,4.25,4.917,5.167,3.25,4.167,5.042,3.708,4.375,2.083,2.25,2.167,2.583,2.167,2.375,2.271,4.563,4.5,1.917,0.333,2,0.913,0,0,0.162,0.044,0,0.745,0.002,0,0.196,0.038,0,0.616,0.006,0,0.196,0.038,0,0.016,0.124,1,0.906,0,0,0.723,0.003,0,0.037,0.095,1,0.478,0.011,0,0.395,0.016,0,0.002,0.198,1,0.157,0.045,0,0.415,0.015,0,0.539,0.009,0,0.391,0.017,0,0.712,0.003,0
sensibel,sensitive,8,4.887,12,6.25,5.167,4.917,4.5,5.708,4.708,5.208,3.083,3.167,3.333,3.636,3.125,3.478,3.298,4,3.167,3.333,3.583,3.583,3.458,3.521,3.25,3.417,4.75,3.167,3.333,3.958,3.646,6.333,5.667,5.364,4.583,6,4.957,5.489,3.083,2.917,3.083,2.636,3,2.87,2.936,5.188,5.25,1.625,0.5,2,0.022,0.113,1,0.082,0.067,0,0.433,0.014,0,0.345,0.021,0,0.611,0.006,0,0.772,0.002,0,0.757,0.002,0,0.472,0.012,0,0.185,0.04,0,0.27,0.028,0,0.212,0.035,0,0.125,0.053,0,0.003,0.184,1,0.034,0.101,1,0.864,0.001,0,0.588,0.007,0,0.239,0.032,0,0.588,0.007,0
sentimental,sentimental,11,1.715,14,4.667,3.917,4.083,3.417,4.292,3.75,4.021,3.25,4.083,3.5,4,3.667,3.739,3.702,2.667,2.333,2.917,3,2.5,2.958,2.729,3.917,3,4.75,2.333,3.458,3.542,3.5,5.25,4.583,4.583,3.583,4.917,4.083,4.5,3.417,3.583,3.5,3.583,3.5,3.542,3.521,4,4.063,2,0,2,0.125,0.053,0,0.047,0.087,1,0.905,0,0,0.824,0.001,0,0.081,0.069,0,0.657,0.005,0,0.152,0.046,0,0.693,0.004,0,0.511,0.01,0,0.868,0.001,0,0.002,0.202,1,0.141,0.049,0,0.086,0.065,0,0.086,0.065,0,0.727,0.003,0,0.866,0.001,0,0.613,0.006,0,0.866,0.001,0
sinnlich,sensual,8,2.453,13,6.75,6.333,5.667,5.75,6.542,5.708,6.125,2,2.25,3.583,4.583,2.125,4.083,3.104,3.917,3.75,3.167,3.917,3.833,3.542,3.688,5.5,5.833,5.333,5,5.667,5.167,5.417,5.917,5.5,4.667,4.75,5.708,4.708,5.208,2.583,2.167,2.083,2.5,2.375,2.292,2.333,5.938,6.125,1.583,0.433,2,0.008,0.148,1,0.583,0.007,0,0.411,0.015,0,0,0.264,1,0.211,0.035,0,0.45,0.013,0,0.518,0.01,0,0.518,0.01,0,0.311,0.023,0,0.329,0.022,0,1,0,0,0.514,0.01,0,0.007,0.152,1,0.642,0.005,0,0.486,0.011,0,0.759,0.002,0,1,0,0,0.13,0.051,0
skeptisch,sceptical,9,20.367,10,3.75,4,4.083,4.75,3.875,4.417,4.146,4.833,5.167,4.583,4.5,5,4.542,4.771,4.917,5.167,4.25,4.583,5.042,4.417,4.729,4.25,4.667,3.333,3.182,4.458,3.261,3.872,4.5,4.583,5.25,4.083,4.542,4.667,4.604,3.417,3.417,3.75,3.364,3.417,3.565,3.489,5,4.938,1.667,0.441,2,0.153,0.046,0,0.226,0.033,0,0.579,0.007,0,0.156,0.045,0,0.696,0.004,0,0.515,0.01,0,0.088,0.065,0,0.42,0.015,0,0.908,0,0,0.018,0.122,1,0.788,0.002,0,0.565,0.008,0,0.788,0.002,0,0.248,0.03,0,0.184,0.04,0,0.559,0.008,0,0.422,0.015,0,0.422,0.015,0
sorgfaeltig,careful,10,14.091,11,5.167,4.75,6.273,6,4.958,6.13,5.532,4.667,4.917,3.833,4.5,4.792,4.167,4.479,5.917,5.75,5.667,6.083,5.833,5.875,5.854,2.833,4.75,4,3.75,3.792,3.875,3.833,5.5,4.417,6.25,5.917,4.958,6.083,5.521,3.75,3.833,3.75,4,3.792,3.875,3.833,5.75,5.5,1.875,0.333,2,0,0.289,1,0.228,0.034,0,0.8,0.002,0,0.197,0.038,0,0.342,0.021,0,0.665,0.004,0,0.878,0.001,0,0.647,0.005,0,0.288,0.026,0,0.868,0.001,0,0.103,0.059,0,0.036,0.096,1,0,0.261,1,0.017,0.123,1,0.196,0.038,0,0.672,0.004,0,0.398,0.016,0,0.672,0.004,0
spontan,spontaneous,7,10.838,11,6.083,5.667,6.167,5.417,5.875,5.792,5.833,2.833,3.083,4.333,4.917,2.958,4.625,3.792,4.75,4.417,3.75,3.667,4.583,3.708,4.146,3.083,3.417,4.917,3.5,3.25,4.208,3.729,5.417,5.333,6.083,4.5,5.375,5.292,5.333,1.667,1.333,1.833,1.75,1.5,1.792,1.646,6.188,6.188,1.625,0.486,2,0.775,0.002,0,0.05,0.085,1,0.567,0.007,0,0.001,0.223,1,0.379,0.018,0,0.724,0.003,0,0.06,0.078,0,0.647,0.005,0,0.784,0.002,0,0.106,0.058,0,0.356,0.019,0,0.139,0.049,0,0.846,0.001,0,0.056,0.08,0,0.085,0.066,0,0.134,0.05,0,0.281,0.026,0,0.516,0.01,0
stark,strong,5,143.985,8,5.583,5.417,5.833,5.667,5.5,5.75,5.625,3.917,3.417,4.333,4.75,3.667,4.542,4.104,6.25,6.5,5.083,5.75,6.375,5.417,5.896,6.333,6.25,6.167,5.091,6.292,5.652,5.979,5.083,4.917,4.583,4.083,5,4.333,4.667,1.917,1.75,2.417,1.417,1.833,1.917,1.875,6.25,5.875,1.917,0.333,2,0.331,0.021,0,0.516,0.01,0,1,0,0,0.097,0.061,0,0.936,0,0,0.38,0.018,0,0.01,0.142,1,0.203,0.037,0,0.56,0.008,0,0.077,0.071,0,0.12,0.055,0,0.182,0.041,0,0.097,0.061,0,0.401,0.016,0,0.674,0.004,0,0.748,0.002,0,0.028,0.104,1,0.113,0.056,0
still,silent,5,31.137,10,4,4.417,4.5,4.5,4.208,4.5,4.354,3,2.5,1.667,2,2.75,1.833,2.292,3.833,4,3.75,3.5,3.917,3.625,3.771,5,4.667,4.917,4.091,4.833,4.522,4.681,3.333,3.417,3.75,3.667,3.375,3.708,3.542,3.583,3.75,3.333,3.667,3.667,3.5,3.583,3.938,3.75,1.833,0.333,2,0.41,0.015,0,0.555,0.008,0,0.555,0.008,0,0.018,0.12,1,0.824,0.001,0,0.271,0.028,0,0.552,0.008,0,0.932,0,0,0.671,0.004,0,0.574,0.007,0,0.324,0.023,0,0.674,0.004,0,0.47,0.012,0,1,0,0,0.856,0.001,0,0.402,0.016,0,0.211,0.035,0,0.674,0.004,0
stolz,proud,5,32.344,10,4.917,4.667,3.917,4.25,4.792,4.083,4.438,3.583,4.417,3.833,3.917,4,3.875,3.938,5.167,5.167,5.167,4.667,5.167,4.917,5.042,5,5.583,4.833,5.333,5.292,5.083,5.188,5.083,4.75,3.909,4.083,4.917,4,4.468,2.917,3.5,2.417,3.083,3.208,2.75,2.979,4.688,4.063,1.833,0.441,2,0.073,0.071,0,0.915,0,0,0.454,0.013,0,0.756,0.002,0,0.258,0.029,0,0.353,0.02,0,0.489,0.011,0,0.489,0.011,0,0.489,0.011,0,0.666,0.004,0,0.264,0.028,0,0.931,0,0,0.058,0.081,0,0.867,0.001,0,0.595,0.007,0,0.052,0.083,0,0.009,0.145,1,0.857,0.001,0
streng,strict,6,21.551,10,3,2.5,2.667,3.417,2.75,3.042,2.896,5.75,6,6.417,5.417,5.875,5.917,5.896,5.417,5.75,5.75,5.5,5.583,5.625,5.604,5,6.083,5,5,5.542,5,5.271,4.333,3.917,4.167,3.5,4.125,3.833,3.979,3.5,4,3.833,3.833,3.75,3.833,3.792,3.813,3.188,1.167,0.333,1,0.401,0.016,0,0.718,0.003,0,0.076,0.07,0,0.87,0.001,0,0.147,0.047,0,0.018,0.121,1,0.904,0,0,0.904,0,0,0.401,0.016,0,0.203,0.037,0,0.203,0.037,0,0.203,0.037,0,0.548,0.008,0,0.266,0.028,0,0.796,0.002,0,0.588,0.007,0,0.109,0.057,0,0.109,0.057,0
stur,stubborn,4,3.625,13,2.75,2.167,1.833,2.083,2.458,1.958,2.208,5.5,5.5,5.083,4.75,5.5,4.917,5.208,4.833,4,3.917,2.667,4.417,3.292,3.854,4.75,3.75,4.583,3.818,4.25,4.217,4.234,3.5,3.75,2.917,3.083,3.625,3,3.313,3.833,3.667,4,4,3.75,4,3.872,2.688,2.188,1.167,0.333,1,0.057,0.08,0,0.518,0.01,0,0.11,0.057,0,0.149,0.047,0,0.677,0.004,0,0.677,0.004,0,0.023,0.111,1,0.035,0.097,1,0.666,0.004,0,0.933,0,0,0.135,0.051,0,0.84,0.001,0,0.233,0.032,0,0.689,0.004,0,0.936,0,0,0.28,0.027,0,0.717,0.003,0,0.717,0.003,0
subjektiv,subjective,9,2.23,14,4.167,4.083,5,3.333,4.125,4.167,4.146,4,4.167,3.333,4.333,4.083,3.833,3.958,3.909,3.75,4.917,3.75,3.826,4.333,4.085,1.583,1.333,2.167,1.333,1.458,1.75,1.604,4.5,4.167,5.333,3.583,4.333,4.458,4.396,3,3,3.083,2.583,3,2.833,2.917,4,3.375,1.333,0.5,1,0.915,0,0,0.029,0.104,1,0.047,0.087,1,0.434,0.014,0,0.072,0.072,0,0.195,0.038,0,0.196,0.039,0,0.091,0.065,0,0.196,0.039,0,0.348,0.02,0,0.085,0.066,0,0.348,0.02,0,0.766,0.002,0,0.017,0.124,1,0.097,0.061,0,0.487,0.011,0,0.299,0.025,0,0.299,0.025,0
taktvoll,tactful,8,0.324,16,6,5.5,6.5,6.167,5.75,6.333,6.042,3.417,3.333,2.75,3.167,3.375,2.958,3.167,5,5.333,4.917,5.5,5.167,5.208,5.188,3.083,3.667,5.167,3.455,3.375,4.348,3.851,6.083,5,6.25,5.5,5.542,5.875,5.708,3.667,3.583,3.75,4,3.625,3.875,3.75,5.688,5.75,1.083,0.333,1,0.011,0.137,1,0.065,0.075,0,0.707,0.003,0,0.229,0.033,0,0.628,0.005,0,0.468,0.012,0,0.917,0,0,0.253,0.03,0,0.753,0.002,0,0.074,0.072,0,0.276,0.028,0,0.03,0.105,1,0.222,0.034,0,0.001,0.209,1,0.539,0.009,0,0.282,0.026,0,0.718,0.003,0,0.472,0.012,0
tolerant,tolerant,8,1.533,14,6.083,6.083,6.667,6.083,6.083,6.375,6.229,2.25,2.333,2.583,2.75,2.292,2.667,2.479,5.083,4.917,5.083,5.583,5,5.333,5.167,2.75,2.5,4.5,3.333,2.625,3.917,3.271,6.083,6,6.333,6.5,6.042,6.417,6.229,2.167,2.167,3.833,3.417,2.167,3.625,2.896,6.375,6.438,1.083,0.333,1,0.425,0.014,0,0.425,0.014,0,0.425,0.014,0,0.28,0.026,0,0.717,0.003,0,0.904,0,0,0.46,0.012,0,0.711,0.003,0,0.46,0.012,0,0.018,0.12,1,0.186,0.039,0,0.39,0.017,0,0.183,0.04,0,0.881,0.001,0,0.654,0.005,0,0,0.39,1,0.453,0.013,0,0.453,0.013,0
traege,sluggish,5,3.315,13,1.833,2.417,2.083,2.167,2.125,2.125,2.125,2.25,2.75,2.5,2.583,2.5,2.542,2.521,2.167,2.583,2.833,2.25,2.375,2.542,2.458,4.455,3.917,4.5,3.75,4.174,4.125,4.149,1.417,2.833,2.667,1.417,2.125,2.042,2.083,3.5,3.25,3.333,3.917,3.375,3.625,3.5,2,2.25,2,0,2,1,0,0,0.177,0.041,0,0.309,0.023,0,0.927,0,0,0.523,0.009,0,0.648,0.005,0,0.63,0.005,0,0.81,0.001,0,0.153,0.046,0,0.918,0,0,0.277,0.027,0,0.857,0.001,0,0.851,0.001,0,0.851,0.001,0,0.004,0.173,1,0.45,0.013,0,0.614,0.006,0,0.211,0.035,0
traurig,sad,7,16.905,11,2.667,2.667,1.909,2.917,2.667,2.435,2.553,3.583,3.667,4.583,3.75,3.625,4.167,3.896,2.25,1.917,2.727,2.5,2.083,2.609,2.34,6.455,6.417,6.182,6.167,6.435,6.174,6.304,3.167,3.167,2.333,2.583,3.167,2.458,2.813,3.667,3.167,3.917,3.667,3.417,3.792,3.604,1.938,2.75,2,0,2,0.355,0.02,0,0.07,0.074,0,0.07,0.074,0,0.157,0.045,0,0.324,0.022,0,0.23,0.033,0,0.12,0.055,0,0.406,0.016,0,0.875,0.001,0,0.275,0.028,0,0.911,0,0,0.962,0,0,0.077,0.069,0,0.751,0.002,0,0.751,0.002,0,0.048,0.086,1,0.048,0.086,1,0.501,0.01,0
treu,loyal,4,10.535,11,6.583,5.833,6.833,6.583,6.208,6.708,6.458,2.25,3.167,2.417,3.083,2.708,2.75,2.729,4.167,5.167,4.75,4.75,4.667,4.75,4.708,3.917,2.75,4.333,4.167,3.333,4.25,3.792,6.25,5.333,6.167,5.917,5.792,6.042,5.917,3.583,3.75,4.167,3.917,3.667,4.042,3.854,5.438,6.188,1.083,0.333,1,0.005,0.165,1,0.005,0.165,1,0.147,0.047,0,0.927,0,0,0.087,0.065,0,0.783,0.002,0,0.855,0.001,0,0.275,0.027,0,0.275,0.027,0,0.084,0.067,0,0.205,0.036,0,0.339,0.021,0,0.494,0.011,0,0.115,0.055,0,0.363,0.019,0,0.071,0.072,0,0.838,0.001,0,0.31,0.023,0
ueberheblich,contemptuous,11,1.285,14,1.75,1.75,1.833,1.917,1.75,1.875,1.813,5.333,5.5,5.417,5.583,5.417,5.5,5.458,4.167,3.5,4.083,2.917,3.833,3.5,3.667,4.75,3.833,4.5,4.727,4.292,4.609,4.447,2.75,2.917,1.583,1.917,2.833,1.75,2.292,2.083,2.083,2.167,2.083,2.083,2.125,2.104,2,1.625,1.083,0,1,0.706,0.003,0,0.9,0,0,0.9,0,0,0.773,0.002,0,0.564,0.008,0,1,0,0,0.462,0.012,0,0.047,0.086,1,0.581,0.007,0,0.551,0.008,0,0.524,0.01,0,0.292,0.026,0,0.006,0.158,1,0.511,0.01,0,0.826,0.001,0,0.863,0.001,0,0.863,0.001,0,0.863,0.001,0
ueberrascht,surprised,10,34.34,10,5.083,4.667,4.417,4.25,4.875,4.333,4.604,4,4,4.167,4.917,4,4.542,4.271,3.333,2.25,2.818,3.25,2.792,3.043,2.915,6.167,5.833,5,4.545,6,4.783,5.404,3.667,3.417,3.167,3.167,3.542,3.167,3.354,3.167,3,3,3.25,3.083,3.125,3.104,5.063,4.688,1.958,0.167,2,0.058,0.08,0,0.3,0.024,0,0.655,0.005,0,0.162,0.044,0,0.33,0.022,0,0.33,0.022,0,0.59,0.007,0,0.47,0.012,0,0.097,0.063,0,0.009,0.148,1,0.386,0.018,0,0.893,0,0,0.36,0.019,0,0.759,0.002,0,0.759,0.002,0,0.799,0.001,0,0.799,0.001,0,0.206,0.036,0
umsichtig,prudent,9,0.911,15,5.667,5.333,6.667,6,5.5,6.333,5.917,3.583,3.5,3.167,3.833,3.542,3.5,3.521,5.083,5.75,5.583,5.417,5.417,5.5,5.458,3,3.833,4.5,3.667,3.417,4.083,3.75,5.333,5,6.25,5.833,5.167,6.042,5.604,3.333,3.5,3.833,3.75,3.417,3.792,3.604,5.438,5.688,1.333,0.527,1,0.001,0.229,1,0.035,0.097,1,0.473,0.012,0,0.92,0,0,0.482,0.011,0,0.367,0.019,0,0.816,0.001,0,0.486,0.011,0,0.248,0.03,0,0.223,0.034,0,1,0,0,0.129,0.052,0,0.008,0.149,1,0.241,0.031,0,0.896,0,0,0.132,0.051,0,0.866,0.001,0,0.612,0.006,0
unangenehm,unpleasant,10,6.313,12,1.75,1.417,1.417,2.091,1.583,1.739,1.66,5.75,4.833,5.333,4.455,5.292,4.913,5.106,2.667,2.833,4.167,2.667,2.75,3.417,3.083,3.25,3.583,4.583,3.75,3.417,4.167,3.792,1.667,2.083,2,2.167,1.875,2.083,1.979,3,3.083,2.917,2.75,3.042,2.833,2.938,1.813,1.313,1,0,1,0.481,0.012,0,0.481,0.012,0,0.041,0.093,1,0.333,0.022,0,0.033,0.102,1,0.963,0,0,0.107,0.058,0,0.107,0.058,0,0.046,0.088,1,0.159,0.045,0,0.635,0.005,0,0.271,0.028,0,0.568,0.007,0,0.425,0.015,0,0.732,0.003,0,0.266,0.028,0,0.823,0.001,0,0.503,0.01,0
ungestuem,impetuous,8,0.975,15,3.75,3.5,3.167,3.417,3.625,3.292,3.458,3.917,5.5,5.417,5.167,4.708,5.292,5,2.917,2.583,3.5,3,2.75,3.25,3,5.083,4.583,5.667,5.417,4.833,5.542,5.188,3.083,3.333,2.5,2.5,3.208,2.5,2.854,2.25,1.417,1.583,1.75,1.833,1.667,1.75,3.563,3.5,1.083,0.333,1,0.357,0.019,0,1,0,0,0.489,0.011,0,0.152,0.046,0,0.103,0.059,0,0.027,0.107,1,0.302,0.024,0,0.388,0.017,0,0.863,0.001,0,0.123,0.053,0,0.41,0.015,0,0.783,0.002,0,0.137,0.05,0,0.791,0.002,0,0.791,0.002,0,0.376,0.018,0,0.081,0.068,0,0.01,0.141,1
unnahbar,unapproachable,8,0.763,15,2.833,2.5,2.667,2.583,2.667,2.625,2.646,5,4.583,5,4.5,4.792,4.75,4.771,4.583,3.75,4.417,3.917,4.167,4.167,4.167,4.182,3.333,4.75,4.5,3.739,4.625,4.191,2.833,3.333,2.25,3.417,3.083,2.833,2.958,2.917,2.833,3.25,3.5,2.875,3.375,3.125,2.438,2.25,1,0,1,0.907,0,0,0.559,0.008,0,0.726,0.003,0,0.914,0,0,0.239,0.031,0,0.914,0,0,1,0,0,0.225,0.033,0,0.76,0.002,0,0.092,0.065,0,0.281,0.027,0,0.555,0.008,0,0.616,0.006,0,0.1,0.06,0,0.504,0.01,0,0.035,0.097,1,0.718,0.003,0,0.472,0.012,0
unruhig,jittery,7,5.352,12,2.25,2.333,2.5,3,2.292,2.75,2.521,5.917,5.5,5.833,5.583,5.708,5.708,5.708,2.333,2.333,4.167,2.917,2.333,3.542,2.938,5,4.417,4.667,5.167,4.708,4.917,4.813,4.083,3.75,2.333,3.5,3.917,2.917,3.417,2.667,2.25,2.583,2.583,2.458,2.583,2.521,2.25,2.563,1.833,0.333,2,0.077,0.069,0,0.256,0.029,0,0.416,0.015,0,1,0,0,0.158,0.045,0,0.722,0.003,0,0.004,0.176,1,0.12,0.054,0,0.12,0.054,0,0.663,0.004,0,0.931,0,0,0.261,0.029,0,0.019,0.119,1,0.315,0.023,0,0.074,0.071,0,0.618,0.006,0,0.407,0.016,0,0.407,0.016,0
unsicher,unsure,8,10.756,11,2.417,2.417,2.833,2.667,2.417,2.75,2.583,5.455,5.5,5.273,4.583,5.478,4.913,5.196,2.5,1.75,2.333,2.25,2.125,2.292,2.208,3.417,4.917,4,3.273,4.167,3.652,3.915,3.917,3.5,2.333,2.75,3.708,2.542,3.125,2.667,2.667,3,3.75,2.667,3.375,3.021,1.75,2.5,1.917,0,2,0.209,0.036,0,0.752,0.002,0,0.752,0.002,0,0.079,0.072,0,0.297,0.026,0,0.235,0.033,0,0.618,0.006,0,0.216,0.035,0,0.321,0.022,0,0.287,0.026,0,0.436,0.014,0,0.029,0.107,1,0.003,0.179,1,1,0,0,0.274,0.027,0,0.044,0.089,1,0.278,0.027,0,0.278,0.027,0
veraergert,angry,9,8.487,12,2.333,2,2.636,2.75,2.167,2.696,2.426,6.25,5.917,6.333,5.917,6.083,6.125,6.104,3,2.5,3.091,2.667,2.75,2.87,2.809,5.417,5.833,4.75,5.333,5.625,5.042,5.333,2.667,2.583,1.75,2.583,2.625,2.167,2.396,3.25,3.167,3.25,2.917,3.208,3.083,3.146,1.938,1.875,1.583,0.527,2,0.041,0.094,1,0.662,0.004,0,0.376,0.018,0,0.842,0.001,0,0.078,0.069,0,0.842,0.001,0,0.765,0.002,0,0.287,0.026,0,0.93,0,0,0.164,0.044,0,0.231,0.032,0,0.841,0.001,0,0.162,0.044,0,0.25,0.03,0,0.162,0.044,0,0.514,0.01,0,0.279,0.027,0,0.514,0.01,0
vergnuegt,pleased,8,4.203,13,6.667,6.25,6.5,6,6.458,6.25,6.354,2.25,2.5,2.5,2.75,2.375,2.625,2.5,4.833,4.583,3.917,4.083,4.708,4,4.354,5.833,6.167,6.25,6.083,6,6.167,6.083,5.75,5.5,5.5,4.917,5.625,5.208,5.417,2.833,2.25,2.75,2.25,2.542,2.5,2.521,6.188,5.688,1.958,0.167,2,0.264,0.028,0,0.017,0.123,1,0.822,0.001,0,0.577,0.007,0,0.577,0.007,0,1,0,0,0.087,0.065,0,0.918,0,0,0.609,0.006,0,0.651,0.005,0,0.821,0.001,0,0.497,0.011,0,0.235,0.032,0,0.235,0.032,0,0.632,0.005,0,0.863,0.001,0,0.029,0.104,1,0.863,0.001,0
verlegen,sheepish,8,13.944,11,3.583,3.583,3.25,3.25,3.583,3.25,3.417,4.25,4.333,4.333,3.667,4.292,4,4.146,2.75,2.083,2.917,3,2.417,2.958,2.688,4,5.083,4.333,3.917,4.565,4.125,4.34,3.583,2.75,2.167,2.833,3.167,2.5,2.833,3.083,2.333,2.5,3,2.708,2.75,2.729,3.063,3.5,1.75,0.441,2,0.267,0.028,0,1,0,0,1,0,0,0.479,0.011,0,0.479,0.011,0,0.364,0.019,0,0.104,0.059,0,0.376,0.018,0,0.256,0.029,0,0.399,0.017,0,0.499,0.011,0,0.132,0.052,0,0.083,0.067,0,0.825,0.001,0,0.052,0.083,0,0.901,0,0,0.709,0.003,0,0.067,0.074,0
verletzlich,vulnerable,11,0.903,15,3.75,3.5,3.5,3,3.625,3.25,3.438,4.833,4.833,4.917,4.833,4.833,4.875,4.854,1.917,1.667,3.364,3.083,1.792,3.217,2.489,3.667,4.167,4.417,3.917,3.917,4.167,4.042,5.083,4.5,4.917,4.333,4.792,4.625,4.708,3.333,3.083,3.333,3.25,3.208,3.292,3.25,2.5,3.375,1.833,0.441,2,0.347,0.02,0,0.347,0.02,0,0.753,0.002,0,0.907,0,0,0.907,0,0,0.907,0,0,0,0.32,1,0.409,0.016,0,0.962,0,0,0.669,0.004,0,1,0,0,0.394,0.017,0,0.728,0.003,0,0.227,0.033,0,1,0,0,0.78,0.002,0,0.577,0.007,0,0.78,0.002,0
verlogen,mendacious,8,1.225,14,1.167,1.583,1.25,1.333,1.375,1.292,1.333,6,5.5,6.083,5.5,5.75,5.792,5.771,4,3.25,4.167,3.083,3.625,3.625,3.625,3.25,3.583,3.25,3.083,3.417,3.167,3.292,1.667,2.417,1.667,1.5,2.042,1.583,1.813,2.75,2.917,2.917,2.833,2.833,2.875,2.854,1.25,1.25,1.167,0.333,1,0.605,0.006,0,0.125,0.053,0,0.303,0.024,0,0.904,0,0,0.124,0.053,0,0.904,0,0,1,0,0,0.083,0.067,0,0.748,0.002,0,0.654,0.005,0,0.881,0.001,0,0.654,0.005,0,0.156,0.045,0,0.363,0.019,0,0.156,0.045,0,0.761,0.002,0,0.761,0.002,0,0.363,0.019,0
vernuenftig,reasonable,10,9.813,11,4.5,5.083,5.5,5.833,4.792,5.667,5.229,3.25,3.25,2.583,3.083,3.25,2.833,3.042,5.667,5.583,5.083,5.083,5.625,5.083,5.354,2.417,3,4.417,3.333,2.708,3.875,3.292,5.167,4.75,5.917,5.917,4.958,5.917,5.438,3.417,3.5,3.5,3.917,3.458,3.708,3.583,5.5,5.5,1.958,0.167,2,0.007,0.154,1,0.146,0.047,0,0.688,0.004,0,0.246,0.03,0,0.484,0.011,0,0.484,0.011,0,0.137,0.05,0,0.908,0,0,0.908,0,0,0.01,0.142,1,0.566,0.008,0,0.06,0.078,0,0.008,0.151,1,0.546,0.008,0,0.546,0.008,0,0.282,0.026,0,0.282,0.026,0,0.472,0.012,0
verspielt,pretty,9,7.084,12,5.75,5.75,3.917,2.917,5.75,3.417,4.583,2.25,2.5,2.583,2.75,2.375,2.667,2.521,2.917,3.333,3.5,2.167,3.125,2.833,2.979,5.5,4.833,5.333,5.167,5.167,5.25,5.208,5.333,5.5,3,2.333,5.417,2.667,4.042,2.167,2.083,1.833,2.167,2.125,2,2.063,5.375,5.063,2,0,2,0,0.537,1,0.133,0.051,0,0.133,0.051,0,0.447,0.013,0,0.587,0.007,0,0.913,0,0,0.447,0.013,0,0.234,0.032,0,0.026,0.108,1,0.804,0.001,0,0.219,0.034,0,0.459,0.013,0,0,0.451,1,0.587,0.007,0,0.367,0.019,0,0.543,0.008,0,0.543,0.008,0,0.312,0.023,0
vertraeumt,dreamy,9,0.75,15,5.167,5,4.333,3.5,5.087,3.917,4.489,1.833,2.167,2.083,2,2,2.042,2.021,2.417,2.583,2.917,2.417,2.5,2.667,2.583,6.091,5.667,4.909,4.333,5.87,4.609,5.239,4.5,4.917,3.417,3.667,4.708,3.542,4.125,2.667,2.25,2.083,2.667,2.458,2.375,2.417,5.25,4.875,2,0,2,0.002,0.196,1,0.172,0.043,0,0.359,0.02,0,0.893,0,0,0.687,0.004,0,0.503,0.01,0,0.666,0.004,0,0.666,0.004,0,0.389,0.017,0,0.007,0.16,1,0.267,0.029,0,0.865,0.001,0,0.016,0.124,1,0.48,0.011,0,0.859,0.001,0,0.753,0.002,0,0.753,0.002,0,0.064,0.076,0
verwirrt,bewildered,8,6.307,12,2.75,3.167,2.364,2.25,2.958,2.304,2.638,4.667,4.333,5.917,4.333,4.5,5.125,4.813,1.667,1.583,2.083,2.333,1.625,2.208,1.917,4.833,5.833,4.083,4.167,5.333,4.125,4.729,2.583,2.5,1.167,1.333,2.542,1.25,1.896,4.083,4.167,4.083,3.75,4.125,3.917,4.021,2,2.563,1.958,0.167,2,0.03,0.104,1,0.605,0.006,0,0.367,0.019,0,0.143,0.048,0,0.027,0.106,1,0.143,0.048,0,0.094,0.063,0,0.808,0.001,0,0.627,0.005,0,0.023,0.111,1,0.298,0.025,0,0.378,0.018,0,0,0.249,1,0.902,0,0,0.713,0.003,0,0.331,0.021,0,0.559,0.008,0,0.331,0.021,0
verwoehnt,spoiled,8,3.296,13,2.833,2.833,2.75,2.75,2.833,2.75,2.792,3.75,3.75,3.5,3.091,3.75,3.304,3.532,3,3.167,3.667,2.833,3.083,3.25,3.167,3.917,4.25,3.667,4.083,4.083,3.875,3.979,4,3.333,1.667,3,3.667,2.333,3,2.167,1.583,1.5,1.833,1.875,1.667,1.771,3.063,1.875,1.625,0.486,2,0.846,0.001,0,1,0,0,1,0,0,0.249,0.031,0,0.602,0.006,0,0.602,0.006,0,0.649,0.005,0,0.365,0.019,0,0.177,0.041,0,0.708,0.003,0,0.5,0.01,0,0.94,0,0,0.006,0.158,1,0.476,0.012,0,0.036,0.096,1,0.281,0.026,0,0.516,0.01,0,0.021,0.116,1
vorsichtig,cautious,10,22.973,10,4.417,3.917,4.833,4.833,4.167,4.833,4.5,4.667,4.667,4.417,4.167,4.667,4.292,4.479,4.75,4.583,5.167,4.5,4.667,4.833,4.75,4.5,4.667,3.75,4.167,4.583,3.958,4.271,4.75,4.333,5.5,5.083,4.542,5.292,4.917,4.083,4,4.5,3.909,4.043,4.217,4.13,4.813,4.5,1.917,0.333,2,0.064,0.076,0,0.48,0.011,0,0.48,0.011,0,0.308,0.024,0,0.733,0.003,0,0.733,0.003,0,0.678,0.004,0,0.301,0.024,0,0.534,0.009,0,0.234,0.032,0,0.576,0.007,0,0.81,0.001,0,0.047,0.087,1,0.261,0.029,0,1,0,0,0.523,0.01,0,0.19,0.041,0,0.321,0.023,0
wach,awake,4,8.071,12,5.833,5.583,6.417,5.833,5.708,6.125,5.917,3.75,4,4.333,5.417,3.875,4.875,4.375,5.833,5.75,5.5,5.75,5.792,5.625,5.708,5.667,4.417,6,4.25,5.042,5.125,5.083,5.167,5,5.5,5.75,5.083,5.625,5.354,1.75,2.083,1.917,2.417,1.917,2.167,2.042,5.938,5.625,2,0,2,0.093,0.063,0,0.093,0.063,0,0.496,0.011,0,0.038,0.094,1,0.162,0.044,0,0.379,0.018,0,0.665,0.004,0,0.828,0.001,0,0.665,0.004,0,0.868,0.001,0,0.004,0.17,1,0.619,0.006,0,0.184,0.04,0,0.918,0,0,0.606,0.006,0,0.275,0.027,0,0.072,0.072,0,0.714,0.003,0
waehlerisch,particular,10,0.738,15,4.167,3.667,4.25,4.583,3.917,4.417,4.167,4.917,4.417,4.083,3.833,4.667,3.958,4.313,5.667,5.167,4.667,5.083,5.417,4.875,5.146,3.917,4.167,3.667,3.091,4.042,3.391,3.723,5.917,4.667,4.818,5.083,5.292,4.957,5.128,2.583,2.583,2.833,3,2.583,2.917,2.75,4.125,3.938,1.583,0.441,2,0.193,0.038,0,0.827,0.001,0,0.277,0.027,0,0.036,0.096,1,0.257,0.029,0,0.704,0.003,0,0.16,0.044,0,0.913,0,0,0.233,0.032,0,0.222,0.035,0,0.762,0.002,0,0.444,0.014,0,0.453,0.013,0,0.28,0.027,0,0.099,0.062,0,0.272,0.027,0,0.782,0.002,0,0.782,0.002,0
weich,soft-hearted,5,7.782,12,5.833,5.25,5.75,3.833,5.542,4.792,5.167,1.583,2.083,1.75,2.083,1.833,1.917,1.875,3.5,2.75,2.667,2.833,3.125,2.75,2.938,5.833,4.75,4.583,4.417,5.292,4.5,4.896,5,4.083,3.833,2.583,4.542,3.208,3.875,3.333,3.417,3.75,3.417,3.375,3.583,3.479,4.333,4.267,1.917,0.333,2,0.045,0.088,1,0.001,0.212,1,0.074,0.071,0,0.714,0.003,0,0.072,0.072,0,0.714,0.003,0,0.262,0.028,0,0.382,0.017,0,0.172,0.042,0,0.157,0.045,0,0.262,0.029,0,0.409,0.016,0,0.007,0.156,1,0.025,0.109,1,0.723,0.003,0,0.299,0.024,0,0.532,0.009,0,0.299,0.024,0
weise,wise,5,8.563,12,6.5,6.417,6.667,5.917,6.458,6.292,6.375,2.167,2.333,3.417,3.5,2.25,3.458,2.854,6.417,5.75,4.75,5.75,6.083,5.25,5.667,4.167,5.833,3.583,4.5,5,4.042,4.521,4.75,4.083,3.727,4.667,4.417,4.217,4.319,4.417,4.333,4.333,4.417,4.375,4.375,4.375,6,6.188,1.708,0.363,2,0.484,0.011,0,0.085,0.066,0,0.166,0.043,0,0.008,0.149,1,0.776,0.002,0,0.924,0,0,0.087,0.065,0,0.728,0.003,0,0.087,0.065,0,0.071,0.072,0,0.016,0.124,1,0.472,0.012,0,0.569,0.008,0,0.724,0.003,0,0.042,0.093,1,1,0,0,1,0,0,0.646,0.005,0
zaghaft,timid,7,2.715,13,3.583,3.417,3.25,3.083,3.5,3.167,3.333,3.75,3.75,3.5,3.5,3.75,3.5,3.625,2.417,2.333,3.667,3,2.375,3.333,2.854,3.333,3.75,4.25,3.75,3.542,4,3.771,3.167,2.917,2.25,2.417,3.042,2.333,2.688,3.75,3.333,3,3.5,3.542,3.25,3.396,3.25,3.813,1.833,0.441,2,0.307,0.024,0,0.608,0.006,0,1,0,0,0.545,0.008,0,1,0,0,1,0,0,0.027,0.107,1,0.375,0.018,0,0.489,0.011,0,0.311,0.023,0,0.926,0,0,0.311,0.023,0,0.107,0.058,0,0.923,0,0,0.631,0.005,0,0.328,0.022,0,0.888,0,0,0.127,0.052,0
zaertlich,tender,8,4.348,13,6.667,6.5,6.083,6.167,6.583,6.125,6.354,1.583,1.833,2.417,2.636,1.708,2.522,2.106,4.583,3.917,4.083,4.5,4.25,4.292,4.271,5.333,6.417,6.5,6.083,5.875,6.292,6.083,6.25,6.167,5.5,5.167,6.208,5.333,5.771,2.667,2.667,2.833,2.25,2.667,2.542,2.604,6.188,6.375,1.292,0.441,1,0.054,0.082,0,0.858,0.001,0,0.592,0.007,0,0.049,0.087,1,0.563,0.008,0,0.97,0,0,0.932,0,0,0.797,0.002,0,0.269,0.028,0,0.229,0.033,0,0.334,0.021,0,0.033,0.099,1,0.026,0.107,1,0.587,0.007,0,0.744,0.002,0,0.621,0.006,0,0.251,0.03,0,0.251,0.03,0
zerstreut,absent-minded,9,3.067,13,3.167,3.25,2.917,3,3.208,2.958,3.083,3.917,3.417,5.25,4,3.667,4.625,4.146,2,1.5,2.333,2,1.75,2.167,1.958,4.455,5.667,4.667,4,5.087,4.333,4.702,3.25,3.333,2.5,2.25,3.292,2.375,2.833,4.167,4.25,3.917,3.833,4.208,3.875,4.042,2.5,2.688,1.792,0.441,2,0.45,0.013,0,0.801,0.001,0,1,0,0,0.031,0.101,1,0.048,0.086,1,0.389,0.017,0,0.251,0.03,0,0.251,0.03,0,0.817,0.001,0,0.106,0.06,0,0.539,0.009,0,0.039,0.096,1,0.039,0.093,1,0.848,0.001,0,0.701,0.003,0,0.129,0.052,0,1,0,0,0.701,0.003,0
zornig,furious,6,5.534,12,1.833,1.833,1.667,1.917,1.833,1.792,1.813,6.25,6.25,6.5,6.083,6.25,6.292,6.271,3.333,3,4,3.25,3.167,3.625,3.396,5.833,6.25,5.5,5.917,6.042,5.708,5.875,2.167,3.25,1.833,2.5,2.708,2.167,2.438,3,2.667,2.75,2.417,2.833,2.583,2.708,1.75,1.563,1.333,0.486,1,0.854,0.001,0,0.583,0.007,0,0.583,0.007,0,0.833,0.001,0,0.295,0.025,0,0.295,0.025,0,0.351,0.02,0,0.271,0.027,0,0.671,0.004,0,0.364,0.019,0,0.258,0.029,0,1,0,0,0.203,0.037,0,0.042,0.09,1,0.621,0.006,0,0.225,0.033,0,0.108,0.058,0,1,0,0
zufrieden,content,9,52.64,9,6.5,6.167,6.5,6.083,6.333,6.292,6.313,1.417,1.667,1.417,1.667,1.542,1.542,1.542,5.167,4.417,4.667,4.833,4.792,4.75,4.771,4.833,5.583,5.417,4.364,5.208,4.913,5.064,5.833,5.5,6,5.75,5.667,5.875,5.771,3.333,2.75,3.667,3.667,3.042,3.667,3.354,6.813,6.688,2,0,2,0.834,0.001,0,0.064,0.076,0,0.834,0.001,0,1,0,0,0.309,0.023,0,1,0,0,0.935,0,0,0.567,0.008,0,0.37,0.018,0,0.555,0.008,0,0.778,0.002,0,0.099,0.062,0,0.573,0.007,0,0.43,0.014,0,0.91,0,0,0.004,0.174,1,0.162,0.044,0,0.162,0.044,0
 , , , , , , , , , , , , , , , , , , , , , , , , , , , , , , , , , , , , , , , , , , , , , , , , , , , , , , , , , , , , , , , , , , , , , , , , , , , , , , , , , , , , , , , , , , , , , , , , , , , , , , , , , 
 , , , , , , , , , , , , , , , , , , , , , , , , , , , , , , , , , , , , , , , , , , , , , , , , , , , , , , , , , , , , , , , , , , , , , , , , , , , , , , , , , , , , , , , , , , , , , , , , , , , , , , , , , 