item,word_english,definition_phrase,aoa_M,RT_M,RT_SD,item_Z,,,,,,,
1,abstract,not concrete,5.785714286,3354.657586,2093.041749,0.994207353,,,,,,,
1,abstract,summary,6.321428571,3174.417857,2329.837136,1.109260806,,,,,,,
2,accommodation,lodging & food,5.586206897,4166.63931,7779.441607,0.653775627,,,,,,,
2,accommodation,adaptation,5.821428571,3483.437857,2539.017508,0.807251694,,,,,,,
3,account,bank,4.724137931,2588.969655,1519.17984,0.168892415,,,,,,,
3,account,description of events,5.392857143,4278.595,5375.018832,0.531842342,,,,,,,
3,account,basis for action,5.551724138,3893.536552,2186.322953,0.637840879,,,,,,,
4,ace,card,3.793103448,3096.317931,2802.980819,-0.629775342,,,,,,,
4,ace,expert,5.607142857,3615.818214,2937.064569,0.563547857,,,,,,,
4,ace,tennis serve,5.666666667,2882.241111,1221.528552,0.697802092,,,,,,,
5,act,theater,4.333333333,10113.73464,31454.483,-0.065999006,,,,,,,
5,act,do,3.379310345,3789.123793,5863.131195,-0.848424469,,,,,,,
6,ad,advertisement,4.678571429,2330.385,1030.45432,0.113451005,,,,,,,
6,add,mathematical addition,3.428571429,2720.732857,1277.321968,-0.766791485,,,,,,,
7,addition,math function,3.592592593,3766.728889,2184.668612,-0.829637634,,,,,,,
7,addition,more,4.25,3119.095714,1837.319724,-0.392080419,,,,,,,
7,addition,extra room,5.172413793,5169.041379,8845.072232,0.295282835,,,,,,,
8,address,home location,3.551724138,3086.933103,1458.663639,-0.87322581,,,,,,,
8,address,speech,5.275862069,2621.58069,1298.36178,0.352116778,,,,,,,
9,admission,ticket,4.931034483,2690.696207,1733.517198,0.178717606,,,,,,,
9,admission,allow entry,4.857142857,4129.710714,2409.111508,0.097864898,,,,,,,
9,admission,confession,5.321428571,3658.475714,2361.95545,0.414656558,,,,,,,
10,admit,confess,4.285714286,3545.387241,4261.716934,-0.388028226,,,,,,,
10,admit,allow entry,4.931034483,3092.96931,1727.933392,0.164048768,,,,,,,
11,advance,sexual proposition,6.678571429,3620.312143,1946.856654,1.419718912,,,,,,,
11,advance,go forward,4.428571429,3236.8375,1943.699255,-0.207325428,,,,,,,
11,advance,get paid early,5.896551724,3454.846552,2742.290375,0.790681413,,,,,,,
12,affair,adultery,6.071428571,2906.893929,1337.480284,1.015316103,,,,,,,
12,affair,event,5.285714286,3444.745,1907.267066,0.444692923,,,,,,,
13,affect,outward emotion,5.448275862,4201.443103,3072.673152,0.414047058,,,,,,,
13,affect,influence,5.24137931,4124.098966,6844.525395,0.310001276,,,,,,,
14,age,how old one is,2.448275862,2891.506897,1356.545608,-1.614249811,,,,,,,
14,age,"the act of aging (e.g., to age wine)",5.482758621,4604.535862,1846.822986,0.57149409,,,,,,,
15,agent,a person who works for an organization,5.481481481,2933.047778,1340.001048,0.602116004,,,,,,,
15,agent,a substance acting in a chemical reaction,6.310344828,3520.896552,2041.682015,1.106246432,,,,,,,
16,aid,helper,4.074074074,2477.760714,1808.413994,-0.259120669,,,,,,,
16,aid,a type of help...financial aid,5.034482759,3857.542069,2507.597668,0.248260829,,,,,,,
17,aids,disease,5.714285714,3419.703571,1862.058583,0.722531732,,,,,,,
17,aids,helpers,4.75862069,2799.241724,1383.032263,0.043923009,,,,,,,
18,air,atmosphere,4.285714286,3553.142414,2227.612986,-0.127987246,,,,,,,
18,air,to broadcast,5.333333333,2964.193704,2302.218582,0.498162821,,,,,,,
19,alarm,a clock,3.821428571,3705.47,2809.04268,-0.64886845,,,,,,,
19,alarm,to startle,4.37037037,2956.196296,1380.898033,-0.172468578,,,,,,,
19,alarm,alert,3.615384615,3715.733462,2387.692312,-0.634123649,,,,,,,
20,album,record,4.862068966,3368.215862,2324.218916,0.111622514,,,,,,,
20,album,photo,4.035714286,2894.673571,1288.533145,-0.565333409,,,,,,,
21,alert,notify,4.642857143,3590.651786,2670.944195,-0.051166625,,,,,,,
21,alert,make aware,4.24137931,3614.851034,2755.50984,-0.283390794,,,,,,,
22,alley,bowling,3.785714286,3021.097857,2767.337539,-0.65715188,,,,,,,
22,alley,road,4.827586207,2904.518966,1992.885275,0.081392575,,,,,,,
23,allowance,weekly payment,4.103448276,4476.9,7886.973988,-0.428897496,,,,,,,
23,allowance,an amount of resources set aside,4.965517241,4268.117586,2869.763072,0.178939257,,,,,,,
24,altar,religious,4.642857143,3185.947857,1592.489028,-0.076537352,,,,,,,
24,alter,to change,5.034482759,3155.915517,3320.000013,0.13959635,,,,,,,
25,angle,geometry,5.392857143,4862.113929,9006.806821,0.497904069,,,,,,,
25,angle,perspective,5.642857143,2987.611071,1300.346386,0.622452507,,,,,,,
26,annual,yearly,5.035714286,2579.693571,1225.868799,0.132181112,,,,,,,
26,annual,yearbook,5.551724138,3769.007241,2292.005851,0.565560235,,,,,,,
27,ant,insect,2.714285714,2463.7375,1877.126269,-1.397829596,,,,,,,
28,appeal,like,4.965517241,3096.943103,2352.67563,0.174706369,,,,,,,
28,appeal,re-trial,5.862068966,2826.076207,1343.374917,0.921560258,,,,,,,
29,application,job,5.517241379,3913.218276,2731.426641,0.619528732,,,,,,,
29,application,type of software,5.62962963,3455.007037,2042.671696,0.687847502,,,,,,,
30,appointment,meeting,4.551724138,2941.965517,1785.410339,-0.038367547,,,,,,,
30,appointment,selection to polical office,5.862068966,3604.411034,1366.943177,0.909719222,,,,,,,
31,approach,method,5.428571429,3993.431786,2589.227499,0.46087575,,,,,,,
31,approach,to come closer,4.714285714,2916.430357,1966.21847,-0.081198142,,,,,,,
33,arch,a curving physical structure,4.172413793,3476.273103,2949.423914,-0.302316193,,,,,,,
33,arch,to form a curve,4.793103448,4676.84931,4590.331103,0.13941215,,,,,,,
32,argument,disagreement,4.310344828,3725.363103,2182.851658,-0.229772152,,,,,,,
32,argument,part of speech,4.75862069,3506.441034,2230.686781,0.10643121,,,,,,,
34,arm,limb,2.692307692,3324.301154,3003.808333,-1.298204605,,,,,,,
34,arm,a gun,5.517241379,2706.227931,1456.931475,0.569629537,,,,,,,
34,arm,the act of protecting with a gun,5.62962963,4116.801481,2475.506097,0.590177434,,,,,,,
35,arms,limbs,2.962962963,5316.688148,12674.64737,-1.201390417,,,,,,,
35,arms,guns,5.413793103,3156.318966,1687.584164,0.484054765,,,,,,,
36,article,news story,4.444444444,3074.978889,2282.467082,-0.125082361,,,,,,,
36,article,an item,4.928571429,5304.833929,6313.861177,0.177857654,,,,,,,
37,ash,burned material,4.555555556,3893.163214,2674.704651,-0.207510857,,,,,,,
37,ash,the act of getting rid of cigarette debre,6,4544.96069,2028.66949,1.065603519,,,,,,,
38,associate,colleague,5.793103448,3848.637586,2815.072377,0.896018343,,,,,,,
38,associate,to relate two or more things,4.931034483,4057.351034,2857.240529,0.213802131,,,,,,,
39,assume,to presume,5.407407407,4116.597407,2685.640095,0.495329042,,,,,,,
39,assume,to take on a position,5.535714286,4009.885,2522.229213,0.609694517,,,,,,,
40,ate,to have eaten,2.965517241,2749.453448,1399.960166,-1.118096378,,,,,,,
27,aunt,mother's sister,3.379310345,3254.547931,2290.116737,-0.953214199,,,,,,,
41,author,a writer,3.678571429,3203.937143,2646.706891,-0.712400749,,,,,,,
41,author,to write,3.75862069,2950.213103,1694.301069,-0.624066998,,,,,,,
42,baby,very young child,2.285714286,3224.9175,2444.808438,-1.659797724,,,,,,,
42,baby,to treat like a young child,3.655172414,3169.126207,1963.766711,-0.623898865,,,,,,,
43,bait,material used to lure fish or an animal,3.703703704,3704.676667,2270.723523,-0.55070137,,,,,,,
43,bait,to lure,4.928571429,3280.395,3468.093219,0.120970476,,,,,,,
44,balance,the act of creating equal parts or weights,4.344827586,4285.91069,2132.196076,-0.232798179,,,,,,,
44,balance,a tool for weight measurement,4.965517241,4548.893793,2656.672862,0.17760835,,,,,,,
45,ball,a round object used in games,2.035714286,4071.956429,3051.560829,-1.949018894,,,,,,,
45,ball,a formal dance,4.655172414,3433.256552,2122.361638,0.003023398,,,,,,,
46,band,a musical group,3.689655172,2843.811379,2301.098229,-0.639230565,,,,,,,
46,band,to join together,5.074074074,2672.487778,1671.955376,0.215309046,,,,,,,
47,bank,monetary institution,4.785714286,3463.642857,2451.206436,0.086604472,,,,,,,
47,bank,basketball shot that hits backboard,4.517241379,3702.784828,3361.540943,-0.138750386,,,,,,,
47,bank,to count on or rely upon,6.172413793,4123.167931,1862.160702,1.152141246,,,,,,,
46,banned,to be forbidden,5.275862069,4363.833793,3176.718588,0.40985611,,,,,,,
48,bar,a club or tavern,5.321428571,3754.641786,2559.375943,0.367843638,,,,,,,
48,bar,to ban from someplace,3.827586207,3474.292069,2961.257774,-0.480651734,,,,,,,
48,bar,pole,6.035714286,3673.491071,2014.568436,1.009647865,,,,,,,
49,bare,to have no clothes,3.827586207,3756.072759,2656.109968,-0.499927731,,,,,,,
49,bare,unfurnished,4.714285714,3330.094286,1885.318081,0.071589943,,,,,,,
50,bargain,a good deal,4.827586207,2765.802414,1717.883615,0.172119715,,,,,,,
50,bargain,the act of trying to get a good deal,5.206896552,3585.483793,2282.973897,0.352276008,,,,,,,
51,bark,the sound a dog makes,2.535714286,2740.451429,1142.995013,-1.555461353,,,,,,,
51,bark,the outer covering of a tree,3.535714286,4025.883929,3068.403441,-0.756448325,,,,,,,
52,base,where baseball runners are safe,3.482758621,3495.878966,2434.97394,-0.836727504,,,,,,,
52,base,bottom,4.107142857,2785.361786,2274.898471,-0.369359766,,,,,,,
52,base,opposite of acid,6.392857143,3692.9975,2326.182075,1.166323709,,,,,,,
52,bass,a fish,3.689655172,2170.963103,1042.911197,-0.725537305,,,,,,,
52,bass,low sound,5.310344828,2880.11,1318.657171,0.427926389,,,,,,,
53,bat,tool used to hit a ball,3.346153846,3887.98,2567.594967,-1.050315479,,,,,,,
53,bat,flying mammal,3.75,3571.227143,2864.863299,-0.719548523,,,,,,,
53,bat,the act of hitting,3.892857143,7565.169286,26096.71554,-0.544652643,,,,,,,
54,battery,energy cell,5.142857143,3254.543929,1605.644931,0.343609252,,,,,,,
54,battery,assault,6.142857143,2571.1025,1143.045582,0.942791113,,,,,,,
54,battery,similar items used together,6.192307692,4492.181154,2074.452296,0.987128463,,,,,,,
54,battery,a collection of artillery pieces,5.75,3161.583214,1330.042719,0.689559612,,,,,,,
45,bawl,cry,4.464285714,2966.766071,2051.66904,-0.194826923,,,,,,,
55,bay,body of water,4.620689655,3234.298621,2179.645911,-0.097305634,,,,,,,
55,bay,type of window,5.607142857,3019,1612.155901,0.781826265,,,,,,,
55,bay,reddish brown,6.413793103,3389.96,1347.738225,1.311346144,,,,,,,
55,bay,a main division,5.724137931,5165.757241,7761.367473,0.78598383,,,,,,,
55,bay,the position of being held back,5.857142857,4367.967143,2659.381356,0.792597317,,,,,,,
55,bay,an herb,6.172413793,2907.775862,1519.159083,1.035051429,,,,,,,
56,be,exist,4,3139.926207,1947.549972,-0.420652039,,,,,,,
57,beach,ocean shore,3.107142857,2940.078214,2022.80725,-1.1146814,,,,,,,
57,beach,to strand on the shore,4.75862069,5029.755862,2870.583936,0.164215158,,,,,,,
58,beam,light,4.481481481,2940.996667,1315.195641,-0.175655262,,,,,,,
58,beam,building support structure,5,4327.887586,2953.826665,0.251035908,,,,,,,
58,beam,to smile with joy,5.037037037,3836.074444,4098.804316,0.322667181,,,,,,,
49,bear,animal,2.551724138,2947.76069,2419.327886,-1.536408709,,,,,,,
49,bear,to put up with,5.214285714,3172.806071,2135.490782,0.264517023,,,,,,,
49,bear,to give birth,5.592592593,3454.445926,2069.651814,0.593763382,,,,,,,
49,bear,to carry or hold,4.965517241,3485.392069,2171.242913,0.250505097,,,,,,,
59,beat,hit,3.892857143,3112.591071,1168.579426,-0.57894461,,,,,,,
59,beat,to win against,3.740740741,3475.902222,1948.176976,-0.670201671,,,,,,,
59,beat,to mix or stir,4.586206897,3507.807931,1495.010872,-0.148543284,,,,,,,
60,bed,place to sleep,2.551724138,2649.566207,1303.689807,-1.478071855,,,,,,,
60,bed,like a flower bed,4.222222222,3362.363704,1078.949506,-0.347884215,,,,,,,
56,bee,pollen gathering insect,3.111111111,3404.346296,2562.135902,-1.068313637,,,,,,,
61,beef,cow meat,3.793103448,3403.503793,2564.631075,-0.597962478,,,,,,,
61,beef,to add strength...to beef up,5.517241379,3282.873793,1813.336916,0.593178269,,,,,,,
61,beef,complaint...what's your beef?,5.620689655,3568.468621,2308.394738,0.671314391,,,,,,,
59,beet,red vegetable,4.517241379,3155.253793,3056.9415,-0.065736992,,,,,,,
63,behind,in back of,4.857142857,4209.126786,2458.374527,0.182377956,,,,,,,
63,behind,the backside,4.285714286,4670.093571,6990.879911,-0.313228779,,,,,,,
62,being,the state of having existence,3.428571429,3052.6175,1531.432758,-0.959360498,,,,,,,
62,being,a living thing,3.034482759,3556.044138,1854.226024,-1.080881315,,,,,,,
64,belt,used to hold up pants,3.275862069,3199.762414,1886.033416,-0.945316291,,,,,,,
64,belt,car part,5,2793.573103,1164.005946,0.303504177,,,,,,,
64,belt,to sing loudly,5.448275862,2749.088966,1112.809971,0.567378468,,,,,,,
64,belt,to hit with a belt,4.724137931,3668.364138,2033.406585,-0.04398982,,,,,,,
64,belt,an agricultural area...the corn belt,5.965517241,4281.940345,3937.993893,0.880480953,,,,,,,
65,bench,a chair,3.185185185,2526.852593,1317.793286,-0.985847401,,,,,,,
65,bench,like to bench press,5.518518519,3744.2125,1708.751734,0.545098251,,,,,,,
65,bench,to take a player out of a game,4.740740741,3386.317037,2834.607166,0.107744309,,,,,,,
66,better,improvement,3.448275862,2818.486897,1552.256066,-0.854663154,,,,,,,
66,bettor,someone who bets,5.785714286,4220.496897,1673.624713,0.804675452,,,,,,,
67,bias,prejudice,6.071428571,2973.512414,3269.47291,0.996794201,,,,,,,
67,bias,cut on an angle,6.178571429,3406.622143,1863.476383,1.198040751,,,,,,,
68,bill,a note of money,4.482758621,3365.03931,1824.4292,-0.211880167,,,,,,,
68,bill,the charge for a service,4.827586207,3363.04069,1650.754662,0.148156167,,,,,,,
68,bill,the mouthpart of an animal...a duck bill,3.666666667,3858.984286,1572.106092,-0.684450285,,,,,,,
68,bill,a cap's visor,4.827586207,3618.204828,1877.097208,0.046308334,,,,,,,
68,bill,item of legislation,5.862068966,2643.165172,1112.820895,0.799990285,,,,,,,
69,bit,a tool part...a drill bit,5.357142857,3787.933214,3389.053125,0.421533742,,,,,,,
69,bit,the part of a bridle a horse will bite,5.448275862,3786.943103,2123.86702,0.657540341,,,,,,,
69,bit,past test of bite,3.413793103,7342.337241,5137.894335,-0.879147094,,,,,,,
69,bit,a unit of computer information,5.925925926,3325.742593,1123.225878,0.843226906,,,,,,,
69,bit,a small portion,4,3594.707931,1997.850607,-0.551874043,,,,,,,
70,bitter,sour taste,4.071428571,3584.657931,5517.582009,-0.53017793,,,,,,,
70,bitter,describes a mean or spiteful person,4.892857143,5572.954483,5231.550404,0.313854265,,,,,,,
71,blade,of grass,3.964285714,3032.3,2721.233676,-0.489519972,,,,,,,
71,blade,knife,4.172413793,3466.825862,2769.837614,-0.336519176,,,,,,,
72,blast,explosion,4.357142857,2656.246429,1651.26614,-0.292064358,,,,,,,
72,blast,a great time,4.428571429,2963.395517,1807.745174,-0.330254165,,,,,,,
73,blew,past tense of blow,3.862068966,4038.208966,1988.379659,-0.522790154,,,,,,,
74,block,a cube object,3.076923077,3356.441481,1591.439365,-0.96445328,,,,,,,
74,block,a city square,4.068965517,4641.356207,4813.282505,-0.326845206,,,,,,,
74,block,to prevent,4.103448276,3669.001379,2225.695249,-0.41954132,,,,,,,
74,block,a voting group,6.172413793,3875.906552,4071.938939,1.106909451,,,,,,,
75,blow,the movement of air,3.37037037,3091.091852,1222.039021,-0.866561081,,,,,,,
75,blow,a heavy hit,4.689655172,3054.238621,2144.374652,-0.010733952,,,,,,,
73,blue,the color,2,3026.666296,2632.378668,-1.802875681,,,,,,,
73,blue,to be sad,3.892857143,2429.768571,1031.1133,-0.457169622,,,,,,,
74,bluff,to mislead or lie,5.25,4168.886071,5117.440102,0.483533726,,,,,,,
74,bluff,similar to a cliff,5.407407407,3246.283704,1647.974317,0.474380301,,,,,,,
75,blunt,a dull edge,5,3738.758148,3275.110741,0.260254834,,,,,,,
75,blunt,painfully honest,5.592592593,3966.062963,4904.626451,0.699872601,,,,,,,
76,board,a flat piece of material,3.724137931,3633.061034,2084.369181,-0.591546813,,,,,,,
76,board,a governing body,5.807692308,3199.601154,1978.454013,0.836700431,,,,,,,
76,board,an examination...college boards,6.275862069,3618.927931,1761.174534,1.1332582,,,,,,,
76,board,provide food and lodging,5.642857143,3881.629286,1867.037677,0.646725548,,,,,,,
77,boarder,someone who rents a room,6.107142857,3668.046786,1816.934843,0.934766247,,,,,,,
78,body,the main part of an animal or plant,3.448275862,4996.616897,6263.120017,-0.821274587,,,,,,,
78,body,a mass of matter...a body of water,4.678571429,5008.7825,2915.969884,-0.036510988,,,,,,,
78,body,richness of flavor...as in coffee,6.32,4120.4768,2577.152192,1.165649188,,,,,,,
78,body,volume...her hair had a lot of body,6.25,4040.341071,1663.950308,1.060096683,,,,,,,
78,body,main part of an essay,5.384615385,3665.504074,2307.649302,0.40459123,,,,,,,
79,bold,quite brave,4.896551724,2922.645862,1337.413817,0.09692519,,,,,,,
80,bolder,more bold,4.814814815,3748.903333,3241.094226,0.128356843,,,,,,,
81,bolt,to run away quickly,4.423076923,3003.974074,1850.232737,-0.236317486,,,,,,,
81,bolt,lighting bolt,5.035714286,3242.557143,1578.90338,0.322917864,,,,,,,
81,bolt,nuts and bolts,3.413793103,3002.934483,2209.929529,-0.815857067,,,,,,,
82,bomb,an explosive device,4.444444444,2710.755185,2031.725348,-0.246395947,,,,,,,
82,bomb,to perform very poorly...to bomb a test,5.666666667,3921.887037,2060.23448,0.717894261,,,,,,,
83,bond,to join together,4.931034483,2458.517586,1149.54404,0.259722511,,,,,,,
83,bond,a deep friendship,4.928571429,2734.432143,1162.352945,0.204038327,,,,,,,
83,bond,jail bond,6.111111111,2743.069259,1554.361256,0.93114604,,,,,,,
83,bond,stocks and bonds,6.142857143,3193.529286,2519.483089,0.996668613,,,,,,,
84,book,to place in jail...book the criminal,5.896551724,3475.472069,1982.200426,0.800248088,,,,,,,
84,book,the type you read,2.689655172,3319.112069,2674.655912,-1.37695983,,,,,,,
84,book,to run very fast,5.586206897,3558.351034,1968.774091,0.746885874,,,,,,,
84,book,the act of taking bets,6.24137931,3278.586552,1387.885734,1.127321416,,,,,,,
85,boos,expressions of dislike,4.206896552,4043.583793,2020.308224,-0.346928526,,,,,,,
86,boot,a type of shoe,3,3398.72931,2043.003789,-1.271041576,,,,,,,
86,boot,to kick out,5.214285714,3870.463929,3977.830208,0.412663504,,,,,,,
86,boot,placed on a car,6.071428571,3759.3875,2327.308681,0.985111138,,,,,,,
85,booze,alcohol,6.071428571,2429.801379,1474.062945,0.974513446,,,,,,,
77,border,"the edge, at the boundary",4.357142857,4986.330714,3470.820848,-0.205436741,,,,,,,
76,bored,to be uninterested,3.666666667,3559.0925,3248.667164,-0.696386121,,,,,,,
87,boss,employer,4.428571429,3652.555714,3559.816045,-0.234032577,,,,,,,
87,boss,crime boss,5.642857143,2760.3575,1183.181693,0.660469977,,,,,,,
87,boss,to give orders,4.222222222,3171.584444,1964.128824,-0.378124655,,,,,,,
88,bouillon,soup,6.034482759,2788.743448,1313.392764,0.962684647,,,,,,,
80,boulder,large rock,3.857142857,3139.558214,1612.460679,-0.589405199,,,,,,,
89,bound,to tie together,4.448275862,3489.937586,3044.600568,-0.097218925,,,,,,,
89,bound,to leap,5.206896552,3020.668966,1713.192673,0.271193457,,,,,,,
89,bound,likely to happen...its bound to happen,5.206896552,3840.542069,2132.757559,0.268651495,,,,,,,
90,bow,arrow,3.814814815,3005.062143,2506.365219,-0.705421994,,,,,,,
90,bow,tie,3.678571429,3964.885357,2493.200672,-0.743297589,,,,,,,
90,bow,to take a bow after a performance,3.714285714,4137.253929,1809.552994,-0.643511331,,,,,,,
91,bowl,a dish,3.035714286,3285.091071,2176.340305,-1.116705179,,,,,,,
91,bowl,to strike down pins in a bowling alley,3.931034483,4499.955172,3200.692221,-0.480324945,,,,,,,
79,bowled,past of bowl,5.068965517,4989.063448,2533.331688,0.152108158,,,,,,,
92,box,a cube-like container,3.071428571,3982.156786,3976.007063,-1.014885946,,,,,,,
92,box,to hit in boxing,4.892857143,5311.153214,5113.960975,0.113914607,,,,,,,
93,boxer,a person who boxes,4.25,2659.508571,1405.797396,-0.304804854,,,,,,,
93,boxer,a type of dog,4.827586207,2663.617931,918.8103269,0.118998673,,,,,,,
94,braces,supports walking,4.862068966,3289.170345,1445.435119,0.077766374,,,,,,,
94,braces,on teeth,4.321428571,3143.684643,1828.08537,-0.20377537,,,,,,,
95,brakes,used to stop movement,3.785714286,3653.713214,2618.129945,-0.652522136,,,,,,,
96,branch,tree limb,2.928571429,4281.683214,3227.880211,-1.1746044,,,,,,,
96,branch,division of company or government,5.517241379,3099.378621,1891.221402,0.676867695,,,,,,,
97,brand,product of a particular company,4.592592593,3861.060714,2548.663223,-0.211836326,,,,,,,
97,brand,burn mark put on livestock,5.214285714,4286.7825,1782.805737,0.49182925,,,,,,,
97,bread,loaf of bread,3.24137931,3194.457931,1956.996127,-1.048898988,,,,,,,
97,bread,name for money,5.928571429,4912.1525,9679.646377,0.861132487,,,,,,,
98,break,to separate into pieces,3.814814815,4004.004074,2309.422112,-0.691345488,,,,,,,
98,break,a rest time from work,4.24137931,4141.842069,2484.291959,-0.318340236,,,,,,,
95,breaks,into pieces,3.068965517,3391.844138,2003.422846,-1.085448262,,,,,,,
95,breaks,to make inoperable,4.793103448,5724.822414,4689.338412,0.022913788,,,,,,,
96,breed,type of dog,4.793103448,2547.027241,1229.321256,0.059234409,,,,,,,
96,breed,to reproduce,5.344827586,3268.073793,3912.423308,0.490261814,,,,,,,
97,brick,construction material,3.379310345,3315.094138,1936.332267,-0.793740973,,,,,,,
97,brick,a missed basketball shot,5.785714286,3347.2325,1489.549917,0.791977682,,,,,,,
98,bridge,a structure connecting two bodies of land,3.379310345,3750.961379,2710.354338,-0.932721908,,,,,,,
98,bridge,a type of card game,5.464285714,4292.687143,4501.767614,0.565596444,,,,,,,
99,brief,summary,5.137931034,3755.947931,2871.101602,0.272106732,,,,,,,
99,brief,short,4.517241379,2652.187586,1209.584747,-0.245008377,,,,,,,
99,brief,underwear,4.423076923,4651.37037,5664.754092,-0.078019011,,,,,,,
100,bright,lots of light,2.931034483,3118.150345,1597.935783,-1.115017767,,,,,,,
100,bright,smart,4.428571429,2701.473214,1347.286795,-0.179343635,,,,,,,
101,brilliant,very intelligent,4.153846154,4116.166154,5220.503429,-0.253664812,,,,,,,
101,brilliant,sparkling light,5.517241379,4195.115172,2878.539853,0.552620186,,,,,,,
102,broad,wide,4.275862069,3023.647586,1167.424002,-0.177450139,,,,,,,
102,broad,derogatory term for woman,6.103448276,3589.913448,1496.26761,1.046301771,,,,,,,
103,broke,past tense of break,3.793103448,4080.128276,2144.920247,-0.633182968,,,,,,,
103,broke,to be out of money,4.740740741,3349.141852,2117.994972,0.041845133,,,,,,,
104,brush,a device with bristles,3.448275862,3122.631379,1213.228557,-0.761364259,,,,,,,
104,brush,to sweep away,3.862068966,4417.575862,4112.623912,-0.496615842,,,,,,,
104,brush,the act of using a brush...to brush the teeth,2.75,4342.445,2458.959041,-1.411327605,,,,,,,
105,buck,male deer,4.407407407,2712.933571,1248.219537,-0.258461678,,,,,,,
105,buck,a dollar,3.793103448,2882.931034,2079.859246,-0.583259196,,,,,,,
106,bud,flower,3.964285714,4368.423448,7677.108703,-0.44462493,,,,,,,
106,bud,friend,4.24137931,2697.008966,1245.386108,-0.386786736,,,,,,,
106,bud,marijuana,6.655172414,2264.298966,1122.006918,1.477551532,,,,,,,
107,bug,an insect,2.464285714,2167.252857,900.1709107,-1.550127934,,,,,,,
107,bug,to bother,3.535714286,3148.335714,2597.28658,-0.657976755,,,,,,,
108,build,to make,3.107142857,3847.173214,3584.318076,-1.159160034,,,,,,,
108,build,bodytype...he has a strong build,5.464285714,3310.831429,1324.735634,0.496779742,,,,,,,
109,bulb,lightbulb,3.407407407,2303.159286,1111.864482,-0.917069692,,,,,,,
109,bulb,flower bulb,4.448275862,3350.411724,3250.470481,-0.204947013,,,,,,,
88,bullion,gold or silver,6.206896552,2685.872759,1263.111512,1.137123027,,,,,,,
110,bully,to be mean to someone,3.862068966,2883.566897,1553.115424,-0.652733914,,,,,,,
110,bully,a mean person,3.413793103,2691.479655,1163.556313,-0.800019516,,,,,,,
111,bum,hobo,5.035714286,2289.086786,874.4396979,0.393425221,,,,,,,
111,bum,rear end,4.178571429,3073.168929,1294.250001,-0.30064308,,,,,,,
111,bum,to ask for something...can I bum a quarter?,5.964285714,3698.361071,1564.004952,0.916069339,,,,,,,
112,bumble,a type of bee,3.206896552,3184.595172,1488.720801,-1.064386443,,,,,,,
112,bumble,to stumble around,5.740740741,2942.120741,1872.141203,0.692829299,,,,,,,
113,bump,speed bump,4.344827586,3081.473103,2412.197615,-0.283215439,,,,,,,
113,bump,to run into,3.607142857,5254.916786,9031.879517,-0.645052985,,,,,,,
113,bun,piece of bread,3.482758621,3151.501724,1888.658301,-0.799314324,,,,,,,
113,bun,hair bun,4.517241379,3315.034138,1755.7244,-0.112182768,,,,,,,
114,bunch,a group of something,3.892857143,2488.258929,1523.243981,-0.632437304,,,,,,,
114,bunch,to push or bunch something together,4.551724138,5501.934828,4467.986826,-0.080867879,,,,,,,
115,bureau,an organization...the FBI,5.857142857,2805.972143,1549.896543,0.830789654,,,,,,,
115,bureau,a dresser or chest,6.068965517,2592.419655,1214.181873,0.941845026,,,,,,,
116,burn,to be scorched by fire,3.821428571,3735.789286,1730.359494,-0.690621145,,,,,,,
116,burn,to cause embarassment...she will burn him,5.75862069,4360.761379,2394.828754,0.894778939,,,,,,,
117,bus,a vehicle for mass transportation,3.107142857,3747.681429,2355.7068,-1.178669369,,,,,,,
117,bus,to clear dishes off of a table,5.75,3260.255714,1714.73572,0.736345999,,,,,,,
118,business,a corporation,4.571428571,3002.621786,1994.692212,-0.102578152,,,,,,,
118,business,one's affairs...mind your own business,4.517241379,3395.908621,2029.399224,-0.111118618,,,,,,,
119,but,on the other hand,3.535714286,3995.853929,2341.846855,-0.823434931,,,,,,,
119,butt,cigarette,5.517241379,2524.778276,1438.175185,0.611422683,,,,,,,
119,butt,rear end,2.928571429,3092.086071,1709.039384,-1.324194723,,,,,,,
119,butt,end of a rifle,5.827586207,2923.338966,1846.383643,0.727842678,,,,,,,
120,butterfly,a flying insect,2.413793103,2327.21,789.0256713,-1.612417155,,,,,,,
120,butterfly,to cut in half,6.37037037,3876.78,1550.486104,1.148339896,,,,,,,
121,buy,to purchase,3.642857143,3554.833929,2489.630119,-0.791572329,,,,,,,
122,buzz,to feel drunk or high,6.517241379,2486.396207,1057.130241,1.301515178,,,,,,,
122,buzz,a great deal of publicity or fanfare,2.586206897,3608.938621,2120.10535,-1.526933675,,,,,,,
122,buzz,the sound a bee makes,5.586206897,3118.55,1282.767857,0.561187053,,,,,,,
121,bye,goodbye,2.357142857,2606.002143,1432.32219,-1.510802902,,,,,,,
123,cab,taxi,3.793103448,3139.939655,2954.404181,-0.599234547,,,,,,,
123,cab,front part of a truck,5.25,4345.828214,2100.543859,0.450421922,,,,,,,
124,cabin,log home,4.111111111,3552.84963,5762.90859,-0.457623855,,,,,,,
124,cabin,inside compartment of a ship,4.821428571,3202.653214,1750.825771,0.103704468,,,,,,,
125,cabinet,storage area,3.655172414,3231.922069,1713.369345,-0.723313414,,,,,,,
125,cabinet,government board,6.137931034,3778.552069,2771.430857,0.979944358,,,,,,,
126,cable,television,4.178571429,4053.615172,4204.031419,-0.307323833,,,,,,,
126,cable,wire,4.482758621,3151.51931,2569.415365,-0.090949134,,,,,,,
127,cage,an enclosure,3.586206897,2702.81069,1708.389999,-0.734466615,,,,,,,
127,cage,to restrict in an enclosure,3.464285714,4856.296071,7744.879668,-0.786888803,,,,,,,
128,cake,dessert,2.586206897,3065.202759,3335.911977,-1.443076675,,,,,,,
128,cake,build up...he will cake on the grease,5.928571429,5068.400357,2776.009599,0.786182521,,,,,,,
128,cake,easy,5.178571429,3097.716786,1379.452683,0.223252621,,,,,,,
129,calf,baby cow,3.275862069,2498.069655,1171.92756,-0.93095365,,,,,,,
129,calf,part of leg,4.172413793,3368.295517,2509.488696,-0.343101859,,,,,,,
130,call,to name or address,4.24137931,4448.221379,3311.893378,-0.373269647,,,,,,,
130,call,to summon,3.642857143,3205.553214,2314.539084,-0.7449806,,,,,,,
130,call,communication by telephone,4.310344828,3157.208276,1989.491861,-0.253093386,,,,,,,
130,call,to order into effect...call a strike,3.678571429,3351.822759,2128.338572,-0.746512198,,,,,,,
130,call,to scream out,5.482758621,5000.631379,3380.972199,0.560211772,,,,,,,
131,caller,a telephoner,4.178571429,3259.366429,1697.958349,-0.429058693,,,,,,,
132,can,able to,2.777777778,2695.38037,1685.838691,-1.24400897,,,,,,,
132,can,container,3,2266.876897,1053.20459,-1.140009353,,,,,,,
132,can,have permission,2.965517241,3719.078276,2982.314017,-1.240498992,,,,,,,
132,can,jail,6.103448276,3219.922759,3653.382108,1.035665244,,,,,,,
132,can,toilet,5.034482759,2803.84,1383.268951,0.177726006,,,,,,,
133,cane,support for walking,4.034482759,2916.789655,1242.305315,-0.535618753,,,,,,,
133,cane,sugarcane,5.379310345,2617.272759,1169.384334,0.391109109,,,,,,,
134,cap,hat,3.068965517,2712.55931,1235.528646,-1.118045951,,,,,,,
134,cap,top or lid,3.620689655,3333.451034,2826.992636,-0.77373508,,,,,,,
143,cape,a sleeveless garmet,3.148148148,2455.593929,1249.481878,-0.993814414,,,,,,,
143,cape,land piece jutting into water,3.571428571,2981.775714,1634.544498,-0.825444278,,,,,,,
135,card,playing card,2.535714286,2137.462143,1149.56997,-1.442014238,,,,,,,
135,card,greeting card or note,4,3777.625714,2143.823913,-0.447832802,,,,,,,
136,carrot,vegetable,5.37037037,3394.528889,1227.632362,0.373372982,,,,,,,
137,cart,a buggy or wagon,5.25,2756.745357,1258.311067,0.420714118,,,,,,,
137,cart,the act of carrying,4.111111111,3348.365714,1796.939873,-0.465057214,,,,,,,
138,case,court case,6.103448276,3181.972069,1758.518475,1.10952774,,,,,,,
138,case,suitcase,5.24137931,3821.571379,2495.871125,0.444771012,,,,,,,
138,case,24 beers,5.275862069,5307.291034,3742.862742,0.425123822,,,,,,,
138,case,a set of circumstances,4.620689655,2676.953103,1107.452961,0.005185144,,,,,,,
138,case,instance of an illness,4.814814815,4816.874444,2900.046016,-0.035041977,,,,,,,
139,cast,set of actors,4.555555556,3777.096296,1338.987586,-0.163150163,,,,,,,
139,cast,used to set a bone,4.965517241,3369.171724,1536.336884,0.197651066,,,,,,,
139,cast,to set forth a spell,5.517241379,3365.054483,1826.547588,0.555533953,,,,,,,
139,cast,to throw out...cast a net,3.206896552,3555.632759,2192.2694,-1.119020149,,,,,,,
139,cast,to submit...cast a vote,4.793103448,4216.334138,2181.570863,0.122774514,,,,,,,
140,catch,to receive a thrown object,3.517241379,5320.43,6774.962225,-0.777394856,,,,,,,
140,catch,to attract attention,3.586206897,4762.622069,3065.515601,-0.742890442,,,,,,,
140,catch,capture or trap,3.185185185,2977.100741,1417.346208,-1.003744321,,,,,,,
140,catch,to recieve...catch a cold,5.137931034,2659.398276,1116.398957,0.349139602,,,,,,,
141,cave,opening in a hill or mountain,4.642857143,3653.420357,3221.066461,-0.047395214,,,,,,,
141,cave,to give in,4.035714286,2634.103214,1772.217693,-0.508184233,,,,,,,
142,cavity,a hole,4.137931034,4227.874138,3230.879612,-0.430457143,,,,,,,
142,cavity,tooth,5.586206897,5002.410345,2714.946666,0.587401283,,,,,,,
144,cell,unit of living thing,5.642857143,3638.553214,2095.299207,0.705802951,,,,,,,
144,cell,phone,5.310344828,3114.691034,1297.750755,0.455907781,,,,,,,
144,cell,small quarters...prison cell,4.892857143,3426.511429,2018.221912,0.156627482,,,,,,,
144,cell,small unit ...weather cell,5.607142857,4534.583571,2682.459001,0.608209975,,,,,,,
145,cellar,basement,3.965517241,3913.648621,7509.61765,-0.496591874,,,,,,,
146,cent,a penny,2.892857143,3815.592857,4524.546831,-1.223737692,,,,,,,
147,center,middle,3.333333333,2746.943704,1516.759733,-0.989338254,,,,,,,
147,center,building...shopping center,4.357142857,3657.298571,1552.837447,-0.212060045,,,,,,,
148,cents,pennies,2.923076923,3119.411111,2234.385217,-1.147199187,,,,,,,
149,cereal,breakfast food,2.535714286,3599.415,4255.384074,-1.529427563,,,,,,,
150,chair,seat,2.965517241,3706.848621,4297.657687,-1.166464605,,,,,,,
150,chair,organization head,5.642857143,2941.528571,1129.659853,0.703722277,,,,,,,
151,champion,winner,3.777777778,2876.397778,2276.890923,-0.552456937,,,,,,,
151,champion,to promote a cause,5.482758621,3337.91069,1567.99557,0.664681358,,,,,,,
152,change,to be different,3.785714286,4180.810714,3022.920444,-0.579964092,,,,,,,
152,change,money leftover,3.724137931,3792.056552,2195.738261,-0.584837947,,,,,,,
153,channel,station,3.586206897,3638.136552,2318.18426,-0.79564887,,,,,,,
153,channel,water passage,5,2668.352857,1177.089297,0.17564685,,,,,,,
153,channel,to convey information to another,5.75,4055.949286,2453.335654,0.729752276,,,,,,,
154,chapter,book section,3.896551724,3469.772759,2834.694175,-0.503494731,,,,,,,
154,chapter,unit of larger organization,5.413793103,3478.605172,1653.001945,0.476001174,,,,,,,
155,character,personality in an act or book,3.75862069,5235.160345,4111.854696,-0.556107556,,,,,,,
155,character,a person's set of attributes,5.25,5291.576552,9366.619165,0.44956464,,,,,,,
155,character,a letter of the alphabet,4.642857143,3705.562143,1767.749165,-0.083437637,,,,,,,
156,charge,to bill,5.25,3385.005357,2081.432158,0.366509835,,,,,,,
156,charge,to move forward,4.714285714,4199.149643,3634.970157,-0.052279616,,,,,,,
156,charge,to bring forth an accusation,5.137931034,4865.129655,4390.92735,0.391482602,,,,,,,
156,charge,responsibility...I am in charge,4.259259259,4168.775556,2637.082328,-0.293462841,,,,,,,
157,charm,trinket on a bracelet,4.642857143,3735.782857,2246.809624,-0.074168235,,,,,,,
157,charm,wit,5.285714286,2769.574286,1396.54169,0.495635453,,,,,,,
158,chemistry,"chemical properties, reactions, phenomena",6,4223.838889,3514.772459,0.957019775,,,,,,,
158,chemistry,interpersonal feelings,6.068965517,2948.596552,1346.843393,0.917316649,,,,,,,
159,chews,to crush with teeth,2.965517241,4081.954483,3844.214136,-1.240110202,,,,,,,
160,chili,type of soup,3.413793103,2554.65069,1403.230727,-0.850704548,,,,,,,
161,chill,to cool,3.965517241,3396.68931,1976.851682,-0.423669602,,,,,,,
161,chill,relax,4.896551724,3409.964828,2686.063103,0.110419375,,,,,,,
160,chilly,cold,3.275862069,2817.399655,1465.873919,-0.92180132,,,,,,,
160,chilly,distant and not nice personality,6.107142857,4228.685714,2261.832351,0.978632114,,,,,,,
162,China,Asian country,4.142857143,3030.991429,1663.653854,-0.363649482,,,,,,,
162,china,type of dishware,4.448275862,3981.757241,3785.311969,-0.054964434,,,,,,,
163,chip,snack - potato or corn,3,3248.776207,1921.125703,-1.199947125,,,,,,,
163,chip,a small piece of material removed,4.714285714,3482.320714,1559.930007,0.081128705,,,,,,,
163,chip,cow dung,5.607142857,3256.859286,1673.174171,0.662211745,,,,,,,
163,chip,stand for money in poker,5.620689655,3350.773448,1548.988669,0.594593535,,,,,,,
164,choke,gag,4.222222222,2799.852963,1562.004456,-0.329121685,,,,,,,
164,choke,to perform poorly at a key moment,5.678571429,3858.034286,2292.572748,0.691518325,,,,,,,
159,choose,to select,4.107142857,3791.743929,3850.701748,-0.495205086,,,,,,,
165,chop,to cut,4.344827586,2985.538966,1546.810374,-0.185062864,,,,,,,
165,chop,piece of meat,3.346153846,3086.6325,1594.975605,-1.070526656,,,,,,,
166,chord,multiple notes,4.862068966,3210.857586,1979.719372,0.228421563,,,,,,,
167,class,course,4,3180.563103,2126.6643,-0.444638902,,,,,,,
167,class,a level - first class,4.586206897,4714.112414,3097.116473,-0.098290454,,,,,,,
167,class,properness - she has a lot of class,5.107142857,4530.185357,4141.227082,0.389403636,,,,,,,
168,clog,a back-up in a drain,4.25,4422.603929,5978.496416,-0.280313246,,,,,,,
168,clog,a type of shoe,4.75862069,3712.235517,4311.931757,0.163180119,,,,,,,
169,close,open,3.481481481,7058.612593,5301.9876,-0.795460171,,,,,,,
169,clothes,clothing,2.793103448,3784.595862,3571.884573,-1.341769832,,,,,,,
170,club,bar - nightclub,6.111111111,3212.007778,1852.926828,0.98769868,,,,,,,
170,club,organization,4.321428571,4685.752143,8832.281503,-0.375621172,,,,,,,
170,club,golf,4,2940.368929,1671.990727,-0.40617795,,,,,,,
171,coach,team leader,3.535714286,3050.28,1581.427265,-0.768232566,,,,,,,
171,coach,a carriage,4.62962963,4261.434074,2734.889895,0.02319802,,,,,,,
172,coast,edge of water,3.964285714,3605.277241,2646.417345,-0.462050984,,,,,,,
172,coast,glide,5.413793103,3351.674483,1930.457126,0.42367696,,,,,,,
173,coat,jacket,3.142857143,2458.37,1262.861473,-1.09598349,,,,,,,
173,coat,a thin layer...coat of paint,4.413793103,5032.906207,5092.701435,-0.05018772,,,,,,,
174,code,morse - secret communication,4.642857143,3913.8425,1924.603984,0.010317382,,,,,,,
174,code,rules,4.551724138,3416.742069,2325.255379,-0.103006546,,,,,,,
175,coin,money,3.142857143,2622.528214,2126.827015,-1.04305383,,,,,,,
175,coin,to makea term familiar,5.928571429,4512.066786,2013.113014,0.925336777,,,,,,,
176,coke,coca-cola,2.928571429,2910.905714,1481.008331,-1.183651271,,,,,,,
176,coke,cocain,6.517241379,2508.924828,1363.537481,1.259712244,,,,,,,
177,cold,low temperature,2.413793103,3388.02069,2274.707367,-1.57300703,,,,,,,
177,cold,not nice,5.068965517,3208.879655,1402.497197,0.184040381,,,,,,,
177,cold,common virus,3.461538462,3246.115185,1626.896142,-0.964787394,,,,,,,
131,collar,shirt lapels,4.310344828,3328.43,1320.345988,-0.226731563,,,,,,,
178,colonel,military officer,5.071428571,2829.883929,1540.705466,0.25259028,,,,,,,
179,color,a hue,4.379310345,4349.976207,4233.276161,-0.310499218,,,,,,,
179,color,to fill in with color,2.310344828,3159.596897,1876.170812,-1.550980295,,,,,,,
180,combine,to mix,4.071428571,3075.591786,1981.09049,-0.439360756,,,,,,,
180,combine,farm machine,5.321428571,3935.591034,2949.660265,0.296717568,,,,,,,
181,complex,complicated,5.178571429,3228.895357,3515.378819,0.379247381,,,,,,,
181,complex,multiple buildings - apartment complex,5.62962963,4038.85963,3911.328924,0.661837976,,,,,,,
182,compound,chemical mixture,6.192307692,3273.323846,3777.565664,1.139300114,,,,,,,
182,compound,to make worse,6.074074074,3796.702593,2771.860751,1.090481175,,,,,,,
182,compound,military area - military compound,5.655172414,4004.864138,3272.620971,0.755050673,,,,,,,
186,concrete,tangible thing,5.068965517,6797.698276,12997.47449,0.225108078,,,,,,,
186,concrete,construction material,5.214285714,3781.003448,3261.931813,0.354882407,,,,,,,
183,condition,current state,5.586206897,3122.53,1703.58451,0.60719997,,,,,,,
183,condition,criteria to meet,4.962962963,3362.971786,2316.938931,0.100105562,,,,,,,
183,condition,health training,5.896551724,3632.361724,2200.014129,0.854190562,,,,,,,
184,constitution,declaration of independence,5.25,3583.239643,2336.427301,0.397797088,,,,,,,
184,constitution,what one is made of,4.740740741,3782.02,2487.137328,-0.02067935,,,,,,,
185,contact,lens,4.464285714,3584.6175,2430.398827,-0.183634301,,,,,,,
185,contact,to get in touch,5.310344828,4532.454483,2620.011502,0.458932334,,,,,,,
185,contact,physical touch,5.592592593,3552.234815,2583.542445,0.532069371,,,,,,,
185,contact,a person known,4.275862069,3493.457241,2338.978305,-0.283936091,,,,,,,
187,content,happy,5.035714286,3238.731786,1326.289137,0.092459203,,,,,,,
187,content,material composing something,4.857142857,4927.284286,3659.179857,0.258338221,,,,,,,
188,contest,competition,3.827586207,3757.438276,4345.105579,-0.511255787,,,,,,,
188,contest,to disagree,5.642857143,2970.521786,1667.713101,0.58572523,,,,,,,
189,convict,inmate,5.481481481,3102.032222,1654.453334,0.496225265,,,,,,,
189,convict,to sentence,5.5,3034.908571,1269.529432,0.602297955,,,,,,,
190,cool,low temperature,3.407407407,3586.986429,1929.935032,-1.046426809,,,,,,,
190,cool,calm,4.321428571,3889.098214,3915.673761,-0.192329161,,,,,,,
190,cool,popular,4.103448276,3083.596897,2057.934404,-0.433990198,,,,,,,
191,cop,police,3.107142857,2984.8125,2698.706291,-1.048019141,,,,,,,
191,cop,to take on - cop an attitude,6.068965517,3751.584828,2446.117182,0.89067436,,,,,,,
166,cord,wire,4.214285714,4646.35,7373.367182,-0.303905625,,,,,,,
192,corner,edge,3.689655172,3475.403448,3483.546067,-0.748591749,,,,,,,
192,corner,street,3.413793103,2969.777931,2206.365952,-0.846434547,,,,,,,
192,corner,to trap,4.857142857,3477.8275,1374.603357,0.0771784,,,,,,,
193,corporal,military rank,5.714285714,2434.782857,1227.60791,0.712778903,,,,,,,
193,corporal,physical punishment,6.428571429,4311.546071,3199.061052,1.259317288,,,,,,,
194,couch,sofa,3.275862069,3498.614483,5290.65429,-0.888008652,,,,,,,
194,couch,to provide context - couch the issue,6.37037037,4529.202857,3292.638784,0.98702829,,,,,,,
195,count,numbers,2.607142857,3760.625357,3108.037984,-1.472575129,,,,,,,
195,count,royal,5.310344828,3001.362759,1532.62543,0.39878576,,,,,,,
196,couple,two,3.586206897,2662.697241,1071.606841,-0.673598106,,,,,,,
196,couple,two people in a relationship,4.846153846,3156.725,1727.174724,0.021174385,,,,,,,
197,course,class,5,3031.305172,1815.695635,0.356887443,,,,,,,
197,course,path,4.961538462,4160.458889,4264.490279,0.114748267,,,,,,,
197,course,golf,4.555555556,2955.947407,1384.629685,-0.168474907,,,,,,,
198,court,sports,4.655172414,3696.936207,2340.105262,0.023484025,,,,,,,
198,court,legal,4.964285714,2993.867143,2331.326673,0.332468425,,,,,,,
198,court,to date,5.448275862,3193.567241,2179.35237,0.561533633,,,,,,,
199,crack,crevice or gap,3.896551724,4098.236897,2574.954266,-0.545622739,,,,,,,
199,crack,type of cocaine,6.620689655,2489.036552,1344.099523,1.367840319,,,,,,,
199,crack,to break,3.75,3282.223929,2363.545276,-0.717529411,,,,,,,
200,crash,impact,4,3112.122857,3128.671278,-0.435481162,,,,,,,
200,crash,to go to a party uninvited,5.896551724,4436.397931,4224.606818,0.903898591,,,,,,,
203,creak,to make a sound,4.035714286,3129.309286,2595.928185,-0.450005009,,,,,,,
201,cream,dairy,4.142857143,2666.776071,1351.634401,-0.371502491,,,,,,,
201,cream,ointment,5.321428571,3332.073571,1784.629237,0.51646962,,,,,,,
201,cream,to beat badly,6,3250.389655,2370.300005,0.991382285,,,,,,,
202,credit,loan,6.482758621,3759.044138,2005.500728,1.369708279,,,,,,,
202,credit,course hours,3.964285714,3487.976071,2265.118987,-0.529002488,,,,,,,
203,creek,a stream,3.892857143,3109.838214,2482.545992,-0.622992911,,,,,,,
204,croak,frog sound,3.482758621,3085.275172,2237.249301,-0.904065173,,,,,,,
204,croak,to die,5.285714286,2262.631786,1210.050561,0.35232868,,,,,,,
205,crooked,not straight,4.037037037,3097.849259,1129.302761,-0.463382307,,,,,,,
205,crooked,unethical,5.892857143,3160.630357,2642.821653,0.829050521,,,,,,,
206,crush,mash,4.111111111,2758.489259,1062.466777,-0.399637179,,,,,,,
206,crush,romantic interest,4.928571429,2888.681429,1584.250964,0.108672227,,,,,,,
207,cuff,sleeve,4.777777778,2808.45,2036.383615,0.128053142,,,,,,,
207,cuff,to put in handcuffs,4.714285714,3038.263571,1515.705113,0.087423989,,,,,,,
208,curb,street,3.724137931,3052.781034,1899.88398,-0.603593688,,,,,,,
208,curb,to lessen,5.481481481,3301.345714,1374.457285,0.712704715,,,,,,,
209,current,electric,5.607142857,3756.857857,2543.886719,0.63448298,,,,,,,
209,current,water flow,4.551724138,3203.545517,1738.887237,-0.128362521,,,,,,,
209,current,up to date,4.785714286,2880.584643,1463.610017,0.028831119,,,,,,,
210,curse,to use profanity,4.785714286,3101.188571,1405.715905,0.108087095,,,,,,,
210,curse,an evil spell,4.206896552,3485.954483,2542.328716,-0.345292647,,,,,,,
211,cut,to trim,3.517241379,3115.335862,2100.359666,-0.765868521,,,,,,,
211,cut,a part of the profit,5.925925926,4333.218148,4170.545908,0.885470666,,,,,,,
212,dam,blocks water flow,4.655172414,3041.394483,1828.474195,-0.158310107,,,,,,,
212,damn,to condemn,5.586206897,2913.846207,1507.788609,0.6459038,,,,,,,
213,dark,having very little or no light,2.464285714,3531.468571,1754.553689,-1.573888894,,,,,,,
213,dark,evil; wicked,4.103448276,2838.743793,1355.367583,-0.339495592,,,,,,,
213,dark,approaching black in hue,3.310344828,3990.62,1442.355385,-0.984702635,,,,,,,
213,dark,secret; unknown,4.962962963,4710.36,3979.450361,0.081434999,,,,,,,
213,dark,night,2.821428571,3474.876071,2586.280906,-1.325356031,,,,,,,
214,dart,move quickly,4.964285714,4107.512143,7280.618691,0.205520143,,,,,,,
214,dart,small spearlike object,4.068965517,3893.545517,2916.320795,-0.308363948,,,,,,,
215,dash,a hyphen,4.965517241,3034.291724,1394.894876,0.209484648,,,,,,,
215,dash,to move quickly,4.551724138,3292.876207,3117.372342,0.006276966,,,,,,,
215,dash,a small amount,4.724137931,2702.874828,1600.717072,0.071286724,,,,,,,
216,date,fruit,5.172413793,3715.023448,2455.496202,0.440733014,,,,,,,
216,date,"month, day, and year",3.357142857,4791.754643,9486.034857,-0.895335798,,,,,,,
216,date,a social event,4.857142857,3087.146071,1962.272078,0.149320099,,,,,,,
216,date,the person a social engagement is with,5.107142857,5396.895714,3231.536189,0.237832865,,,,,,,
217,dawn,early morning,4.035714286,2813.875,1620.50621,-0.485063772,,,,,,,
217,dawn,to begin to understand,5.482758621,3577.915517,1887.731342,0.610906033,,,,,,,
218,days,more than one day,2.931034483,3057.411724,1391.691571,-1.245712357,,,,,,,
218,daze,confusion,5.275862069,2890.103448,1561.422895,0.384118645,,,,,,,
219,deal,a bargain,4.310344828,3870.56931,3214.790328,-0.245547469,,,,,,,
219,deal,to pass out playing cards,4.571428571,3824.377143,2324.80193,-0.155838114,,,,,,,
220,dear,name for loved one,4.137931034,3956.406207,1847.982387,-0.402684964,,,,,,,
220,dear,precious...important,4.551724138,3641.752414,1805.906572,-0.036791157,,,,,,,
221,deck,of cards,3.448275862,2793.854828,2547.066931,-0.813518914,,,,,,,
221,deck,a wooden porch,4.068965517,3711.942414,2493.674176,-0.396403595,,,,,,,
221,deck,to hit someone,5.357142857,3168.660357,1490.101259,0.552529416,,,,,,,
222,deep,extending down from surface,3.620689655,5608.783103,3970.073587,-0.704495942,,,,,,,
222,deep,imersed or involved...deep in debt or thought,5.392857143,5137.029286,3358.528947,0.563115665,,,,,,,
222,deep,profound,5.607142857,4018.251429,5607.77835,0.610161579,,,,,,,
223,deer,forrest animal,2.689655172,2591.507931,1464.639934,-1.365643026,,,,,,,
224,defense,sporting team protectors,4.821428571,4077.533214,2446.523713,0.164594757,,,,,,,
224,defense,legal,5.827586207,3012.596207,2334.91248,0.754067958,,,,,,,
225,degree,temperature,4.214285714,2995.311429,1343.11879,-0.399435936,,,,,,,
225,degree,angle,5.407407407,3349.120741,1623.679983,0.623595579,,,,,,,
225,degree,extent - to what degree,5.678571429,3303.878214,2091.804564,0.633420669,,,,,,,
225,degree,diploma,5.615384615,2797.401538,1526.493968,0.686260521,,,,,,,
226,dense,thick,4.962962963,2875.922963,1923.445113,0.121067088,,,,,,,
226,dense,inability to understand,5.620689655,3380.505172,2029.267161,0.769402679,,,,,,,
226,dents,damage causing dips in surface,4.678571429,4538.756786,2680.437666,-0.07870272,,,,,,,
227,deposit,to put something in,5.103448276,2910.84069,1768.602027,0.231824249,,,,,,,
227,deposit,a small amount of mineral,5.678571429,2926.956071,1459.060968,0.705881338,,,,,,,
228,depressed,sad,4.862068966,5268.058621,11657.49728,0.259723203,,,,,,,
228,depressed,pushed down,5.481481481,3486.057241,1770.524491,0.501450821,,,,,,,
229,desert,to leave behind,5.172413793,3676.103448,2505.278196,0.320847812,,,,,,,
229,dessert,sweet,2.827586207,3093.705517,1743.842356,-1.219647898,,,,,,,
230,develop,to mature,5.107142857,3092.103214,2027.016094,0.348335635,,,,,,,
230,develop,use chemicals to create photographs,5.428571429,5109.135,3145.438453,0.575762155,,,,,,,
230,develop,to create,4.862068966,2778.596207,2190.545464,0.156357371,,,,,,,
231,dew,condensation,4.962962963,6035.229643,16220.00523,0.092440779,,,,,,,
232,dial,a knob,4.379310345,4021.202759,2511.879037,-0.21770962,,,,,,,
232,dial,to type in phone digits,3.896551724,4231.56,2283.430613,-0.540387888,,,,,,,
233,diamond,a gem,4.034482759,3016.47931,1904.909336,-0.499911321,,,,,,,
233,diamond,four-sided shape,3.785714286,3835.588929,2444.463836,-0.615353863,,,,,,,
233,diamond,baseball field,4.379310345,2804.401724,1290.293501,-0.249522429,,,,,,,
234,dice,chop,4.75,2923.15,1578.394402,0.078565728,,,,,,,
234,dice,cubes with dots,3.724137931,3205.896897,1867.515195,-0.679817271,,,,,,,
235,die,death,3.655172414,3238.784828,2316.486591,-0.71333381,,,,,,,
235,die,one dice,4.482758621,3828.293448,2698.834512,-0.088635955,,,,,,,
236,diet,foods eaten by a person,4.555555556,2843.920741,1225.8502,-0.025234903,,,,,,,
236,diet,program to lose weight,4.178571429,3823.8325,2984.875073,-0.300752879,,,,,,,
237,dig,to like...I dig your shoes,5,4118.874815,4201.609822,0.232720297,,,,,,,
237,dig,to remove material - dig a hole,4.689655172,3858.159655,4733.532772,0.053192923,,,,,,,
237,dig,sarcastic remark,5.535714286,4059.722759,2545.131989,0.660636777,,,,,,,
237,dig,poke...the strap will dig into my ribs,3.148148148,4093.465,4141.797086,-1.047747952,,,,,,,
238,digit,a number,6.310344828,3026.400345,1900.537138,1.171667442,,,,,,,
238,digit,a finger,4.62962963,6103.885185,4390.21971,0.037748235,,,,,,,
239,dim,turn down lights,3.931034483,2575.39,1368.130259,-0.501216835,,,,,,,
239,dim,not smart,5.75862069,3401.852414,2573.08836,0.693471205,,,,,,,
240,diner,cafe,4.428571429,3151.278966,1264.904122,-0.267772691,,,,,,,
240,diner,person eating,5.384615385,2555.211154,1022.087775,0.404508116,,,,,,,
241,dip,a dent,4.586206897,3752.88069,3011.74045,-0.084701021,,,,,,,
241,dip,to lower,4.392857143,4954.575714,5728.584699,-0.154573895,,,,,,,
241,dip,for chips,4.862068966,3507.020345,4194.074757,0.123553099,,,,,,,
242,direct,to instruct what to do,3.931034483,4273.512414,4994.426032,-0.415785526,,,,,,,
242,direct,without delay,3.321428571,2701.911034,1152.839087,-0.881116289,,,,,,,
243,direction,"north, south, east, or west",5,4987.265357,5398.079419,0.140149534,,,,,,,
243,direction,instruction,4.75,3271.184286,1470.534713,0.083867578,,,,,,,
244,discipline,punishment,3.862068966,3682.357586,1855.145855,-0.569991252,,,,,,,
244,discipline,self-control,4.068965517,3839.686552,2213.799318,-0.341667966,,,,,,,
245,discussed,talked,4,2878.251379,1975.575916,-0.427733548,,,,,,,
245,disgust,feeling something is gross,4.464285714,3469.165,2016.437909,-0.049554484,,,,,,,
246,dish,plate,4.344827586,3243.332069,1934.477735,-0.264348305,,,,,,,
246,dish,food served in a container,4.448275862,4379.931034,3283.681081,-0.227612892,,,,,,,
246,dish,attractive woman or girl,3.464285714,2470.804286,1213.977932,-0.941369903,,,,,,,
246,dish,gossip,3.24137931,3862.606207,2535.164553,-0.944388695,,,,,,,
247,ditch,open passage or trench,6.407407407,4162.118519,3562.528339,1.183213372,,,,,,,
247,ditch,to get rid of or escape...to ditch class,5.888888889,3156.251481,2505.914886,0.846399905,,,,,,,
248,dive,to go head-first in to water,4.655172414,4219.431379,2666.929234,0.02663653,,,,,,,
248,dive,a shabby bar or cafe,5.689655172,4002.128966,1986.995083,0.710400993,,,,,,,
249,division,to break into parts,3.964285714,3333.375357,1405.875158,-0.45243265,,,,,,,
249,division,math procedure,6.392857143,3998.521786,5415.83643,1.230477403,,,,,,,
249,division,department,4.714285714,6018.178214,10007.11374,0.046903281,,,,,,,
250,divorce,end of a marriage,4.620689655,3531.657241,1191.248389,0.100836218,,,,,,,
250,divorce,to separate from something,5.5,2859.379286,1711.704948,0.537664746,,,,,,,
231,do,to carry out,4.928571429,2985.021786,1753.127689,0.1145102,,,,,,,
251,dock,place for boats,5,3250.32931,2286.953411,0.177632858,,,,,,,
251,dock,to lower one's salary,2.931034483,3085.204138,2860.578469,-1.258361136,,,,,,,
252,doe,deer,4.25,3199.902143,1556.707689,-0.28307015,,,,,,,
253,doll,toy,5.75,3703.182857,2790.330354,0.802798085,,,,,,,
253,doll,a nice/pretty girl,4,2868.355862,1553.745764,-0.46357901,,,,,,,
217,don,to put on - don a shirt,2.275862069,3355.71931,4303.003104,-1.689341686,,,,,,,
254,dope,drugs,4.517241379,3745.852414,1843.107361,-0.198099104,,,,,,,
254,dope,a dumb person,6.107142857,3483.971429,2287.539202,1.05402741,,,,,,,
255,double,twice as much,6.103448276,2663.252759,2433.754859,1.142364955,,,,,,,
255,double,amount of a drink,5.551724138,2700.382759,2012.131362,0.55788809,,,,,,,
256,dough,to make bread,3.896551724,3299.488966,1863.865207,-0.657170761,,,,,,,
256,dough,money,6.346153846,3972.993333,2367.153653,0.8994344,,,,,,,
257,down,not up,3.714285714,3027.438571,1770.205045,-0.623857285,,,,,,,
257,down,depressed,5.275862069,2640.592414,1067.577849,0.478983634,,,,,,,
257,down,feathers,2.321428571,3252.299286,1819.264339,-1.631801027,,,,,,,
258,draft,to select,4.714285714,2329.616429,940.0282583,0.067086826,,,,,,,
258,draft,first version,5.333333333,4207.058889,4090.860089,0.438500523,,,,,,,
258,draft,to draw,5.285714286,3587.890357,3668.313851,0.431498289,,,,,,,
258,draft,air coming in,5.206896552,3620.532069,1855.288154,0.300464494,,,,,,,
259,drain,hole in a sink,5.428571429,3490.2375,3096.297523,0.498025398,,,,,,,
259,drain,to take everything out,5.392857143,3133.632857,1950.335931,0.397915209,,,,,,,
260,drastic,violent,3.517241379,3145.41,1771.50861,-0.820451699,,,,,,,
260,drastic,severe or extensive,3.857142857,3043.807857,1793.411665,-0.604897688,,,,,,,
261,draw,sketch,5.5,4045.506071,2767.88382,0.552220382,,,,,,,
261,draw,to take out - draw out money,5.310344828,5185.81931,6324.932591,0.489345773,,,,,,,
262,drawer,dresser,3.444444444,2858.313704,2323.939815,-0.80254474,,,,,,,
262,drawer,an artist,5.482758621,3313.444483,2099.103335,0.567876143,,,,,,,
263,drawing,diagram,3.482758621,3709.744483,2897.654004,-0.874043427,,,,,,,
263,drawing,taking in - drawing a breath,3.896551724,3570.554138,1953.221108,-0.429819202,,,,,,,
264,dress,a piece of clothing,4.206896552,3936.616897,2676.967899,-0.358069926,,,,,,,
264,dress,to put on clothes,5.142857143,3811.181071,1736.451788,0.444722059,,,,,,,
264,dress,to cover a wound,2.925925926,2880.657037,1082.816915,-1.229208826,,,,,,,
265,dressing,to put on salad,2.785714286,2985.538214,1800.156634,-1.355666591,,,,,,,
265,dressing,to put on clothes,5.25,2620.481429,874.670462,0.430039372,,,,,,,
265,dressing,stuffing,3.827586207,3360.537241,1737.150226,-0.567910559,,,,,,,
266,drift,to wander,3.275862069,4046.603103,3187.322183,-0.923522547,,,,,,,
266,drift,a pile of snow,4.703703704,3240.28,1873.501473,0.024249571,,,,,,,
267,drink,the liquid consumed,4.827586207,3173.494483,1552.381927,0.049957484,,,,,,,
267,drink,alcoholic beverage,4.793103448,3695.924483,2384.471219,0.056380013,,,,,,,
267,drink,to consume a liquid,2.896551724,3310.517931,3154.456564,-1.204025489,,,,,,,
268,drive,to operate a car,3.034482759,3861.8,2198.854134,-1.199945418,,,,,,,
268,drive,determination,5.851851852,3209.826667,2685.193717,0.73823247,,,,,,,
269,driver,one who drives,3.535714286,3669.488571,2029.902305,-0.748420399,,,,,,,
269,driver,puts in screws - screwdriver,5.344827586,2570.268276,1337.000581,0.487783706,,,,,,,
270,drop,a small amount of liquid,3.344827586,3968.403103,5364.005129,-0.878383475,,,,,,,
270,drop,to go down,4.962962963,4726.166667,3395.796533,0.210917997,,,,,,,
271,drug,medicine,3.862068966,3636.023448,1905.478392,-0.621985154,,,,,,,
271,drug,to give someone a drug,3.392857143,3935.065,4189.713556,-0.764772159,,,,,,,
271,drug,drag - pull,4.678571429,2879.306429,1610.034443,0.079996762,,,,,,,
272,drum,instrument to beat,5.214285714,3063.328929,1099.123785,0.415434213,,,,,,,
272,drum,a barrel,4.896551724,4575.978276,2108.128889,0.109995777,,,,,,,
272,drum,to tap fingers,2.827586207,3082.085172,1578.384862,-1.2444385,,,,,,,
273,dry,not wet,4.827586207,3023.519655,2118.992707,0.078363289,,,,,,,
273,dry,a place with no alcohol,4.862068966,3554.206552,2354.5012,0.118207928,,,,,,,
274,duck,bird,2.586206897,2909.511034,1624.396178,-1.447358087,,,,,,,
274,duck,to bend over,6.517241379,3423.238276,1469.860395,1.286874503,,,,,,,
231,due,owing as a debt,2.275862069,2697.447931,1263.074015,-1.663778477,,,,,,,
231,due,when something should be submitted,4.178571429,3191.602143,1735.380773,-0.459180685,,,,,,,
275,dull,not sharp; blunt,5.214285714,3763.003214,2582.359782,0.420500031,,,,,,,
275,dull,causing boredom; uninteresting,4.5,4654.032857,2613.411577,-0.098556246,,,,,,,
275,dull,mentally slow,4.275862069,4230.966897,3313.07872,-0.252605054,,,,,,,
275,dull,little depth of color,4.714285714,3638.035,2204.300301,-0.045655513,,,,,,,
276,dumb,unintelligent; stupid,5.555555556,3952.819259,3333.522617,0.593408387,,,,,,,
276,dumb,lacking ability of speech,4.892857143,3755.418929,2631.751692,0.155721031,,,,,,,
277,dump,waste,3.655172414,3608.496552,2834.596581,-0.67689074,,,,,,,
277,dump,to get rid of,4.310344828,3612.41,1759.328154,-0.15946257,,,,,,,
235,dye,to change color,4.137931034,4258.908966,3639.316527,-0.328383182,,,,,,,
235,dye,ink,4.5,3394.221429,2969.574389,-0.0493172,,,,,,,
278,dynamite,explosive,4,2850.811724,1724.32172,-0.369340166,,,,,,,
278,dynamite,great,5.344827586,3433.075862,2830.792681,0.430135272,,,,,,,
279,ear,for hearing,2.678571429,2806.071071,1874.595057,-1.422478686,,,,,,,
279,ear,piece of corn,4.464285714,4035.699286,7313.288697,-0.185529603,,,,,,,
280,earn,to receive for work,4.821428571,5111.292857,3196.155494,0.021661267,,,,,,,
281,easy,simple,2.827586207,3123.655862,2354.808068,-1.20515948,,,,,,,
281,easy,promiscuous,6.392857143,5097.768214,9259.075339,1.241710531,,,,,,,
845,eat,forced withdrawl of an army,6.448275862,2801.962414,1842.561694,1.183408634,,,,,,,
282,ecstasy,pleasure,6.482758621,3254.082069,5574.031873,1.349362873,,,,,,,
282,ecstasy,a drug,4.034482759,3267.227586,3013.86762,-0.460824335,,,,,,,
1209,edge,border,3.107142857,3850.558929,3287.882305,-1.113947133,,,,,,,
283,egg,bird hatch from,5.222222222,3561.176667,1813.796455,0.331583333,,,,,,,
283,egg,to encourage - egg him on,2.206896552,3173.098276,1971.758333,-1.806462305,,,,,,,
40,eight,number,5.862068966,4709.544828,10432.00858,0.848725224,,,,,,,
284,elaborate,to explain more,5.517241379,2884.363793,1531.765604,0.567345129,,,,,,,
284,elaborate,fancy,4.482758621,3546.57069,2241.099308,-0.101834386,,,,,,,
285,electricity,electric charges and currents,5.586206897,3643.526207,1578.539698,0.625080014,,,,,,,
285,electricity,excitement or anticipation,5.75862069,4232.696897,2223.348147,0.732457664,,,,,,,
285,electricity,spark between two individuals,6,3340.81037,1917.18596,0.822890997,,,,,,,
286,element,chemical material,5.75,5722.194643,6229.984401,0.849419546,,,,,,,
286,element,component - the heating element,3.392857143,3471.612857,2157.602046,-0.799459071,,,,,,,
287,elevator,used to go from one floor to another,5.448275862,3523.581724,2192.443329,0.60235016,,,,,,,
287,elevator,stores grain,3.620689655,3107.18931,1483.656554,-0.662059464,,,,,,,
288,end,conclusion,4,4336.606071,2386.492613,-0.613826236,,,,,,,
288,end,the back of something,5.740740741,4159.244444,6500.415127,0.707617515,,,,,,,
289,engage,to entertain,5.448275862,4677.009655,2629.102383,0.562151202,,,,,,,
289,engage,to use - to engage the brakes,5.655172414,3448.021034,2016.222494,0.685179822,,,,,,,
290,engagement,event,4.827586207,2968.324138,1441.656015,0.211285957,,,,,,,
290,engagement,promise of marriage,3.655172414,3475.705172,2575.74457,-0.62462044,,,,,,,
291,entry,to enter,3.535714286,5268.476207,7136.527244,-0.869501896,,,,,,,
291,entry,a door or place to enter,4.892857143,3771.307143,3110.54957,0.12591856,,,,,,,
291,entry,to be in a competition,4.620689655,3978.731724,2620.061257,0.01284238,,,,,,,
291,entry,a daily writing - journal entry,5.464285714,3857.633214,1919.359423,0.521376793,,,,,,,
291,entry,to enter information - data entry,3.689655172,2755.132759,1359.038359,-0.694486913,,,,,,,
292,envelope,for a letter,5.551724138,2914.904483,1660.273874,0.622317628,,,,,,,
292,envelope,to surround,5.551724138,2966.33931,1446.968238,0.558976233,,,,,,,
293,erect,upright,5.75862069,2700.93069,1720.257604,0.635183576,,,,,,,
293,erect,to build,6,2872.036071,1280.004797,0.88852428,,,,,,,
294,essence,at the core,6.206896552,3527.708966,1843.954381,1.171822122,,,,,,,
294,essence,concentrated perfume,3.857142857,3263.230714,2780.034344,-0.575207771,,,,,,,
295,even,not odd,3.785714286,3028.321429,2384.584406,-0.594620894,,,,,,,
295,even,equal,4.357142857,3218.1225,1880.358831,-0.322244708,,,,,,,
295,even,level,4.620689655,6043.203448,6414.75021,-0.092639648,,,,,,,
295,even,in spite of - even if...,5.275862069,2588.782759,1129.645113,0.560550852,,,,,,,
296,ewe,female lamb,4.571428571,3568.289643,2380.990566,-0.087513969,,,,,,,
297,exact,precise,5.896551724,4045.327586,2611.758672,0.909437716,,,,,,,
297,exact,to demand payment,4.642857143,6349.791071,8345.389632,-0.04673041,,,,,,,
298,excuse,to grant absence,3.793103448,4934.532069,2670.714724,-0.594187638,,,,,,,
298,excuse,a reason - what was his excuse,5.344827586,3568.021034,2286.642108,0.398945419,,,,,,,
299,execute,to kill,5.551724138,2945.128621,1299.635776,0.668043014,,,,,,,
299,execute,to carry out,4.321428571,4163.871071,3881.921794,-0.208460358,,,,,,,
300,exercise,to workout - as in sports,3.892857143,3857.397143,5207.11044,-0.577990228,,,,,,,
300,exercise,practice activity,5.206896552,3014.646897,1626.40365,0.336532485,,,,,,,
301,exhaust,gas or vapor from an engine,5.206896552,3895.684138,2405.696561,0.393545236,,,,,,,
301,exhaust,to use up everything,4.678571429,6045.001786,10287.5247,-0.012568997,,,,,,,
302,experience,participation in events,4.75862069,4940.63069,4020.515478,0.182919981,,,,,,,
302,experience,knowledge from practice,4.827586207,3435.598966,1779.066405,0.097388588,,,,,,,
303,express,to share an opinion,4.793103448,4796.910345,4287.156956,0.178908694,,,,,,,
303,express,very quickly,5.931034483,4416.802414,2571.188472,0.904245827,,,,,,,
303,express,to press out a liquid,6.035714286,4280.831071,2308.980381,0.985826423,,,,,,,
303,express,genetic effect,5.034482759,3135.912759,1449.851612,0.239677343,,,,,,,
304,extension,more time to complete an assignment,5.576923077,4011.077692,1915.039293,0.635791645,,,,,,,
304,extension,to add length,2.785714286,2583.944643,1442.870297,-1.402732891,,,,,,,
305,eye,for vision,4.75,3518.675357,1845.597204,0.017304,,,,,,,
305,eye,in a needle,2.310344828,4299.804483,3426.832806,-1.616884537,,,,,,,
306,face,on the head,3.75862069,3081.897931,1672.652956,-0.633360134,,,,,,,
306,face,to look at someone,6.034482759,4205.221034,1843.815877,0.888606096,,,,,,,
307,factor,an entity that influences result,5.517241379,4428.781724,4712.538844,0.697320925,,,,,,,
307,factor,mathematical entity,4.214285714,3138.735357,1839.822008,-0.357766337,,,,,,,
308,facts,truths,4.862068966,4801.496552,5810.411188,0.211978768,,,,,,,
309,faculty,teachers,6.068965517,5828.834483,4354.363427,1.094225491,,,,,,,
309,faculty,an ability - he has all his faculties,4.357142857,4360.143571,9440.891631,-0.201892415,,,,,,,
310,faint,to pass out,5.172413793,4296.05069,2039.152044,0.357135159,,,,,,,
310,faint,low or small - a faint sound,4.551724138,3805.747241,2994.422098,-0.141395139,,,,,,,
311,fair,fine,4.321428571,3308.522143,1893.004356,-0.257232161,,,,,,,
311,fair,unbiased,3.814814815,4543.461786,5349.200199,-0.632436343,,,,,,,
311,fair,carnival,4.551724138,4155.944138,5536.125675,0.029726584,,,,,,,
311,fair,light skin or hair,4.586206897,4060.724483,1930.764841,0.03558425,,,,,,,
311,fair,adequate amount..fair amount of snow,3.413793103,3401.656897,1664.139896,-0.88737315,,,,,,,
312,fairy,a magical sprite,3.344827586,3315.010345,3010.027373,-0.899450458,,,,,,,
313,fall,autumn,2.892857143,3626.353571,1983.833865,-1.336381902,,,,,,,
313,fall,stumble down,3.482758621,4780.886207,2573.783713,-0.894369063,,,,,,,
313,fall,to come down - the rain will fall,3.103448276,3587.246897,2344.53418,-1.043356448,,,,,,,
314,fan,blows air,4.25,2825.578214,1101.872108,-0.18840053,,,,,,,
314,fan,an admirer,4.384615385,2861.870385,1551.114481,-0.200963041,,,,,,,
315,fancy,elaborate,5.551724138,4128.022069,4582.454609,0.57420158,,,,,,,
315,fancy,liking,2.740740741,3142.30963,3109.819204,-1.374520922,,,,,,,
316,fast,quick,5.074074074,3621.5,1625.801978,0.167129305,,,,,,,
316,fast,to go without food,3.333333333,2645.704444,1246.651682,-0.84749132,,,,,,,
317,fat,heavy,5,3722.052069,2252.335651,0.205920686,,,,,,,
317,fat,high calorie substance,4.5,4468.633793,4398.421945,-0.038801172,,,,,,,
318,favor,a preference over another,4.068965517,3548.068966,1786.363727,-0.432728334,,,,,,,
318,favor,to do something nice for another,4.206896552,2870.042069,1536.472539,-0.295704645,,,,,,,
319,fawn,baby deer,6.321428571,2663.033214,1077.058521,1.153402675,,,,,,,
319,fawn,to give a lot of attention,5.178571429,2903.177241,1866.752967,0.241032068,,,,,,,
308,fax,send a copy remotely,4.357142857,2914.884643,1408.354171,-0.368715588,,,,,,,
320,feast,to eat a lot,4.25,4825.8325,3667.821826,-0.326087159,,,,,,,
320,feast,a large meal shared with others,2.407407407,2671.675556,1539.411138,-1.531684935,,,,,,,
322,feat,an accomplishment,3.620689655,4369.824483,4914.276002,-0.705941253,,,,,,,
321,feel,touch,4.275862069,4293.331034,2274.232229,-0.332420793,,,,,,,
321,feel,texture of surface,5.384615385,2771.225,1930.727857,0.54372031,,,,,,,
321,feel,perception of well-being,2.230769231,3144.868077,2204.232879,-1.801254222,,,,,,,
322,feet,end of leg,4.035714286,2836.042143,1127.784766,-0.442759008,,,,,,,
322,feet,a unit of measurement,4.75862069,3650.423103,3294.925999,0.07299179,,,,,,,
323,felt,a furry fabric,3.379310345,2942.966552,2280.907649,-0.884913313,,,,,,,
323,felt,feel,3.333333333,2631.099643,1930.533676,-1.068959069,,,,,,,
324,fence,gate,5.285714286,2613.308929,1063.595404,0.417783425,,,,,,,
324,fence,sword-fighting,6.428571429,3267.124643,2251.525376,1.225232021,,,,,,,
324,fence,to sell tickets illegally,4.517241379,2808.29069,2637.808618,-0.056398933,,,,,,,
312,ferry,a boat,3.321428571,2687.253929,1739.122266,-0.971048811,,,,,,,
325,fever,high temperature,5.615384615,3166.097778,1554.034854,0.670922189,,,,,,,
325,fever,a frenzy,3.928571429,3445.233929,2102.621877,-0.662696983,,,,,,,
326,field,a prairie,3.592592593,3869.465556,1824.125886,-0.786199549,,,,,,,
327,field,place for sports - football field,6.035714286,4027.558929,2986.899968,0.917890013,,,,,,,
327,field,an area of magneticism or electricity,4.714285714,3879.091071,5605.376179,-0.032490585,,,,,,,
328,figure,a number,4.642857143,4640.458929,5715.498054,0.060472893,,,,,,,
328,figure,body shape,4.413793103,3502.829655,3179.631141,-0.288902653,,,,,,,
328,figure,a shape,4.448275862,3787.932759,2224.921889,-0.035733458,,,,,,,
329,file,a folder of papers,4.310344828,3922.367586,2562.619917,-0.149066208,,,,,,,
329,file,used on fingernails,3.555555556,2340.276296,1322.651069,-0.637122907,,,,,,,
330,film,movie,5.103448276,3311.718276,1364.9856,0.269694592,,,,,,,
330,film,a thin material,3.482758621,3845.904828,3368.303599,-0.903339264,,,,,,,
331,find,to seek,5.137931034,4222.162759,7034.00168,0.345494087,,,,,,,
331,find,a great buy,5.111111111,3551.890741,1972.861698,0.185274151,,,,,,,
332,fine,a fee or penalty,3.964285714,2849.842857,1382.41963,-0.578341855,,,,,,,
332,fine,alright,5.206896552,3617.817586,2737.599138,0.432687331,,,,,,,
332,fine,attractive,2.551724138,3311.645517,3027.60717,-1.482223047,,,,,,,
333,finger,part of hand,5.275862069,3443.861724,1852.204324,0.506859909,,,,,,,
333,finger,to accuse someone,3.035714286,3985.196786,5442.776693,-1.269003398,,,,,,,
334,finish,the end,5.892857143,2925.067143,1499.766933,0.835639866,,,,,,,
334,Finnish,from Finland,2.821428571,3235.428929,2037.994978,-1.1906441,,,,,,,
335,fire,flames,4.740740741,4267.285714,3682.603286,0.031060539,,,,,,,
335,fire,to end another's employment,3.928571429,2766.608571,1265.289981,-0.518989388,,,,,,,
336,firm,solid,5.821428571,3471.993214,2439.600096,0.808602556,,,,,,,
336,firm,company,3.214285714,3419.326429,2449.860619,-1.013485517,,,,,,,
337,fishing,trying to catch fish,4.448275862,3396.039655,1678.963125,-0.133837528,,,,,,,
337,fishing,trying to get something,5.321428571,5339.483214,6210.681004,0.371418561,,,,,,,
338,fit,in acceptable condition,4.75862069,3231.265517,1688.180688,0.124799384,,,,,,,
338,fit,healthy,3.448275862,3342.35,2890.238633,-0.730105562,,,,,,,
339,fix,to repair,4.928571429,3790.263448,2116.332513,0.25128484,,,,,,,
339,fix,a bad situation,3.607142857,3306.680714,2031.779606,-0.725705861,,,,,,,
340,flag,a banner,5.413793103,3629.833448,2589.568053,0.518155971,,,,,,,
340,flag,to signal to someone,4.482758621,3276.092759,1684.251904,-0.040485491,,,,,,,
341,flake,a small bit,6.137931034,2516.287931,1234.564705,1.147642419,,,,,,,
341,flake,a dumb person,3.275862069,3113.075172,2437.454934,-0.885237111,,,,,,,
342,flame,fire,6.428571429,3168.973929,1528.290098,1.244884085,,,,,,,
342,flame,a romantic partner,4.142857143,3412.869286,1661.563925,-0.330162599,,,,,,,
343,flea,a blood-sucking mite,4.678571429,3394.066552,2928.53153,0.09692735,,,,,,,
343,flee,escape,4.037037037,3251.115556,1454.018444,-0.519195584,,,,,,,
344,flew,to have flown,5.142857143,4015.4125,3797.713877,0.319242963,,,,,,,
345,flexible,chageable,4.655172414,2911.589655,1598.079451,-0.021699198,,,,,,,
345,flexible,limber,4.689655172,3001.307586,2006.767166,-0.069914563,,,,,,,
346,flick,to toss lightly,5.551724138,2214.667931,979.4796346,0.654112066,,,,,,,
346,flick,a movie,4.517241379,3353.83069,2181.162451,-0.228056145,,,,,,,
347,fling,to toss,6.206896552,3297.786552,1902.749176,1.192787929,,,,,,,
347,fling,a brief romance,4.103448276,2894.74931,1865.311071,-0.302678907,,,,,,,
348,flip,a gymnast move,3.357142857,2896.876429,1496.287587,-0.860291826,,,,,,,
348,flip,to turn over,5.357142857,3497.481071,1304.511592,0.454874452,,,,,,,
348,flip,get upset...my dad will flip,3.607142857,4061.771071,7922.996978,-0.668564543,,,,,,,
349,flour,for bread,2.827586207,3083.642414,2386.14715,-1.23206148,,,,,,,
349,flower,on a plant,3.961538462,2612.430769,1712.941926,-0.448482949,,,,,,,
344,flu,virus,2.724137931,2834.356552,1415.469431,-1.407643481,,,,,,,
350,flush,toilet,5.206896552,4559.801034,2994.15026,0.455185849,,,,,,,
350,flush,face appears red from blood,2.642857143,2466.254828,1893.692436,-1.467292673,,,,,,,
351,fly,insect,2.75862069,4037.67931,4957.657443,-1.301131037,,,,,,,
351,fly,in the air,4.827586207,2941.212069,1585.847495,0.037926758,,,,,,,
351,fly,in baseball,2.464285714,2708.696786,1624.596148,-1.663669851,,,,,,,
352,foot,toe,3.37037037,3202.824815,1961.0693,-0.868450159,,,,,,,
352,foot,a unit of measurement,4,3397.7425,1654.905874,-0.417256835,,,,,,,
353,for,not against,3.103448276,4249.881724,3891.480102,-1.111173849,,,,,,,
353,for,to give,4.185185185,4849.513333,5990.491665,-0.341363316,,,,,,,
354,force,to makes someone do something,4.517241379,3911.806897,4429.075425,-0.059588933,,,,,,,
354,force,a power,5,2691.708621,1735.218946,0.24737921,,,,,,,
355,foregin,from a different country,5.379310345,3516.085862,2252.290692,0.398363179,,,,,,,
355,foreign,not typical - a foreign agent,2.714285714,2930.252143,2015.7371,-1.37988328,,,,,,,
356,fork,eating utensil,4.551724138,3725.537241,2335.806187,0.010237114,,,,,,,
356,fork,a split in a road,4.285714286,4753.445714,3449.528515,-0.235492756,,,,,,,
357,form,an object or shape,5.413793103,2822.933448,1279.27395,0.561594243,,,,,,,
357,form,application,4.857142857,3425.793571,2227.372885,0.043656298,,,,,,,
358,foul,unpleasant,5.310344828,2572.398276,1444.591918,0.351729935,,,,,,,
358,foul,a ball out of bounds,4.178571429,4179.072143,3501.304438,-0.375419189,,,,,,,
359,foundation,a base,5,2808.05069,1301.906799,0.167802852,,,,,,,
359,foundation,an organization for a cause,5.321428571,8103.2625,16904.38988,0.528331721,,,,,,,
353,four,number,2.137931034,4641.034828,3525.724833,-1.77575368,,,,,,,
358,fowl,a bird,3.793103448,3556.791034,4780.595887,-0.531794738,,,,,,,
360,frame,around a picture,5.62962963,4032.25963,3990.471171,0.629988892,,,,,,,
360,frame,to blame another for a crime,4.689655172,3186.99,3262.64063,0.158031805,,,,,,,
361,freak,to panic,4.413793103,2606.663793,1317.291958,-0.050482947,,,,,,,
361,freak,an odd person,3.571428571,3573.183929,2690.661061,-0.871735435,,,,,,,
362,free,no cost,4.24137931,3430.612069,1877.244381,-0.265038308,,,,,,,
362,free,no restrictions,3.785714286,4165.877143,2649.319626,-0.627663338,,,,,,,
363,freeze,to lower the temperature,3.448275862,3170.602069,1987.748654,-0.773124871,,,,,,,
363,freeze,to stay still,5.607142857,6943.4175,18075.66721,0.633556525,,,,,,,
364,frequency,radio,5.275862069,3345.740345,2195.040395,0.557831261,,,,,,,
364,frequency,how often,4.607142857,3769.802857,2919.797158,-0.064656879,,,,,,,
365,frequent,occurs often,5.185185185,3308.717857,1908.130547,0.317648196,,,,,,,
365,frequent,to go someplace a lot,4.392857143,4674.705517,4043.846651,-0.182954524,,,,,,,
366,fried,cooked in oil,6.535714286,2618.614286,1447.404876,1.410816803,,,,,,,
366,fried,high on drugs,4.888888889,3161.288148,1944.122732,0.196207848,,,,,,,
367,frigid,really cold,5.620689655,3192.831034,2157.750949,0.811971858,,,,,,,
367,frigid,not nice,3,2839.727241,1314.221964,-1.219625405,,,,,,,
368,front,not the back,6,3658.380714,1441.751769,0.967673146,,,,,,,
368,front,a misleading appearance - she put up a front,3.482758621,3858.091034,3648.899257,-0.798505094,,,,,,,
369,frosted,covered with icing,6.142857143,3031.218929,1355.782967,1.006366848,,,,,,,
369,frosted,highlighted hair,4.724137931,3379.397241,2619.363386,0.019770553,,,,,,,
370,fry,to cook in oil,4.75,4247.881786,6473.88553,-0.005628707,,,,,,,
370,fry,to burn in the sun,3.571428571,3270.389286,1844.907062,-0.832652135,,,,,,,
371,fudge,chocolate candy,5.392857143,2793.9125,1104.524377,0.54274998,,,,,,,
371,fudge,to lie a little,4.928571429,3810.037241,4271.208907,0.22326347,,,,,,,
372,function,a purpose,5.206896552,3710.022069,3237.105991,0.363178327,,,,,,,
372,function,a get-together,5.892857143,3430.040714,1595.387956,0.986549794,,,,,,,
372,function,mathematical formula,3.222222222,2838.816667,3443.24823,-0.926382621,,,,,,,
373,funny,humorous,3.931034483,3487.758621,2714.742478,-0.498678756,,,,,,,
373,funny,strange,5.724137931,3130.824138,1694.886308,0.724226482,,,,,,,
374,fuse,electric,5.107142857,3085.9225,1808.865747,0.362171568,,,,,,,
374,fuse,to join things together,3.724137931,3461.773793,2101.592893,-0.63971974,,,,,,,
375,fuzz,fur,6.25,2561.051429,2092.045827,1.235969782,,,,,,,
375,fuzz,the police,4.689655172,3314.270345,2532.235616,0.040788086,,,,,,,
376,gag,to choke,4.896551724,3335.011379,2881.560702,0.160667093,,,,,,,
376,gag,practical joke,2.321428571,2942.475714,1680.981074,-1.612509873,,,,,,,
379,gait,a way of walking,2.793103448,4464.884138,5348.086072,-1.305487868,,,,,,,
377,game,something fun for childen,5.482758621,4565.416897,2729.81893,0.546656869,,,,,,,
377,game,sporting competition,3.965517241,2522.001034,2086.247886,-0.515792914,,,,,,,
377,game,to be willing to do something - I'm game,4.862068966,3912.421379,4593.570264,0.136256803,,,,,,,
378,gas,fuel,3.862068966,3142.862414,1569.811247,-0.459906441,,,,,,,
378,gas,any type of vapor,5.785714286,2530.241034,1016.101642,0.808865157,,,,,,,
378,gas,bodily gas,3.24137931,2803.192069,1269.305909,-0.893998698,,,,,,,
379,gate,fence,3.75,3960.148571,2204.941814,-0.599240373,,,,,,,
380,gather,to collect,5.321428571,6216.2675,7929.495457,0.55884682,,,,,,,
380,gather,to draw a conclusion,5.178571429,3002,1622.983777,0.486804045,,,,,,,
381,gauge,a meter,5.827586207,5093.071379,6246.53304,0.794835851,,,,,,,
381,gauge,to assess - gauge the situation,5.678571429,4058.9675,3308.990375,0.605882892,,,,,,,
382,gear,a toothed wheel,5.642857143,3921.090714,3908.17241,0.742496607,,,,,,,
382,gear,in a car - 4th gear,4.620689655,3000.192069,1862.603769,-0.013061547,,,,,,,
382,gear,equipment,4.172413793,2480.268621,1724.997171,-0.452010541,,,,,,,
383,gem,jewel,5.931034483,4663.045517,5113.803975,0.886092218,,,,,,,
383,gem,a find - a great deal,5.862068966,2643.5,1488.769666,0.781688371,,,,,,,
383,gem,a great person,5.75862069,3554.81,4098.18059,0.817027975,,,,,,,
384,gene,genetic trait,6.137931034,2879.686552,1373.120495,1.077828404,,,,,,,
384,gene,a piece of DNA,5.25,2879.7975,1389.290013,0.432952195,,,,,,,
385,general,military rank,4.714285714,3693.993929,3247.209056,0.074199005,,,,,,,
385,general,ordinary,4.857142857,3336.768214,3649.280647,0.256075736,,,,,,,
386,genuine,real,5.24137931,2785.69931,1843.935664,0.324442927,,,,,,,
386,genuine,sincere,4.310344828,3558.68069,2721.457101,-0.240194366,,,,,,,
387,germ,bacteria,6.206896552,3542.315172,2132.754902,1.006454399,,,,,,,
387,germ,part of grain - wheat germ,5.896551724,2611.530345,1167.811609,0.911513967,,,,,,,
388,gin,card game,6.24137931,2273.335862,1403.766323,1.186323687,,,,,,,
388,gin,alcohol,3.285714286,3826.0825,2006.643353,-1.020754015,,,,,,,
389,give,opposite of take,5.75,7608.685357,3138.456374,0.712790576,,,,,,,
389,give,to loosen - a got the door to give,4.678571429,4483.933571,4048.24066,0.033355509,,,,,,,
390,glare,light shining,4.814814815,3068.8975,1277.011779,0.150455652,,,,,,,
390,glare,a hateful stare,3.275862069,5023.396897,4060.874998,-0.942427865,,,,,,,
391,glass,transparent solid,2.851851852,2940.457037,986.449198,-1.371897887,,,,,,,
391,glass,for drinking,3.285714286,3842.420357,2132.76829,-0.994726857,,,,,,,
392,glasses,drinking cups,3.37037037,3178.142593,2442.604411,-0.886426605,,,,,,,
392,glasses,spectacles,4.071428571,3170.204643,3699.858814,-0.401756062,,,,,,,
393,goal,something to achieve,3.75,4261.960357,3498.084956,-0.653852714,,,,,,,
393,goal,in a game - soccer goal,2.965517241,2344.203448,1073.035959,-1.114311512,,,,,,,
394,goose,a bird,6.275862069,3718.798276,3015.285682,1.054119373,,,,,,,
394,goose,to pinch someone,3.928571429,2796.069286,1350.600441,-0.565502721,,,,,,,
395,grade,a score,4.206896552,3355.308966,1484.502752,-0.306598836,,,,,,,
395,grade,a level of quality,4.413793103,3026.567931,1578.08019,-0.301167329,,,,,,,
396,grain,"wheat, rice, corn",5.571428571,4654.498929,2005.480161,0.655853877,,,,,,,
396,grain,layers of material - wood grain,6.285714286,2891.358929,1951.714373,1.170293553,,,,,,,
397,grant,scholarship,4.769230769,3667.014615,3987.215407,0.083684488,,,,,,,
397,grant,give permission,2.642857143,3055.361071,1749.210801,-1.47472872,,,,,,,
398,grass,in a lawn,6.62962963,2262.974444,1281.436275,1.377613927,,,,,,,
398,grass,marijuana,4.964285714,3128.831379,2551.848536,0.20681326,,,,,,,
399,grate,to cut cheese,5.551724138,4607.26,4289.168142,0.629546485,,,,,,,
399,grate,iron slats - storm grate,5.896551724,2844.461379,1473.397847,0.930429427,,,,,,,
399,grate,to be irritating,3.586206897,3068.486552,1495.958579,-0.743048165,,,,,,,
400,grave,in a cemetery,5.24137931,2976.616207,988.020682,0.435638445,,,,,,,
400,grave,very serious,4.846153846,3924.755926,3948.187908,0.074449138,,,,,,,
399,great,extensive,3.482758621,2966.731724,2256.594991,-0.719964204,,,,,,,
399,great,terrific,4.689655172,3004.328621,1119.438821,0.143014506,,,,,,,
401,greek,someone in a fraternity or sorority,6.607142857,3649.2225,2103.659471,1.39465991,,,,,,,
401,greek,from Greece,2.034482759,2711.622069,1654.581317,-1.876878701,,,,,,,
402,green,a color,3.793103448,5715.497931,14759.50285,-0.67654926,,,,,,,
402,green,vegetable,6.037037037,3880.675357,2904.466834,0.864277082,,,,,,,
402,green,to be naive,6.037037037,2717.013929,1251.977504,1.017098675,,,,,,,
402,green,to be ecologically aware,4.034482759,3042.50931,1987.902029,-0.484649339,,,,,,,
403,grill,charcoal or gas,6.034482759,4211.795172,3994.51823,0.951329567,,,,,,,
403,grill,to question harshly,4.344827586,3582.156207,1985.011431,-0.125260522,,,,,,,
404,grind,to mash into pieces,6.071428571,3293.525357,2074.854907,1.053938567,,,,,,,
404,grind,the daily routine,5.25,2911.198571,2157.635394,0.367336032,,,,,,,
405,grit,dirt,5.518518519,3120.401071,1411.364422,0.672498005,,,,,,,
405,grit,determination,3.862068966,3883.798276,1622.547365,-0.473906393,,,,,,,
406,groom,bride and,5.821428571,4598.5875,2983.821042,0.796676679,,,,,,,
406,groom,to prepare for the future,5,3111.194138,1457.510614,0.359168679,,,,,,,
406,groom,taking care of appearance,3.357142857,3037.429643,1674.299126,-0.872199636,,,,,,,
407,gross,nasty,6.103448276,3404.246897,2219.071018,1.095585265,,,,,,,
407,gross,twelve dozen,3.666666667,4071.472593,2704.509228,-0.837071613,,,,,,,
408,ground,earth,5.035714286,4602.917857,1445.244907,0.226204787,,,,,,,
408,ground,past tense of grind,5.275862069,3286.103448,1915.852148,0.452080196,,,,,,,
409,grounds,premises,5.655172414,3445.959655,1838.090377,0.724140144,,,,,,,
409,grounds,the basis - on what grounds,4.392857143,2772.424286,1346.7552,-0.206755184,,,,,,,
410,group,an organization,4.071428571,3744.494643,2358.799862,-0.529776439,,,,,,,
410,group,to place things together,3.321428571,4248.038571,4721.310911,-0.908430532,,,,,,,
411,growth,to become larger,5.206896552,3905.893793,2176.03175,0.403808257,,,,,,,
411,growth,a wart or tumor,4.448275862,3097.160345,2339.733707,-0.10592198,,,,,,,
412,guard,a security person,4.103448276,3174.376207,1868.490334,-0.368469815,,,,,,,
412,guard,to be protective,4,4135.2225,2603.821073,-0.580623846,,,,,,,
413,guessed,answered without knowing,3.230769231,2936.123846,1754.753204,-0.969253145,,,,,,,
413,guest,a visitor,3,3295.653333,3538.48744,-1.211634425,,,,,,,
414,gum,chewing,3.857142857,3750.862857,2192.135478,-0.589791398,,,,,,,
414,gum,next to teeth,4.107142857,5888.081071,11365.24893,-0.321797704,,,,,,,
415,habit,tendency,6.142857143,2968.507143,957.1991281,0.970440756,,,,,,,
415,habit,what a nun wears,3.689655172,3499.454138,1693.781962,-0.656930537,,,,,,,
416,hail,ice pieces from the sky,5.413793103,2895.608276,1027.930495,0.561416232,,,,,,,
416,hail,to get attention - hail a cab,5.821428571,3982.4725,1738.942873,0.732306843,,,,,,,
416,hail,to come from a place - we hail from Omaha,2.448275862,3202.935517,2112.864727,-1.537819746,,,,,,,
417,hair,on head,3.275862069,2403.228621,1075.676944,-0.940266405,,,,,,,
418,hairy,lots of hair,5.310344828,3717.644828,5321.25581,0.530659215,,,,,,,
418,hairy,a bad situation,3.482758621,4435.39069,3628.899435,-0.732379177,,,,,,,
419,hall,a passageway,4.620689655,3502.718621,1519.508895,0.090999179,,,,,,,
419,hall,a large room - reception hall,3.931034483,3091.046207,1238.921704,-0.467716158,,,,,,,
420,halve,to cut in half,2.392857143,3062.884286,1483.525007,-1.712759291,,,,,,,
421,hand,end of arm,3.307692308,5072.101852,4625.200271,-0.954508348,,,,,,,
421,hand,to clap,4.137931034,2865.911379,1043.013084,-0.413242436,,,,,,,
421,hand,to lend help,3.517241379,4300.697586,2084.226631,-0.774149476,,,,,,,
421,hand,to give someone something,4.620689655,2739.637586,1628.896358,-0.047652586,,,,,,,
422,handicap,disability,5.448275862,4120.185517,2124.831627,0.463623651,,,,,,,
422,handicap,to equal out ability,6.344827586,4245.486207,2323.206807,1.196981992,,,,,,,
422,handicap,to try to guess who will win,4.607142857,4174.595,5045.878925,-0.068966759,,,,,,,
423,handle,to control - handle the situation,3.535714286,3574.786071,3052.882804,-0.768801245,,,,,,,
423,handle,a lever or knob,3.620689655,3890.035517,2287.916447,-0.668643191,,,,,,,
424,hang,to place on the wall,5,3406.272593,1677.916726,0.395043709,,,,,,,
424,hang,to kill by hanging,4.92,3199.035926,1182.972757,-0.096386004,,,,,,,
424,hang,to spend time with friends,4.965517241,4587.043793,2667.324825,0.238862737,,,,,,,
424,hang,underlying thought...get the hang of things,4.517241379,4144.941379,3505.406658,-0.025663831,,,,,,,
425,harbor,place for boats,5.862068966,3328.454138,2714.448689,0.764226748,,,,,,,
425,harbor,to carry - harbor the blame,3.172413793,3038.926552,2273.05229,-1.034183354,,,,,,,
426,hard,a solid surface,3.103448276,2346.491724,1120.323779,-1.005727725,,,,,,,
426,hard,difficult,3.655172414,2787.705517,1761.688327,-0.639888291,,,,,,,
417,hare,a rabbit,4.62962963,3393.268214,3558.781698,-0.086935897,,,,,,,
427,harmony,a melody,4.892857143,3649.343929,3578.68913,0.056164567,,,,,,,
427,harmony,to get along,4.607142857,3529.280357,2261.881726,-0.019918484,,,,,,,
428,harsh,severe and mean,5.178571429,5217.375,6324.878131,0.27072218,,,,,,,
428,harsh,irritating or rugged - harsh surface,3.482758621,2834.254828,2319.434702,-0.73728912,,,,,,,
429,hatch,eggs,5.172413793,3679.657586,2777.141138,0.347499518,,,,,,,
429,hatch,compartment,3.178571429,3656.565714,3833.1775,-1.068447006,,,,,,,
420,have,to possess,3.517241379,2696.948621,2302.822476,-0.816514171,,,,,,,
430,hay,straw,4.714285714,2869.138929,1757.256101,0.088832076,,,,,,,
431,haze,fog,6.25,2759.139286,1004.636441,1.150142858,,,,,,,
431,haze,a drugged state,4.275862069,3677.301034,2732.745482,-0.416638314,,,,,,,
432,head,at the top,4.689655172,2976.01,1121.731191,-0.008377633,,,,,,,
432,head,the leader,2.142857143,2790.886429,1295.291816,-1.826813625,,,,,,,
432,head,part of the body,4.620689655,3928.666552,2444.781852,0.027438097,,,,,,,
432,head,to go in a direction - head north,3.896551724,3108.188621,2624.311428,-0.623189106,,,,,,,
433,headache,pain in the head,4.517241379,3171.707586,1968.443341,-0.101976904,,,,,,,
433,headache,a stressful situation,4.714285714,3521.543571,1426.219697,0.059207382,,,,,,,
434,heading,title or caption,4.586206897,3707.625517,2311.66363,-0.046304848,,,,,,,
434,heading,a direction,3.75862069,3528.447931,2489.335803,-0.526243451,,,,,,,
435,heal,to repair a cut,3.071428571,2822.564643,2140.48714,-1.19834268,,,,,,,
436,hear,listen,3.464285714,3082.351786,1567.169927,-0.939445296,,,,,,,
437,heard,to hear,3.344827586,3260.11,1850.693902,-0.932660106,,,,,,,
438,hearing,auditory sensation,5.172413793,3077.801379,1992.52702,0.434026485,,,,,,,
438,hearing,a court trial,3.142857143,3508.515,3577.451675,-0.971313133,,,,,,,
439,heat,warmth,6.275862069,4019.234483,2672.321089,1.211934854,,,,,,,
439,heat,gun - carrying heat,3.678571429,3598.956207,2235.298196,-0.726617432,,,,,,,
439,heat,to warm-up - heat food,3.413793103,3743.391724,2487.677552,-0.915884824,,,,,,,
440,heavy,weighs a lot,5.586206897,3149.686207,1617.097392,0.753370297,,,,,,,
440,heavy,very serious,4.678571429,3192.953214,1546.207276,0.028691646,,,,,,,
441,hedge,bush,6.214285714,4957.253929,5737.100781,1.111524115,,,,,,,
441,hedge,to protect from loss - hedge your bets,3.25,3450.656429,3561.393528,-1.029953297,,,,,,,
435,heel,the end of a bread loaf,5.068965517,3106.435862,1068.543509,0.261141251,,,,,,,
435,heel,a jerk,6.285714286,3779.521429,4715.68615,1.228763656,,,,,,,
435,heel,part of a shoe,3.964285714,3624.160357,3186.972352,-0.543357814,,,,,,,
435,heel,foot,4.172413793,3328.625517,3346.630117,-0.426206111,,,,,,,
437,herd,group of animals,4.214285714,5374.952143,8824.461918,-0.241152172,,,,,,,
437,herd,getting animals together,3.137931034,3564.766897,4737.633547,-1.139501959,,,,,,,
436,here,in this place,2.827586207,3775.586897,1865.040686,-1.184086856,,,,,,,
430,hey,a greeting or said to get attention,3.428571429,3621.442857,2921.917364,-0.910613071,,,,,,,
442,hide,conceal,4.620689655,2681.321034,987.5365135,-0.030797895,,,,,,,
442,hide,animal skin,3.571428571,4364.117857,2172.065284,-0.740256921,,,,,,,
443,high,taller than usual,6.034482759,2325.377931,1115.352325,0.92860587,,,,,,,
443,high,on drugs,4.035714286,5028.411786,2788.61003,-0.516203302,,,,,,,
443,high,having a specified height,3.172413793,3424.585517,1281.984301,-1.004811062,,,,,,,
444,higher,above...taller,4.428571429,2675.914286,1419.031638,-0.207909886,,,,,,,
445,hike,walk on a trail,5.821428571,3302.261379,2042.626649,0.791629619,,,,,,,
445,hike,to raise...hike up prices,4.275862069,3326.628621,1659.519926,-0.30037905,,,,,,,
446,hip,hip joint,5.448275862,4792.688621,5351.284619,0.602126285,,,,,,,
446,hip,familiar with the latest,5.464285714,3592.029643,3105.310393,0.664081538,,,,,,,
446,hip,fashionable or stylish,4.724137931,2852.56,1560.801929,0.168247982,,,,,,,
444,hire,to give a job,3.379310345,3875.823793,2321.412155,-0.908206297,,,,,,,
445,hit,to deal a blow or stroke to,5.321428571,4903.883448,2911.769636,0.375109206,,,,,,,
445,hit,reach or obtain,5.482758621,3597.71,1880.23786,0.568062459,,,,,,,
445,hit,to request or demand,5.172413793,5022.093103,2835.558611,0.475902558,,,,,,,
445,hit,to go over well...dessert was a hit,5.25,5059.215714,3894.173462,0.523986118,,,,,,,
446,hitch,to attach for movement,5.965517241,2572.912414,1615.978033,0.880738457,,,,,,,
446,hitch,to get married,5.785714286,5195.9425,3209.874406,0.857134628,,,,,,,
446,hitch,a catch...what is the hitch?,4.964285714,3645.917586,4373.354049,0.068027024,,,,,,,
448,ho,slut,4.413793103,3097.000345,1938.902408,-0.20213412,,,,,,,
447,hoarse,scratchy voice,6.407407407,2342.294643,1011.845239,1.348281095,,,,,,,
448,hoe,for gardening,3.214285714,2581.528571,1458.962102,-0.947826202,,,,,,,
449,hog,a pig,3.793103448,6190.306207,15693.7787,-0.592613426,,,,,,,
449,hog,to take more than one's portion,3.535714286,3817.604643,2682.187404,-0.855684538,,,,,,,
450,hold,to grasp or carry,4.407407407,5445.842143,4242.010228,-0.17978797,,,,,,,
450,hold,to place in waiting,2.666666667,4820.034286,9551.504089,-1.384814284,,,,,,,
451,hole,an opening,4.321428571,4306.028571,3731.995871,-0.168871262,,,,,,,
451,hole,missing something,3.931034483,2701.752759,1125.974227,-0.523374764,,,,,,,
452,holey,full of holes,3.928571429,3692.888966,2126.071373,-0.367239337,,,,,,,
452,holy,sacred,2.259259259,2638.705926,967.1054117,-1.706149063,,,,,,,
453,home,where one lives,4.464285714,4650.604643,1980.223864,-0.21046857,,,,,,,
453,home,a place where older adults live,3.285714286,2724.946429,1220.901746,-0.999210358,,,,,,,
454,honey,bee product,4.321428571,4113.833571,2536.001547,-0.206044812,,,,,,,
454,honey,term of endearment,4.344827586,3794.81,4172.815504,-0.155635638,,,,,,,
455,honor,a reward,4.586206897,3436.026552,1305.608948,-0.156600098,,,,,,,
455,honor,to act respectfully...honor my parents,3.428571429,4707.788214,4160.358389,-0.868627783,,,,,,,
456,hood,covering for the head,4.379310345,3254.013793,1763.611213,-0.110631626,,,,,,,
456,hood,car engine covering,6.035714286,4907.007143,2356.39783,0.882327942,,,,,,,
456,hood,exhausts chemical or kitchen fumes,6.448275862,5016.868276,6157.642139,1.33313447,,,,,,,
456,hood,academic regalia,5.259259259,3068.861852,1570.789496,0.385566712,,,,,,,
456,hood,a neighborhood,4.222222222,3835.975185,2388.715775,-0.317850273,,,,,,,
457,hook,a latch,5.172413793,3316.916897,2315.825163,0.475739241,,,,,,,
457,hook,gets a person interested,3.703703704,3059.051111,1657.398579,-0.744537257,,,,,,,
457,hook,a curved device,3.275862069,3038.152069,1398.922583,-0.996369047,,,,,,,
458,horn,part of a car that makes sound,4.310344828,2833.616207,1863.862659,-0.332875049,,,,,,,
458,horn,a musical instrument...a trumpet,3.689655172,3594.621379,1887.380286,-0.649669026,,,,,,,
458,horn,grows out of an animal's head,3.103448276,3050.896552,2202.597305,-1.107915436,,,,,,,
447,horse,pony,2.357142857,2807.26,1607.123694,-1.662323399,,,,,,,
459,hot,high temperature,5.25,2664.02,1261.267502,0.482472796,,,,,,,
459,hot,really attractive,3.481481481,2873.442963,1230.52221,-0.969076385,,,,,,,
459,hot,spicy,3.555555556,2966.432222,2260.112661,-0.705115055,,,,,,,
460,hound,a dog,5.344827586,2738.304483,1771.337644,0.598045049,,,,,,,
460,hound,to pester,3.517241379,4417.067931,5809.283573,-0.804196449,,,,,,,
461,hour,60 minutes,3.344827586,3563.482069,1782.153806,-0.81447977,,,,,,,
462,hours,more than one hour,2.481481481,3392.428519,1609.074856,-1.467906015,,,,,,,
463,house,building where someone lives,5.607142857,2972.993929,2144.514506,0.7522914,,,,,,,
463,house,House of Representatives,4.925925926,3475.901111,1583.771159,0.079250119,,,,,,,
463,house,to store something,4.678571429,4077.4525,5588.575918,0.032840181,,,,,,,
464,humor,wit,6.379310345,3730.928621,2169.084205,1.232995479,,,,,,,
464,humor,bodily fluid,2.931034483,2966.721724,2084.023452,-1.201325296,,,,,,,
465,hunger,the need to eat,4.413793103,3577.310345,1760.289039,-0.104788143,,,,,,,
465,hunger,a strong desire or drive,4.071428571,3414.364286,2822.982884,-0.450935636,,,,,,,
466,hurricane,storm from the ocean,6.814814815,2853.133333,2025.949191,1.535794554,,,,,,,
466,hurricane,alcoholic drink,5.785714286,4455.116786,3934.025677,0.940596535,,,,,,,
467,hype,to deceive or trick,5.851851852,3891.633704,2661.247011,0.835508888,,,,,,,
467,hype,exaggerated publicity,1.793103448,2992.657586,1917.540707,-2.097925421,,,,,,,
305,I,me,2.821428571,2987.287143,1810.241246,-1.308708241,,,,,,,
468,ice,frozen solid water,6.310344828,3508.949655,1272.281664,1.082974288,,,,,,,
468,ice,a diamond or diamonds,5.75862069,4149.867586,2077.905498,0.836469514,,,,,,,
468,ice,extreme unfriendliness or reserve,6.740740741,2738.641111,851.528004,1.428541909,,,,,,,
468,ice,methamphetamine,5.310344828,2898.117586,2360.176334,0.417901817,,,,,,,
469,idle,to do nothing,4.703703704,3278.164815,2142.473028,0.097853932,,,,,,,
469,idol,one to look up to,4.392857143,3705.166552,2732.479424,-0.129433908,,,,,,,
470,immediate,right away,4.724137931,3783.88931,2059.322188,0.017717682,,,,,,,
470,immediate,close in relation...immediate family,5.25,4922.530357,6059.652654,0.386151065,,,,,,,
471,impression,give a general idea...my impression was,5.206896552,4418.359655,4921.443883,0.405381858,,,,,,,
471,impression,an imprint or dent,2.689655172,3120.159655,1449.270574,-1.487702988,,,,,,,
472,in,not out,5.464285714,3720.977857,1723.290633,0.520190963,,,,,,,
473,incense,gives of an odor when burned,5.740740741,4880.461481,4853.835906,0.753551679,,,,,,,
473,incense,to incite great anger,3.75862069,3640.126207,3837.930107,-0.558662315,,,,,,,
474,inch,a short distance,4.642857143,3432.162143,2316.737947,-0.132600763,,,,,,,
474,inch,to get a little closer,4.892857143,2816.396071,1675.268666,0.107667461,,,,,,,
475,incline,a hill,5.5,4655.231429,5259.049445,0.606009035,,,,,,,
475,incline,the feeling to do something,4.535714286,5415.947857,5079.673656,0.030598502,,,,,,,
476,inflation,to put in air,6.206896552,2600.276207,1540.516868,1.050767057,,,,,,,
476,inflation,rising expenses,4.592592593,3396.6975,2668.944043,-0.153658114,,,,,,,
472,inn,small hotel,5.137931034,3215.364483,1596.034149,0.334617699,,,,,,,
477,insecure,not safe,5.413793103,3334.701379,2037.173635,0.43966553,,,,,,,
477,insecure,lacking in self-confidence,3.714285714,3648.406429,3240.283607,-0.68409,,,,,,,
478,instruction,directions,4.142857143,3471.073929,2448.421015,-0.295769235,,,,,,,
478,instruction,teaching,5.285714286,5194.768571,5397.37114,0.542138556,,,,,,,
479,instrument,purposeful utensil ...surgical instrument,3.724137931,3922.782069,3023.481014,-0.692808767,,,,,,,
479,instrument,an object used to produce music,4.689655172,3081.658621,1942.479463,0.072684061,,,,,,,
480,insult,a verbal put-down,5.172413793,4176.216207,2303.061936,0.411511607,,,,,,,
480,insult,an injury,5,3153.321786,2253.885212,0.364168386,,,,,,,
481,intensity,brightness,5.275862069,4656.583448,3920.110653,0.520898527,,,,,,,
481,intensity,great magnitude,4.310344828,3454.973103,2276.813504,-0.148365285,,,,,,,
482,interest,hobby,4.724137931,3682.394828,2958.472488,-0.031352093,,,,,,,
482,interest,concern,5.931034483,3277.627241,1494.712861,0.812820477,,,,,,,
482,interest,charge for borrowed money,5.620689655,3415.107241,2593.980589,0.662245006,,,,,,,
483,intimate,personal,6.25,2977.400357,2957.944493,1.125279134,,,,,,,
483,intimate,sexual,5.827586207,4219.843448,2310.460411,0.832722946,,,,,,,
483,intimate,to tell someone a secret,4.357142857,3759.234643,2149.953752,-0.220399013,,,,,,,
484,iron,to press clothing,4.592592593,3724.498148,2789.216248,-0.08189399,,,,,,,
484,iron,a type of metal,5,3463.881034,2267.175495,0.20713363,,,,,,,
485,isolated,alone...on its own,5.148148148,5098.420741,6421.339498,0.308842482,,,,,,,
485,isolated,a place far from others,4.75,3622.847586,2325.401862,0.021595633,,,,,,,
486,issue,matter,5.206896552,3838.231724,3312.429627,0.433127819,,,,,,,
486,issue,volume,5.392857143,4683.647143,3098.000764,0.532733006,,,,,,,
486,issue,to bring forth...I will issue him a new card,4.071428571,3265.911786,1895.611817,-0.454600326,,,,,,,
487,item,one thing,5.896551724,3264.335862,1607.722427,0.983985064,,,,,,,
487,item,a romantic couple,4.035714286,3024.521429,1293.866385,-0.365644771,,,,,,,
488,jack,playing card,5.428571429,3716.441429,3840.961956,0.556331625,,,,,,,
488,jack,a mechanical device used for elevation,5.586206897,3819.688621,3416.237694,0.600748143,,,,,,,
489,jam,thrust violently,3.655172414,3465.044828,2131.999219,-0.587423522,,,,,,,
489,jam,a preserve of fruit,4.689655172,3821.845172,2680.380013,0.049353349,,,,,,,
489,jam,to become stuck or blocked,2.964285714,2911.366071,1755.67508,-1.160978657,,,,,,,
490,jar,container,4.896551724,3467.053448,1932.575922,0.201485288,,,,,,,
490,jar,to rattle or disturb,3.448275862,2523.771379,1523.941598,-0.867826977,,,,,,,
384,jean,denim pants,4.678571429,4196.312143,3382.836028,-0.106692791,,,,,,,
490,jerk,"foolish, mean person",4.535714286,3364.540714,2640.718415,-0.024571432,,,,,,,
490,jerk,to pull suddenly,6.392857143,2940.672143,1210.769042,1.151983007,,,,,,,
490,jerk,a type of spices,3.551724138,3230.622759,2513.753136,-0.766907711,,,,,,,
491,jet,a plane,4.964285714,2773.237857,1600.98661,0.335076944,,,,,,,
491,jet,to leave quickly,4.892857143,3135.281379,1677.011829,0.058983489,,,,,,,
492,jews,people of jewish faith,5.344827586,2304.826552,898.3972293,0.440970255,,,,,,,
493,jock,an athlete,5.962962963,4913.808519,1992.197222,0.877606554,,,,,,,
493,jock,interested in one topic...computer jock,3.535714286,2529.247143,1720.95782,-0.825548456,,,,,,,
494,jog,run,5.392857143,3664.455714,2254.07168,0.425790081,,,,,,,
494,jog,to trigger..jog my memory,5.071428571,3956.107857,4847.231769,0.25676128,,,,,,,
495,joint,where two parts meet,4.793103448,3652.121034,1929.865445,0.14720617,,,,,,,
495,joint,a place where bones come together,6.310344828,3671.640345,8491.606998,1.213972332,,,,,,,
495,joint,marijuana cigarette,5.793103448,3640.818621,6414.920923,0.80218897,,,,,,,
495,joint,a club or bar,3.892857143,2684.922857,1128.508197,-0.403395662,,,,,,,
496,joker,a clown or jester,3.724137931,2472.506552,1513.70991,-0.719096305,,,,,,,
496,joker,a wild card,4.142857143,3240.328571,2326.306543,-0.373923335,,,,,,,
497,journal,personl diary,5.896551724,3669.296897,2458.482188,0.917555706,,,,,,,
497,journal,a research publication,2.551724138,3709.140345,1897.344379,-1.430371904,,,,,,,
492,juice,fluild or liquid of fruit,6,3126.806786,1913.461131,0.873479304,,,,,,,
492,juice,strength or vitality,5.448275862,3613.271034,2656.07483,0.603489206,,,,,,,
492,juice,electric power,6.448275862,3009.96931,1243.266898,1.382892157,,,,,,,
492,juice,alcoholic liquor,6.103448276,2785.592759,1995.2319,0.920577659,,,,,,,
498,juicy,scandalous,3.851851852,3785.566786,1844.568734,-0.678758779,,,,,,,
498,juicy,full of juice,2.965517241,2111.012414,1581.640535,-1.229942764,,,,,,,
499,jump,leap,5.482758621,3648.643103,3027.520123,0.655949101,,,,,,,
499,jump,a car power transfer,5.5,4581.286071,3883.916476,0.492032434,,,,,,,
500,just,done according to truth and justice,4.448275862,7001.976207,10790.27536,-0.05356121,,,,,,,
500,just,exactly,4.607142857,4209.957857,2632.653179,-0.102683655,,,,,,,
500,just,by a narrow margin,5.793103448,2837.301379,1661.810975,0.733782409,,,,,,,
501,justify,to rationalize,5.892857143,4629.834643,3274.397856,0.872769785,,,,,,,
501,justify,to ensure even text margins,5.448275862,3422.635517,1823.548121,0.610174212,,,,,,,
136,karat,gold or diamond measure,3.448275862,3226.423448,2016.112421,-0.838159404,,,,,,,
502,keep,to retain,4.896551724,3824.031034,2428.714773,0.253437564,,,,,,,
502,keep,not spoil,4.035714286,2983.463929,2510.278052,-0.435892388,,,,,,,
178,kernel,piece of corn,3.357142857,3348.331071,3226.035753,-0.958778735,,,,,,,
503,key,used to open a lock,3.931034483,3670.391379,2537.890193,-0.617801606,,,,,,,
503,key,on piano or computer,5,4141.277241,2391.185271,0.26646923,,,,,,,
503,key,legend or set of answers,4.142857143,3710.535357,1483.455645,-0.33367271,,,,,,,
504,keys,multiple keys on a computer,5.666666667,2951.796296,1357.54731,0.701589693,,,,,,,
504,keys,a series of islands,3.275862069,3183.146552,1179.955828,-0.967981212,,,,,,,
505,kick,strike with a foot,5.962962963,4343.019259,5276.343253,0.785175958,,,,,,,
505,kick,a new interest,5.172413793,3359.713103,1423.308387,0.430678993,,,,,,,
505,kick,to get rid of...kick the habit,2.607142857,2782.951429,1976.890473,-1.357047192,,,,,,,
506,kid,child,4.285714286,2858.517143,2936.374307,-0.233594707,,,,,,,
506,kid,joke,5.04,2955.176538,1412.555317,0.366136622,,,,,,,
506,kid,baby goat,4.172413793,3315.431724,2271.807963,-0.328594939,,,,,,,
507,kill,murder,6.035714286,4298.794286,2701.502321,0.90024397,,,,,,,
507,kill,to do very well...kill on the exam,6.103448276,6050.707241,4560.200204,0.968883624,,,,,,,
507,kill,an unreturnable game shot,4,2801.511481,1560.971937,-0.526182347,,,,,,,
508,killer,murderer,5.896551724,3935.022759,3156.537103,0.815462965,,,,,,,
508,killer,great,3.178571429,2609.020357,1441.491192,-1.020338294,,,,,,,
509,kind,nice,4.148148148,3378.680714,2041.79621,-0.39862568,,,,,,,
509,kind,type,3.862068966,3233.911379,1886.457958,-0.55716965,,,,,,,
510,king,male royal,4.344827586,3251.913448,2110.57399,-0.324654447,,,,,,,
510,king,in checkers,3.206896552,2634.576207,1547.5029,-1.052842901,,,,,,,
511,knee,leg joint,5.689655172,4284.706207,3840.40517,0.693143306,,,,,,,
511,knee,a defensive move,4,3228.328621,2578.984757,-0.400112678,,,,,,,
512,knight,medieval soldier,4.857142857,2793.201379,1447.880631,0.010969564,,,,,,,
512,knight,a chess piece,4.482758621,5425.217241,4423.664204,-0.149212628,,,,,,,
513,knit,tying together string,3.428571429,3785.644286,2295.080164,-0.812034219,,,,,,,
514,knock,to bang on a door,3.75862069,4014.783448,2656.457006,-0.539661193,,,,,,,
514,knock,to hit,3.407407407,3917.105185,4489.152436,-0.7893752,,,,,,,
515,knot,to tie,3.571428571,5901.973214,9152.673624,-0.688860974,,,,,,,
516,know,to be aware,3.851851852,2954.362857,1860.0672,-0.644857484,,,,,,,
517,knows,to have knowledge,4.793103448,4058.53,2920.155934,0.193815961,,,,,,,
518,lab,room for scientific experiments,5.275862069,3510.291034,1310.595036,0.497105897,,,,,,,
518,lab,site for developing photos,4.076923077,3240.284444,2112.518001,-0.261615075,,,,,,,
518,lab,labrador retriever,5.413793103,3156.866897,1632.575061,0.495734433,,,,,,,
519,label,music record company,4.24137931,5617.480345,5371.572946,-0.253588696,,,,,,,
519,label,a tag that indicates a product's ingredients,4.928571429,5861.195714,12969.6311,0.121541023,,,,,,,
519,label,to brand something,4.964285714,2831.500357,1864.706061,0.115087841,,,,,,,
520,labor,to work,5.074074074,2603.892963,1885.341218,0.300842198,,,,,,,
520,labor,toil,5.642857143,3626.025,2478.718357,0.733448137,,,,,,,
520,labor,type of union,5.206896552,3178.445862,1203.954321,0.452464151,,,,,,,
520,labor,giving birth a baby,4.535714286,4513.349643,5253.73445,-0.066722744,,,,,,,
521,lace,type of clothing decoration,5.137931034,4156.766897,2132.557439,0.403369784,,,,,,,
521,lace,to twist around...I laced my fingers together,4.517241379,3951.677241,3403.905063,-0.155257934,,,,,,,
522,lack,a scarcity of something,5.034482759,3477.337931,1953.014952,0.236186716,,,,,,,
522,lack,to be deficient in,3.535714286,5366.312143,7433.458635,-0.703418502,,,,,,,
523,ladder,structure used for climbing up,5.75862069,2887.114483,1349.267708,0.79511033,,,,,,,
523,ladder,a hierarchy,4.714285714,3069.847143,1561.162534,-0.080496018,,,,,,,
523,ladder,to move up,3,3126.783929,4116.366909,-1.263891303,,,,,,,
524,lady,woman,5.034482759,5335.142069,3537.259553,0.36234133,,,,,,,
524,lady,owner/hostess,5,4624.943793,3951.412498,0.23677903,,,,,,,
524,lady,a royal title indicating rank,6.571428571,3988.168214,1427.518288,1.31904115,,,,,,,
525,lam,living as a fugitive...on the lam,3.413793103,3369.171379,2145.4707,-0.957838608,,,,,,,
526,lamb,a baby sheep,4.724137931,4383.458276,3009.834962,0.082707283,,,,,,,
526,lamb,type of wool,5.666666667,3610.463333,2778.72165,0.707994996,,,,,,,
526,lamb,a gentle person,4.103448276,3605.408276,2282.531253,-0.568240549,,,,,,,
526,lamb,Jesus Christ...lamb of God,3.517241379,3928.695172,3521.618101,-0.774096357,,,,,,,
527,lamp,device providing light,3.285714286,5524.493214,3865.344928,-1.068391745,,,,,,,
528,land,"ground, earth not covered with water",4.285714286,4842.525714,7248.781572,-0.373398223,,,,,,,
528,land,property/domain,3.592592593,3707.885185,3427.43784,-0.631181644,,,,,,,
528,land,country,5.862068966,3499.635862,1808.280013,0.787960201,,,,,,,
528,land,to gain something,3.862068966,3801.092759,1978.890992,-0.653249319,,,,,,,
528,land,to hit the ground,5.25,6304.324483,8036.188963,0.357070785,,,,,,,
529,landscape,a genre of painting,5.071428571,3519.790357,2683.785289,0.352370846,,,,,,,
529,landscape,the countryside,5.517241379,4327.671034,2609.401814,0.543042288,,,,,,,
529,landscape,panoramic view of scenery,4.888888889,4374.573704,3498.414262,0.089627776,,,,,,,
529,landscape,to add a garden,4.392857143,4151.048214,2335.418559,-0.131174093,,,,,,,
530,lane,small street,3.925925926,2802.756429,1527.041143,-0.430922966,,,,,,,
530,lane,for bowling,4.464285714,3723.293214,2027.634579,-0.18324429,,,,,,,
530,lane,section of a street/highway,3.724137931,3980.488621,3264.405074,-0.579091918,,,,,,,
531,language,verbal speech,5.222222222,4430.532963,3331.348003,0.242152595,,,,,,,
531,language,system of communication,4.310344828,4158.414483,4932.507346,-0.354425647,,,,,,,
531,language,wording of document,3.285714286,6080.418571,3962.432178,-1.016196889,,,,,,,
532,lap,bended front part of the body when sittng,4.034482759,4259.801724,2207.822634,-0.31705711,,,,,,,
532,lap,around a track or pool,6.107142857,3855.101071,2174.852682,1.031380725,,,,,,,
532,lap,to overlap something,4.678571429,4721.093448,5734.174769,0.08270879,,,,,,,
532,lap,being in a luxurious situation,3.321428571,4311.176071,2286.41809,-1.0019517,,,,,,,
533,large,a size bigger than average,5.321428571,4802.792857,2408.300608,0.511581605,,,,,,,
533,large,grand...living large,4.655172414,5307.068276,2855.002907,0.070204735,,,,,,,
533,large,as a whole/in general...the world at large,5.714285714,4497.670714,1866.899074,0.82976226,,,,,,,
533,large,free...the criminal is still at large,3.448275862,4447.477586,3839.827739,-0.809730587,,,,,,,
533,large,indication of quantity,5.137931034,3929.611034,2979.824794,0.332610992,,,,,,,
534,laser,a beam of infared light,5.551724138,3531.337586,1700.084356,0.670363523,,,,,,,
534,laser,to burn something off,5.655172414,5175.253448,4435.613823,0.688768403,,,,,,,
535,lash,flexible part of a whip,5.142857143,2713.374643,1552.410554,0.236529357,,,,,,,
535,lash,to strike someone,5.724137931,3407.385517,2017.896035,0.7480682,,,,,,,
535,lash,attack someone verbally,3.740740741,3627.854286,1964.077621,-0.615651578,,,,,,,
536,last,final part of something,2.965517241,3390.004138,1465.643365,-1.144747023,,,,,,,
536,last,to finish after everyone else,4.740740741,4976.666296,3047.275845,0.038755786,,,,,,,
536,last,existing for a long time,3.827586207,4185.363793,2528.451547,-0.694542992,,,,,,,
536,last,most recent,4.862068966,3766.236897,3104.452524,0.060573901,,,,,,,
537,latch,to secure something,4.535714286,4062.565862,2186.969406,-0.147965277,,,,,,,
537,latch,locking part of a gate,4.8,3589.9628,3230.786109,0.041257832,,,,,,,
537,latch,to hold on to something,3.862068966,2937.840345,1750.395845,-0.555786884,,,,,,,
538,late,to be tardy,4.620689655,3787.920345,1752.437204,0.044212393,,,,,,,
538,late,recently,5.962962963,4663.151481,3767.445629,0.93747993,,,,,,,
538,late,to be dead,4.481481481,7225.33037,9800.291363,-0.146266825,,,,,,,
538,late,occuring at an advanced time,4.724137931,2814.8,2382.613983,-0.069048172,,,,,,,
539,lather,soapy foam,4.714285714,3749,3888.895255,0.051098357,,,,,,,
539,lather,to wash something,4.689655172,2542.983103,1255.716526,0.085173126,,,,,,,
540,latin,a language,5.5,4105.762143,1548.167907,0.566154477,,,,,,,
540,latin,describing people living in latin america,5,3075.46963,1707.375464,0.219263803,,,,,,,
541,law,a legal statute or regulation,5.482758621,3845.424483,2111.321984,0.63398405,,,,,,,
541,law,the study of legal knowledge,4.620689655,4691.277931,2845.144045,-0.069912646,,,,,,,
541,law,group enforcing governmental rules,5.607142857,3882.842143,4707.351013,0.671879245,,,,,,,
541,law,a mathematical or scientific rule,3.642857143,4777.608214,4359.995434,-0.805639035,,,,,,,
542,lay,to place in a horizontal position,3.75862069,3206.864483,1571.432628,-0.608804243,,,,,,,
542,lay,to put down,5.275862069,3462.901724,1993.833862,0.394753364,,,,,,,
542,lay,to impose a rule,6.275862069,3284.783793,1553.228392,1.2179261,,,,,,,
542,lay,to have intercourse with,3.071428571,3228.582143,1431.515647,-1.019337093,,,,,,,
542,lay,what a chicken does with eggs,4.464285714,5842.606429,9229.722854,-0.166446304,,,,,,,
542,lay,to put aside,3.857142857,3208,2141.487417,-0.679300992,,,,,,,
543,lazy,to be unproductive,3.785714286,3065.468214,1576.789573,-0.658618756,,,,,,,
543,lazy,to lounge around,5.142857143,3885.794138,1809.107871,0.499039495,,,,,,,
544,lead,to guide,4.884615385,6232.344444,10318.74349,0.076424559,,,,,,,
544,lead,a clue for police to follow,4.407407407,5305.411852,2865.957815,-0.167950284,,,,,,,
544,lead,to cause,3.896551724,3546.297241,2189.627245,-0.541325306,,,,,,,
544,lead,points ahead of opponent,5.111111111,3175.531852,1640.421129,0.312655137,,,,,,,
544,lead,to start,4.034482759,3982.008621,1700.46462,-0.368222322,,,,,,,
544,lead,a type of metal,3.137931034,4722.213793,5685.404714,-1.140898363,,,,,,,
544,lead,for writing with a pencil,6,2973.888929,1220.440307,0.890794574,,,,,,,
545,leaf,plant outgrowth of a stem,6.103448276,3941.473793,2533.383683,1.014147489,,,,,,,
545,leaf,to skim through a book,5.321428571,4344.865,2442.831638,0.497778216,,,,,,,
545,leaf,a thin sheet of metal,4.592592593,3638.46,3401.389538,-0.034487302,,,,,,,
546,league,an untied group of people or nations,5.321428571,4141.3775,4155.382952,0.492387014,,,,,,,
546,league,a team,4.111111111,4277.658519,6253.162999,-0.4912031,,,,,,,
546,league,working together,5.178571429,2759.2775,1251.199497,0.380130255,,,,,,,
547,leak,a hole,3.571428571,2960.699286,2988.127437,-0.722822812,,,,,,,
547,leak,to urinate,5.103448276,3505.627241,1737.623371,0.297627233,,,,,,,
547,leak,a spill,5.148148148,3123.177407,1537.249156,0.337737437,,,,,,,
547,leak,to disclose a secret,5.185185185,2942.667407,1511.273742,0.436843081,,,,,,,
548,lean,a thin type of person,4.642857143,4494.616786,2262.993407,-0.091557139,,,,,,,
548,lean,a cut of meat,4.827586207,4908.093793,5408.381233,0.111665551,,,,,,,
548,lean,to incline towards something,4.592592593,3432.996296,1745.601944,-0.032117228,,,,,,,
548,lean,to have a tendency towards,3.448275862,4604.241034,7006.549186,-0.874542878,,,,,,,
548,lean,to depend on,4.379310345,5798.628276,3131.52305,-0.161462954,,,,,,,
549,least,smallest in amount,3.75862069,4375.832414,2763.554853,-0.593244121,,,,,,,
549,least,at any rate...at least you have your health,3.655172414,3758.790345,2219.734326,-0.589775198,,,,,,,
550,leave,"to depart, as on a trip",4,2761.617586,1586.807436,-0.497664612,,,,,,,
550,leave,remaining behind,4.24137931,4625.687931,2657.946882,-0.202689168,,,,,,,
550,leave,to abandon,5.357142857,3478.991071,2050.866942,0.436222648,,,,,,,
550,leave,a command dismissing someone,5.965517241,3740.291724,1926.878384,0.824153157,,,,,,,
551,lecture,to give an informative speech,2.689655172,3263.004828,1429.21318,-1.386678184,,,,,,,
551,lecture,to admonish,3.714285714,5545.578571,7152.198452,-0.621081984,,,,,,,
552,left,direction opposite of right,3.75,4581.02,4482.484665,-0.727002557,,,,,,,
552,left,what is remaining,5,4710.616429,2463.862051,0.113876066,,,,,,,
552,left,to entrust something with someone,2.535714286,2936.653929,1367.118271,-1.454925724,,,,,,,
552,left,departed,3.928571429,3588.71,1615.327817,-0.460865547,,,,,,,
553,leg,lower appendage/limb,5.464285714,3029.322759,949.6420914,0.603343185,,,,,,,
553,leg,supportive part of a chair,4.678571429,3984.051786,1886.874745,-0.036795307,,,,,,,
553,leg,last part of a race,4.103448276,2612.561724,882.8506798,-0.418390056,,,,,,,
553,leg,part of a garment,4.655172414,2980.00069,1200.707085,0.035834861,,,,,,,
554,legend,a myth or story,4.896551724,3389.027586,1515.902891,0.183945019,,,,,,,
554,legend,key on a map,3.111111111,3109.984444,1894.300222,-1.011069314,,,,,,,
554,legend,someone who excels,6.103448276,3216.505862,3053.685798,1.020543318,,,,,,,
555,lemon,citrus fruit,4.172413793,3704.968621,2925.493348,-0.304704295,,,,,,,
555,lemon,a bad car,4.678571429,3338.906429,1861.291556,-0.005578073,,,,,,,
556,lend,to give help,5.071428571,3453.294286,1733.500905,0.237942968,,,,,,,
556,lend,to loan something,4.275862069,5545.876897,4087.934107,-0.306553431,,,,,,,
556,lend,to add to something,5.137931034,4175.339655,2479.432211,0.26021588,,,,,,,
557,length,distance or measurement of something,4.142857143,5113.331786,3681.747671,-0.303246991,,,,,,,
557,length,to speak for a long time,5.482758621,4519.333448,2913.175666,0.614513419,,,,,,,
557,length,portion of something,6,3097.299286,1742.805982,0.943623283,,,,,,,
557,length,distance in a horse race,5.464285714,5097.680345,10545.14736,0.379715277,,,,,,,
558,leo,astrological sign,5.517241379,2425.12931,1045.487463,0.640750772,,,,,,,
558,leo,greek word for lion,3.586206897,3811.627241,2846.006582,-0.757241387,,,,,,,
558,leo,group of stars,3.482758621,3679.512069,2148.182912,-0.733380738,,,,,,,
559,less,to decrease in amount,3.482758621,3773.845862,2509.946855,-0.851010565,,,,,,,
559,less,to subtract numbers,5.103448276,4367.855172,3337.108508,0.396172098,,,,,,,
560,let,to allow,2.607142857,3761.431786,2458.809986,-1.560879709,,,,,,,
560,let,to rent something out,3.517241379,4624.586897,5330.420794,-0.695687406,,,,,,,
561,letter,a symbol of the alphabet,6.357142857,3903.286552,2258.260207,1.209898501,,,,,,,
561,letter,a written communication to someone,4.321428571,3090.877857,1784.537824,-0.234544599,,,,,,,
561,letter,receive if in a varsity sport,4.75862069,3042.005517,1027.475249,0.015331616,,,,,,,
562,level,a layer,5.535714286,3394.681786,2031.060309,0.554397849,,,,,,,
562,level,to be truthful,4.275862069,3239.571034,1723.671505,-0.177207002,,,,,,,
562,level,equal,5.206896552,3612.318966,1991.235742,0.43596765,,,,,,,
562,level,to knock down,6.275862069,2008.087931,744.4200772,1.109661777,,,,,,,
562,level,to make something flat,6.275862069,4028.393103,3634.55255,1.153646197,,,,,,,
563,liberal,a political position,6.344827586,3102.804483,1799.670765,1.132350469,,,,,,,
563,liberal,type of education with arts,5.344827586,5789.58069,8603.226558,0.500166946,,,,,,,
563,liberal,to give freely,4.551724138,2564.751724,1072.141407,-0.069110926,,,,,,,
564,license,for driving,6.068965517,5502.451379,3736.801803,1.097947261,,,,,,,
564,license,to deviate...poetic license,3.25,3728.659286,3648.521875,-1.021085412,,,,,,,
564,license,to permit someone to do something,5.678571429,3264.67,2276.108341,0.720111643,,,,,,,
565,lick,to pass tounge over,3.379310345,2720.848966,1292.781107,-0.770614285,,,,,,,
565,lick,to beat someone,4.107142857,3186.328214,1337.640906,-0.476740389,,,,,,,
566,lid,a removable top,5.310344828,2540.589655,989.1046059,0.410565166,,,,,,,
566,lid,of the eye,6.724137931,3130.486552,1914.889859,1.549226178,,,,,,,
566,lid,ounce of marijuana,3.137931034,2840,1178.386338,-1.04582159,,,,,,,
566,lid,a hat,3.392857143,3785.068929,3153.572817,-0.889038898,,,,,,,
567,lie,to be dishonest,3.24137931,3627.482414,2049.072206,-1.021553562,,,,,,,
567,lie,a falsehood,3.892857143,4885.205714,3912.670252,-0.529322824,,,,,,,
567,lie,to lay down,5,4771.854138,2007.399512,0.218366093,,,,,,,
568,life,state of existing,5.148148148,6997.338889,9307.905591,0.292769451,,,,,,,
568,life,a certain type of existence...college life,5.714285714,3984.943571,2196.486899,0.816644413,,,,,,,
568,life,vivacity...she is full of life,3.392857143,3252.805357,1729.529487,-0.926477537,,,,,,,
568,life,term of a jail sentence,5.481481481,4245.671481,1521.178434,0.532050276,,,,,,,
569,lift,to move upward,5.275862069,3042.053793,1453.728601,0.341706441,,,,,,,
569,lift,to stop something,5.620689655,4090.755172,3500.824966,0.761854853,,,,,,,
569,lift,to give someone a ride,4.714285714,4039.828571,2422.836255,-0.046261124,,,,,,,
569,lift,to steal something,5.185185185,4393.565556,3663.50384,0.323738135,,,,,,,
569,lift,a raising force,5.571428571,3404.096897,1538.598538,0.695802539,,,,,,,
569,lift,used in skiing,3.75,3698.786071,2299.251301,-0.697340604,,,,,,,
569,lift,british for elevator,3,3704.968276,4125.745341,-1.066123616,,,,,,,
570,light,illumination,4.142857143,3615.815357,3056.045341,-0.461627113,,,,,,,
570,light,not heavy,4.222222222,4301.105185,2497.557221,-0.313213612,,,,,,,
570,light,pale,3.464285714,3760.719286,1545.485298,-0.886198145,,,,,,,
570,light,to set something burning,4.857142857,4211.480357,2756.264826,0.083177415,,,,,,,
570,light,to cause an area to be illuminated,3,3059.705172,1530.99396,-1.109955063,,,,,,,
570,light,to brighten with joy,3.379310345,4683.813103,4655.495415,-0.850005751,,,,,,,
571,like,to prefer,4.071428571,2534.513929,1228.092582,-0.500397069,,,,,,,
571,like,similar to/resembling,6.137931034,3352.452414,1431.735803,1.031936193,,,,,,,
572,lily,flower,5.888888889,2672.963571,1403.637366,0.647734787,,,,,,,
572,lily,"delicate, pure",3.965517241,3366.722069,3054.695702,-0.395301336,,,,,,,
572,lily,pale,4.142857143,2958.296071,1938.235807,-0.321897544,,,,,,,
573,limb,part of body,6.068965517,3108.666552,3260.300284,0.903922175,,,,,,,
573,limb,tree branch,3.571428571,3403.804643,1479.893308,-0.860370857,,,,,,,
574,lime,chemical,4.571428571,3287.330357,2154.371805,-0.128815584,,,,,,,
574,lime,green citrus fruit,6.074074074,3076.617407,1300.730388,0.99217002,,,,,,,
575,limit,furthest extent,4.928571429,5091.315357,3092.712171,0.309863032,,,,,,,
575,limit,mathematical term,4.703703704,4958.248889,5312.584587,0.13959442,,,,,,,
575,limit,premises of a place,3.285714286,4639.737857,2283.647649,-1.078644645,,,,,,,
575,limit,to set boundaries,3.413793103,4602.096552,4019.477169,-0.749174225,,,,,,,
576,line,a straight mark made with a writing utensil,5.321428571,3066.861429,1543.25939,0.345985441,,,,,,,
576,line,a row of waiting people,5,3476.361429,2270.699782,0.226307136,,,,,,,
576,line,wire cable,4.620689655,3375.564483,1986.092736,-0.017382938,,,,,,,
576,line,verse,5.586206897,4461.947931,3635.250798,0.754148468,,,,,,,
576,line,wrinkle on the skin,5.571428571,2908.908571,1521.191565,0.495390365,,,,,,,
576,line,mass transit route,5.107142857,5598.417857,5849.198665,0.404533093,,,,,,,
576,line,course of action,5.571428571,3777.802143,2200.771802,0.605902597,,,,,,,
576,line,stock of commerical goods,3.862068966,4836.776897,4333.65213,-0.480081266,,,,,,,
576,line,military position of troops,3.535714286,5772.710714,5061.363342,-0.819412373,,,,,,,
576,line,cord/ fishing,4.642857143,5004.654286,5030.076622,0.085543061,,,,,,,
576,line,to form along,4.413793103,2619.117241,1165.243378,-0.203501811,,,,,,,
577,link,a ring in metal chain,5.925925926,4878.10037,3031.860364,0.733174383,,,,,,,
577,link,sausage,4.730769231,3892.816538,3227.902627,0.105470831,,,,,,,
577,link,used to close cuffs,5.620689655,2876.873448,1659.16327,0.63442592,,,,,,,
577,link,to put two things together,2.535714286,2317.561379,1342.871133,-1.55570595,,,,,,,
577,link,internet,5.222222222,3760.86,2760.026747,0.309642798,,,,,,,
578,lion,large cat,2.586206897,3552.32,2223.156787,-1.395241139,,,,,,,
578,lion,person of great power,4.862068966,3089.79931,1391.961025,0.176548016,,,,,,,
579,lip,flesh part of mouth,4.75,3515.556786,1639.764591,0.111109195,,,,,,,
579,lip,to talk to someone rudely,4.517241379,4454.00069,3224.426146,-0.001703819,,,,,,,
579,lip,edge of container,4,3744.896786,2108.128993,-0.67632385,,,,,,,
580,liquid,neither gas nor solid,6.310344828,3073.968966,1830.654267,1.321192216,,,,,,,
580,liquid,cash,3.931034483,4155.755517,2734.328908,-0.44668465,,,,,,,
580,liquid,fluid movements,5.310344828,3868.138621,3527.355688,0.50083285,,,,,,,
581,list,series of words,4,4472.411923,4814.631311,-0.469075639,,,,,,,
581,list,to register,4.071428571,4304.696071,2892.794086,-0.318767662,,,,,,,
582,litter,to scatter trash,4.75,4761.826786,2449.768211,-0.068754651,,,,,,,
582,litter,discarded rubbish,4.275862069,3915.405517,1961.094225,-0.288521267,,,,,,,
582,litter,clay for cat excrement,2.714285714,2631.023214,1335.907876,-1.412758652,,,,,,,
582,litter,baby animals born together,3.24137931,4720.373103,4956.510558,-0.932878296,,,,,,,
583,little,small in size,3.103448276,3054.712069,1476.2161,-0.987808984,,,,,,,
583,little,younger than,3.607142857,4025.620357,2392.169011,-0.718822495,,,,,,,
583,little,not used very often,3.655172414,4743.801034,3065.390113,-0.736129012,,,,,,,
583,little,scarcity in amount,3.103448276,3255.926207,1775.508862,-1.084261667,,,,,,,
584,live,to exist (somewhere),6.068965517,4374.62069,2283.913077,1.051711433,,,,,,,
584,live,financially independent,5.666666667,4948.947407,2571.208553,0.667260901,,,,,,,
584,live,burning,4.689655172,4276.225517,2262.123476,-0.049839805,,,,,,,
584,live,to have energy,4.464285714,4719.425714,2080.160433,-0.097805481,,,,,,,
584,live,to be not dead,4.535714286,5670.270357,7371.768287,-0.087304,,,,,,,
585,load,to put something in for transportation,4.931034483,3790.041034,2642.115398,0.191434324,,,,,,,
585,load,a heavy quantity,4.407407407,6596.512593,10846.38883,-0.190996767,,,,,,,
585,load,burden,3.571428571,3353.645714,1703.812174,-0.79799088,,,,,,,
585,load,to place into something,5.392857143,4314.938929,5906.950927,0.5004677,,,,,,,
586,loaf,mass of bread,4.285714286,3864.471724,2218.834924,-0.263214234,,,,,,,
586,loaf,to idle away time,4.965517241,3557.921724,2213.597939,0.196070091,,,,,,,
586,loaf,meat,5.517241379,4403.067241,9325.76075,0.603249935,,,,,,,
587,loan,to lend,4.413793103,4041.214483,2379.981298,-0.125932759,,,,,,,
587,loan,a debt owed to someone,6.034482759,2739.921034,1351.385789,0.886000646,,,,,,,
588,lobby,entrance hall,6.206896552,3304.44931,1817.026029,1.133536044,,,,,,,
588,lobby,to solict,4.428571429,4775.672143,4142.991905,-0.054509889,,,,,,,
588,lobby,a group of campaign people,5.517241379,5122.52069,5001.981142,0.62015958,,,,,,,
589,local,characterized by a place,3.24137931,3826.348621,2695.857513,-0.886427777,,,,,,,
589,local,small area of the body,4.592592593,4346.586786,2180.077529,-0.164165454,,,,,,,
590,lock,device for securing a door,5.107142857,2935.027857,1372.224673,0.258738142,,,,,,,
590,lock,device for stopping motion,4.75862069,3182.878621,2244.895272,0.135532892,,,,,,,
590,lock,wrestling hold,4.862068966,4152.385172,3357.043769,0.119253233,,,,,,,
590,lock,to imprison,4.928571429,3702.9525,4114.79086,0.160421614,,,,,,,
591,lodge,main builiding of a resort,5.5,3157.070714,1666.085719,0.539383738,,,,,,,
591,lodge,cottage,5.689655172,4493.405517,3372.180942,0.769470967,,,,,,,
591,lodge,to be implanted in,6.034482759,3908.783103,3564.001393,0.996444659,,,,,,,
591,lodge,to furnish with a room,3.448275862,3873.283103,4577.901751,-0.80897527,,,,,,,
591,lodge,to bring forward a complaint,5.275862069,3362.658966,2811.705997,0.403223307,,,,,,,
592,log,part of a tree,5.222222222,3872.138148,2097.314398,0.310922734,,,,,,,
592,log,book of records,4.148148148,5220.217143,5218.556168,-0.428703691,,,,,,,
592,log,to sign on or off a computer,5.75,4381.990357,2884.631397,0.777516763,,,,,,,
593,long,extending beyond normal,3.740740741,2780.164444,1204.991986,-0.710095653,,,,,,,
593,long,being against the odds,4.379310345,2943.005517,1487.765801,-0.07041996,,,,,,,
594,looks,general appearence,3.896551724,3291.552414,1339.534679,-0.582433066,,,,,,,
594,looks,attractive appearence,4.25,4575.161786,3058.295855,-0.342789381,,,,,,,
595,loop,on pants for a belt,3.689655172,3422.336897,1907.173753,-0.67000174,,,,,,,
595,loop,to put through something else,4.357142857,4177.6175,2072.280529,-0.213111185,,,,,,,
595,loop,circular area,6.724137931,3040.452759,1943.755063,1.512678333,,,,,,,
596,loose,free from binding,4.137931034,4052.97931,2903.566554,-0.366251454,,,,,,,
596,loose,sexually promiscuous,4.892857143,4324.739286,2606.349568,0.295531511,,,,,,,
596,loose,not firm,2.928571429,3398.531429,2007.546181,-1.300929787,,,,,,,
597,lord,royal title for a man,5.689655172,4396.375172,2399.022252,0.798407614,,,,,,,
597,lord,name for God,3.931034483,4754.683793,2354.651836,-0.538369622,,,,,,,
597,lord,leader of a profession,3.034482759,3709.64,2054.18775,-1.042804917,,,,,,,
598,lose,to come to be without something,3.714285714,3465.598929,2207.497344,-0.687572515,,,,,,,
598,lose,to fail/not win,4.206896552,4212.249655,3330.978781,-0.292325835,,,,,,,
598,lose,to get rid of,4.392857143,3196.2725,1419.771525,-0.219064539,,,,,,,
599,loss,depletion in something,3.793103448,3417.156897,2617.844286,-0.638275456,,,,,,,
599,loss,a death,4.689655172,4031.073793,3003.750741,0.046765859,,,,,,,
599,loss,a defeat,3.379310345,2720.088276,1033.616784,-0.961085075,,,,,,,
599,loss,destruction,4.413793103,4905.867586,2507.593861,-0.223868537,,,,,,,
600,lost,missing,5.222222222,3667.112593,3129.342407,0.338460976,,,,,,,
600,lost,to fail to retain something,4.24137931,3411.064828,1528.932781,-0.348369131,,,,,,,
600,lost,become engrossed,5,3917.917586,2527.069345,0.184671966,,,,,,,
601,lot,space for parking,4.642857143,2783.667143,1440.39872,-0.041854989,,,,,,,
601,lot,set of objects,5,4378.133448,2485.036399,0.3413975,,,,,,,
601,lot,piece of land,5.655172414,3286.104828,1999.510675,0.744750865,,,,,,,
601,lot,one's share of something,3.115384615,3134.847692,1419.613183,-1.189580701,,,,,,,
601,lot,movie studio,3.185185185,2992.248571,1280.137697,-1.159056749,,,,,,,
601,lot,much,5.142857143,3738.416071,2954.268628,0.366740439,,,,,,,
602,loud,above normal noise level,4.851851852,3646.018148,1665.519474,0.103508505,,,,,,,
602,loud,very showy,4.551724138,3672.104483,1987.233809,0.015155067,,,,,,,
602,loud,insistent,6.24137931,2399.44069,928.2861082,1.033888941,,,,,,,
603,lounge,"to lay around, pass time idly",5.214285714,3812.076786,1996.692091,0.315001452,,,,,,,
603,lounge,bar for drinking,3.724137931,3949.351724,3171.984013,-0.658934364,,,,,,,
603,lounge,long couch,3.464285714,3931.430357,2346.66317,-0.790534859,,,,,,,
604,low,underneath something,3.379310345,3249.247931,1477.836052,-0.911074174,,,,,,,
604,low,the farthest point down,4.642857143,3822.186429,2251.761432,-0.117725189,,,,,,,
604,low,small number,3.931034483,2913.114138,1749.761649,-0.472584479,,,,,,,
604,low,soft,5.428571429,2428.707586,1095.386384,0.387053095,,,,,,,
604,low,deep voice,5.857142857,3017.687857,1486.873908,0.779661353,,,,,,,
604,low,depressed,4.035714286,3947.546429,3189.617694,-0.322533387,,,,,,,
604,low,vulgar,3.827586207,3527.079655,2343.540301,-0.572217884,,,,,,,
604,low,having less value,4.103448276,4475.044138,2992.669396,-0.464643569,,,,,,,
605,lower,decrease amount,3.206896552,4225.475172,2117.423717,-0.99981349,,,,,,,
605,lower,reduce position of something,5.896551724,4733.510345,7364.04903,0.801606198,,,,,,,
605,lower,make less loud,6.444444444,2781.291852,938.7181785,1.200127736,,,,,,,
606,lubricate,to apply an oily sustance,5.965517241,3472.061379,2346.06187,0.869813609,,,,,,,
606,lubricate,to smooth over differences,6.75862069,2466.055517,989.8469476,1.620988579,,,,,,,
606,lubricate,to become drunk,4.172413793,2411.455172,1819.186092,-0.308384736,,,,,,,
606,lubricate,to bribe,5.5,4529.701429,5147.53795,0.687139983,,,,,,,
607,lumber,wood,5.923076923,5595.237692,7806.528699,0.904582577,,,,,,,
607,lumber,to move heavily,4.535714286,4965.49069,3805.927873,-0.051254306,,,,,,,
607,lumber,to heap together in disorder,4.344827586,2964.804828,1435.748751,-0.311120014,,,,,,,
608,lump,piece of matter,4.931034483,3069.858276,2094.671333,0.186713997,,,,,,,
608,lump,a swelling,4.517241379,4821.749655,8340.046459,-0.131846705,,,,,,,
608,lump,to put items together,6.103448276,2296.083793,1170.770331,0.956500428,,,,,,,
608,lump,of sugar,5.964285714,3455.375,3085.695817,0.826339426,,,,,,,
609,lust,sexual desire,2.586206897,2368.402414,1276.88305,-1.36266094,,,,,,,
609,lust,yearning for something,4.724137931,3516.72931,1955.148512,-0.01876351,,,,,,,
610,mad,angry,5.793103448,4344.721724,3196.044062,0.870697754,,,,,,,
610,mad,mentally disturbed,4.586206897,3979.987931,2205.628045,0.015173132,,,,,,,
610,mad,enjoyable,4.035714286,3301.222857,1588.091205,-0.374240309,,,,,,,
610,mad,overcome by desire,5.25,3820.165714,1778.342074,0.306984277,,,,,,,
611,made,produced/invented,4.464285714,2847.159643,1665.257938,-0.106448059,,,,,,,
611,made,assured of success,6.379310345,3799.09931,1987.681428,1.162754621,,,,,,,
612,magazine,periodical,6.346153846,4589.734231,6253.750528,1.178411105,,,,,,,
612,magazine,gun clip of bullets,3.931034483,3141.671034,1969.328207,-0.530900486,,,,,,,
612,magazine,warehouse,5.607142857,3950.605714,1864.394229,0.667415999,,,,,,,
613,magnet,metal that attracts,4,2802.095714,1325.187782,-0.372703476,,,,,,,
613,magnet,a person who attracts,5.678571429,3045.872857,1240.17712,0.685897467,,,,,,,
614,maid,female servant,3.555555556,3576.827037,2400.959905,-0.749761955,,,,,,,
614,maid,young unmarried girl,3.321428571,3799.8125,3331.255873,-0.943894855,,,,,,,
615,mail,to send through postal system,5.068965517,2687.377586,1222.324892,0.286900569,,,,,,,
615,mail,"letters, packages sent/received",5.275862069,3254.610345,1695.615781,0.353837523,,,,,,,
616,major,military rank,4.607142857,3809.9325,2497.119344,0.071541637,,,,,,,
616,major,type of musical chord,5.464285714,3130.675,1814.682618,0.464677746,,,,,,,
616,major,type of baseball league,6.37037037,3503.449259,1402.129354,1.141644378,,,,,,,
616,major,chief object,4.655172414,4234.675517,4549.439666,0.090727885,,,,,,,
616,major,area of concentration at college,2.931034483,2753.383448,1873.325971,-1.184311297,,,,,,,
616,major,greater in size,4.571428571,4502.653571,2099.924821,-0.114828581,,,,,,,
617,make,to create something,4.296296296,4884.71037,4177.638258,-0.214200481,,,,,,,
617,make,earn money by working,4.285714286,6047.995357,5922.945289,-0.29450226,,,,,,,
617,make,to put into proper condition.,5.896551724,7516.184828,10803.23262,0.860102215,,,,,,,
617,make,cause/establish,4.896551724,3900.143103,2403.41313,0.222245838,,,,,,,
617,make,to draw up a legal document,4.068965517,2760.815862,1638.413473,-0.373139045,,,,,,,
617,make,to attain,5.551724138,3276.703448,1942.686527,0.687520007,,,,,,,
618,makeup,cosmetics,5.827586207,5075.32931,4575.676207,0.770373345,,,,,,,
618,makeup,physical constitution,3.379310345,3246.113793,2086.860606,-1.017722147,,,,,,,
618,makeup,appearance of a page,3.444444444,2892.274444,1966.542554,-0.877269682,,,,,,,
619,male,men,6,4063.88963,1790.346447,0.867017867,,,,,,,
620,mall,shopping center,6.344827586,6390.435862,10872.98063,1.242119222,,,,,,,
620,mall,main sidewalk,4.206896552,3646.862414,2900.875951,-0.382601349,,,,,,,
621,malt,germinated grain to make beer,6.310344828,3158.118276,1901.160766,1.185913359,,,,,,,
621,malt,ice cream shake,2.785714286,2914.112143,1574.229791,-1.229455386,,,,,,,
621,malt,to make liquor,3.551724138,3841.435517,1986.499702,-0.816326552,,,,,,,
622,man,adult male,3.285714286,3263.459655,2835.611974,-0.954568522,,,,,,,
622,man,member of human species,6.178571429,3185.801786,1660.473834,1.029121776,,,,,,,
622,man,husband,5.344827586,4958.671379,3307.798058,0.427186327,,,,,,,
622,man,the government,4.793103448,3547.032069,2270.878342,0.06899262,,,,,,,
622,man,enthusiast...I'm a jazz man,4.962962963,3083.590741,1210.781099,0.11131363,,,,,,,
623,manner,way of doing something,4.068965517,3439.811724,1731.628787,-0.384718328,,,,,,,
623,manner,characteristic style,4.142857143,3020.791071,1806.953901,-0.39831241,,,,,,,
623,manner,behaving politely,6.413793103,3077.673448,1314.111832,1.288273255,,,,,,,
624,map,representation of landscape,4.448275862,3421.437241,1942.754561,-0.176142192,,,,,,,
624,map,in genetics,2.892857143,4445.363929,4488.887279,-1.201541865,,,,,,,
625,marble,type of stone,5.517241379,4482.143793,2476.276238,0.623548658,,,,,,,
625,marble,little ball for playing games,3.607142857,2913.781786,2218.844078,-0.615333771,,,,,,,
625,marble,cognitive functions...she's lost her marbles,3.75862069,3063.132759,1436.963551,-0.495175805,,,,,,,
626,march,style of walking,3.259259259,3351.672963,1191.075095,-1.137486942,,,,,,,
626,march,third month of the year,5,3838.473571,2496.575087,0.381456055,,,,,,,
626,march,to go forward,5.928571429,3640.748214,2280.013335,0.856701781,,,,,,,
627,margin,space around on a piece of paper,6.035714286,3565.293571,1549.3313,0.937196984,,,,,,,
627,margin,amount allowed for error,5.413793103,2787.881724,1299.115863,0.463826622,,,,,,,
627,margin,difference between cost and selling price,5.107142857,3339.878571,1424.738991,0.263247243,,,,,,,
628,marine,member of US marine corps,4.931034483,4770.663793,4798.356925,0.074664409,,,,,,,
628,marine,pertaining to the sea,5.607142857,5695.6025,4623.193553,0.607629241,,,,,,,
629,mark,a visible impression,4.821428571,4156.963214,3124.902267,0.106709138,,,,,,,
629,mark,badge indicating rank,4.518518519,3463.362222,1810.492079,-0.131110715,,,,,,,
629,mark,symbol in punctuation,5.068965517,2961.00931,1951.199272,0.255692674,,,,,,,
629,mark,to write something down,4.24137931,4168.357586,2764.799967,-0.285736039,,,,,,,
630,market,to sell something,5.275862069,3976.623793,2781.281697,0.449037129,,,,,,,
630,market,open place for buying/selling goods,4.148148148,4281.57,3031.589423,-0.410531018,,,,,,,
630,market,field of trade,5.206896552,2989.98,1864.645913,0.466370092,,,,,,,
631,mass,religious service,5.428571429,3949.065714,2511.693161,0.57090482,,,,,,,
631,mass,the weight of something,5.172413793,3273.63,1979.189074,0.312164528,,,,,,,
631,mass,collection of parts,4.964285714,3106.193214,1264.226457,0.171291901,,,,,,,
631,mass,main body of something,4.137931034,4134.920345,3065.365576,-0.238631488,,,,,,,
631,mass,to come together,4.689655172,4533.671724,5420.971943,-0.01217672,,,,,,,
632,master,powerful person,4.785714286,4126.38,3933.419258,0.133530001,,,,,,,
632,master,type of bedroom,5.37037037,5097.664074,2343.133547,0.440249799,,,,,,,
632,master,to become an expert in something,3.724137931,2767.495862,1241.226524,-0.613893588,,,,,,,
632,master,principal...they had the master list,4.464285714,4973.6025,6061.774965,-0.113760016,,,,,,,
633,mat,type of rug,4,4748.188148,3461.361786,-0.462913646,,,,,,,
633,mat,padded canvas in wrestling,3.965517241,2800.580345,1545.191002,-0.492796309,,,,,,,
634,match,wooden stick for lighting fire to something,4.321428571,4078.908571,2212.131409,-0.239664534,,,,,,,
634,match,an equal counterpart,3.148148148,3735.71,1659.345449,-1.081714626,,,,,,,
634,match,sports contest,5.222222222,3190.688519,1742.044493,0.434350696,,,,,,,
634,match,when two things go together,4.607142857,3066.927143,2237.405593,-0.054020341,,,,,,,
635,mate,spouse,5.25,3205.533929,1562.442673,0.400971868,,,,,,,
635,mate,friend,5.964285714,3117.707857,1333.866121,0.924448953,,,,,,,
635,mate,"in chess,to win",5.24137931,3643.9,2332.035537,0.401383363,,,,,,,
635,mate,to copulate,4.357142857,5113.742857,4095.581372,-0.274124667,,,,,,,
635,mate,one of a pair,3.827586207,4395.211724,4376.357347,-0.523017213,,,,,,,
636,material,what something is made out of,5.24137931,4812.297931,7210.662986,0.395560608,,,,,,,
636,material,things needed to do something,4.666666667,4117.117037,2626.141398,0.141464683,,,,,,,
637,matter,substance that something is made of,5.259259259,4729.921481,4134.420802,0.418474344,,,,,,,
637,matter,an issue/situation,4.607142857,4824.64,4032.395352,0.0123297,,,,,,,
637,matter,a difficulty,3.310344828,4353.11931,3300.353028,-0.937179406,,,,,,,
637,matter,to be of importance,5.857142857,4525.288276,2264.092716,0.800714788,,,,,,,
638,meal,regular occaision for eating food,3.034482759,2904.294483,1457.972087,-1.09314482,,,,,,,
638,meal,powder made from grinding something,4.413793103,4908.34931,5829.01816,-0.116830427,,,,,,,
639,mean,being cruel,5.034482759,3049.687241,2156.160423,0.249171228,,,,,,,
639,mean,intention,5.428571429,3737.068571,1941.942787,0.562557877,,,,,,,
639,mean,the average of numbers,5,3774.957241,2886.999177,0.355973653,,,,,,,
640,means,available resources for something,4.482758621,3838.921379,1722.279302,-0.015158357,,,,,,,
640,means,certainly...by all means,6.357142857,2772.955714,1454.159056,1.172814669,,,,,,,
641,measure,finding the dimensions of something,5.464285714,4669.167143,5001.896304,0.670685953,,,,,,,
641,measure,actions for reaching an end,3.285714286,4309.333929,2004.397603,-0.978027612,,,,,,,
641,measure,legislative bill,6.034482759,5083.057931,6092.568635,0.968703594,,,,,,,
642,meat,flesh of animals for food,6.678571429,4247.23,1750.306863,1.562358623,,,,,,,
642,meat,essential point of an argument,4.857142857,4274.343571,3151.502807,0.115507014,,,,,,,
642,meat,person regarded as sex object,6,4117.774138,2157.751737,0.984630387,,,,,,,
643,medium,middle state of something,6.321428571,2847.749643,1847.363868,1.140603394,,,,,,,
643,medium,psychic person,5.178571429,4814.813929,2459.569358,0.370816736,,,,,,,
643,medium,how something is transmitted,3.75862069,3167.361034,1378.922848,-0.734003543,,,,,,,
642,meet,type of sports contest,4.034482759,4491.423793,2792.455662,-0.461928017,,,,,,,
642,meet,to be introduced to someone,4.379310345,4196.098621,3549.806392,-0.155566522,,,,,,,
642,meet,to join at an agreed location or time,6.321428571,3732.471429,2446.966623,1.137401856,,,,,,,
644,member,person who is part of a group,6.068965517,3330.574828,1162.853045,0.917399727,,,,,,,
644,member,penis,3.586206897,5296.326897,8960.064008,-0.751103385,,,,,,,
644,member,mathematical element in a set,5.206896552,3568.205517,2142.521101,0.33503157,,,,,,,
645,mess,dirty disorderd condition,4.931034483,4934.103448,4777.467598,0.163956316,,,,,,,
645,mess,state of embarrassment,5.178571429,4072.388929,3129.122028,0.349064236,,,,,,,
645,mess,to treat roughly,5.689655172,3165.983103,1726.022127,0.643346265,,,,,,,
646,method,procedures for doing something,3.703703704,4544.820741,5857.607903,-0.534129979,,,,,,,
646,method,type of acting,4.448275862,3307.819655,2143.324538,-0.183580427,,,,,,,
647,might,a possibility,5,3414.476552,3509.890112,0.26008776,,,,,,,
647,might,strength,5.172413793,2621.603793,1350.329377,0.332427142,,,,,,,
648,mill,factory for manufacturing,6.586206897,2967.986207,1344.873007,1.451601109,,,,,,,
648,mill,machine for grinding,5.964285714,3093.111786,1264.491647,0.886169265,,,,,,,
648,mill,boxing match,4.862068966,3718.975172,3472.399454,0.141323486,,,,,,,
648,mill,to walk around aimlessly,5.275862069,6506.034828,8593.075742,0.471683705,,,,,,,
649,mind,consciousness,4.379310345,3321.055862,1807.194082,-0.184095049,,,,,,,
649,mind,an opinion,5.714285714,4952.867857,3565.03282,0.654148137,,,,,,,
649,mind,to obey,4.464285714,3607.557857,2382.344347,-0.113235157,,,,,,,
649,mind,an inclination,2.275862069,4378.211724,1924.872188,-1.707295669,,,,,,,
649,mind,pay attention to,4.655172414,3823.933793,2536.586638,0.103825382,,,,,,,
650,mine,possesive word indicating ownership,4.814814815,3990.055556,2141.702385,-0.088496282,,,,,,,
650,mine,to excavate something,5.814814815,3168.072963,1419.756764,0.859668593,,,,,,,
650,mine,natural cave deposit of minerals,4.862068966,3254.722414,1444.284376,0.187153774,,,,,,,
651,minor,under the legal age of full rights,5.344827586,3777.963448,2235.771375,0.470204923,,,,,,,
651,minor,type of musical chord,5.142857143,2578.401429,995.2961489,0.329647166,,,,,,,
651,minor,type of baseball league,6.034482759,4281.655862,2764.72538,0.933142524,,,,,,,
651,minor,asia,5.551724138,3595.664828,1439.513665,0.675444071,,,,,,,
651,minor,not serious,5.142857143,3123.711786,1906.749275,0.244922828,,,,,,,
652,mint,place where coins are produced,5.607142857,3334.980357,1490.307933,0.662151124,,,,,,,
652,mint,aromatic herb,6.172413793,3088.761724,1981.851759,1.033635527,,,,,,,
652,mint,being in original condition,4.071428571,4324.721034,2971.635948,-0.49192454,,,,,,,
652,mint,to invent,3.206896552,3588.757586,2177.261145,-1.130533563,,,,,,,
652,mint,flavoring added to toothpaste,5.285714286,3131.799286,1334.327632,0.313360535,,,,,,,
653,minute,unit of time,3.275862069,3051.077586,1877.786752,-0.915293975,,,,,,,
653,minute,extremely small,4.785714286,3585.738571,1829.743589,0.024337217,,,,,,,
654,mirror,reflective surface,5.259259259,4010.5975,3141.121367,0.337937357,,,,,,,
654,mirror,to mimic/imitate,4.321428571,4273.472857,3997.121624,-0.381496892,,,,,,,
654,mirror,a faithful representation,3.888888889,4297.717407,2147.550553,-0.504287695,,,,,,,
655,miss,title for a young woman,3.785714286,7595.281786,14934.27448,-0.599358029,,,,,,,
655,miss,to fail to attend,3.482758621,6831.471724,15712.78793,-0.79723323,,,,,,,
655,miss,to regret absence or loss,3.571428571,3129.529286,2084.994269,-0.731451889,,,,,,,
655,miss,to fail to hit a target,4.407407407,3594.115357,2078.052835,-0.295611178,,,,,,,
656,missed,to not catch,4.357142857,3785.8525,2474.353285,-0.239402852,,,,,,,
657,mist,to spray a liquid on something,5.321428571,2500.984286,1020.391335,0.483205544,,,,,,,
657,mist,cloud/haze of particles,4.964285714,2829.963571,1551.30821,0.339847513,,,,,,,
658,mob,organized criminal gang,5.793103448,2885.932759,1103.047408,0.695886712,,,,,,,
658,mob,a riotous crowd of people,4.892857143,4061.636897,3924.046421,0.321962891,,,,,,,
658,mob,a flock of animals,5.178571429,3137.791071,1117.176473,0.2740657,,,,,,,
659,model,standard for imitation,5.206896552,3280.441724,2170.378313,0.472281249,,,,,,,
659,model,a person who poses for art,4.857142857,3600.3325,1688.106987,0.134264892,,,,,,,
659,model,exemplary,4.428571429,3744.738621,2312.64374,-0.264780021,,,,,,,
659,model,a style of something,4.642857143,5890.651429,3686.570593,0.124893406,,,,,,,
659,model,miniature version of something,4.285714286,4242.834286,4273.382704,-0.258010769,,,,,,,
660,mold,hollow form for giving a particular shape,4.482758621,2732.706552,1579.398191,-0.139364739,,,,,,,
660,mold,to shape something into a form,5.75,2764.289643,1225.927593,0.756759422,,,,,,,
660,mold,fungus,3.814814815,4036.079259,4205.276559,-0.566892444,,,,,,,
661,mole,a spy,4.321428571,2487.381429,937.5323353,-0.225236973,,,,,,,
661,mole,type of freckle on the skin,6.857142857,3648.62,1718.931346,1.531821559,,,,,,,
661,mole,small mammal,3.275862069,2682.242759,1159.81036,-0.920103859,,,,,,,
661,mole,large quantity (in chemistry),6.655172414,3405.672414,1742.208639,1.546817641,,,,,,,
662,monkey,primate,4.689655172,3251.877931,2002.315274,0.078001119,,,,,,,
662,monkey,an addiction to narcotics,3.740740741,3199.405357,1629.964074,-0.58180007,,,,,,,
662,monkey,to mess around with someone,6.321428571,3738.779655,4122.560528,1.190763473,,,,,,,
663,monopoly,game with money and property,4.172413793,5053.451034,5921.97872,-0.382819944,,,,,,,
663,monopoly,exclusive control of a commodity,5.321428571,4246.847857,2038.519412,0.508262517,,,,,,,
663,moon,planetary satellite,6.275862069,3996.118966,2571.737923,1.142118106,,,,,,,
663,moon,to show your buttocks in disrespect,2.740740741,2898.681481,1452.10678,-1.392737042,,,,,,,
663,moon,to remember nostalgically,5.586206897,2942.601379,1305.000265,0.743781703,,,,,,,
664,mouse,small rodent,5.925925926,3925.813571,3499.035963,0.871329668,,,,,,,
664,mouse,timid person,5.428571429,4049.499643,2475.181575,0.656087909,,,,,,,
664,mouse,prowl about,5.428571429,2894.020357,1455.708551,0.542018537,,,,,,,
665,mousse,aerosol foam for hair,2.321428571,3410.838571,1703.424687,-1.769359568,,,,,,,
665,mousse,whipped dessert,5.310344828,3180.187586,1475.855403,0.363432301,,,,,,,
666,mouth,body opening for eating food,4.413793103,3796.110345,2565.365818,-0.29288304,,,,,,,
666,mouth,to utter,3.655172414,4646.977931,2711.588176,-0.724183779,,,,,,,
666,mouth,to talk back rudely,3.142857143,4822.230714,9517.959032,-0.99794562,,,,,,,
667,move,to change residences,6,5730.847143,7089.687083,0.940577139,,,,,,,
667,move,bodily motion,3.75,3095.378214,2300.961601,-0.66967505,,,,,,,
667,move,to sell a product,3.357142857,3966.287857,6143.57682,-0.82033921,,,,,,,
667,move,take action,4.666666667,4698.987037,3289.641575,0.133271723,,,,,,,
668,movement,act of moving,5.357142857,3460.433793,1967.024574,0.504279722,,,,,,,
668,movement,rapid progress of events,6.142857143,4253.959643,2822.625662,0.967523843,,,,,,,
668,movement,particular style in art,5.357142857,4127.045,3422.341777,0.562896185,,,,,,,
668,movement,major division in a musical composition,4.275862069,2672.318276,2524.571574,-0.160130908,,,,,,,
669,muck,farmyard manure,5.925925926,3698.221481,1800.874223,0.779732014,,,,,,,
669,muck,mud,5.862068966,3284.788621,1768.993144,0.940552995,,,,,,,
669,muck,to remove dirt...go muck out the horse barn,3.689655172,3089.786552,1927.669542,-0.579168819,,,,,,,
669,muck,to waste time,5.482758621,2628.81,1420.738043,0.60048316,,,,,,,
670,mug,drinking cup,5.321428571,3491.244138,1996.363167,0.592373524,,,,,,,
670,mug,face,5.379310345,2733.09931,1459.446937,0.56459362,,,,,,,
670,mug,to rob someone,4.724137931,3792.414138,1704.564553,0.060589118,,,,,,,
670,mug,type of photo taken at arrest,6.148148148,3529.694074,1935.018443,1.130344766,,,,,,,
671,mule,hybrid animal between horse and donkey,6.310344828,4738.984138,4020.987293,1.196937518,,,,,,,
671,mule,machine for spinning yarn,5.896551724,2639.187241,1247.266492,0.812641539,,,,,,,
671,mule,type of slipper,6.555555556,4005.090741,6044.351205,1.309704197,,,,,,,
671,mule,stubborn person,4.964285714,4008.346071,2124.928208,0.285758614,,,,,,,
671,mule,courier for drug trafficking,4.678571429,3919.7425,2414.529908,-0.033893223,,,,,,,
672,multiply,increase in number by procreation,4.571428571,3040.348571,1216.007999,-0.096519157,,,,,,,
672,multiply,arithmetic operation,6.333333333,3039.026667,1577.519592,1.162733718,,,,,,,
673,muscle,body tissue for movement,4.862068966,3493.216552,1812.778077,0.152388764,,,,,,,
673,muscle,hired thugs,4.482758621,3250.037241,1596.290447,-0.127243589,,,,,,,
673,muscle,to strengthen,5.724137931,3487.167931,2254.511082,0.72330385,,,,,,,
674,mushroom,fleshy fungi,5.931034483,3212.255862,1350.175051,0.850968504,,,,,,,
674,mushroom,explosion cloud,4.310344828,3279.026897,3216.757219,-0.150425515,,,,,,,
674,mushroom,rapid growth,6,3421.144138,3182.713135,1.05676981,,,,,,,
675,nag,to annoy someone,2.896551724,3057.594138,1540.37168,-1.257885704,,,,,,,
675,nag,old horse,3.931034483,4606.326552,2157.239081,-0.529422651,,,,,,,
676,nail,on finger,3.517241379,3288.135517,2225.21776,-0.765074637,,,,,,,
676,nail,thing you hammer,5.185185185,3108.402593,2491.151678,0.321627536,,,,,,,
676,nail,to hit someone,2.481481481,2622.477778,1303.942368,-1.588413942,,,,,,,
676,nail,to pound a nail into something,5.827586207,3834.693793,2394.026747,0.852088185,,,,,,,
677,nap,sleep for a short time,3.814814815,4293.931852,2094.396743,-0.611172027,,,,,,,
677,nap,short fuzzy fibers,5.344827586,3939.411034,4555.855751,0.468346048,,,,,,,
678,nature,natural world/not man-made,3.689655172,2953.578276,1735.45658,-0.594707417,,,,,,,
678,nature,person's character,5.206896552,3046.643793,1758.20083,0.390607494,,,,,,,
679,navy,fleet of warships,3.75,3463.416786,2183.526551,-0.657924599,,,,,,,
679,navy,dark blue color,4.185185185,2979.602222,1404.419822,-0.332869538,,,,,,,
680,neat,tidy,5.5,3810.422857,1809.722414,0.556294349,,,,,,,
680,neat,interesting,5.666666667,3820.501852,2242.444354,0.7088229,,,,,,,
680,neat,marked by skill,2.821428571,2022.078571,798.80317,-1.248795688,,,,,,,
680,neat,not diluted with other substances,6,3211.0575,1275.9053,1.056889655,,,,,,,
681,neck,part of the body,6.107142857,3873.907857,2081.837569,1.031674867,,,,,,,
681,neck,part of the tooth,3.655172414,3533.036897,2534.308975,-0.610138986,,,,,,,
681,neck,to kiss,4.448275862,2925.127241,1537.23853,-0.143777382,,,,,,,
682,needle,small instrument for sewing with thread,5.25,6157.668214,5971.915872,0.359185889,,,,,,,
682,needle,syringe,6.448275862,2807.476552,1996.906531,1.234068077,,,,,,,
682,needle,slender pointer on some electrical devices,4.714285714,4651.533214,3680.17728,0.116733926,,,,,,,
682,needle,to bother,5,4456.724643,3744.957556,0.212429303,,,,,,,
683,negative,numerical value less than zero,5.296296296,4051.555,2004.961102,0.49929009,,,,,,,
683,negative,image to make a photograph,4.5,3200.527143,1147.201485,-0.131317566,,,,,,,
683,negative,expressing denial,5.931034483,2608.184828,1290.456747,0.790087001,,,,,,,
683,neptune,eighth planet from the sun,6,3665.715172,2893.749772,1.016142422,,,,,,,
683,neptune,roman god of the sea,5.75,3264.724643,3731.410042,0.834426001,,,,,,,
684,nerve,bundle of fibers,3.607142857,3100.834286,2161.891612,-0.692032279,,,,,,,
684,nerve,audacity,4.793103448,3021.71931,1604.014639,0.162441139,,,,,,,
685,nest,small bird habitation,5.321428571,3966.234286,1559.226268,0.442153543,,,,,,,
685,nest,to settle in,3.928571429,4326.188929,2508.532834,-0.570729953,,,,,,,
685,nest,to place objects inside one another,5.428571429,3323.21,1949.871852,0.656537565,,,,,,,
686,net,meshed bag for catching things,4.222222222,5056.608571,2575.176549,-0.249310969,,,,,,,
686,net,the internet,5.785714286,3758.156429,3496.085701,0.739378246,,,,,,,
686,net,meshed separation on a tennis court,6.448275862,4091.985862,2641.478165,1.324962108,,,,,,,
686,net,to gain something,3.107142857,4490.258571,1964.578404,-1.099187864,,,,,,,
687,nit,louse egg,2.142857143,3880.991071,5750.352153,-1.79802391,,,,,,,
516,no,lack of,2.620689655,3472.940345,2182.26553,-1.498778455,,,,,,,
516,no,refusal,2.793103448,3929.261034,5050.53705,-1.2858829,,,,,,,
688,nose,organ of smell,6.068965517,4115.54,2119.471372,1.004806554,,,,,,,
688,nose,to smell,5.172413793,3543.207931,1896.613982,0.384031192,,,,,,,
688,nose,short length,5.379310345,4532.601034,2894.579409,0.557473169,,,,,,,
688,nose,front of a ship,6.571428571,4096.566786,1946.882968,1.316182456,,,,,,,
688,nose,any projection,3.214285714,5374.420714,3252.106412,-0.984407279,,,,,,,
688,nose,characteristic smell of wine,3.965517241,3689.047931,4344.153078,-0.550251452,,,,,,,
515,not,no...to negate,5.111111111,5165.288148,4908.034434,0.30567641,,,,,,,
689,note,short message,4.310344828,3611.530345,3072.313981,-0.221374012,,,,,,,
689,note,of importance,4.75,3897.671071,1868.414477,0.100439484,,,,,,,
689,note,musical character of tone,4.142857143,3610.495714,2078.654643,-0.391118178,,,,,,,
689,note,to mark down briefly,4.931034483,3252.836207,1376.116643,0.238801458,,,,,,,
690,notice,pay attention to,4.793103448,4058.877931,4128.992202,0.155426732,,,,,,,
690,notice,formal announcement,4.62962963,3805.515556,2266.131391,0.036646061,,,,,,,
690,notice,warning,4.517241379,2937.728966,2063.150753,-0.070672409,,,,,,,
690,notice,refer to,5.827586207,3506.043793,2400.174202,0.711615603,,,,,,,
691,novel,book of fiction,3.035714286,4529.631429,4419.303444,-1.128317764,,,,,,,
691,novel,describing newness,3.928571429,4726.038276,5095.532015,-0.541134062,,,,,,,
692,number,numerical quantity,4.724137931,3851.039655,2883.113316,0.025195314,,,,,,,
692,number,collection,5.25,4555.302857,2485.460635,0.41743589,,,,,,,
692,number,sum total,3.75862069,3467.735862,1501.582283,-0.630376462,,,,,,,
693,nurse,breastfead an infant,4.892857143,3948.406071,2580.365576,0.149590601,,,,,,,
693,nurse,job for taking care of the sick,6.214285714,3554.148214,1363.835431,1.15652308,,,,,,,
693,nurse,to try to treat,3.896551724,4436.428966,3286.448501,-0.504257342,,,,,,,
693,nurse,to consume slowly,5,3918.722759,3267.34488,0.253822906,,,,,,,
694,nut,dry fruit in a kernel,4.413793103,2417.704483,847.2190165,-0.089346051,,,,,,,
694,nut,enthusiastic person,5.551724138,3722.831379,2488.931335,0.68987372,,,,,,,
694,nut,crazy person,4.517241379,3832.38,2560.694658,-0.041095656,,,,,,,
694,nut,a testicle,5.222222222,3420.894444,2005.401493,0.433827652,,,,,,,
694,nut,goes with a bolt,3.423076923,3133.426154,1879.608884,-0.935327667,,,,,,,
695,object,to oppose,4.862068966,5059.821724,3404.001739,0.216384059,,,,,,,
695,object,a thing,5.285714286,2708.943571,1114.755517,0.341265936,,,,,,,
695,object,end being worked toward,6.148148148,3275.565714,1564.095576,0.812723001,,,,,,,
696,objective,end goal,3.785714286,2546.7075,1179.235316,-0.647549504,,,,,,,
696,objective,unbiased,3.931034483,3159.647241,1212.757881,-0.45785563,,,,,,,
697,odd,strange,5.344827586,3563.62,3586.786677,0.5244502,,,,,,,
697,odd,opposite of even,4.851851852,4436.088148,2870.53005,0.125779629,,,,,,,
698,offense,violation,5.172413793,3085.511034,2019.368622,0.401184177,,,,,,,
698,offense,act of attacking,5,3069.564643,948.5575608,0.114120375,,,,,,,
699,oil,crude petroleum,3.068965517,3201.63,1382.399097,-1.133399466,,,,,,,
699,oil,type of paint,3.192307692,3661.678519,3277.999363,-1.145572935,,,,,,,
700,okay,allowable,3.214285714,3590.997931,2747.111121,-1.046944706,,,,,,,
700,okay,affirmative response,4.571428571,3224.298571,1677.315386,-0.112517685,,,,,,,
700,okay,correct,4.678571429,4531.895714,5373.863271,0.035712719,,,,,,,
701,olive,greenish color,3.888888889,4722.0625,3162.736648,-0.532608406,,,,,,,
701,olive,fruit of evergreen tree,4.655172414,5635.137586,4459.355882,-0.014786918,,,,,,,
702,on,indicates location,3.551724138,6155.672414,3708.978814,-0.729312248,,,,,,,
702,on,indicates occurence,4.535714286,4483.843929,3182.665026,-0.189390962,,,,,,,
702,on,about...that is a book on astronomy,3.535714286,4385.306429,2497.544678,-0.886224112,,,,,,,
702,on,for support,4.703703704,4698.612143,8049.784729,-0.131132429,,,,,,,
703,once,happening on a single occasion,4.074074074,5702.780741,9405.951139,-0.433293123,,,,,,,
703,once,former,4.592592593,4125.141786,2504.009846,-0.026626827,,,,,,,
703,once,suddenly,2.714285714,4611.54069,4024.98123,-1.427428105,,,,,,,
703,once,simultaneously,1.862068966,2393.671724,981.6123658,-1.911431732,,,,,,,
704,one,a single unit,3.678571429,3155.918214,1350.897755,-0.660922895,,,,,,,
704,one,number,1.928571429,3663.569643,3604.985987,-1.873245016,,,,,,,
704,one,particular thing,4.37037037,4568.773214,2929.298389,-0.318085342,,,,,,,
704,one,first number,2.814814815,3738.472143,2403.815383,-1.216907284,,,,,,,
704,one,pronoun,5.518518519,3452.165357,2151.468331,0.368526993,,,,,,,
705,open,not closed,5.25,3961.228214,2532.597593,0.346211828,,,,,,,
705,open,undecided,4.068965517,4091.185517,2424.437169,-0.402524902,,,,,,,
705,open,unreserved,4.714285714,4238.284286,4221.334155,0.155808363,,,,,,,
705,open,unoccupied,4.137931034,5258.145172,3844.84141,-0.254497364,,,,,,,
705,open,to begin with something,5.068965517,3216.114138,2162.374353,0.279827253,,,,,,,
705,open,to afford access,4.655172414,6209.247931,6171.796791,-0.021557942,,,,,,,
705,open,receptive,5.107142857,4135.398214,2468.047978,0.280345631,,,,,,,
705,open,extended,5.071428571,3524.59,2151.859454,0.30871595,,,,,,,
706,opener,device for uncovering things,3.827586207,3788.345172,2286.161114,-0.550248193,,,,,,,
706,opener,first in a series,5.285714286,3591.930345,2007.007831,0.499178644,,,,,,,
707,opening,vacancy,4.214285714,3176.391786,5299.168862,-0.331072174,,,,,,,
707,opening,entrance,5.185185185,5399.912593,4688.849128,0.359383155,,,,,,,
707,opening,first night of a production,4.178571429,4130.996552,3553.043466,-0.31094559,,,,,,,
708,operation,particular process,5.642857143,4941.394643,3315.98189,0.685541587,,,,,,,
708,operation,surgery,5.888888889,2695.59,816.0130476,0.79208233,,,,,,,
709,option,a choice,2.896551724,3420.744138,2295.438983,-1.189906893,,,,,,,
709,option,right to acquire something in the future,2.413793103,3396.207586,3326.017143,-1.666570583,,,,,,,
709,option,football play,4.310344828,6910.103793,18583.95405,-0.242863481,,,,,,,
710,orange,citris fruit,4.793103448,5174.89,4298.505887,0.159863014,,,,,,,
710,orange,a color,5.607142857,4401.35,3941.034417,0.618427109,,,,,,,
711,order,command,5.464285714,3598.736429,2034.185174,0.567235515,,,,,,,
711,order,proper functioning,4.142857143,4382.381071,3161.820351,-0.476526108,,,,,,,
711,order,conformity to law,4.222222222,3496.838214,3262.4273,-0.202795243,,,,,,,
711,order,established regime,5.24137931,4517.483793,3559.208986,0.485906202,,,,,,,
711,order,sucession of things... listed in order,6.75,3813.148214,2144.872495,1.433061392,,,,,,,
712,organ,type of instrument,4.655172414,3156.584483,1667.465119,0.092575166,,,,,,,
712,organ,distinct group of functioning tissue,5.071428571,4603.0775,2804.756275,0.234246423,,,,,,,
712,organ,slang for penis,5.740740741,4967.178148,4525.53706,0.723543658,,,,,,,
713,organization,a group,5.620689655,5251.763448,6551.15083,0.669853342,,,,,,,
713,organization,quality of being organized,5.344827586,3235.488276,2160.229809,0.441408073,,,,,,,
714,orient,position toward an object,3.392857143,4926.577857,8159.052472,-0.905086508,,,,,,,
714,orient,countries of asia,2.448275862,3581.069655,2424.249064,-1.563130325,,,,,,,
715,ornament,to adorn,3.607142857,4989.080357,4561.336387,-0.679323553,,,,,,,
715,ornament,decoration,3.068965517,3164.490345,2026.768838,-1.025577953,,,,,,,
716,ouch,exclamation indicating pain,4.285714286,4184.688214,2821.774343,-0.287211271,,,,,,,
461,our,owned by self and others,3.5,6150.74,7660.0815,-0.791454042,,,,,,,
717,ours,mine and yours,4.703703704,4408.9375,3927.612951,0.072794519,,,,,,,
718,out,away from one's home,4.655172414,4634.711724,2904.962495,-0.020739411,,,,,,,
718,out,to go outdoors,4.357142857,4392.168214,4787.944487,-0.148930008,,,,,,,
718,out,state of depletion,3.482758621,4050.940345,3851.781569,-0.712973291,,,,,,,
718,out,to project/extend,5,3613.248519,3554.145532,0.243577732,,,,,,,
718,out,loudly,4.689655172,4620.442069,3320.482539,-0.038812243,,,,,,,
718,out,baseball term,6,4188.902593,3507.491551,0.940125684,,,,,,,
719,outlet,an exit,5.5,4070.516429,1655.147833,0.656292735,,,,,,,
719,outlet,part of electrical wiring system,4.571428571,4775.714286,4319.113098,0.063072911,,,,,,,
719,outlet,commercial market for goods,4.538461538,3931.421923,2544.371943,0.03630445,,,,,,,
719,outlet,means of expression,4.296296296,2694.671111,1400.025547,-0.279824897,,,,,,,
720,outline,contour or boundary,6.392857143,2378.006429,959.9070401,1.214493405,,,,,,,
720,outline,general sketch of something,3.666666667,3199.465185,1186.745109,-0.777290369,,,,,,,
721,ox,bovine animal,3.928571429,4089.903929,2180.453061,-0.398651622,,,,,,,
721,ox,clumsy man,4.379310345,4230.152759,1673.38804,-0.224538084,,,,,,,
722,pack,load a suitcase for travel,4.607142857,6295.416071,7690.446328,-0.172568441,,,,,,,
722,pack,a group of people or animals,4.214285714,3403.978966,2284.397254,-0.266837778,,,,,,,
722,pack,a wrapped bundle for easy carrying,6.535714286,3178.375,2020.019758,1.362674822,,,,,,,
722,pack,to compact into a mass,4.413793103,3761.703448,2055.329369,-0.211011706,,,,,,,
723,package,mailed parcel,5,2674.667586,1203.784248,0.265602215,,,,,,,
723,package,slang for men's genitalia,5.107142857,4308.061429,2292.039915,0.277861751,,,,,,,
724,pad,a paper tablet,4.620689655,4921.586552,4635.666871,-0.042287029,,,,,,,
724,pad,on animals' feet,6.071428571,3112.798214,1054.055283,1.010680701,,,,,,,
724,pad,piece of absorbent material,4.689655172,3973.274483,3307.668569,-0.024091414,,,,,,,
724,pad,part of lily plant,4.551724138,3372.352069,2149.623392,-0.171201494,,,,,,,
724,pad,slang for living-quarters,3.793103448,3183.904483,1655.019729,-0.538599619,,,,,,,
724,pad,to stuff with padding,3.428571429,3529.731071,3130.579509,-0.903099419,,,,,,,
724,pad,cushion for softness,3.482758621,4513.928276,2686.680748,-0.885693828,,,,,,,
725,paddle,a short oar,2.678571429,3360.816429,1648.376215,-1.34878588,,,,,,,
725,paddle,to spank someone,6.137931034,4335.168276,2084.006567,1.136825676,,,,,,,
726,pail,small bucket,3.172413793,2620.985517,2101.225781,-1.030662725,,,,,,,
727,paint,decorative liquid substance,4,3396.152069,3332.862089,-0.448802876,,,,,,,
727,paint,to cover something with paint,3.724137931,2617.524138,1339.487556,-0.69567409,,,,,,,
727,paint,type of pony,3.607142857,3036.9175,1596.871877,-0.691171475,,,,,,,
728,pair,two,6.172413793,3457.322759,2001.586639,1.036742978,,,,,,,
726,pale,light,5.310344828,5316.53,3181.263145,0.478267376,,,,,,,
729,palm,type of tree,5.586206897,3989.23069,3647.382083,0.729889832,,,,,,,
729,palm,underside of hand,4.448275862,4495.29069,5034.899816,-0.040647346,,,,,,,
729,palm,to steal something,5.392857143,3993.803571,2082.162721,0.516943224,,,,,,,
730,panel,portion of a wall forming a frame,5.862068966,4546.956552,2358.198196,0.802208963,,,,,,,
730,panel,group of people gathered to discuss,3.655172414,3511.004483,2909.583578,-0.621809785,,,,,,,
730,panel,flat piece of wood,2.965517241,3808.214828,1874.626971,-1.159897158,,,,,,,
730,panel,instrument display,3.962962963,4044.129259,2913.140506,-0.598025503,,,,,,,
728,pare,to cut-out a fruit core,2.884615385,2900.805,1689.54427,-1.220537192,,,,,,,
729,park,to stop one's car,5.074074074,3385.573704,2269.685069,0.266727126,,,,,,,
729,park,area of land for enjoyment,3.714285714,8505.458621,10523.78454,-0.531321889,,,,,,,
729,park,enclosed area for sports,4.678571429,5242.821429,7646.531134,-0.017640443,,,,,,,
730,parrot,type of bird,4.357142857,3157.236429,1771.016065,-0.22070341,,,,,,,
730,parrot,to mimic someone,4.571428571,4460.436786,3072.843449,0.015269532,,,,,,,
731,part,separate portion of a whole,3.5,3462.248929,2503.090259,-0.829270838,,,,,,,
731,part,essential attribute,4.518518519,6084.405556,7757.912538,-0.078650924,,,,,,,
731,part,a role,4.275862069,3255.76069,2229.795454,-0.37867748,,,,,,,
732,pass,to complete successfully,4.678571429,3852.635714,2987.910183,-0.030179693,,,,,,,
732,pass,to go by,4.551724138,3063.996207,1952.095983,0.043089764,,,,,,,
732,pass,to let go without notice,3.857142857,3733.791429,3261.513294,-0.440006146,,,,,,,
732,pass,to deliver,5.035714286,4722.413929,3998.753524,0.225022992,,,,,,,
732,pass,to approve,4.24137931,3328.777586,2107.120585,-0.191194027,,,,,,,
733,pass out,to faint,4.928571429,4301.101429,2653.900725,0.248039222,,,,,,,
733,pass out,to hand out something,5.321428571,5669.150357,4744.38981,0.575617817,,,,,,,
734,passage,part of written story,5.931034483,3846.743793,2626.498761,0.900525222,,,,,,,
734,passage,narrow hallway,4,4463.318276,2748.067466,-0.368818496,,,,,,,
734,passage,to voyage by water,4.296296296,4134.365556,2755.859467,-0.289209018,,,,,,,
735,passive,to not react visibly,4.448275862,4614.796552,4384.092703,-0.090466478,,,,,,,
735,passive,type of voice in writing,5.172413793,5650.587586,8158.241755,0.356125978,,,,,,,
736,patch,small field for growing vegetables,5.586206897,4089.016552,2216.057256,0.64587283,,,,,,,
736,patch,small piece of a quilt,4.75,5709.310714,6408.957667,0.036713859,,,,,,,
736,patch,to mend or cover something,4.333333333,5903.231786,7508.699367,-0.22823889,,,,,,,
736,patch,to settle or smooth over,4.206896552,2997.189655,2311.135506,-0.436615997,,,,,,,
736,patch,to hook up,4.172413793,3650.793793,1794.983589,-0.368270181,,,,,,,
737,patient,bearing annoyance with calm,3.071428571,2610.553571,1497.523976,-1.154939309,,,,,,,
737,patient,person receiving medical treatment,4.931034483,3003.60931,1284.36118,0.198917072,,,,,,,
738,pause,to wait,6.25,5056.703929,5011.624638,1.067470828,,,,,,,
738,pause,to stop a recording,5.896551724,3777.994828,3685.676468,0.761266583,,,,,,,
740,pawn,type of chess piece,3.035714286,2657.703929,1457.507202,-1.177700447,,,,,,,
740,pawn,to deposit something as security for a loan,5.535714286,4087.964138,2856.278146,0.755874768,,,,,,,
740,pawn,someone who is used by another,4.407407407,3057.198148,1790.623293,-0.267768256,,,,,,,
739,paws,animal,5.172413793,3571.944138,2202.268739,0.36738749,,,,,,,
741,peach,fruit,3,2615.663103,1580.347832,-1.210844492,,,,,,,
741,peach,pleasing person,3.035714286,2725.79,1922.173732,-1.052993372,,,,,,,
742,peak,pointed top of a mountain,3.925925926,2847.824643,1532.380175,-0.556771411,,,,,,,
742,peak,most important level,3.24137931,3753.385517,2474.067461,-0.96858628,,,,,,,
728,pear,fruit,4.777777778,4065.680357,2568.100622,0.001228285,,,,,,,
743,pen,writing instrument,4.206896552,6329.236552,6781.272261,-0.308609589,,,,,,,
743,pen,to write something,5.103448276,4566.472759,3901.83376,0.300762327,,,,,,,
744,people,collective humans,5.107142857,3927.517931,2734.116621,0.093343049,,,,,,,
744,people,subjects of a ruler,3.296296296,4240.587407,2389.166467,-0.81001431,,,,,,,
745,perfect,conforming exactly to the ideal,5.888888889,4186.087407,2386.403438,0.885748131,,,,,,,
745,perfect,unmixed,5.642857143,5994.901379,5919.415393,0.658592415,,,,,,,
746,period,large interval of time,6.310344828,4267.343103,2722.971197,1.07320579,,,,,,,
746,period,punctuation mark at the end of sentence,2.571428571,2852.134286,1822.306983,-1.44510624,,,,,,,
746,period,occurance of menstruation,3.75,3756.402857,3035.776424,-0.625011251,,,,,,,
746,period,duration of one complete wave cycle,6,2782.20963,1362.951975,0.89605723,,,,,,,
746,period,sequence of elements in periodic table,3.482758621,2687.214483,1355.416913,-0.865983302,,,,,,,
747,pet,to caress,4.75,3742.756071,2311.439152,0.075723958,,,,,,,
747,pet,domestic animal,5.310344828,3482.630345,1889.91677,0.422237589,,,,,,,
317,phat,awesome,3.793103448,2787.931724,1143.626691,-0.495412385,,,,,,,
748,pick,to choose from a group,4.321428571,3262.195714,2542.974503,-0.294773537,,,,,,,
748,pick,tool used for loosening something,4.607142857,2754.8025,1402.901039,-0.168737519,,,,,,,
748,pick,to pluck a musical instrument,6.137931034,2493.732069,944.7249639,1.159238079,,,,,,,
748,pick,to harvest,4.25,4342.094286,2519.583937,-0.343067562,,,,,,,
749,pig,swine,4.24137931,4714.345517,2816.340812,-0.300393731,,,,,,,
749,pig,filthy person,5.413793103,5511.145172,5714.643057,0.602232308,,,,,,,
749,pig,police officer,4.428571429,3764.762143,2010.511645,-0.060514325,,,,,,,
750,pin,piece of metal for fastening,3,3468.611071,1808.650369,-1.209664701,,,,,,,
750,pin,wooden club in bowling,4.310344828,5779.675517,3613.100352,-0.171258719,,,,,,,
750,pin,flag in golf used to identify hole,4.071428571,3177.219643,2029.07023,-0.488204789,,,,,,,
750,pin,to hold down one's opponent in wrestling,6.137931034,2485.133793,894.1798997,0.994057834,,,,,,,
751,pinch,to squeeze tightly,5.517241379,3074.799655,1644.967601,0.562977505,,,,,,,
751,pinch,to constrict unnaturally,5.321428571,3948.347857,2222.244136,0.553367501,,,,,,,
752,pine,evergreen tree,6.740740741,5283.237143,7878.173702,1.283232824,,,,,,,
752,pine,to yearn deeply,4.357142857,2958.268214,1672.693312,-0.281245918,,,,,,,
753,pissed,angered,5.310344828,4671.525862,2967.950915,0.517605901,,,,,,,
753,pissed,urinated,4.689655172,4173.003793,2420.852671,0.141229292,,,,,,,
753,pissed,intoxicated,5,2963.416207,1556.644582,0.214996171,,,,,,,
754,pit,hole in the ground,3.586206897,2948.468276,2614.532976,-0.657164913,,,,,,,
754,pit,side area of a car racing track,6.275862069,3506.692759,1995.138555,1.232754114,,,,,,,
754,pit,stone of a fruit,5,3353.954643,1697.026584,0.278630946,,,,,,,
754,pit,natural hollow in the body,5.620689655,4303.44069,3149.44506,0.751513004,,,,,,,
755,pitch,to set up a tent,5.655172414,2576.963448,1135.972336,0.655352473,,,,,,,
755,pitch,to throw a baseball,4.586206897,3572.941379,1296.869326,-0.075767445,,,,,,,
755,pitch,type of card game,5.214285714,4005.692143,2910.707763,0.336297327,,,,,,,
755,pitch,highest point,4.214285714,4332.957857,1956.173347,-0.280158606,,,,,,,
755,pitch,to try to sell something,3.517241379,3814.597241,4132.178905,-0.783593133,,,,,,,
755,pitch,to help...pitch in,3.964285714,3808.975714,2744.315355,-0.554513731,,,,,,,
755,pitch,to discard,4.931034483,4086.175172,2214.328985,0.086304091,,,,,,,
755,pitch,a particular musical tone,4.517241379,6974.496552,6027.458032,-0.039465244,,,,,,,
756,pitcher,container with a handle for pouring liquids,5.25,5724.728214,3077.942982,0.422342952,,,,,,,
756,pitcher,person who throws in baseball,3.827586207,4062.607586,3429.19331,-0.552676631,,,,,,,
757,place,a residence,4.071428571,5888.783793,4810.296723,-0.571788084,,,,,,,
757,place,position of a decimal,4.37037037,5804.223214,4853.483298,-0.415137995,,,,,,,
757,place,in substituion...use water in place of milk,4.655172414,4009.08931,2407.371029,-0.053969884,,,,,,,
757,place,duty...it's not your place to tell me that,4.962962963,5441.785357,3457.479377,0.199276505,,,,,,,
757,place,a seat,5.142857143,2908.833571,1157.720166,0.225369251,,,,,,,
757,place,particular portion of space,4.034482759,4162.118621,2417.682676,-0.386834393,,,,,,,
757,place,position among competitors,5.185185185,4268.579643,1803.007999,0.329835409,,,,,,,
757,place,to give an order,5,3105.166552,1448.257178,0.270218857,,,,,,,
758,plain,clear to the eye or ear,2.862068966,2791.01,1980.031561,-1.161072791,,,,,,,
758,plain,not attractive,5.379310345,3946.20069,3322.171261,0.560336212,,,,,,,
758,plain,without pattern,5.172413793,3066.648966,1393.458987,0.331488348,,,,,,,
758,plain,"broad, treeless expanse",6.206896552,5392.751379,3413.696934,1.076125291,,,,,,,
758,plane,flat surface,5.448275862,2575.335862,1387.825454,0.470786777,,,,,,,
758,plane,airplane,6.24137931,3305.692759,1773.394129,1.084827551,,,,,,,
759,plaque,commemorative tablet,6.814814815,2152.685185,746.850381,1.505216939,,,,,,,
759,plaque,film on teeth,6.103448276,3389.268966,2277.360179,1.013803665,,,,,,,
759,plaque,flat raised patch on skin or in arteries,3.034482759,3744.526552,2100.568819,-1.174552675,,,,,,,
760,plaster,to cover walls,4.571428571,3979.453571,2615.790044,-0.148563202,,,,,,,
760,plaster,powdered gypsum,6.142857143,5837.769643,5688.00275,1.014781974,,,,,,,
760,plaster,to be really drunk,3.928571429,3160.848214,2089.312134,-0.598573235,,,,,,,
760,plaster,to defeat decisively,3.896551724,4085.651379,2658.10788,-0.420259192,,,,,,,
761,plate,shallow dish,2.642857143,2652.581786,1334.586322,-1.33733125,,,,,,,
761,plate,flat piece of metal,3.379310345,3434.862414,1846.329746,-0.867964856,,,,,,,
761,plate,full-page of illustration in a book,5.821428571,4917.185,7476.902757,0.836700594,,,,,,,
761,plate,base in baseball,4.321428571,3338.488571,2173.686866,-0.178542202,,,,,,,
762,play,a dramatic performance,6.285714286,2860.020357,2021.561536,1.127466073,,,,,,,
762,play,in a game,4.517241379,5381.305862,2508.738402,-0.096383601,,,,,,,
762,play,to exploit,2.925925926,3279.57963,2134.35086,-1.340877209,,,,,,,
762,play,to perform on a musical instrument,4.24137931,5800.874483,5237.126431,-0.235535503,,,,,,,
763,player,a performer,4.379310345,2887.963103,1649.34576,-0.236165753,,,,,,,
763,player,a pimp,4.689655172,5292.202759,11684.45021,0.122042865,,,,,,,
763,player,sound or image producing machine,5.310344828,2923.621724,1813.656031,0.396997369,,,,,,,
764,please,a polite request,5.035714286,4896.236071,3538.127177,0.407463808,,,,,,,
764,please,to act to pleasure,4.379310345,4070.257586,1807.483196,-0.193518943,,,,,,,
765,plot,storyline,4.321428571,3550.543793,2175.464379,-0.422384833,,,,,,,
765,plot,measured piece of land,5.857142857,5096.872143,3395.21137,0.863701647,,,,,,,
765,plot,to draw on a map,6.068965517,3629.546897,4118.21769,1.067197751,,,,,,,
765,plot,a secret plan or scheme,3.407407407,4681.520741,7385.671829,-0.86059809,,,,,,,
766,plug,material to stop a hole,4.148148148,4239.577037,4711.855628,-0.357291597,,,,,,,
766,plug,electrical device,3.24137931,3464.335517,1956.363292,-0.982066329,,,,,,,
766,plug,favorable mention of something,4.482758621,3393.531724,1746.846329,-0.157677103,,,,,,,
766,plug,a bullet,4.285714286,5536.905357,3963.778474,-0.155115714,,,,,,,
767,plus,addition,3.827586207,3671.127586,1658.12474,-0.572953429,,,,,,,
767,plus,positive gain,5.206896552,6297.919655,5864.271066,0.511498011,,,,,,,
768,point,sharp end,5.655172414,4310.589655,1670.994325,0.81311404,,,,,,,
768,point,decimal,3.586206897,4624.064138,4962.507259,-0.670488763,,,,,,,
768,point,indicating position,5,3848.176923,2966.352734,0.186280102,,,,,,,
768,point,in a game or on a test,4.928571429,3244.191429,2473.939185,0.156410187,,,,,,,
768,point,attentive stance of a hunting dog,5.689655172,3457.790345,1956.487559,0.706039283,,,,,,,
768,point,to aim,4.821428571,3280.915,1826.410285,0.198543623,,,,,,,
768,point,to emphasize,4.034482759,3265.731724,1506.702052,-0.517497063,,,,,,,
768,point,distinct condition,3.310344828,3897.956552,2331.124601,-0.81695226,,,,,,,
769,polish,to make smooth,4.586206897,4335.742069,1743.94069,0.014204599,,,,,,,
769,polish,to finish quickly,6.296296296,2737.248889,937.196556,1.065758701,,,,,,,
769,polish,glossy substance,3.333333333,2755.980741,1304.325944,-1.043012183,,,,,,,
770,pop,short explosive sound,5.068965517,3747.687586,1816.719012,0.241612478,,,,,,,
770,pop,type of hit in baseball,6,3736.667586,2072.51132,0.975441279,,,,,,,
770,pop,to take pills,5.448275862,3716.226552,1396.675082,0.463996069,,,,,,,
770,pop,soda,5,3333.327586,2375.504098,0.211245371,,,,,,,
770,pop,unexpectedly...she gave us a pop quiz,6,3844.861379,2803.452227,0.88905009,,,,,,,
770,pop,propose marriage,6.321428571,3130.066071,1783.902576,1.299665605,,,,,,,
770,pop,pertaining to popular culture,6.137931034,4925.034138,4210.340245,1.070122521,,,,,,,
770,pop,to burst open suddenly,4.689655172,4545.298276,2847.568685,0.019507472,,,,,,,
771,port,a harbor,4.857142857,4888.542857,3357.587167,0.154690138,,,,,,,
771,port,left-hand side of a vessel,4.964285714,3469.9075,5165.038661,0.149901785,,,,,,,
771,port,type of red wine,5.275862069,4408.742759,4185.80775,0.468639165,,,,,,,
771,port,computer terminal for data connection,6.037037037,4408.314074,2358.025867,0.982809557,,,,,,,
772,position,reference to a location,4.666666667,3709.142593,3455.946704,0.058997201,,,,,,,
772,position,appropriate place,4.333333333,3490.471111,2525.328475,-0.280565215,,,,,,,
772,position,status,4.551724138,4304.330345,2080.12376,-0.039591824,,,,,,,
772,position,post of employment,4.896551724,4576.915517,3345.552451,0.20805754,,,,,,,
772,position,musical arrangement of tones,5.777777778,5174.278889,2816.735487,0.74614676,,,,,,,
773,positive,being confident,5.75,3739.063214,1646.726371,0.778613879,,,,,,,
773,positive,approval,5.5,3851.324286,1752.856821,0.501344182,,,,,,,
773,positive,quantity greater than zero,4.75,4162.97,6155.650896,0.082351205,,,,,,,
774,post,support beam,5.714285714,2992.554643,1251.195947,0.716032287,,,,,,,
774,post,pole on a racetrack,3.689655172,4640.381379,4012.727005,-0.672177697,,,,,,,
774,post,type of computer message,6.103448276,2618.567241,1279.696069,1.124960712,,,,,,,
774,post,publish on a list,4.142857143,4368.431429,5537.033628,-0.285261398,,,,,,,
774,post,to send a letter,3.666666667,4119.103704,2575.456862,-0.812431781,,,,,,,
774,post,position of employment,4.222222222,3122.942222,2038.000563,-0.306718164,,,,,,,
775,pot,deep bowl for cooking,3.689655172,2795.426552,1307.719813,-0.643187958,,,,,,,
775,pot,slang for marijuana,4.814814815,3577.901111,3358.255945,0.147520773,,,,,,,
775,pot,to plant,4.482758621,18678.90552,80906.54347,-0.066572731,,,,,,,
775,pot,container for heating coffee/tea,4.62962963,4294.741481,1996.469505,-0.029965197,,,,,,,
776,pouch,small bag,5.464285714,3697.318929,2075.04759,0.510552288,,,,,,,
776,pouch,on a kangaroo,4.214285714,3105.534286,1789.685579,-0.235498085,,,,,,,
777,pound,to strike repeatedly,4.137931034,4571.945862,5668.753887,-0.405314537,,,,,,,
777,pound,unit of weight = 16oz,5.142857143,3511.685714,1646.270523,0.394939373,,,,,,,
777,pound,enclosure for sheltering animals,5.111111111,4217.668148,2988.199343,0.30361993,,,,,,,
777,pound,monetary unit in UK,6,3846.075714,2825.415197,1.062376306,,,,,,,
778,power,ability/strength,4.571428571,2988.848214,1381.154014,-0.190377483,,,,,,,
778,power,control over others,3.857142857,2598.704643,1130.17799,-0.560360903,,,,,,,
778,power,military force,4.642857143,3552.781786,2042.410007,-0.059240708,,,,,,,
778,power,form of physical energy,5.592592593,3650.325926,2082.379278,0.763068447,,,,,,,
778,power,mathematical exponential expression,3.931034483,4750.021724,2698.976403,-0.454516979,,,,,,,
780,practice,a custom,3.107142857,3276.171071,1145.020331,-1.265132968,,,,,,,
780,practice,established professional business,4.448275862,4007.026207,3580.039139,-0.194910966,,,,,,,
780,practice,to train repeatedly in order to excel,4.321428571,4263.308929,5208.371876,-0.20122019,,,,,,,
779,praise,to give compliments,2.777777778,3827.153333,4218.657468,-1.302275192,,,,,,,
779,praise,thanking God,4.321428571,4843.29,3803.24428,-0.242098625,,,,,,,
779,prays,speaking to God,4.965517241,4170.902759,2501.253564,0.167530957,,,,,,,
781,precious,of great value,5,5455.007143,2518.830591,0.241634871,,,,,,,
781,precious,beloved,4.25,7549.903571,10767.9585,-0.237661992,,,,,,,
782,present,a gift,4.428571429,6097.562143,6913.999982,-0.218493651,,,,,,,
782,present,existing at this time,5.357142857,5059.3025,7315.66864,0.449371282,,,,,,,
782,present,to exhibit,4.448275862,3729.584138,1716.315792,-0.102488522,,,,,,,
782,present,to point something at someone,6.111111111,3654.238571,1391.051222,0.992176902,,,,,,,
783,press,to flatten/make smooth,5.928571429,4659.475,2912.78671,0.961376412,,,,,,,
783,press,to hold closely,4.310344828,6276.419655,6824.672929,-0.121042362,,,,,,,
783,press,printed publications,5.111111111,3530.118889,2881.664662,0.291590239,,,,,,,
783,press,to force into a certain position,4.888888889,4060.844444,3886.946819,0.094517802,,,,,,,
783,press,piece of weightlifting equipment,4,3128.829655,1397.139802,-0.4345767,,,,,,,
783,press,defensive term in basketball,6.413793103,3121.797241,1892.414642,1.274011748,,,,,,,
784,pressure,placing force on a surface,6.321428571,3767.679643,1623.221866,1.15232033,,,,,,,
784,pressure,urgent demand,4.321428571,3965.1475,1625.653728,-0.198027784,,,,,,,
785,prick,a needle puncture,5.310344828,3077.047586,1237.367755,0.469461004,,,,,,,
785,prick,sharp pain,4.071428571,3650.38069,2818.942425,-0.363276007,,,,,,,
785,prick,penis,4.75862069,4272.481724,5616.307462,0.188192188,,,,,,,
785,prick,vulgar name for a male,5.678571429,3714.482143,1594.701774,0.591703362,,,,,,,
785,prick,to create small punctures,5.482758621,3316.28931,1279.644101,0.589935504,,,,,,,
786,pride,high opinion of self,5.321428571,4115.371786,2191.722479,0.439595115,,,,,,,
786,pride,being proud of someone,6.517241379,3474.866897,1392.020931,1.328663297,,,,,,,
786,pride,group of lions,5.333333333,4706.086667,8528.66847,0.456730556,,,,,,,
786,pride,best group of a society,6,3372.376552,2121.74004,0.928830514,,,,,,,
787,prime,number divided by one and itself,3.607142857,3131.542759,1870.232317,-0.708305338,,,,,,,
787,prime,minimum interest rate charged by a bank,4.724137931,3591.256897,2662.846455,0.14153435,,,,,,,
787,prime,to make ready,6.44,3191.6356,2765.550429,1.191144512,,,,,,,
787,prime,minister in UK,3.571428571,3411.306071,2007.109089,-0.771273125,,,,,,,
787,prime,flourishing state,5.379310345,5272.015862,5109.872288,0.551428278,,,,,,,
788,prince,royal son,4.724137931,4842.84069,6520.865439,0.020379792,,,,,,,
789,principal,chief,3.857142857,4552.967857,2221.272457,-0.574134104,,,,,,,
789,principal,capital sum,5.464285714,5413.037241,3036.708511,0.487788118,,,,,,,
789,principal,authority at a school,5.068965517,3325.96931,1844.460117,0.258111591,,,,,,,
789,principal,main participant,4.827586207,4434.767241,4092.699572,0.122662164,,,,,,,
790,print,to publish something,4.928571429,2911.688571,1927.386554,0.102065996,,,,,,,
790,print,way of writing,4.607142857,3469.196429,2291.091304,-0.161611463,,,,,,,
790,print,indentations left,4.448275862,3767.174828,2788.774777,-0.102792554,,,,,,,
790,print,photograph,4.642857143,5195.02,3080.246338,-0.010478844,,,,,,,
790,print,design/pattern on cloth,4.857142857,4401.644643,5459.548127,0.225801877,,,,,,,
791,prints,photos,6,3642.564643,1802.227557,0.7981656,,,,,,,
791,prints,fingerprints,5.185185185,3470.870741,2454.334018,0.356775512,,,,,,,
792,private,belonging to a particular person,5.137931034,4005.491034,3884.96522,0.421357476,,,,,,,
792,private,personal/intimate,4.551724138,3228.447241,1847.783233,-0.034810334,,,,,,,
792,private,secluded,4.5,4332.893846,2421.471908,-0.158036037,,,,,,,
792,private,lowest enlisted soldier,4.25,3222.7475,1963.45434,-0.224528686,,,,,,,
793,pro,in favor of something,5.172413793,6175.665862,6391.448407,0.444845946,,,,,,,
793,pro,opposite of con,5.24137931,3265.263448,2041.530605,0.370417758,,,,,,,
793,pro,short for professional,4.5,4212.35069,2701.48616,-0.166647712,,,,,,,
794,problem,question involving uncertainty,5.148148148,3460.27,1899.010384,0.126983517,,,,,,,
794,problem,mathematical statement,5.535714286,4252.483214,1790.722515,0.654180608,,,,,,,
795,procedure,particular course of action,4.482758621,3278.406897,2126.334248,-0.08185427,,,,,,,
795,procedure,medical surgery,5,3952.956552,2251.116059,0.330302976,,,,,,,
796,produce,to bring into existence,5,3340.974286,2094.726301,0.321349973,,,,,,,
796,produce,to yield something,5.740740741,5779.833214,4859.763103,0.698885735,,,,,,,
796,produce,offspring of an animal,5.137931034,3779.118966,3126.078366,0.310582091,,,,,,,
796,produce,vegetables and fruits,4.517241379,3923.418621,2896.329523,-0.197001799,,,,,,,
797,production,manufacturing something,5.310344828,4808.04931,4539.739459,0.490866634,,,,,,,
797,production,a theatrical play,5.107142857,4100.168571,3401.020179,0.367271111,,,,,,,
797,production,unnecessarily complicated situation,4.333333333,3607.641852,2415.68016,-0.282030142,,,,,,,
798,professional,an occupation requiring specific training,4.931034483,3881.400345,3212.870217,0.16996924,,,,,,,
798,professional,an expert,5.75862069,3779.983448,2696.101021,0.688709555,,,,,,,
798,professional,acting with a certain demeanor,5.464285714,5330.292857,4843.021301,0.562883806,,,,,,,
799,program,plan of action,4.413793103,3737.991724,3218.01267,-0.213646259,,,,,,,
799,program,radio/TV production,5.392857143,3930.958214,3931.536844,0.521141677,,,,,,,
799,program,list of performers,5.793103448,5651.704138,4223.030836,0.850697956,,,,,,,
799,program,computer sequence of instructions,5.703703704,4539.40963,3043.870964,0.730207916,,,,,,,
799,program,to cause to have automatic responses,5.259259259,5000.233704,3603.077669,0.516797051,,,,,,,
800,project,a specific task,4.892857143,6403.405,12950.50945,0.109730343,,,,,,,
800,project,to protrude,4.428571429,4524.093571,4198.238887,-0.103550626,,,,,,,
800,project,to calculate some future thing,5.071428571,4588.861429,5647.606346,0.260169909,,,,,,,
800,project,to communicate clearly,5.275862069,4041.396897,2793.780658,0.547904047,,,,,,,
800,project,placing one's feelings to others,4.851851852,3031.5825,1412.779958,0.070831018,,,,,,,
801,proper,suitable,5.428571429,2789.980345,1413.689158,0.481186839,,,,,,,
801,proper,minding manners,4.689655172,4209.046552,3057.238924,0.067545328,,,,,,,
801,proper,in the strict sense,4.310344828,4103.807586,2354.398308,-0.235927338,,,,,,,
801,proper,thorough,5.5,2914.964286,1774.680794,0.690400309,,,,,,,
802,prune,dried plum,3.620689655,3595.098621,3148.321636,-0.763118817,,,,,,,
802,prune,to trim branches,4.068965517,3034.873793,1188.583895,-0.370844507,,,,,,,
803,puff,short blast of air,5.482758621,3887.784483,2949.032014,0.613683039,,,,,,,
803,puff,ball of soft material,3.821428571,3710.95,2199.734561,-0.594787734,,,,,,,
803,puff,to smoke something,5.285714286,5036.069286,2867.059242,0.453228792,,,,,,,
804,punch,hit with a fist,4.428571429,2482.034643,1316.797536,-0.129379325,,,,,,,
804,punch,forcefulness,5.607142857,2942.485714,1072.851104,0.596937126,,,,,,,
804,punch,end line of a joke,3.357142857,3118.441429,2098.4644,-0.945165191,,,,,,,
804,punch,mixed juice beverage,6.068965517,3359.318621,1446.364063,0.924873403,,,,,,,
804,punch,to depress a key,5.740740741,3156.338889,1417.97082,0.754006919,,,,,,,
805,pupil,opening in iris of the eye,2.714285714,3650.236786,2604.080113,-1.418952809,,,,,,,
805,pupil,student,6.285714286,2746.619643,1411.294834,1.153207875,,,,,,,
806,purse,woman's handbag,5.038461538,4049.221154,2670.161034,0.169863075,,,,,,,
806,purse,to pucker,5.24137931,3443.063448,1927.969245,0.45558984,,,,,,,
806,purse,sum of prize money,5.206896552,4249.503448,2322.642262,0.3091655,,,,,,,
807,quack,duck's cry,5.75862069,4628.886897,3217.151974,0.784245903,,,,,,,
807,quack,fradulent person,4.678571429,4291.075357,1973.076279,-0.07721884,,,,,,,
808,quality,distincitive characteristic,3.071428571,2658.253571,1446.983886,-1.130408563,,,,,,,
808,quality,superiority,4.678571429,3970.270357,1807.770727,-0.025686894,,,,,,,
808,quality,texture of a tone or color,5.448275862,3684.040345,1419.894094,0.597190452,,,,,,,
808,quality,high social position,4.428571429,3561.038214,1472.199137,-0.281015355,,,,,,,
809,quarter,one of four equivalent parts,5.586206897,5352.672069,5992.578244,0.612366668,,,,,,,
809,quarter,coin,6.571428571,3536.038571,2439.138888,1.268305934,,,,,,,
809,quarter,fifteen minutes,5.75,3454.011071,1990.044013,0.742782197,,,,,,,
809,quarter,one forth of a calendar year,4.857142857,3319.682143,1967.820246,0.184848336,,,,,,,
809,quarter,period in sports matches,3.586206897,3447.977586,2003.497766,-0.772012029,,,,,,,
809,quarter,particular district of a town,6.642857143,3230.958621,2706.324257,1.429568008,,,,,,,
809,quarter,part of a horse's hoof,4.333333333,4123.148519,2053.882647,-0.200656049,,,,,,,
809,quarter,to lodge,3.571428571,3274.582857,1683.417468,-0.75576986,,,,,,,
809,quarter,to cut into four parts,5.482758621,4201.297586,2836.628038,0.5498572,,,,,,,
810,queen,female monarch,4.857142857,3675.766071,2014.470902,0.107928665,,,,,,,
810,queen,male homosexual,4.178571429,3714.384286,2109.341951,-0.233061748,,,,,,,
810,queen,preeminent woman...a movie queen,3.230769231,3908.492593,2159.826662,-0.964714692,,,,,,,
811,quick,immediate,4.689655172,4175.147241,2604.429949,0.097444169,,,,,,,
811,quick,sensitive,4.607142857,4549.837857,2018.239143,-0.006221609,,,,,,,
811,quick,smart,4.965517241,3585.386552,1962.103265,0.255589265,,,,,,,
811,quick,hasty reaction,5.785714286,4947.601071,3519.141216,0.78938999,,,,,,,
812,race,contest of speed,6.482758621,3353.966552,1893.551623,1.300738887,,,,,,,
812,race,group related by common heritage,4.24137931,3782.324483,1794.681205,-0.187778869,,,,,,,
813,rack,framework of bars to hold things,6.357142857,4063.245,5663.120823,1.156988613,,,,,,,
813,rack,pair of antlers,4.444444444,3824.427778,2778.973391,-0.209734558,,,,,,,
813,rack,to distress acutely,3.965517241,3554.695517,1585.903602,-0.371560281,,,,,,,
813,rack,slang for breasts,6.464285714,3088.986786,1363.590408,1.257183311,,,,,,,
814,racket,disturbing loud noice,5.035714286,4416.713571,2481.480451,0.254500351,,,,,,,
814,racket,dishonest business,5.586206897,2822.084828,1658.623023,0.64910553,,,,,,,
814,racket,paddle in tennis,6.034482759,3177.050345,1897.131541,0.970161304,,,,,,,
815,rag,worn piece of cloth,4.24137931,3299.925862,1899.562816,-0.323687909,,,,,,,
815,rag,distasteful magazine,4.884615385,3996.949231,5818.8931,0.128282794,,,,,,,
815,rag,poverty...rags to riches,4.285714286,3772.443214,3493.507956,-0.331111595,,,,,,,
815,rag,to tease,4.642857143,3603.545714,2333.537812,-0.049971756,,,,,,,
815,rag,type of musical composition,4.965517241,4721.504138,1759.746219,0.281174549,,,,,,,
816,rail,horizontal bar,4.307692308,3635.423462,2361.313181,-0.255119376,,,,,,,
816,rail,to travel by train,4.724137931,3484.676552,2011.313439,0.015500129,,,,,,,
817,raise,to elevate,5.206896552,3994.653793,2227.284437,0.381391447,,,,,,,
817,raise,to rouse,4.137931034,3583.38931,2620.086442,-0.24365734,,,,,,,
817,raise,to build,4.461538462,4470.387692,3348.05983,-0.09256506,,,,,,,
817,raise,to grow,3.75,4208.068571,2120.020661,-0.562413397,,,,,,,
817,raise,to rear children,6.034482759,3308.814828,1567.762953,0.877187917,,,,,,,
817,raise,to advance in rank,5.103448276,3707.856207,2091.534664,0.2436192,,,,,,,
817,raise,to increase in amount,5.857142857,2840.897143,1553.335383,0.842532438,,,,,,,
817,raise,when dough rises,4.607142857,3312.423571,3422.940301,-0.009711791,,,,,,,
818,rake,"tool for gathering grass, leaves, etc.",4.5,2723.646786,975.4139343,-0.14737361,,,,,,,
818,rake,to clear a fire,6.25,3333.124643,3046.378978,1.066221678,,,,,,,
818,rake,to collect abundantly,6.214285714,3141.666786,1962.911056,1.065907602,,,,,,,
818,rake,to search,4.034482759,2929.364828,1178.649676,-0.454533203,,,,,,,
819,ram,a male sheep,4.620689655,3941.496552,1644.389198,-0.061011629,,,,,,,
819,ram,to hit forcefully,5.142857143,3794.443929,2392.230009,0.331109894,,,,,,,
819,ram,a piston,4.62962963,3531.359259,1511.647766,-0.045709759,,,,,,,
819,ram,computer memory for running programs,5.034482759,3620.354138,2282.057552,0.240706819,,,,,,,
820,ranch,type of salad dressing,5.655172414,4023.232759,2039.098098,0.568872699,,,,,,,
820,ranch,extensive farm for raising livestock,4.928571429,4196.078929,2634.967039,0.213655159,,,,,,,
820,ranch,style of one-story house,5.034482759,4325.552414,5319.05033,0.279823199,,,,,,,
821,range,area where animals graze,5.714285714,4040.972857,2193.15889,0.691406647,,,,,,,
821,range,difference between high and low,5.689655172,4360.844828,2582.124091,0.723976072,,,,,,,
821,range,distance that a projectile can go,5.24137931,2724.944828,1302.240589,0.437386141,,,,,,,
821,range,chain of mountains,6.275862069,3223.898621,1548.562935,1.213134938,,,,,,,
821,range,to roam,5.888888889,3023.207407,1526.976895,0.834861029,,,,,,,
821,range,cooking stove with top burners,3.75,2852.657143,1433.603859,-0.63781463,,,,,,,
822,rap,to strike with a light blow,3,3105.089643,1925.894001,-1.155045654,,,,,,,
822,rap,type of music,5.464285714,2669.441071,1392.350228,0.592624598,,,,,,,
822,rap,to be blamed for a crime,5.448275862,3385.883448,4224.193337,0.452557523,,,,,,,
823,rash,acting too hastily,4.896551724,4869.011724,4173.822758,0.068816216,,,,,,,
823,rash,irritation on the skin,5.571428571,3144.916429,2068.304589,0.632495976,,,,,,,
824,rat,long-tailed rodent,2.620689655,3052.968276,1791.119677,-1.449007978,,,,,,,
824,rat,an informer,5.333333333,3728.634074,2620.930988,0.472370542,,,,,,,
824,rat,to betray one's group,4.464285714,2839.243929,1471.673424,-0.099686104,,,,,,,
825,rattle,"rapid succession of short, sharp sounds",5.785714286,4181.184828,2322.855905,0.822350564,,,,,,,
825,rattle,to talk rapidly,5.464285714,4452.619643,2130.878774,0.565313746,,,,,,,
825,rattle,baby toy,4.965517241,3350.238621,1647.397174,0.240302005,,,,,,,
825,rattle,to fluster someone,4.857142857,4463.265,5597.776534,0.153477113,,,,,,,
826,ray,narrow beam of light,3.448275862,3517.732069,2020.749271,-0.8344211,,,,,,,
826,ray,stream of particles moving in a line,3.814814815,6552.489259,7385.343314,-0.677332926,,,,,,,
826,ray,system of lines from a point,3.642857143,3559.516786,3164.727747,-0.739341227,,,,,,,
826,ray,type of fish,5.357142857,5014.959643,4340.241203,0.468461359,,,,,,,
817,rays,lightrays or sunrays,3.259259259,4156.645185,3351.096292,-0.983314939,,,,,,,
827,reach,to get to,3.379310345,4008.982759,2481.491749,-0.887142514,,,,,,,
827,reach,to touch with an outstretched hand,3.275862069,4302.486207,2400.121199,-0.974543967,,,,,,,
827,reach,to extend,5.321428571,4074.581071,1652.131512,0.40533499,,,,,,,
827,reach,to establish communication,2.038461538,2692.830385,1335.561948,-1.962387681,,,,,,,
828,read,to look at something in order to understand,4.185185185,3169.278929,2131.556945,-0.434345975,,,,,,,
828,read,to say aloud,3.518518519,3535.9225,1679.491609,-0.696291235,,,,,,,
828,read,to get meaning from words,4.592592593,5297.906296,7408.497127,-0.122319578,,,,,,,
829,read,"to predict (e.g., read your fortune)",5.5,3724.884286,3543.356259,0.49072378,,,,,,,
830,rear,the back of something,5.068965517,3891.474828,2268.224556,0.248830361,,,,,,,
830,rear,the buttocks,4.777777778,4766.127037,4568.61628,0.008071153,,,,,,,
831,reason,basis for something,4.964285714,3894.183214,2760.131744,0.226361824,,,,,,,
831,reason,sound judgment,5,4102.366897,2548.542186,0.180721707,,,,,,,
832,record,"to set down, in writing",4.068965517,4285.903103,2451.478875,-0.345372112,,,,,,,
832,record,list of achievements,5.285714286,3871.969286,3063.65724,0.347249966,,,,,,,
832,record,the highest amount ever attained,4.965517241,4051.76931,2995.232824,0.239501513,,,,,,,
832,record,wins and losses of a sports team,5.24137931,3543.032759,2920.761132,0.438023345,,,,,,,
832,record,disk for reproducing sounds,4.068965517,4630.887931,6324.039348,-0.353034906,,,,,,,
832,record,existing as public knowledge...on the record,6.107142857,2970.582857,1410.988459,1.008950616,,,,,,,
829,red,color,4.75,5188.351071,5105.101328,-0.080620173,,,,,,,
833,reel,cylinder used to wind up something,5.444444444,5807.093214,3508.226966,0.501077155,,,,,,,
833,reel,roll of motion-picture film,5.357142857,3477.680357,2351.149984,0.511280719,,,,,,,
833,reel,to pull in by winding line,4.357142857,4657.914643,6147.330862,-0.249424639,,,,,,,
833,reel,to say quickly,5.24137931,4685.064483,3779.660521,0.482874232,,,,,,,
834,reflect,to cast back from a surface,5.714285714,4288.252759,3859.965951,0.679223105,,,,,,,
834,reflect,to ponder,5.206896552,2840.788276,1801.727253,0.491333209,,,,,,,
834,reflect,to reproduce a particular aspect,5.172413793,4899.876207,4600.88825,0.434680419,,,,,,,
835,reflection,something that is reflected,4.448275862,4452.844138,3410.641976,-0.085942829,,,,,,,
835,reflection,careful mental consideration,6.142857143,3701.85,3119.48346,0.941176134,,,,,,,
835,reflection,a manifestation,4.344827586,4296.282069,3258.268616,-0.176885805,,,,,,,
836,refrain,to abstain from saying/doing something,4.703703704,3972.914815,1867.348233,-0.036221539,,,,,,,
836,refrain,reccuring verse/chorus in a song,5.62962963,4774.165185,2889.437933,0.620103161,,,,,,,
837,refuse,to decline to accept something,4.535714286,3060.235714,1261.448807,-0.067080114,,,,,,,
837,refuse,garbage,4.962962963,4837.845,2908.742839,0.171363097,,,,,,,
838,regular,"usual, customary",5.034482759,3082.643103,1711.155502,0.181545869,,,,,,,
838,regular,recurring at fixed times,6.413793103,4090.255862,3314.410527,1.20869587,,,,,,,
838,regular,absolute...a regular jerk,3.724137931,3245.30069,1783.582834,-0.629776473,,,,,,,
839,relation,family connection,4.724137931,4109.345172,2355.240995,0.100151134,,,,,,,
839,relation,significant association between things,5.571428571,4755.878571,2500.136072,0.624388166,,,,,,,
839,relation,with reference to,5.535714286,3301.960357,1509.455384,0.668648596,,,,,,,
839,relation,to have sexual intercourse,5.571428571,2877.5575,1126.749426,0.690328107,,,,,,,
840,relative,something in relation to something else,4.571428571,4019.537143,1929.960129,-0.083413255,,,,,,,
840,relative,"type of pronoun, adjective or adverb",4.964285714,4126.118929,4258.328317,0.268124252,,,,,,,
840,relative,proportionate,4.75,5102.806071,4649.142043,0.020164981,,,,,,,
840,relative,person in your family,5.428571429,4494.982143,2746.344473,0.538333733,,,,,,,
841,relish,enjoyment of something,4.925925926,2571.955926,1043.085559,0.119148101,,,,,,,
841,relish,condiment of chopped pickled vegetables,5.344827586,4877.321379,3014.369211,0.505711658,,,,,,,
842,reservation,a withholding,5.448275862,5796.712414,4525.49028,0.631102346,,,,,,,
842,reservation,arrangement for accommodations,3.724137931,4402.598966,5145.976378,-0.751741694,,,,,,,
842,reservation,land set apart for a certain purpose,4.535714286,6047.504643,2782.198138,-0.041956373,,,,,,,
843,resort,vacation facilities,3.384615385,5079.246667,5467.136962,-0.919975747,,,,,,,
843,resort,to arrange things again,5.142857143,5061.825,3354.858979,0.324848232,,,,,,,
843,resort,something turned to for relief,4.482758621,3678.127931,1751.321851,-0.218702108,,,,,,,
844,rest,refreshing sleep,4.035714286,4618.534643,3735.956601,-0.562650018,,,,,,,
844,rest,freedom from anything that troubles,6.344827586,4912.71,2764.066442,1.300220186,,,,,,,
844,rest,period of inactivity,5.357142857,3516.361071,1657.646452,0.571535611,,,,,,,
844,rest,musical interval of silence between notes,5.275862069,5306.207586,4554.220091,0.381145224,,,,,,,
844,rest,thing for something to rest on,3.862068966,3257.955172,1807.672776,-0.517361008,,,,,,,
844,rest,part that remains,3.785714286,3924.915357,2327.087055,-0.653425355,,,,,,,
845,retreat,place of refuge,4.655172414,3499.939655,1964.415254,0.040712912,,,,,,,
845,retreat,to treat again,4.962962963,4104.821852,2718.212333,0.213791972,,,,,,,
846,return,to come back,5.37037037,2945.470714,1649.817621,0.383190987,,,,,,,
846,return,to give back to a former owner,4.571428571,5531.835714,5950.785123,0.071854119,,,,,,,
846,return,to make a reply,5.107142857,4054.634643,2277.905994,0.17524786,,,,,,,
846,return,to reciprocate,4,3207.979655,2214.776514,-0.405762169,,,,,,,
847,review,critical evaluation,5.392857143,4668.976071,4322.017344,0.510197071,,,,,,,
847,review,process of going over a subject again,5.275862069,4118.903448,2614.819952,0.544129147,,,,,,,
847,review,general survey of something,5.24137931,5281.908621,4938.747578,0.406005299,,,,,,,
848,rich,having wealth,5.428571429,3998.787586,2935.853145,0.417294068,,,,,,,
848,rich,abounding in natural resources,3.551724138,4184.620345,2024.535782,-0.806966632,,,,,,,
848,rich,strongly flavored or fragrant,5.24137931,3832.204483,2249.812625,0.369890761,,,,,,,
848,rich,"deep, vivid...a rich hue of blue",4.962962963,3397.018889,1923.949998,0.166662994,,,,,,,
848,rich,highly amusing,5.107142857,4698.369643,5026.762683,0.348589559,,,,,,,
849,right,in accordance with what is good,4.862068966,3714.98931,1835.235405,0.147886822,,,,,,,
849,right,type of perpendicular angle,5.035714286,4588.062143,4376.824303,0.2250667,,,,,,,
849,right,genuine,3.178571429,3499.978966,4503.915761,-0.918696504,,,,,,,
849,right,a privilege or claim,3.5,3932.335357,2056.813173,-0.765485933,,,,,,,
849,right,completely,3.862068966,4267.775517,3247.862031,-0.429434765,,,,,,,
849,right,promptly,4.482758621,4029.002414,3284.253472,-0.168641514,,,,,,,
849,right,a direction,3.75862069,3502.668276,1872.667786,-0.605928096,,,,,,,
1205,right,proper,5.035714286,3616.023571,3178.381281,0.256481931,,,,,,,
850,ring,circular band of metal,4.592592593,3635.07037,1376.173964,0.060576038,,,,,,,
850,ring,enclosed circular area,3.535714286,3190.181034,1814.000706,-0.761660207,,,,,,,
850,ring,a clear resonant sound,5.296296296,3674.111071,1807.402913,0.290661244,,,,,,,
850,ring,to cause a bell to sound,6.214285714,3004.076429,1427.432407,1.048894558,,,,,,,
850,ring,boxing,4,3312.056071,1968.64957,-0.506978876,,,,,,,
851,rip,rest in peace,4.321428571,6215.293103,7931.810354,-0.221188663,,,,,,,
851,rip,to steal...that movie was a rip off,4.551724138,3573.63069,1994.168211,-0.14582016,,,,,,,
851,rip,to transfer music files,3.827586207,2741.649655,1514.128313,-0.612859044,,,,,,,
851,rip,to split apart,6.678571429,4222.972759,7155.278751,1.327263778,,,,,,,
852,rise,to awake from bed,6.392857143,3135.932857,1642.134634,1.353728896,,,,,,,
852,rise,"to increase in value, degree, loudness",4.571428571,3630.8175,1996.807346,-0.038232161,,,,,,,
852,rise,to return from the dead,4.379310345,3775.921379,3020.084501,-0.235303201,,,,,,,
853,roach,cockroach,6,2910.92931,1360.335218,0.896585183,,,,,,,
853,roach,end of a marijuana cigarette,3.464285714,2690.929643,1641.064443,-0.746670114,,,,,,,
853,roach,type of fish,3.5,2877.3675,1495.002823,-0.768188337,,,,,,,
854,roast,to cook meat,3.321428571,2781.778571,1547.066473,-0.968131125,,,,,,,
854,roast,piece of meat,5.034482759,4143.555862,2423.292908,0.190804629,,,,,,,
854,roast,to ridicule,5,3092.549643,1709.167009,0.227145251,,,,,,,
855,rob,to steal,6.321428571,2875.5825,1263.043846,1.310354768,,,,,,,
856,robin,small bird,6.448275862,3447.801034,1301.689225,1.233882028,,,,,,,
857,rock,stone,3.925925926,4014.143929,1574.711221,-0.630999917,,,,,,,
857,rock,firm foundation,4.392857143,2627.683571,1075.749742,-0.258949044,,,,,,,
857,rock,a diamond,5.24137931,3443.043103,1922.539082,0.431781078,,,,,,,
857,rock,piece of crack-cocaine,4.428571429,3716.748214,2145.852851,-0.174372127,,,,,,,
857,rock,with ice...vodka on the rocks,4.206896552,2955.406897,3480.672726,-0.375244961,,,,,,,
857,rock,to move from side to side,5.857142857,4189.326071,2201.948761,0.883584413,,,,,,,
857,rock,type of music,4.482758621,4672.536552,2668.926662,-0.162844409,,,,,,,
857,rock,to disturb violently,6.285714286,5220.525862,12244.33909,0.953910722,,,,,,,
857,rock,type of candy,6.222222222,3289.983333,1127.676849,1.109591908,,,,,,,
858,rod,stick,3.464285714,4573.935,2468.505972,-0.869892573,,,,,,,
858,rod,straight shoot of a plant,3.206896552,4543.791034,3084.394466,-0.992342584,,,,,,,
858,rod,slender bar for draping curtains,4.586206897,3744.722414,2266.544922,-0.131818731,,,,,,,
858,rod,a pistol,3.518518519,3128.762963,1482.127965,-0.830911969,,,,,,,
858,rod,cell in retina of eye,4.448275862,6972.516552,7693.098466,-0.084133115,,,,,,,
859,roll,to move along a surface by turning over,4.206896552,5067.954483,2672.693184,-0.20336312,,,,,,,
859,roll,to move on wheels,4.962962963,5922.995556,3300.780892,0.189160457,,,,,,,
859,roll,sound of thunder,4.214285714,5864.472143,3125.351968,-0.215367201,,,,,,,
859,roll,small piece of bread,5.222222222,3886.460741,2148.599131,0.369111291,,,,,,,
859,roll,begin to move...let's roll in the morning,3.888888889,2843.061429,1469.545893,-0.489300617,,,,,,,
859,roll,to curl up in a cylinder,5.714285714,3805.08,2554.27303,0.616922194,,,,,,,
859,roll,to trill...roll your r's,4.965517241,4398.055862,2538.04811,0.092576624,,,,,,,
859,roll,to enfold...roll the vase in paper,5.107142857,4145.409643,2160.378001,0.300640744,,,,,,,
859,roll,continous drum beats,6.321428571,3840.1,1729.486825,1.290213495,,,,,,,
859,roll,to throw dice,4.896551724,3154.981034,1437.782657,0.09701806,,,,,,,
859,roll,money folded up,3.793103448,3790.573103,2264.574024,-0.567403481,,,,,,,
859,roll,to gain momentum,5.321428571,3735.997143,2496.635157,0.350199555,,,,,,,
860,roman,pertaining to the city of Rome,5.037037037,3432.101852,2690.569097,0.234599487,,,,,,,
860,roman,medieval French literature,5.965517241,3832.18,3022.498592,0.87010607,,,,,,,
860,roman,catholic church,4.678571429,4548.142069,3009.295358,0.055263473,,,,,,,
861,root,part of plant underneath soil,3,2399.952963,962.6556036,-1.201341592,,,,,,,
861,root,source or origin of something,4.461538462,3592.897407,1696.263499,-0.27535858,,,,,,,
861,root,to search for something,4.034482759,4580.716552,3184.77726,-0.438954566,,,,,,,
861,root,to encourage a team,3.344827586,4473.665862,2877.739078,-0.788527428,,,,,,,
861,root,base word,4.068965517,3363.006552,2075.634821,-0.403590405,,,,,,,
862,rose,flower,4.620689655,3922.247931,2023.07598,-0.024853373,,,,,,,
862,rose,to have gotten up,6,3484.83037,2044.640913,0.930352187,,,,,,,
862,rose,hue of pink,2.931034483,2745.564483,1210.166311,-1.199194738,,,,,,,
863,row,number of things arranged in a line,6.068965517,3660.497586,2079.787893,0.975676749,,,,,,,
863,row,adjacent seats,4.444444444,2973.281481,1170.271387,-0.197815943,,,,,,,
863,row,to propel a vessel with an oar,3.862068966,4550.872414,7575.217611,-0.631255377,,,,,,,
863,row,quarrel,2.481481481,3158.887143,3092.661639,-1.561768421,,,,,,,
864,rug,floor covering,4.172413793,3865.76,2100.638351,-0.29431176,,,,,,,
864,rug,toupee/hairpiece,5.464285714,3199.063214,1259.852919,0.455899166,,,,,,,
865,ruler,person who governs,3.607142857,4557.905,2894.372366,-0.660514777,,,,,,,
865,ruler,straight edge for measuring,4.928571429,6182.674286,7413.123013,0.272581065,,,,,,,
866,run,to move quickly,5.448275862,4251.026207,3048.43832,0.582770428,,,,,,,
866,run,make a quick trip,4.310344828,3215.784828,1942.008382,-0.204172021,,,,,,,
866,run,be a candidate in an election,5.103448276,4939.164483,6814.528719,0.352245553,,,,,,,
866,run,to flow...let the water run,6.714285714,3774.642759,1594.638481,1.544354499,,,,,,,
866,run,a snag in fabric,5.5,4568.587586,4344.418014,0.640171426,,,,,,,
866,run,to operate...that car runs on unleaded,6.035714286,3672.535714,2487.947375,0.940652668,,,,,,,
867,rush,events before entering a frat/sorority,3.814814815,2936.101852,1626.238677,-0.58372055,,,,,,,
867,rush,exhilarated feeling,4.75,3172.233793,1855.417625,0.058206153,,,,,,,
867,rush,to move with speed,5.37037037,3858.223704,3134.155199,0.538393708,,,,,,,
867,rush,a football running play,5.965517241,3005.77931,1270.722124,0.917215489,,,,,,,
867,rush,type of grasslike plant,5.535714286,3972.158571,3759.697868,0.628540591,,,,,,,
868,sack,large bag,3.103448276,3864.85069,3728.874154,-1.107858773,,,,,,,
868,sack,to tackle the quarterback in football,4.222222222,3259.885,1767.755876,-0.513732441,,,,,,,
868,sack,to dismiss from a job,4.103448276,3421.071034,1570.299615,-0.391315018,,,,,,,
868,sack,to pillage,4.535714286,3422.047143,2259.51362,-0.158821329,,,,,,,
868,sack,bed,6.518518519,3183.087857,1680.204102,1.35561877,,,,,,,
869,safe,free from danger,6.379310345,2732.474483,1119.455701,1.177684367,,,,,,,
869,safe,trustworthy,5.793103448,3883.751379,2759.66996,0.873914226,,,,,,,
869,safe,reaching a base in baseball,4.275862069,6317.45931,7527.62776,-0.321515211,,,,,,,
869,safe,metal box for storing valuables,4.428571429,37514.69,175051.4755,-0.188408212,,,,,,,
869,safe,using a condom during sex,5,3303.334286,1458.299523,0.218025074,,,,,,,
870,sage,profoundly wise person,4.655172414,4093.710345,3634.629407,0.039722344,,,,,,,
870,sage,green herb used in cooking/medicine,5.035714286,4316.755357,3484.55194,0.313794487,,,,,,,
871,sail,piece of fabric used to move a boat with wind,6.068965517,2602.304138,1508.122978,1.02603348,,,,,,,
871,sail,a voyage in a sailing vessel,5.142857143,3606.102143,1676.577798,0.35668955,,,,,,,
871,sail,to move along effortlessly,3.586206897,3710.595862,4158.301362,-0.685213744,,,,,,,
871,sale,selling promotion,6.448275862,3582.164828,2572.346482,1.360397602,,,,,,,
872,sap,circulating fluid of a plant,6.172413793,3668.75,1880.21134,1.103593507,,,,,,,
872,sap,a fool,3.178571429,3892.686071,3215.080858,-1.017941095,,,,,,,
872,sap,to take away energy,3.724137931,3637.385172,2223.351791,-0.711924292,,,,,,,
873,sauce,for food,3.689655172,4224.833103,2693.991395,-0.729057894,,,,,,,
873,sauce,hard liquor,4.703703704,4050.597037,1690.967358,0.050576823,,,,,,,
873,sauce,disrespectful speech,4.379310345,4316.08,1511.637899,-0.170886958,,,,,,,
874,save,to rescue from danger,5.25,5000.757586,2918.740267,0.285584706,,,,,,,
874,save,to keep safe,3.925925926,3650.25037,2730.905513,-0.428411169,,,,,,,
874,save,to set aside,2.851851852,2775.618929,1338.698542,-1.302601957,,,,,,,
874,save,to copy a computer file into memory,5.333333333,2994.36,1515.580849,0.464223906,,,,,,,
874,save,to stop the other team's score,3.24137931,3575.212414,2836.272323,-1.047275271,,,,,,,
874,save,relief pitcher preserves a win,4.321428571,3840.150345,2809.188319,-0.341851584,,,,,,,
875,saw,to see,4.517241379,5155.46,4672.789289,-0.072151002,,,,,,,
875,saw,tool for cutting with blades,4.931034483,3509.845862,1984.963122,0.17373501,,,,,,,
876,saying,proverb,5,3262.068621,2129.465822,0.280957985,,,,,,,
876,saying,talking,5.481481481,4264.496429,5257.446956,0.449075416,,,,,,,
877,scale,device for weighing,4.75862069,3198.671724,1758.348515,0.05705605,,,,,,,
877,scale,thin plate forming an animal's covering,6.428571429,5118.246207,5604.008423,1.293209709,,,,,,,
877,scale,musical progression of notes in a row,5.892857143,3246.706786,1824.389462,0.951963321,,,,,,,
877,scale,proportion of real size,4.482758621,4089.346897,1923.597071,-0.184960703,,,,,,,
877,scale,to climb/ascend something,4.137931034,4072.572069,4722.628339,-0.377971674,,,,,,,
877,scalp,skin part of the head,4.931034483,4544.007931,2684.792208,0.204644359,,,,,,,
877,scalp,token of victory,5.068965517,4570.534828,3893.357225,0.234207704,,,,,,,
877,scalp,to resell something,5.259259259,4448.708889,2288.021758,0.541239097,,,,,,,
878,scene,place where an event occurs,3.892857143,2620.091379,1573.514583,-0.746231713,,,,,,,
878,scene,a view,3.827586207,3533.579655,1371.527664,-0.485608996,,,,,,,
878,scene,embarrassing display of strong feelings,4.344827586,3134.671724,1518.819133,-0.266522306,,,,,,,
878,scene,division of an act of a play,5.961538462,4253.458571,3008.508568,0.837657206,,,,,,,
878,scene,area of current interest...the music scene,6.206896552,4304.224483,2487.894403,1.036765779,,,,,,,
146,scent,odor,6.620689655,2767.366207,1495.941977,1.504437498,,,,,,,
879,score,total points made by competitors in a game,6.620689655,3083.267241,2479.353161,1.492723414,,,,,,,
879,score,performance on a test,6.068965517,3943.737931,2508.48975,1.086412216,,,,,,,
879,score,a scratch,6.142857143,3286.82931,2140.454356,1.025305285,,,,,,,
879,score,music written as TV or movie background,5.923076923,3612.672308,2215.008341,0.985773747,,,,,,,
879,score,sexual conquest,6.172413793,4957.451034,3510.129116,1.124518536,,,,,,,
879,score,acquistion of illicit drugs,4.185185185,3090.898148,1303.892483,-0.435108186,,,,,,,
879,score,successful robbery,6.344827586,2583.166207,1356.12747,1.315913262,,,,,,,
879,score,to berate,4.703703704,3735.904074,2301.992592,0.080387755,,,,,,,
879,score,a debt,4.931034483,3294.533448,2061.074181,0.166795974,,,,,,,
879,score,group of 20 items,5.379310345,3441.153793,1793.718607,0.440671447,,,,,,,
880,scotch,type of tape,3.24137931,2577.735172,1414.013498,-0.968596562,,,,,,,
880,scotch,type of whiskey,4.285714286,4123.66,3489.555878,-0.20792081,,,,,,,
881,scramble,to move hurriedly,4.481481481,3285.257037,2083.548969,-0.21022927,,,,,,,
881,scramble,to gather things frantically,4.178571429,5035.024286,5648.086455,-0.391728337,,,,,,,
881,scramble,way to cook eggs,3.035714286,4773.933929,2830.035198,-1.117415182,,,,,,,
881,scramble,type of football play,5.068965517,3493.218966,3274.250414,0.385565693,,,,,,,
882,scrap,small portion,5.607142857,4978.159286,2519.189731,0.651610585,,,,,,,
882,scrap,bits of food,5.379310345,3886.249655,1593.669914,0.496804409,,,,,,,
883,scratch,to break the surface by scraping,6.137931034,4020.133448,2158.075034,1.086881929,,,,,,,
883,scratch,to cancel,5.689655172,4019.168276,2568.002984,0.735229568,,,,,,,
883,scratch,musically moving a record back and forth,4.428571429,3688.041429,1562.000714,-0.241422513,,,,,,,
883,scratch,hitting cue ball into the pocket in pool,5.068965517,3561.452069,1445.476246,0.225557349,,,,,,,
883,scratch,earn a living with difficulty,4.034482759,4460.35931,3444.058424,-0.415184971,,,,,,,
883,scratch,withdraw from a contest,3.666666667,4505.51963,3133.307404,-0.672601988,,,,,,,
883,scratch,homemade...the cookies are made from scratch,5.206896552,5149.974483,6584.205577,0.366127256,,,,,,,
883,scratch,to rub lightly to relieve itching,5.551724138,3148.932414,1266.592482,0.637196584,,,,,,,
884,screen,movable partition,4.178571429,3982.4275,1814.205672,-0.422456095,,,,,,,
884,screen,place where an image is displayed,6.464285714,3298.384286,2275.280177,1.34530826,,,,,,,
884,screen,wire mesh for keeping insects out,4.689655172,2943.038621,1726.918239,0.069417604,,,,,,,
884,screen,to select people systematically,5.068965517,3242.732759,1289.988453,0.217080169,,,,,,,
884,screen,"in sports, blocking opponents",4.413793103,4002.973103,5563.795517,-0.124223069,,,,,,,
885,screw,spiral metal fastener,5.068965517,2399.143448,1119.840431,0.274120422,,,,,,,
885,screw,sexual intercourse,3.464285714,2959.952857,1875.038073,-0.907693378,,,,,,,
886,scroll,roll of paper,5.275862069,3053.056207,1759.762741,0.454806374,,,,,,,
886,scroll,to move up and down a computer screen,5.071428571,4223.5825,1964.103452,0.26224028,,,,,,,
887,scum,slimy covering,4.896551724,3525.988966,2641.036573,0.104388556,,,,,,,
887,scum,evil person,5.413793103,3092.711724,1653.035835,0.441117517,,,,,,,
888,sea,body of water,4.034482759,4384.712069,2928.814131,-0.336744725,,,,,,,
889,seal,embossed symbol,3,3176.696897,1549.942898,-1.181967468,,,,,,,
889,seal,something that keeps a secret,4.571428571,3415.9175,1427.089452,-0.15157771,,,,,,,
889,seal,to close off,4.172413793,6729.843103,4079.182962,-0.427574125,,,,,,,
889,seal,to make a deal,2.482758621,2641.082759,1208.453808,-1.587606912,,,,,,,
889,seal,marine carnivore,3.034482759,3147.262069,1828.47745,-1.068942303,,,,,,,
890,second,next after first,5.678571429,3610.883571,1733.214387,0.685893395,,,,,,,
890,second,alternate,5.724137931,3666.748276,1476.209345,0.754426242,,,,,,,
890,second,sixtieth part of a minute of time,3.793103448,3166.001034,1730.424122,-0.452725913,,,,,,,
888,see,with eyes,4.857142857,4540.370345,2724.027091,0.169812993,,,,,,,
891,seed,small part of a fruit,4.379310345,5238.874828,6958.057849,-0.173329614,,,,,,,
891,seed,rank order in sports contests,5,4098.723448,3525.139327,0.297002908,,,,,,,
891,seed,sperm/offspring,5.068965517,4022.578621,2661.03825,0.257696371,,,,,,,
145,seller,one who sells,3.785714286,3944.088571,2248.486492,-0.653579539,,,,,,,
148,sense,faculties for perceiving stimuli,3.571428571,3676.918214,2533.729754,-0.723567776,,,,,,,
148,sense,perception of something,5.517241379,4123.395172,3356.837407,0.6320195,,,,,,,
148,sense,sound intelligence,5.896551724,4024.371379,4177.540655,0.944519487,,,,,,,
148,sense,gist of something,5.689655172,4138.042069,2867.368247,0.760816368,,,,,,,
146,sent,send,5.714285714,2512.569286,1099.322424,0.689297077,,,,,,,
892,sentence,a set of words used in speech,4.724137931,4432.995862,4819.213068,0.10605975,,,,,,,
892,sentence,authoritative decision,4.75862069,4712.921724,4484.791994,0.09945971,,,,,,,
149,serial,anything published at regular intervals,4.428571429,3888.058214,2058.731477,-0.066057415,,,,,,,
149,serial,chronological designation of books,4.827586207,3377.828966,2170.752528,0.15815008,,,,,,,
149,serial,type of killer,5.5,3905.191071,2252.259111,0.504719311,,,,,,,
893,series,group arranged in succession,4.892857143,4239.862857,5910.572515,0.19975632,,,,,,,
893,series,number of sports games with same players,5.428571429,4329.077143,2316.242885,0.468777262,,,,,,,
893,series,a set,5.344827586,5260.374138,2961.223917,0.5622738,,,,,,,
893,series,daily/weekley radio or TV program,5.392857143,3827.069655,4700.498123,0.482523631,,,,,,,
893,series,sequence of terms in math,4.517241379,4722.348966,4036.532464,-0.092891859,,,,,,,
894,service,helpful activity,5.75,4913.541429,2709.056777,0.645040201,,,,,,,
894,service,act of supplying utilities,4.793103448,4887.387931,3180.215749,0.085055678,,,,,,,
894,service,organization for supplying commodities,4.851851852,5293.32037,3431.315615,0.174976443,,,,,,,
894,service,military forces,4.821428571,7764.657143,13126.55925,0.025901708,,,,,,,
894,service,ritual form of public worship,4.5,5430.245926,4234.92487,-0.169973445,,,,,,,
894,service,set of dishes for table use,4.148148148,4718.621852,3426.559154,-0.306119169,,,,,,,
894,service,pertaining to servers/servants,3.851851852,3122.404074,2421.698747,-0.549875007,,,,,,,
895,set,to fix value at a certain amount,5.310344828,4782.603448,2120.590408,0.506771062,,,,,,,
895,set,to place hair in a particular way,5.482758621,6079.561379,4073.57099,0.662941779,,,,,,,
895,set,to decide upon...they set a wedding date,5.310344828,5178.023448,2389.148825,0.526560139,,,,,,,
895,set,to adjust a timer,4.407407407,4164.253704,3124.488201,-0.210855133,,,,,,,
895,set,to place upon,5.551724138,3357.093448,1588.200401,0.563664048,,,,,,,
895,set,to put a bone back in right position,5.586206897,3506.34069,2119.541444,0.741424777,,,,,,,
895,set,arrange type for printing words,6.142857143,3454.597143,1815.464654,1.04848617,,,,,,,
895,set,to cause to become hard,5.206896552,2921.126552,1312.891961,0.48317049,,,,,,,
895,set,a collection of similar things,3,4413.537931,3045.207878,-1.158157099,,,,,,,
895,set,unit of a tennis match,4.310344828,4112.406552,2860.573792,-0.224097238,,,,,,,
895,set,songs played by a band,4.793103448,4433.443793,2352.601392,0.070100121,,,,,,,
895,set,psychological state,5.642857143,3494.343448,2462.22118,0.748182244,,,,,,,
895,set,"to begin...ready, set, go!",5.103448276,3333.891379,1592.036788,0.309030416,,,,,,,
895,set,television apparatus,6.269230769,2854.111154,1049.275231,1.086900664,,,,,,,
895,set,rigid,3.571428571,3954.171786,2178.95109,-0.787932362,,,,,,,
896,sex,male or female division,5.111111111,2959.565926,1020.911122,0.180222273,,,,,,,
896,sex,intercourse,4.586206897,3936.185862,2281.281345,-0.082674502,,,,,,,
897,shack,rough cabin,4.896551724,4248.905172,3315.874626,0.266820173,,,,,,,
897,shack,live together,3.724137931,3754.718966,1867.244732,-0.616454004,,,,,,,
898,shade,place of darkness sheltered from light,4,4573.546207,4234.17986,-0.313916046,,,,,,,
898,shade,slang for sunglasses,5.571428571,3647.210357,1632.136371,0.49249025,,,,,,,
898,shade,degree of darkness of a color,5.75862069,3142.783793,1272.68716,0.786672798,,,,,,,
898,shade,slight variation,6.571428571,2887.663571,1214.467511,1.342845103,,,,,,,
898,shade,to protect something from light,6.862068966,2659.159655,1842.78507,1.537594883,,,,,,,
898,shade,a window screen,6.576923077,3078.254444,2390.506054,1.41240576,,,,,,,
899,shag,rough matted wool,6.571428571,2573.974643,2455.039805,1.421552941,,,,,,,
899,shag,type of hairdo,3.888888889,4588.603214,3502.881116,-0.488699692,,,,,,,
899,shag,type of dance step,5.035714286,3569.945714,2337.257409,0.194161303,,,,,,,
899,shag,shredded tobacco,3.607142857,2772.442857,1127.994244,-0.786423742,,,,,,,
899,shag,type of bird,3.666666667,3984.854815,1989.64854,-0.787103389,,,,,,,
899,shag,to have sex,3.321428571,4432.975357,3536.124896,-0.960086649,,,,,,,
900,shake,to move with short quick movements,3.964285714,6741.146071,11427.70033,-0.422451523,,,,,,,
900,shake,to dislodge,3.888888889,3818.642593,2777.381605,-0.510287569,,,,,,,
900,shake,milk drink,3.25,4876.3875,8267.336272,-0.925619215,,,,,,,
901,share,to distribute fairly,4.928571429,4131.149643,2658.757164,0.171992057,,,,,,,
901,share,to receive jointly,5.142857143,3886.753214,3466.834865,0.239819168,,,,,,,
901,share,portion alloted to someone,5.655172414,3497.271379,1888.760019,0.610381847,,,,,,,
902,sharp,having a cutting edge,5.296296296,2898.073333,2798.606462,0.304616764,,,,,,,
902,sharp,a fine point,5.068965517,3558.906897,2137.605679,0.336160927,,,,,,,
902,sharp,abrupt change in direction,5.357142857,3641.955714,1936.691986,0.463091994,,,,,,,
902,sharp,clearly defined,5.214285714,4108.748929,4560.279838,0.500259542,,,,,,,
902,sharp,pungent smell/taste,4.851851852,3245.322963,3264.170216,0.171498906,,,,,,,
902,sharp,harsh,3.964285714,3851.287857,2214.249715,-0.434566584,,,,,,,
902,sharp,mentally acute,4.964285714,4079.231429,2860.846392,0.241072824,,,,,,,
902,sharp,musical tone above pitch,5.035714286,3577.790714,1738.584807,0.158860985,,,,,,,
902,sharp,very stylish,3.464285714,3977.792857,3290.083132,-0.840751646,,,,,,,
902,sharp,sudden,4.689655172,4851.196552,3371.52045,0.055137217,,,,,,,
903,shed,structure for storage,5.071428571,3953.931071,1660.505732,0.182477384,,,,,,,
903,shed,to emit tears,4.571428571,3670.3,2551.045446,-0.034169931,,,,,,,
903,shed,to cast off skin or weight,3.172413793,3488.225862,3353.62017,-0.992376583,,,,,,,
904,sheet,linen used as bedding,4.821428571,3461.155714,2047.198396,0.065490198,,,,,,,
904,sheet,rectangle of paper/glass/metal,4.785714286,4124.979643,2262.653454,-0.066282834,,,,,,,
904,sheet,to cover with a layer,4.379310345,4839.564138,4515.207265,-0.093132784,,,,,,,
904,sheet,newspaper,4.535714286,4686.384286,2755.072038,-0.180562085,,,,,,,
905,ship,a water vessel,6.448275862,3941.361724,2863.20716,1.317830341,,,,,,,
905,ship,to send something,2.464285714,3237.032857,2381.79955,-1.443215714,,,,,,,
906,shock,sudden violent impact,3.285714286,2815.639286,1035.147561,-1.089129927,,,,,,,
906,shock,electric current through body,4.5,5007.950769,2835.546173,-0.151582518,,,,,,,
906,shock,"intense suprise, disgust",5.111111111,5496.475185,4256.427343,0.359640255,,,,,,,
906,shock,thick mass of hair,4.034482759,4790.64069,3837.689017,-0.455636772,,,,,,,
907,shoe,foot covering,4.655172414,3504.015862,2014.544526,-0.019706696,,,,,,,
907,shoo,get away,5.620689655,3420.641034,2513.964133,0.71958733,,,,,,,
908,shoot,to discharge a weapon missile,6.689655172,2907.056552,1027.735505,1.386470403,,,,,,,
908,shoot,to direct suddenly,3.793103448,4318.364138,5037.019045,-0.58309048,,,,,,,
908,shoot,to propel a ball in sports,4.464285714,5479.533929,4747.412396,-0.117417291,,,,,,,
908,shoot,to take a photo,3.862068966,4810.632759,3306.404635,-0.664315855,,,,,,,
908,shoot,part of a plant,4.413793103,2991.897241,1339.696761,-0.191908467,,,,,,,
908,shoot,to take a drug in a vein,4.642857143,2776.447143,889.9919454,-0.076309717,,,,,,,
909,shop,small retail store,4.862068966,4014.297241,3863.771866,0.117392626,,,,,,,
909,shop,workspace of crafstperson,4.607142857,4705.849286,3473.986988,-0.025067542,,,,,,,
909,shop,to examine goods for sale,4.178571429,4245.656786,1931.716718,-0.32419699,,,,,,,
910,shot,to discharge a firearm,6.464285714,3306.441786,1521.227996,1.271299173,,,,,,,
910,shot,a photograph,3.214285714,3582.085714,2982.172538,-0.90279204,,,,,,,
910,shot,a punch,4.222222222,5381.3525,4102.119091,-0.336552724,,,,,,,
910,shot,an attempt,3.928571429,3726.863929,1813.957619,-0.496465494,,,,,,,
910,shot,hypodermic injection,4.551724138,3808.134828,2147.685969,-0.080254456,,,,,,,
910,shot,small quantity of hard liquor,3.75,3633.326786,1729.963667,-0.597418393,,,,,,,
911,show,to display,3.24137931,4383.564138,2048.731361,-1.057852795,,,,,,,
911,show,to guide/escort,5.413793103,3930.737586,2084.773287,0.534091124,,,,,,,
911,show,a theatrical production/TV program,5.068965517,3464.151379,1995.7964,0.33277953,,,,,,,
911,show,public exposition,5.482758621,3144.394138,1577.819662,0.566466724,,,,,,,
912,shower,brief fall of rain,4.321428571,2815.74,1806.555692,-0.182792206,,,,,,,
912,shower,upright bath from a nozzle,3.642857143,4361.678571,2591.310708,-0.654366792,,,,,,,
912,shower,to bestow lavishly,4.25,3493.121429,1101.894172,-0.398459636,,,,,,,
913,shuttle,public transportation on a route,4.25,3832.427143,2134.518252,-0.321262757,,,,,,,
913,shuttle,to move to and fro,4.4,6121.937308,2966.028521,-0.228393212,,,,,,,
913,shuttle,space,3.892857143,5608.960714,7041.303292,-0.473622325,,,,,,,
914,side,forms the boundary of something,4.307692308,4623.116154,2678.576669,-0.233149975,,,,,,,
914,side,position...I am on your side,5.678571429,3477.069286,1765.63262,0.635291048,,,,,,,
914,side,small food dish,4.857142857,3116.0525,1410.852216,0.090017541,,,,,,,
914,side,line of descent...on my father's side,4.448275862,4060.967931,2577.092454,-0.046142471,,,,,,,
915,sign,any object that conveys meaning,4.137931034,3957.743448,3675.279951,-0.326370225,,,,,,,
915,sign,trace...there's no sign of her,4.310344828,5328.743448,5150.678049,-0.140383252,,,,,,,
915,sign,zodiac symbol,5.678571429,5616.217143,9663.238163,0.690865586,,,,,,,
915,sign,to speak sign language,4.857142857,4872.133214,2985.586866,0.114450427,,,,,,,
915,sign,mathematical symbol,3.620689655,4740.394828,6684.777838,-0.718846344,,,,,,,
915,sign,to write a signature,4.448275862,3578.419655,2091.854854,-0.14964071,,,,,,,
916,signal,anything that serves to indicate/command,6.25,3887.964286,1692.566757,1.125141271,,,,,,,
916,signal,electronic wave,4.464285714,4772.953571,4488.214061,-0.1450831,,,,,,,
916,signal,an event that incites action,4.285714286,4249.228214,4711.842267,-0.143425827,,,,,,,
917,silver,metal,3.310344828,3741.374138,2563.552552,-0.92281374,,,,,,,
917,silver,kitchen flatware,4.964285714,2975.481071,1800.687616,0.179291209,,,,,,,
917,silver,eloquent...he had a silver tongue,4.896551724,4417.525862,2529.985643,0.171425078,,,,,,,
918,since,from then till now,4.448275862,3666.442069,1847.479391,-0.151701129,,,,,,,
918,since,because,5.620689655,4961.530345,2297.933393,0.650308264,,,,,,,
919,single,one only,3.607142857,4000.3875,1945.015666,-0.779440847,,,,,,,
919,single,unmarried,4.310344828,4195.681724,3391.54076,-0.306583982,,,,,,,
919,single,to choose one from others,5.357142857,5360.43,5240.852713,0.44115163,,,,,,,
919,single,one-base hit in baseball,5.555555556,3994.294444,2347.459324,0.50754435,,,,,,,
919,single,a music record with two songs,5.172413793,4222.376897,2122.913315,0.306686123,,,,,,,
920,sink,basin connected with water,4.827586207,5955.69,7173.796762,0.093527265,,,,,,,
920,sink,to descend gradually,4.615384615,3096.774643,1491.614795,-0.02965139,,,,,,,
920,sink,to become absorbed,5.714285714,3655.1925,1931.582036,0.837526895,,,,,,,
920,sink,to bite,3.428571429,3350.121786,2522.492837,-0.821090029,,,,,,,
920,sink,to successfully shoot a ball,5.071428571,5588.048571,8814.992427,0.360515947,,,,,,,
921,sinker,thing that descends,6,3457.604286,1441.777725,1.045376352,,,,,,,
921,sinker,weight for fishing line,4.103448276,3524.443448,2704.874121,-0.470316203,,,,,,,
921,sinker,type of pitched baseball,6.571428571,2775.66,1492.239325,1.277654719,,,,,,,
922,skeleton,bone framework of body,3.103448276,3829.746207,1481.31424,-0.994920318,,,,,,,
922,skeleton,emaciated person/animal,3.928571429,4489.311429,2847.87624,-0.592944879,,,,,,,
922,skeleton,embarrasing secret,4.928571429,4180.463214,2315.013484,0.173272093,,,,,,,
923,skinny,very thin,3.464285714,3121.137586,2025.869621,-0.926384012,,,,,,,
923,skinny,gossip,6.321428571,3792.4,2258.066554,1.164415322,,,,,,,
924,skip,to move in hopping manner,6,2933.0575,2044.226134,1.011873592,,,,,,,
924,skip,to bounce on a surface,4.777777778,2456.917037,828.5809218,0.062009559,,,,,,,
924,skip,to miss...I will skip class,5.379310345,3162.608966,2040.851466,0.491262991,,,,,,,
925,skunk,small weasel,4.142857143,3516.087931,3681.110947,-0.302332678,,,,,,,
925,skunk,to defeat thoroughly,5.5,2963.707586,1404.762387,0.491071121,,,,,,,
925,skunk,to cheat someone,4.071428571,2642.886786,1383.960037,-0.409574709,,,,,,,
926,slacks,nice pants,3.607142857,5172.535357,6407.626489,-0.74177997,,,,,,,
926,slacks,to be lazy,4.24137931,4110.384828,2218.357653,-0.360746159,,,,,,,
927,slick,smooth/glossy,4.571428571,4287.521034,2404.591794,0.058296903,,,,,,,
927,slick,sly/cunning,5.892857143,4178.4375,3054.282164,0.854231231,,,,,,,
927,slick,slippery,3.964285714,3635.452143,1857.776297,-0.472592559,,,,,,,
928,slide,to glide/move smoothly,4.862068966,4463.71069,3944.379959,0.147872454,,,,,,,
928,slide,to fall into a base in baseball,5,4719.922414,3808.951942,0.249504697,,,,,,,
928,slide,single image for projection,4.75,4274.739643,2452.643755,0.073706337,,,,,,,
928,slide,musical movement,5.428571429,3301.040714,2149.14799,0.598244711,,,,,,,
929,slip,to lose one's foothold,4.153846154,3832.208462,2253.128579,-0.284601626,,,,,,,
929,slip,to pass from memory,6.321428571,3933.358214,2172.894732,1.130844207,,,,,,,
929,slip,to make a mistake,5.964285714,4301.160357,3299.660314,1.00496801,,,,,,,
929,slip,to put a garment on easily,2.75862069,3611.368966,2341.707674,-1.335369502,,,,,,,
929,slip,a woman's undergarment,3.214285714,3997.875714,2343.377594,-0.990389115,,,,,,,
929,slip,small piece of paper,4.793103448,4291.055517,2206.137921,0.112874354,,,,,,,
929,slip,type of wet clay used for pottery,2.413793103,2783.884138,1499.647323,-1.674336301,,,,,,,
929,slip,dock for ships,3,3213.038214,2962.297744,-1.121133891,,,,,,,
930,slow,not moving quickly,3.379310345,4791.366897,5587.699878,-0.895079648,,,,,,,
930,slow,taking more time than usual,4.071428571,4461.574643,2782.023277,-0.386060943,,,,,,,
930,slow,not having intellectual quickness,5.857142857,4297.405357,3104.020987,0.920204751,,,,,,,
931,small,little,3.517241379,4620.031724,6188.978061,-0.715958536,,,,,,,
931,small,very young,5.689655172,2967.886207,1157.384799,0.739828392,,,,,,,
931,small,not great in amount,4.137931034,3242.35931,1939.565626,-0.436090476,,,,,,,
931,small,of minor importance,3.714285714,4322.505714,5492.740815,-0.709791677,,,,,,,
931,small,mean-spirited,5.896551724,3712.134828,4810.171976,0.814195759,,,,,,,
932,smart,quick intelligence,3.827586207,3623.465862,2714.095466,-0.472304765,,,,,,,
932,smart,to cause pain,4.310344828,3100.536552,1195.162122,-0.330654172,,,,,,,
932,smart,active/keen,5.888888889,3436.709259,2083.762969,0.901852387,,,,,,,
933,smash,to violently break to pieces,4.407407407,4322.687857,2895.610591,-0.3576635,,,,,,,
933,smash,a great success,5.75,3303.887931,1528.837257,0.677288902,,,,,,,
934,smear,to spread on something,4.275862069,3952.56069,2543.20938,-0.375874707,,,,,,,
934,smear,to blur by rubbing,4.357142857,4490.587931,7058.789576,-0.134674287,,,,,,,
934,smear,to soil a reputation,3.964285714,2832.8325,1718.376739,-0.458896534,,,,,,,
935,smoking,to inhale a cigarette/cigar,5.413793103,3335.212759,2014.008917,0.594045283,,,,,,,
935,smoking,good looking,4.464285714,4527.677143,2761.768931,-0.144653183,,,,,,,
936,snap,to make a sudden distinct sound,5.142857143,4283.535714,5033.611043,0.432271969,,,,,,,
936,snap,to take a photograph,5.178571429,5936.096429,4606.794341,0.372331391,,,,,,,
936,snap,throwing a football,4.620689655,4087.721034,2201.357683,0.057616235,,,,,,,
936,snap,quick manner of speaking,5.068965517,3546.16931,1822.063373,0.330865707,,,,,,,
936,snap,to recover...he had to snap out of it,6.714285714,3151.306786,1451.179821,1.573492352,,,,,,,
936,snap,to break suddenly,3.379310345,3754.623103,2470.523245,-0.928483748,,,,,,,
936,snap,fastener that clicks together,4.689655172,3183.76069,1604.548544,0.059401203,,,,,,,
937,snatch,suddenly seizing something,4.24137931,3474.842069,3036.027499,-0.331394294,,,,,,,
937,snatch,to kidnap,4.724137931,3963.05931,2784.557341,-0.012904997,,,,,,,
937,snatch,vagina,2.607142857,3039.804643,1618.895498,-1.466829506,,,,,,,
938,snot,mucus from nose,4.931034483,2819.443103,1299.877841,0.073555177,,,,,,,
938,snot,stuck-up person,3.137931034,4968.525517,3008.998713,-1.18736514,,,,,,,
939,soar,flying high,3.321428571,3219.779643,2212.329318,-0.986140641,,,,,,,
940,soared,to have flown high,3.413793103,3735.701379,2893.887732,-0.954842956,,,,,,,
941,sock,material worn over foot,4.413793103,3491.626552,1666.940646,-0.162372396,,,,,,,
941,sock,to hit hard,5.666666667,3267.688519,1361.995619,0.637477364,,,,,,,
942,soft,lacking hardness/agreeable to the touch,5.965517241,4401.002069,3858.595872,0.963537949,,,,,,,
942,soft,low sound,6.103448276,4110.829655,3317.220083,1.059055164,,,,,,,
942,soft,gentle,3.928571429,3711.345,2066.811651,-0.426637705,,,,,,,
942,soft,easy,5.035714286,4183.991071,2944.792351,0.30487879,,,,,,,
942,soft,lenient,4.931034483,5295.211034,5823.177742,0.27765595,,,,,,,
942,soft,water free of salts,4.75862069,2708.198621,1029.38967,0.017136814,,,,,,,
942,soft,declining in value,4.642857143,2818.075357,1698.145495,0.031424255,,,,,,,
943,soil,top layer of earth's sruface,6.620689655,3651.542069,2279.406604,1.344168373,,,,,,,
943,soil,to make unclean,4.814814815,4279.37037,2172.234814,0.046166647,,,,,,,
943,soil,country...native soil,5.655172414,3862.988621,2629.952391,0.721198178,,,,,,,
944,sole,only one,4,5757.055862,4364.633045,-0.478976917,,,,,,,
944,sole,bottom of foot/shoe,4.827586207,5588.248966,3651.175921,0.077320971,,,,,,,
944,sole,type of flatfish,4.222222222,5178.704074,6374.595047,-0.468341641,,,,,,,
945,solution,method to solving a problem,2.75862069,3502.057586,4042.189336,-1.315610969,,,,,,,
945,solution,mixture of two/more substances,4.035714286,3777.717931,2322.568194,-0.499721195,,,,,,,
946,some,an unspecified number/amount,3.965517241,3333.849655,1628.475006,-0.490753881,,,,,,,
946,some,of impressive quality...that's some car,4.111111111,2785.442963,1432.684336,-0.357957379,,,,,,,
946,some,to a certain extent,3.724137931,3417.27,4208.821482,-0.628333666,,,,,,,
947,son,male offspring,5.607142857,3921.097143,2722.19968,0.633669915,,,,,,,
947,son,Jesus Christ,5.206896552,2729.753103,1405.182064,0.262571746,,,,,,,
948,sore,open wound,4.482758621,3705.592414,2681.737431,-0.143610475,,,,,,,
948,sore,tender,4.857142857,4763.857143,3648.431406,0.161270477,,,,,,,
948,sore,physical pain,5.653846154,3980.371154,2418.88353,0.694408691,,,,,,,
948,sore,causing embarrasment,5.642857143,5390.476429,5476.204792,0.681691542,,,,,,,
948,sore,angry,5.75,4729.482857,3897.005489,0.781733125,,,,,,,
949,sound,an audible effect of transmitted waves,4.035714286,5110.416429,3741.329657,-0.27890489,,,,,,,
949,sound,to announce,3.962962963,3295.6275,1737.237695,-0.512748709,,,,,,,
949,sound,free from defect,6.275862069,2711.393448,1376.511099,1.188839708,,,,,,,
949,sound,uninterrupted,6.107142857,5722.452143,8455.439057,0.975825447,,,,,,,
949,sound,narrow passage of water/inlet,5.137931034,2908.59069,1459.102826,0.343359845,,,,,,,
949,sound,an impression...don't like the sound of that,5.655172414,2980.173793,1505.273851,0.67896026,,,,,,,
950,sour,acid taste,5.035714286,4304.945517,3809.452435,0.218496795,,,,,,,
950,sour,type of alcoholic drink,4.75862069,4640.480345,2786.208856,-0.064836178,,,,,,,
950,sour,to become disillusioned,4.551724138,5663.153793,4746.996799,-0.126925356,,,,,,,
951,sow,to plant seeds,5.344827586,4548.596207,2329.907531,0.444186964,,,,,,,
951,sow,adult female pig,5.038461538,3566.38,1983.096824,0.253270315,,,,,,,
952,space,unlimited realm,4,2656.045172,1539.298331,-0.492940868,,,,,,,
952,space,particular extent of surface,4.964285714,3231.763214,1552.335974,0.270881126,,,,,,,
952,space,place used for a particular purpose,4.344827586,3256.168621,1756.666448,-0.172542908,,,,,,,
952,space,interval between two lines of music,5.034482759,4972.054483,4219.943179,0.277849744,,,,,,,
952,space,extent,5.103448276,5405.553448,5094.33149,0.323522491,,,,,,,
952,space,solar system,4.655172414,3065.183448,1819.877834,0.0194225,,,,,,,
953,spade,tool for digging,4.034482759,5261.962069,4032.379397,-0.454155502,,,,,,,
953,spade,black suit in a deck of cards,3.827586207,4863.208276,5674.99173,-0.521791834,,,,,,,
954,span,a distance across,4.892857143,3221.105,1401.456774,0.118343436,,,,,,,
954,span,limited space of time,4.111111111,3708.801852,2051.493718,-0.356043062,,,,,,,
954,span,attention,6.321428571,2505.863793,1099.889551,1.329254555,,,,,,,
955,special,of a distinct kind,3.448275862,4332.191379,3279.01388,-0.901079993,,,,,,,
955,special,exceptional,4,4086.158966,1855.522673,-0.376989537,,,,,,,
955,special,a sale,5.413793103,4510.87,5473.94364,0.572301948,,,,,,,
956,speed,rate of motion,5.285714286,4625.0025,2346.923561,0.390894067,,,,,,,
956,speed,stimulant drug,4.851851852,2645.64,1371.960727,0.13245296,,,,,,,
957,spell,form words with letters,5.931034483,4137.742069,2839.542014,0.942487439,,,,,,,
957,spell,magical phrase,5.448275862,3089.803103,1766.569061,0.549542588,,,,,,,
957,spell,short period of time,5.642857143,2896.352857,1991.584155,0.583095396,,,,,,,
957,spell,to signify...that could spell disaster,6.607142857,3093.818214,2237.934281,1.391164916,,,,,,,
958,sphere,round geometric figure,3.931034483,3158.334138,1379.392577,-0.498230235,,,,,,,
958,sphere,particular social setting,5.172413793,4001.562759,3334.649951,0.439157308,,,,,,,
959,sphinx,creature with a man's head on a lion,4.517241379,4094.173448,2600.965165,-0.039891014,,,,,,,
959,sphinx,stone figure at pyraminds,4.689655172,5525.640345,2670.242245,0.045125851,,,,,,,
959,sphinx,mysterious person,5.178571429,4254.258929,2179.54941,0.309385538,,,,,,,
960,spicy,seasoned with spice,5.607142857,4166.893448,2480.76276,0.636854643,,,,,,,
960,spicy,lively,4.965517241,2924.351034,1620.172737,0.256339373,,,,,,,
961,spike,long pointed piece of metal,6.444444444,2865.288929,1453.558133,1.111220729,,,,,,,
961,spike,to make hair form stiff points,5.571428571,4136.660714,4075.02393,0.740159769,,,,,,,
961,spike,metal on bottom of athletic shoes,4.678571429,4404.525714,2227.983661,0.086914197,,,,,,,
961,spike,sharp increase in something,3.259259259,2805.28963,1505.576381,-0.977849664,,,,,,,
961,spike,hitting a volleyball,5.642857143,3752.440714,2438.440756,0.695404659,,,,,,,
961,spike,adding alcohol to a drink,6.285714286,4483.503448,2297.078805,1.014081383,,,,,,,
961,spike,to add excitement to,4.172413793,3209.290345,2338.521678,-0.363183914,,,,,,,
962,spin,to make yarn by twisting,4.037037037,3704.194286,3098.957217,-0.351516949,,,,,,,
962,spin,to twirl rapidly,4.551724138,3704.289655,2082.052271,-0.156024728,,,,,,,
962,spin,to play musical records,6.310344828,2760.663793,1230.982409,1.214406562,,,,,,,
962,spin,to cause to have a particular bias,5.24137931,3610.495517,2294.240565,0.412948087,,,,,,,
963,spirit,the soul,5.655172414,4306.87,1889.917345,0.759425516,,,,,,,
963,spirit,a ghost,3.666666667,3195.564444,1510.897537,-0.635457602,,,,,,,
963,spirit,excellent attitude...that's the spirit!,5.5,4026.230357,1658.0158,0.528263227,,,,,,,
963,spirit,distilled alcohol,6.035714286,4881.217857,1672.853675,0.879870161,,,,,,,
963,spirit,to carry off mysteriously,3.884615385,5593.344231,3709.940209,-0.572010613,,,,,,,
963,spirit,emotional state,5.407407407,6612.715926,21314.10331,0.570226575,,,,,,,
964,spit,to eject saliva,4.896551724,4579.576552,3000.232879,0.130661721,,,,,,,
964,spit,scattered rain or snow,5.214285714,4259.351071,3194.561926,0.267435509,,,,,,,
964,spit,pointed bar for cooking meat over a fire,4.214285714,4189.81,2559.235304,-0.352662515,,,,,,,
965,split,to separate by cutting,5.75862069,4800.564483,4161.138969,0.848468208,,,,,,,
965,split,to leave...let's split,3.714285714,4074.654643,2037.693062,-0.674113312,,,,,,,
966,spoil,to impair the quality of something,3.586206897,3708.957586,2714.053557,-0.677520759,,,,,,,
966,spoil,unfit for use,5.931034483,3294.942069,2339.974232,0.924779831,,,,,,,
966,spoil,to overindulge someone,4.222222222,3283.875926,1749.149352,-0.259838688,,,,,,,
966,spoil,to take by force/pillage,4.551724138,4597.127931,3285.908097,-0.054647523,,,,,,,
967,spot,small rounded stain,4.172413793,4549.33069,4388.212414,-0.40003295,,,,,,,
967,spot,a place,4.413793103,5705.261379,6812.395592,-0.077918346,,,,,,,
967,spot,to loan money,6.068965517,4933.044483,2611.763552,1.061359529,,,,,,,
967,spot,to see...can you spot her?,5.071428571,3871.882857,3133.671093,0.223677091,,,,,,,
967,spot,small quantity,3.892857143,4009.771429,2832.135454,-0.413933195,,,,,,,
968,spray,discharged liquid,4.107142857,3042.8625,1752.79535,-0.341313146,,,,,,,
968,spray,to scatter fine particles,5.482758621,4409.41,2556.207493,0.706748584,,,,,,,
968,spray,slender twig with flowers,5.571428571,4379.915714,2334.559639,0.620466257,,,,,,,
989,spread,to draw out,3.344827586,4343.026552,4110.099264,-0.90966188,,,,,,,
989,spread,to cover with something,4.571428571,3764.310357,2013.207524,-0.109538236,,,,,,,
989,spread,to move apart,5.142857143,4951.141071,3751.968839,0.291016324,,,,,,,
989,spread,arrangement of a meal on a table,4.607142857,4177.1625,4201.478116,-0.118386434,,,,,,,
989,spread,layout in a newspaper or magazine,6,3166.04,1627.982062,0.925175315,,,,,,,
990,spring,season of the year between March and June,5,4163.501481,3619.575616,-0.046511762,,,,,,,
990,spring,to leap suddenly,2.851851852,2916.158929,1389.539497,-1.194829381,,,,,,,
990,spring,to issue forth swiftly,4.925925926,3932.697407,2488.001597,0.208248906,,,,,,,
990,spring,a small river,5.827586207,3291.489655,1987.533915,0.790894948,,,,,,,
990,spring,to be released from jail,5.538461538,4298.456923,3132.532514,0.528000966,,,,,,,
990,spring,a coil of wire,6.107142857,4383.243214,3347.550681,1.013433761,,,,,,,
991,square,shape with 4 equal sides,5.964285714,2882.713793,1424.253105,0.905032025,,,,,,,
991,square,open area in a city,3.821428571,3309.832069,2202.053666,-0.577922806,,,,,,,
991,square,nerdy person,4.111111111,3853.582222,2124.107186,-0.314599683,,,,,,,
991,square,mathematical operation,5.785714286,3004.989286,1510.19116,0.841596547,,,,,,,
991,square,to settle...is our debt square?,4.2,2828.022308,1727.169982,-0.300708693,,,,,,,
991,square,honest,4.481481481,3927.698214,1615.116606,-0.028002978,,,,,,,
992,squash,to crush,5.111111111,5730.022222,5064.072996,0.227628374,,,,,,,
992,squash,to cram into a small space,4.896551724,3712.472069,3078.130459,0.20206957,,,,,,,
992,squash,type of tennis,4.931034483,4970.194483,3320.321677,0.287454132,,,,,,,
992,squash,vegetable,5.034482759,4923.643793,4652.30654,0.374180851,,,,,,,
993,stable,builiding with stalls for lodging horses,5.037037037,4591.97037,3521.391088,0.300779,,,,,,,
993,stable,steady/no significant changes,3.965517241,4327.628621,2238.093868,-0.375699827,,,,,,,
994,staff,employees,5.555555556,3034.616429,1761.918121,0.368010913,,,,,,,
994,staff,rod or cane used for support,3.071428571,3616.871034,3307.385278,-1.161795746,,,,,,,
994,staff,musical lines for writing notes on,4.689655172,3479.204138,1983.886302,-0.025076213,,,,,,,
995,stage,particular phase in a process,5.592592593,2997.604815,1679.122417,0.667011797,,,,,,,
995,stage,a raise platform for performers,5.620689655,4967.778966,4706.585791,0.683150211,,,,,,,
995,stage,to plan or organize,5.344827586,4368.39069,5158.721141,0.411391365,,,,,,,
996,stair,step,4.310344828,3601.180345,2655.290563,-0.196588215,,,,,,,
997,stake,broad wooden stick,5.214285714,5466.151429,8663.223999,0.382597586,,,,,,,
997,stake,to claim something,5.931034483,3860.451379,1750.740721,0.889288129,,,,,,,
997,stake,a wager in a contest,5.740740741,3123.127407,2132.858534,0.693286764,,,,,,,
997,stake,to risk something,4.714285714,4579.251429,3786.424404,-0.028322123,,,,,,,
998,stalk,main stem of a plant,5.275862069,4488.453448,2138.516615,0.396140057,,,,,,,
998,stalk,to pursue prey,5.464285714,4377.097143,3041.617314,0.560657573,,,,,,,
998,stalk,to walk away angrily,4.821428571,5020.097143,3862.599586,0.148603775,,,,,,,
998,stalk,to obsessively follow someone,3.896551724,4136.917931,2969.284599,-0.491894671,,,,,,,
999,stall,compartment for an animal,4.551724138,4272.201379,3774.017542,-0.16149929,,,,,,,
999,stall,rectangular space for parking a vehicle,4.037037037,4392.878148,2188.211764,-0.532324653,,,,,,,
999,stall,to cause a motor car to stop,5.821428571,4113.888621,2465.115031,0.818613565,,,,,,,
999,stall,to delay,3.714285714,3744.41,2711.347446,-0.669267945,,,,,,,
999,stall,toilet space in a bathroom,2.821428571,3929.533929,2040.365138,-1.251287259,,,,,,,
1000,stamp,to strike with foot,5.321428571,4236.351786,2715.836551,0.469220125,,,,,,,
1000,stamp,adding an ink mark,5.275862069,5869.956552,14304.55087,0.51716962,,,,,,,
1000,stamp,to extiguish something,5.068965517,4038.581379,3023.890846,0.395481462,,,,,,,
1000,stamp,postage label,4.482758621,3341.34,1756.074197,-0.216154555,,,,,,,
1001,stand,upright position on the feet,4.344827586,3847.681724,1762.778164,-0.095393713,,,,,,,
1001,stand,take a firm attitude about something,5.192307692,3626.103077,1448.563466,0.407105728,,,,,,,
1001,stand,to become stagnant,4.931034483,4676.625862,3066.486683,0.266378085,,,,,,,
1001,stand,to endure/tolerate,5.296296296,4057.361481,2607.326569,0.592677692,,,,,,,
1001,stand,piece of furniture,6.142857143,3763.051786,1727.293341,1.157581407,,,,,,,
1001,stand,holds sheets of music,3.357142857,4424.146071,2182.50187,-1.009530785,,,,,,,
1001,stand,platform for a speaker/witness,5.333333333,3831.720741,3407.075534,0.497927961,,,,,,,
1002,standard,basis of comparison,4.321428571,3539.466071,2208.974275,-0.228602645,,,,,,,
1002,standard,acceptable morals/ethics,4.107142857,3968.390357,2034.204489,-0.363050084,,,,,,,
1002,standard,gold or silver weight,5.928571429,3179.891786,1474.137549,0.941981093,,,,,,,
1003,standing,maintaining an upright erect position,5.777777778,3505.573214,1938.666985,0.798435709,,,,,,,
1003,standing,social rank/status,3.103448276,4580.681034,3899.36124,-1.065269839,,,,,,,
1003,standing,idle,3.379310345,4314.344828,2487.574081,-0.914149891,,,,,,,
1004,staple,bent wire for binding papers,4.666666667,3349.722222,1824.015396,-0.056156891,,,,,,,
1004,staple,principle commodity,3.925925926,4474.404444,5662.250101,-0.621573909,,,,,,,
1004,staple,chief thing,2.827586207,3967.243793,2870.942265,-1.40676567,,,,,,,
1005,star,heavenly body in sky,3.931034483,6161.878276,9079.906814,-0.491363817,,,,,,,
1005,star,symbol...gold star,3.357142857,3469.131071,2421.547398,-0.961730071,,,,,,,
1005,star,celebrated person in a particular field,5.137931034,4812.174138,4432.410803,0.415581531,,,,,,,
996,stare,to look at intently,5.892857143,4702.258929,3489.062307,0.881423473,,,,,,,
1006,start,a beginning of something,4.655172414,3816.938966,3330.401634,-0.042099024,,,,,,,
1006,start,to move suddenly,5.071428571,3111.576429,1538.440412,0.408036757,,,,,,,
1006,start,to establish something new,4.518518519,3687.722857,2036.208331,-0.17789576,,,,,,,
1007,state,condition of a person or thing,5.172413793,4840.498621,3336.81269,0.376131987,,,,,,,
1007,state,status/rank in life,4.172413793,3129.642069,1363.308452,-0.375938584,,,,,,,
1007,state,territory of a government,5.407407407,4448.161852,4616.686203,0.485424826,,,,,,,
1007,state,to declare/say,3.714285714,4238.6875,2653.117513,-0.690542578,,,,,,,
1008,station,stopping place for travel,4,4196.727241,3278.358692,-0.348282343,,,,,,,
1008,station,municipal headquarters of public services,3.586206897,4494.124138,3086.537061,-0.844418113,,,,,,,
1008,station,radio or television,4.821428571,5630.107143,6785.548533,0.021528262,,,,,,,
1008,station,a soldier's post,4.75862069,2531.531034,1250.463231,-0.03243472,,,,,,,
1009,stay,to spend some time somewhere,5.115384615,3909.944615,2819.136778,0.280170125,,,,,,,
1009,stay,continued state,5.074074074,3410.677037,2411.003395,0.209898095,,,,,,,
1009,stay,to stop,4.517241379,4991.938276,4686.900721,-0.130894904,,,,,,,
1009,stay,temporary trip,4.620689655,2926.121034,1330.863226,-0.087887709,,,,,,,
1010,steam,water vapor,6.214285714,3599.865357,2270.306173,1.143714485,,,,,,,
1010,steam,power or energy,4.965517241,4520.146897,3708.482575,0.191503888,,,,,,,
1010,steam,to be angry,4.857142857,3963.7575,2490.117494,0.195485061,,,,,,,
1011,steep,to have a sharp incline,4.965517241,3214.83,2063.024772,0.300811728,,,,,,,
1011,steep,extremely high,3.857142857,3460.0875,2009.52962,-0.526603777,,,,,,,
1011,steep,to soak in liquid,4.607142857,3932.685714,2522.743378,0.058579363,,,,,,,
1012,steer,to guide the course by means of a device,5.461538462,3681.425,1850.090079,0.571538406,,,,,,,
1012,steer,to avoid...steer clear of him,6.321428571,3293.422857,1654.445883,1.291748905,,,,,,,
1012,steer,male cattle,5.148148148,3902.36,4668.258928,0.314544914,,,,,,,
1013,stem,plant stalk,4.896551724,4148.737931,4599.206702,0.259217744,,,,,,,
1013,stem,"long, slender part of something",5.785714286,3390.237143,2224.11528,0.83382476,,,,,,,
1013,stem,underlying basis of a word,4.965517241,3747.564138,2252.395456,0.277857329,,,,,,,
1013,stem,slang for leg,5.793103448,3419.896207,3226.467758,0.801549834,,,,,,,
1013,stem,to originate from,2.857142857,3957.287143,4608.854105,-1.241073837,,,,,,,
1014,stern,firm or strict,6.482758621,2432.897931,958.5694718,1.399994229,,,,,,,
1014,stern,rear part of something,6.142857143,3194.965357,1438.542694,0.990323587,,,,,,,
1015,stew,to cook by simmering,4.275862069,4531.603793,3416.461573,-0.171698336,,,,,,,
1015,stew,to worry,4.148148148,3702.025185,1291.99135,-0.46842524,,,,,,,
1016,stick,broken branch,5.230769231,4955.859259,2978.326196,0.170427074,,,,,,,
1016,stick,marijuana cigarette,5.793103448,3963.436552,2900.877013,0.845254431,,,,,,,
1016,stick,rural region,4.035714286,4643.339643,4173.407067,-0.472509019,,,,,,,
1016,stick,to puncture with something,3.310344828,3800.172414,2086.475056,-0.914458436,,,,,,,
1016,stick,to place something somewhere,4.793103448,3630.991034,2156.477628,0.103540123,,,,,,,
1016,stick,to impose something disagreeable upon,4.62962963,4133.486296,4550.182781,-0.093216729,,,,,,,
1016,stick,car with a manual transmission,5.034482759,3542.201379,2111.040814,0.13267536,,,,,,,
1016,stick,to attach to something,4.896551724,4454.094138,2035.353905,0.182835773,,,,,,,
1017,sticker,adhesive lable,6.285714286,2535.129643,1098.768767,1.045986648,,,,,,,
1017,sticker,a bur or thorn,6.103448276,2388.527931,992.5219494,0.976478059,,,,,,,
1018,stiff,rigid/firm,3.642857143,3818.83,3714.736279,-0.60714793,,,,,,,
1018,stiff,strong/powerful,5,4126.716897,2888.354402,0.152787641,,,,,,,
1018,stiff,lacking ease or grace,5.551724138,3630.351724,1393.697895,0.645387015,,,,,,,
1018,stiff,dead person,5.034482759,3624.684138,1668.793707,0.233042244,,,,,,,
1018,stiff,to cheat,4.896551724,4108.564138,3020.310601,0.233096314,,,,,,,
1019,still,motionless,3.222222222,2844.083333,1122.613018,-1.106866226,,,,,,,
1019,still,free from noise,3.275862069,4199.375862,2588.678714,-0.936376207,,,,,,,
1019,still,single photographic print,6.206896552,3656.112414,3154.891561,1.134241562,,,,,,,
1019,still,in addition,6.481481481,4327.867857,5480.406655,1.279992314,,,,,,,
1019,still,nevertheless,3.178571429,3918.442143,2319.865748,-1.035513116,,,,,,,
1020,sting,from an insect,3.862068966,5239.513448,4568.493487,-0.468450446,,,,,,,
1020,sting,to cause sharp pain,3.413793103,4248.374828,3755.007401,-0.778776258,,,,,,,
1020,sting,to cheat,5.5,4791.964286,4077.649665,0.54647196,,,,,,,
1020,sting,an illegal operation,5.689655172,4016.731034,3175.053929,0.667540267,,,,,,,
1021,stink,strong offensive smell,5.206896552,4322.171034,3662.677917,0.385890006,,,,,,,
1021,stink,something that's inferior...that movie stinks,5.448275862,5166.948276,5877.617158,0.494545127,,,,,,,
1022,stir,to move something continuously,4.392857143,3896.233571,1860.392203,-0.247977348,,,,,,,
1022,stir,affect strongly,5.827586207,3608.645172,1797.158762,0.829995253,,,,,,,
1022,stir,to rouse from inactivity,6.035714286,3436.668276,2932.311561,0.862362989,,,,,,,
1022,stir,a poke,4.035714286,3704.043214,3308.069406,-0.433495581,,,,,,,
1022,stir,state of excitement,5.965517241,3278.385862,1637.443221,0.911554013,,,,,,,
1023,stitch,complete movement of threaded needle,4.965517241,3496.13,3369.056619,0.220889643,,,,,,,
1023,stitch,sudden sharp pain,5.071428571,4109.797857,3145.920034,0.327100484,,,,,,,
1023,stitch,to laugh,6.148148148,3613.921852,2665.240478,0.999566602,,,,,,,
1023,stitch,to mend,5.785714286,3602.73,2406.735839,0.818948213,,,,,,,
1024,stock,shares of a company,6.206896552,3915.371724,2935.094172,1.0836303,,,,,,,
1024,stock,group of animals,6.035714286,3860.513214,2362.181403,0.918590558,,,,,,,
1024,stock,main stem of a plant,5.785714286,3541.449286,3616.651077,0.770369777,,,,,,,
1024,stock,handle of a firearm,3.620689655,3808.536207,1915.308678,-0.834418064,,,,,,,
1024,stock,kind of paper,5.724137931,4244.097586,2214.68358,0.805572,,,,,,,
1024,stock,foundation broth for soups,6.107142857,4615.741786,4724.437623,0.978170457,,,,,,,
1024,stock,commonplace,4.25,3800.381071,2400.389424,-0.337629475,,,,,,,
1024,stock,take inventory,5.535714286,4447.170357,3985.315107,0.617939124,,,,,,,
1025,stone,hard substance of rocks,6.413793103,4804.137931,9822.164869,1.335087762,,,,,,,
1025,stone,hard middle of a peach,3.724137931,4448.202414,3013.448648,-0.559297849,,,,,,,
1025,stone,unfeeling,3.964285714,3672.756429,1440.71325,-0.454069515,,,,,,,
1025,stone,gem,5.607142857,3086.814643,1348.613401,0.697988182,,,,,,,
1026,stoned,killed by rock pelting,4.571428571,3680.658929,1607.068006,0.087649768,,,,,,,
1026,stoned,high on marijuana,4.428571429,4478.526071,3190.936924,-0.056909517,,,,,,,
1027,stool,single seat with no back,5.620689655,3108.273103,2008.401582,0.723237935,,,,,,,
1027,stool,short support to rest feet on,3.037037037,5401.969259,9779.206676,-0.996888985,,,,,,,
1027,stool,fecal matter,4.344827586,3100.678966,1418.251574,-0.2329389,,,,,,,
1027,stool,toilet,3.310344828,4668.497586,2556.472805,-0.906882785,,,,,,,
1028,storage,possessions that are stored away,5.862068966,3102.741379,2366.083259,0.956413712,,,,,,,
1028,storage,computer memory,5.464285714,3705.876071,1531.936178,0.527145273,,,,,,,
1029,store,a shop,5.285714286,3742.519286,1519.636024,0.352347427,,,,,,,
1029,store,to save,5.571428571,3344.037143,1730.636836,0.635524292,,,,,,,
1030,straight,"even, without a bend",5.214285714,5079.338571,5262.498114,0.344532496,,,,,,,
1030,straight,heterosexual,4.24137931,3223.994828,2551.905257,-0.250665229,,,,,,,
1030,straight,unreserved...honest,5.482758621,4563.326552,4096.881595,0.56107826,,,,,,,
1030,straight,cards in consecutive numbers,5.586206897,3909.392759,3542.082746,0.694077002,,,,,,,
1031,stress,put emphasis on,5.607142857,4023.6475,2687.728464,0.633187873,,,,,,,
1031,stress,strain due to outside forces,4.137931034,2934.817931,1531.056848,-0.52118346,,,,,,,
1032,strike,to hit,5.035714286,4747.120357,3136.433837,0.29075656,,,,,,,
1032,strike,to leave work,4.103448276,5370.146897,7247.653332,-0.389832649,,,,,,,
1032,strike,to impress,4.714285714,3449.374286,2242.85393,-0.001016727,,,,,,,
1032,strike,to encounter unexpectedly,3.925925926,4775.556296,2863.658123,-0.496992049,,,,,,,
1032,strike,missed pitch in baseball,3.862068966,4003.128621,2122.178419,-0.493327423,,,,,,,
1032,strike,to cancel out,5.107142857,5156.113929,4980.375617,0.226157184,,,,,,,
1032,strike,knock down all bowling pins,4.275862069,2925.342069,1349.162252,-0.215329437,,,,,,,
1032,strike,to attack a target,5.107142857,2694.228929,1228.056979,0.373021435,,,,,,,
1033,string,thick thread for tying,5.535714286,3662.601786,1381.540854,0.601063864,,,,,,,
1033,string,necklace,3.965517241,4118.18069,3433.858857,-0.44196387,,,,,,,
1033,string,series of things,5.464285714,3770.725,2892.822056,0.50486918,,,,,,,
1033,string,musical instruments,5.24137931,3687.666207,1747.159324,0.464316212,,,,,,,
1034,strip,to take off clothing,4.75862069,4677.774828,4220.685485,0.115796502,,,,,,,
1034,strip,to remove varnish or paint,6.068965517,4179.673793,3322.074865,0.979118882,,,,,,,
1034,strip,narrow piece of something,4.928571429,4906.450357,3622.525495,0.120789231,,,,,,,
1034,strip,type of beef steak,4.068965517,3258.05931,1398.155201,-0.387708327,,,,,,,
1034,strip,to reduce to essentials,4.785714286,3317.8975,1877.109739,0.127999999,,,,,,,
1035,stroke,hitting something,4.607142857,6332.920357,6219.77663,-0.137106733,,,,,,,
1035,stroke,blockage of blood,4.321428571,3383.8475,1985.185116,-0.27115765,,,,,,,
1035,stroke,a single complete movement,5.357142857,3981.357857,1993.179861,0.374346232,,,,,,,
1035,stroke,method of swimming,3.172413793,3122.808621,1550.800738,-1.009125168,,,,,,,
1035,stroke,moving a pen,4.586206897,3793.75069,1755.956178,-0.02592131,,,,,,,
1035,stroke,to pass hand over lightly,4,4635.026071,4329.489248,-0.426414843,,,,,,,
1036,strong,muscular power,5.068965517,3299.657241,1653.424809,0.300681539,,,,,,,
1036,strong,competent in a specific field,6.689655172,3502.513448,1394.859488,1.538063781,,,,,,,
1036,strong,great force,4.862068966,4076.953793,2085.214384,0.095972394,,,,,,,
1036,strong,clear and loud,4.793103448,4497.689655,2795.058268,0.120883522,,,,,,,
1036,strong,solid or healthy,5.807692308,3852.018214,2486.015377,0.540425655,,,,,,,
1036,strong,well-supplied,5.655172414,3822.984483,3015.846954,0.652183521,,,,,,,
1036,strong,containing alot of alcohol,5.285714286,5301.028571,3309.829695,0.566989265,,,,,,,
1036,strong,high degree of odor or flavor,4.896551724,2493.048276,873.1401188,0.225085272,,,,,,,
1037,structure,something constructed or built,4.62962963,4263.12963,2491.574058,0.004236744,,,,,,,
1037,structure,how atoms are joined together,5.586206897,3396.656552,3149.016334,0.703545583,,,,,,,
1037,structure,a group's system of beliefs,5.689655172,4000.010345,2538.903185,0.758547295,,,,,,,
1038,stub,short projection,4.965517241,6012.340345,6829.859181,0.336519441,,,,,,,
1038,stub,portion of a ticket,5.964285714,4850.268571,2255.351396,0.869617161,,,,,,,
1038,stub,to strike against accidently,3.551724138,3035.254138,1608.238075,-0.773935661,,,,,,,
1038,stub,to extinguish a cigarette,5.678571429,4285.474286,1733.436478,0.70353352,,,,,,,
1038,stub,stocky,5.896551724,2806.901379,1620.678648,0.819152481,,,,,,,
1039,stuck,thrust with a pointed instrument,5.517241379,3683.031379,1487.820389,0.671749171,,,,,,,
1039,stuck,infatuated with...he's stuck on her,5.620689655,3080.002414,1267.68348,0.598101815,,,,,,,
1039,stuck,unable to move,6.428571429,2799.875357,1394.827419,1.314468433,,,,,,,
1040,stud,weight-baring board...in wall,4.551724138,4163.432759,3218.534727,-0.059531458,,,,,,,
1040,stud,type of earring,5.206896552,4173.13931,5919.095426,0.36464888,,,,,,,
1040,stud,slang for a guy,4.964285714,4768.763214,2610.405813,0.213313962,,,,,,,
1040,stud,type of poker game,3.481481481,3862.394815,2231.041532,-0.958365166,,,,,,,
1040,stud,male horse,4.285714286,4373.396429,3879.40313,-0.373089529,,,,,,,
1041,study,trying to acquring knowledge,4.357142857,3681.789286,2512.020934,-0.297574722,,,,,,,
1041,study,research,3.72,4099.0672,1742.623598,-0.766300959,,,,,,,
1041,study,room set apart for studying,4.034482759,3930.373103,3358.258852,-0.337201278,,,,,,,
1042,stuff,material that anything is made of,5.111111111,3606.154074,5756.196898,0.323229388,,,,,,,
1042,stuff,to cram full,6.592592593,3369.592963,2770.178697,1.2878371,,,,,,,
1042,stuff,worthless things,4.620689655,4618.377586,2526.453384,0.006386917,,,,,,,
1043,stump,lower part of a cut down tree,5.071428571,3593.956786,1994.778954,0.248105603,,,,,,,
1043,stump,a short piece of something,5.535714286,3952.879643,2006.416206,0.6207917,,,,,,,
1043,stump,to puzzle,4.178571429,2978.906429,1941.460186,-0.449488677,,,,,,,
1043,stump,make political campaign speeches,4.724137931,3004.032759,1688.720302,-0.032649798,,,,,,,
1044,style,any particular type,4,3190.075172,1928.450055,-0.344304111,,,,,,,
1044,style,living in style,4.928571429,4765.871034,6072.22439,0.257930729,,,,,,,
1044,style,form of expression in literary works,5.172413793,5392.696207,4425.512178,0.377550442,,,,,,,
1045,sub,submarine,4.310344828,4414.096207,2908.411939,-0.257977485,,,,,,,
1045,sub,sandwich,5.482758621,4579.022414,2355.753246,0.552144072,,,,,,,
1045,sub,to substitute,5.24137931,6406.792069,8046.283366,0.518403107,,,,,,,
1045,sub,subway,4.827586207,3899.847931,3127.524411,0.109951151,,,,,,,
1046,subject,cause...subject for complaint,6.344827586,2630.234828,940.4635803,1.153016002,,,,,,,
1046,subject,person who is under a ruler,5.740740741,3073.414444,1404.89835,0.656744238,,,,,,,
1046,subject,object of research experiment,5.931034483,4692.707586,5349.697836,0.891171262,,,,,,,
1046,subject,theme of something,3.464285714,4261.9375,2210.958951,-0.736731029,,,,,,,
1047,substance,what something is made of,4.892857143,3937.686207,2929.988645,0.131257522,,,,,,,
1047,substance,controlled drug,6.035714286,4334.308214,1986.066988,0.884159559,,,,,,,
1047,substance,meaning of words,5.344827586,3351.63069,1862.486877,0.450900442,,,,,,,
1047,substance,chemical composition,3.724137931,3697.177586,1456.307424,-0.739645377,,,,,,,
1048,suck,to draw into mouth by suction,4.517241379,4029.111724,4049.429276,-0.046797731,,,,,,,
1048,suck,to be unpleasant,5.888888889,3527.397037,3569.165815,0.925837757,,,,,,,
1048,suck,to deceive or cheat,4.931034483,4666.731724,2886.493687,0.206944052,,,,,,,
1049,sue,petition a court against a person,5.586206897,3506.965517,2409.607605,0.748030409,,,,,,,
1049,sue,female name,5.413793103,4505.152759,3001.566411,0.609932754,,,,,,,
1050,suit,set of clothing,6,4429.882857,2296.636819,0.980731558,,,,,,,
1050,suit,legal prosecution,5.551724138,3070.615517,1984.636879,0.54459554,,,,,,,
1050,suit,four sets of cards,6.034482759,3888.698276,2484.602969,1.068997983,,,,,,,
1050,suit,to be appropriate,3.592592593,3011.565185,1289.757206,-0.871494231,,,,,,,
1051,suite,connected series of rooms,3.068965517,2991.762759,1854.140895,-1.089197608,,,,,,,
1051,suite,ordered series of musical movements,4,3013.637692,1294.643723,-0.540948018,,,,,,,
1052,summit,highest point,4.034482759,2520.843448,816.298375,-0.393441204,,,,,,,
1052,summit,meeting of governmental officials,4.111111111,4526.488148,2731.963547,-0.499246068,,,,,,,
1053,sun,our star,2.551724138,2992.377931,1658.809515,-1.511045586,,,,,,,
1054,sweet,tasting of sugar,3.571428571,3731.601429,2039.187234,-0.760164167,,,,,,,
1054,sweet,pleasing,5.392857143,3092.388929,1540.802039,0.487191631,,,,,,,
1054,sweet,awesome,6.689655172,3129.165172,1766.699119,1.513640023,,,,,,,
1055,swing,on playground,5.607142857,3470.455357,1591.21629,0.591487855,,,,,,,
1055,swing,movement of baseball bat/golf club,4.571428571,2855.083571,1362.203704,-0.079063754,,,,,,,
1055,swing,type of dance,4.413793103,2905.862414,1321.85471,-0.131283223,,,,,,,
1055,swing,to change sexual partners,3.793103448,6355.51,8951.998392,-0.507616593,,,,,,,
1055,swing,to cause to sway,5.310344828,4837.26,5183.599264,0.492391215,,,,,,,
1056,swiss,pertaining to Switzerland,3.689655172,3856.535517,2167.016614,-0.711220306,,,,,,,
1056,swiss,type of cheese,4.896551724,3532.42069,2442.669677,0.207466055,,,,,,,
1057,switch,electrical,5,2493.742069,1427.267446,0.211142405,,,,,,,
1057,switch,to change,5.137931034,3293.113793,2429.621011,0.283928667,,,,,,,
1057,switch,to strike,5.851851852,3635.121481,1777.89078,0.777778298,,,,,,,
1058,sword,long battle knife,5.357142857,4013.416429,2645.721037,0.61823963,,,,,,,
1059,symphony,elaborate musical composition,3.068965517,3043.306552,1807.752087,-1.19473468,,,,,,,
1059,symphony,orchestra,6.321428571,4272.033929,2743.295389,1.109346054,,,,,,,
1060,system,combination of parts,4.392857143,2505.951724,1577.31164,-0.064913923,,,,,,,
1060,system,working computer hardware,4.689655172,3213.318621,2405.255175,0.025992002,,,,,,,
1060,system,prevailing social order,3.642857143,2788.306071,1665.182664,-0.699828667,,,,,,,
1061,table,furniture,4.75862069,3243.496552,2444.52112,0.156601661,,,,,,,
1061,table,to put an issue to rest,4.321428571,3406.068571,2173.932204,-0.212895264,,,,,,,
1062,tablet,pill,2.75,3101.431071,2649.464816,-1.313355316,,,,,,,
1062,tablet,notepad,2.666666667,2614.452963,1234.157832,-1.458602529,,,,,,,
1063,tackle,to push over,4.964285714,3154.452069,2072.492908,0.191721901,,,,,,,
1063,tackle,bait,3.068965517,3350.638621,2646.064961,-1.116535155,,,,,,,
1064,tag,label,3.655172414,5281.569655,7157.4497,-0.679375457,,,,,,,
1064,tag,game,3.321428571,3820.959643,3397.369862,-0.990489294,,,,,,,
1065,tail,on an animal,4.071428571,3581.041429,3510.444967,-0.388783487,,,,,,,
1065,tail,to follow,4.206896552,3158.94,1147.547304,-0.235899835,,,,,,,
1065,tale,story,5.714285714,3574.811429,2526.607709,0.74574914,,,,,,,
1066,talk,discuss,4.724137931,2612.913103,1177.762375,0.005312578,,,,,,,
1066,talk,speech,4.551724138,2423.164138,1167.48434,-0.178071875,,,,,,,
1067,tan,skin tone,6.071428571,4417.824643,7266.687206,1.076718134,,,,,,,
1067,tan,to expose skin to sunlight,4.103448276,2482.428966,1304.547558,-0.387524663,,,,,,,
1067,tan,animal hide treatment,3.740740741,3030.701111,1854.266931,-0.581198898,,,,,,,
1068,tank,container,3.344827586,3186.260345,1407.693436,-1.026756217,,,,,,,
1068,tank,military,3.896551724,3818.375517,2384.508552,-0.577117871,,,,,,,
1068,tank,to do poorly,4.035714286,4043.360345,5825.157663,-0.41206913,,,,,,,
1069,tap,dance,4.535714286,3921.555,2215.403636,-0.168177152,,,,,,,
1069,tap,to hit lightly,4.172413793,2606.598966,1727.5892,-0.243309685,,,,,,,
1070,tape,sticky,4.896551724,2858.823448,1437.04038,0.146857216,,,,,,,
1070,tape,record,3.285714286,3563.051786,2776.296505,-0.907674514,,,,,,,
1071,target,bullseye,3.310344828,3197.331034,1558.328496,-0.894793473,,,,,,,
1071,target,store,3.103448276,3645.106207,2509.069678,-1.156974828,,,,,,,
1072,tart,sour,5.068965517,3791.626897,6936.017895,0.387081243,,,,,,,
1072,tart,pastry,6.035714286,3207.903793,1588.941636,1.017157615,,,,,,,
1073,taste,a sense,3.793103448,2932.136897,2229.626382,-0.710276717,,,,,,,
1073,taste,take a sample,4.793103448,2774.28931,2462.276215,0.071323203,,,,,,,
1073,taste,flavor,3.230769231,4352.264815,7927.824626,-1.092813055,,,,,,,
1074,tax,payment to government,3,2526.42931,1366.200361,-1.162587412,,,,,,,
1074,tax,to over-extend,2.206896552,2823.324138,2108.563228,-1.716943182,,,,,,,
1075,tea,drink,5.407407407,3658.67963,2680.165709,0.442681376,,,,,,,
1076,tear,rip,4.24137931,3121.241724,1499.756927,-0.250906959,,,,,,,
1076,tear,crying,5.333333333,4054.181111,3289.226931,0.40950604,,,,,,,
1075,tee,golf,4.892857143,3230.035,2986.002546,0.061254664,,,,,,,
1077,teeth,in mouth,5.275862069,2967.746207,1380.894118,0.391410409,,,,,,,
1077,teeth,on gears,5.107142857,2886.683571,1959.541331,0.339499082,,,,,,,
1078,temper,easily angry,4.535714286,4972.035714,5281.432062,-0.031773982,,,,,,,
1078,temper,to cool,4.642857143,3201.822759,2420.477202,0.074766215,,,,,,,
1079,temple,shrine,6,3493.698929,2992.828216,1.011524151,,,,,,,
1079,temple,part of forehead,5.75862069,3651.767586,2425.137486,0.811136737,,,,,,,
1080,tense,nervous,4.655172414,2608.50931,1363.261146,0.119312694,,,,,,,
1080,tense,as in past-tense,5.965517241,2918.636897,2105.979066,0.871924316,,,,,,,
1081,term,specific word,4.142857143,2914.195357,1750.177221,-0.491422646,,,,,,,
1081,term,semester,4.379310345,2906.08931,1498.666222,-0.24657658,,,,,,,
1082,terminal,will end,4.827586207,3643.848276,2250.196506,-0.011727096,,,,,,,
1082,terminal,airport,5.965517241,3625.493448,1875.004296,0.927263961,,,,,,,
1082,terminal,computer,3.586206897,4439.192759,3431.384056,-0.774248973,,,,,,,
1083,test,exam,5.620689655,3486.374828,1968.90984,0.674891611,,,,,,,
1083,test,to try something,5.034482759,2910.424138,1958.044789,0.268027549,,,,,,,
1084,text,written letters,5.5,2675.800714,1064.30011,0.451217644,,,,,,,
1084,text,written electronic message,3.035714286,4827.601034,2798.19474,-1.21069559,,,,,,,
1085,theater,place for a movie or play,4.296296296,3830.285556,2215.980033,-0.430409587,,,,,,,
1085,theater,area of combat,6.5,4716.239643,9999.918464,1.267899694,,,,,,,
1086,theme,plot,5.75862069,2822.437586,3363.869236,0.782409499,,,,,,,
1086,theme,an essay,3.862068966,3328.832069,2305.131773,-0.48745611,,,,,,,
1087,there,here,6.296296296,3726.714815,2038.152092,1.26194379,,,,,,,
1088,thesis,paper written for a degree,3.464285714,3089.090357,2283.640206,-0.912769809,,,,,,,
1088,thesis,hypothesis,4.24137931,2671.93,1409.495145,-0.353131427,,,,,,,
1087,they're,they are,2.857142857,2405.250357,1100.909821,-1.213231303,,,,,,,
1089,thread,string,5.206896552,2884.874828,1630.328226,0.323787661,,,,,,,
1089,thread,related online comments,3.75,3313.921071,1716.213197,-0.630121763,,,,,,,
1090,threw,tossed,4.344827586,4171.101034,2748.128982,-0.274880174,,,,,,,
1091,throne,royal,3.678571429,4135.576786,1816.997145,-0.695242066,,,,,,,
1093,through,done,4.892857143,2621.207143,1256.892395,0.076660749,,,,,,,
1093,through,to go from one end to another,3.666666667,3233.162963,1824.712056,-0.831817062,,,,,,,
1092,throw,toss,5.724137931,3178.036207,903.6854113,0.775076202,,,,,,,
1092,throw,a blanket,4.142857143,3238.967143,2012.04373,-0.428376852,,,,,,,
1091,thrown,throw,5.357142857,3417.214483,1391.118598,0.351750932,,,,,,,
1094,tick,a mite,3.689655172,3151.93069,2268.470785,-0.653491839,,,,,,,
1094,tick,from a clock,3.214285714,3308.677857,2558.40697,-0.956072044,,,,,,,
1094,tick,nervous movement,3.310344828,4449.775862,3925.946676,-0.92255923,,,,,,,
1095,ticket,admission,3.551724138,2959.132414,1205.193724,-0.854025381,,,,,,,
1095,ticket,to cite for a violation,5.586206897,3713.875862,2567.504231,0.587268069,,,,,,,
1096,tie,necktie,5.642857143,4741.975862,3872.604569,0.570023979,,,,,,,
1096,tie,to knot,4.25,3817.787857,3581.852642,-0.348677638,,,,,,,
1096,tie,to finish at the same time,4.535714286,4425.655357,2592.785864,-0.271951559,,,,,,,
1097,tight,too snug,4.444444444,2770.287407,1091.564021,-0.179805502,,,,,,,
1097,tight,stingy with money,4.517241379,3610.762414,2187.891424,-0.142671924,,,,,,,
1098,time,hyme,3.862068966,4160.712069,5030.136556,-0.508887998,,,,,,,
1099,times,to multiply,4.551724138,2012.11,933.2645118,-0.107532289,,,,,,,
1099,times,multiple occasions,4.307692308,3929.485385,5519.767046,-0.250812561,,,,,,,
1100,tin,metal,3.793103448,3323.348621,2454.422214,-0.61261973,,,,,,,
1100,tin,small container,2.827586207,3201.635862,3330.002249,-1.277703423,,,,,,,
1101,tip,at the edge or point,4.068965517,3531.007931,2828.542408,-0.417183436,,,,,,,
1101,tip,money,3.357142857,3086.295357,1453.568484,-0.938291974,,,,,,,
1101,tip,a hint,4.178571429,4935.411071,6613.279491,-0.338827846,,,,,,,
1101,tip,to push over,3.428571429,2288.542143,1290.421387,-0.847944551,,,,,,,
1102,tire,wheel,5.103448276,3460.74,1386.195831,0.443216804,,,,,,,
1102,tire,to grow exhausted,2.75,2176.2625,725.2734837,-1.22739231,,,,,,,
1103,tired,to be exhausted,5.071428571,3023.678214,1573.025899,0.213862507,,,,,,,
1103,tired,over-used,2.964285714,2708.293571,1281.335794,-1.248575795,,,,,,,
1104,tissue,kleenex,5.068965517,4075.18,2306.080161,0.381092803,,,,,,,
1104,tissue,makes up bodily organs,5.607142857,4028.853571,3490.870291,0.603045439,,,,,,,
1141,to,from,2.535714286,2879.428214,1808.254416,-1.531271919,,,,,,,
1105,toad,frog,4.724137931,3234.412414,2882.838543,-0.067338931,,,,,,,
1106,toast,bread,2.24137931,2526.539655,1342.799633,-1.67122281,,,,,,,
1106,toast,a salutation with a drink,5.344827586,3120.964828,1308.721529,0.574318887,,,,,,,
1106,toast,to be in trouble,4.896551724,3151.652069,1569.982147,0.166602777,,,,,,,
1107,toe,foot,5.068965517,3529.474828,3796.121234,0.284865533,,,,,,,
1108,toes,parts of feet,4.896551724,2647.881034,1559.800781,0.065175268,,,,,,,
1109,toll,booth,5.620689655,3394.205517,1451.016481,0.657275438,,,,,,,
1109,toll,bell sound,3.965517241,3437.938621,1917.282594,-0.505742508,,,,,,,
1110,tone,sound,5.689655172,3274.694828,1317.817765,0.693992548,,,,,,,
1110,tone,such as muscle-tone,2.259259259,3027.962143,2375.307516,-1.726781785,,,,,,,
1141,too,also,5.703703704,3425.416296,1609.804452,0.813377835,,,,,,,
1111,tool,repair utensils,3,2584.849643,1164.194212,-1.03938473,,,,,,,
1111,tool,a person used by others,3.464285714,2950.628929,1390.494365,-0.961340031,,,,,,,
1112,tooth,in mouth,5.5,3160.218571,1827.787213,0.533349818,,,,,,,
1112,tooth,gear part,5,3190.144828,2933.294085,0.171250093,,,,,,,
1113,top,highest point,3.206896552,5438.794138,7971.832123,-1.11591464,,,,,,,
1113,top,lid,4.517241379,4043.964483,2444.305049,-0.026217854,,,,,,,
1114,tote,to carry,2.714285714,3574.982857,2859.61743,-1.354639025,,,,,,,
1114,tote,a small bag,3.928571429,3134.363929,1817.695851,-0.540390784,,,,,,,
1115,touch,the sense of,4.714285714,4348.614643,1944.400811,-0.064119679,,,,,,,
1115,touch,a small amount,3.724137931,3204.66,1892.256042,-0.656991672,,,,,,,
1115,touch,to feel something,5.344827586,3308.820345,1746.927887,0.578779275,,,,,,,
1116,tough,hard to do,4.571428571,4799.250357,4033.473618,-0.196203632,,,,,,,
1116,tough,rigid or strict,5.107142857,3163.072857,1889.555252,0.247222177,,,,,,,
1107,tow,to haul,4.074074074,2767.645926,1472.107327,-0.428579749,,,,,,,
1105,towed,hauled,5.103448276,3183.568621,1504.554918,0.414176846,,,,,,,
1108,tows,hauls,4.413793103,2927.348276,1452.951481,-0.172936782,,,,,,,
1117,trace,outline,6.172413793,2948.418621,1171.024788,1.161125719,,,,,,,
1117,trace,a small amount,3.964285714,5285.682857,8855.790685,-0.538164854,,,,,,,
1118,track,a place to run,4.678571429,4179.683571,4432.246713,0.013178771,,,,,,,
1118,track,to follow,4.407407407,3219.842963,1988.738102,-0.129101884,,,,,,,
1119,trade,to exchange things,4.344827586,3207.770345,1529.990166,-0.178965996,,,,,,,
1119,trade,a person's job,5.678571429,3241.997143,2379.852734,0.66611608,,,,,,,
1120,traffic,car jam,2.793103448,2649.416552,1305.1797,-1.281841826,,,,,,,
1120,traffic,illegal trade,4.551724138,3080.482069,1588.570203,0.030359093,,,,,,,
1121,trail,path,5.892857143,3331.655,1998.929346,0.808740461,,,,,,,
1121,trail,to follow behind,6,3446.447241,1909.002418,0.895912058,,,,,,,
1122,trailer,large truck,5.551724138,3559.827241,2226.261364,0.761200481,,,,,,,
1122,trailer,a mobile home,4.310344828,3498.826897,2063.836255,-0.248784954,,,,,,,
1122,trailer,a movie preview,3.724137931,3802.21,1985.477029,-0.577021198,,,,,,,
1123,train,railroad,5.535714286,5015.745357,3770.34922,0.657666719,,,,,,,
1123,train,to teach a skill,3.428571429,4894.219286,10487.09647,-0.82268886,,,,,,,
1124,tramp,lady,4.413793103,3203.673103,1246.16902,-0.17785946,,,,,,,
1124,tramp,bum,2.724137931,3191.431034,1685.351516,-1.428848282,,,,,,,
1125,trash,to speak poorly of someone,3.481481481,4090.633929,2005.063558,-0.84064279,,,,,,,
1124,trash,garbage,5.185185185,2746.706786,2386.679714,0.403140732,,,,,,,
1125,trash,to make a mess,5.275862069,3213.587241,1871.554103,0.431716664,,,,,,,
1126,tread,kicking legs in water,4.965517241,3550.528621,5639.713977,0.346259381,,,,,,,
1126,tread,indention in tires,5.034482759,3286.600345,1766.656129,0.135617314,,,,,,,
1127,treasure,riches,3.551724138,3718.023448,4783.503242,-0.794997716,,,,,,,
1127,treasure,to cherish,3.464285714,6044.570345,5049.78364,-0.955672508,,,,,,,
1128,treat,a dessert,5.107142857,3037.824286,1572.597864,0.19461543,,,,,,,
1128,treat,how one acts toward another,4.178571429,3579.362143,1943.130727,-0.432599085,,,,,,,
1129,trend,fad,5.571428571,4874.255357,6348.315063,0.690406665,,,,,,,
1129,trend,tendency,3.714285714,2922.766429,1712.275581,-0.635442923,,,,,,,
1130,trial,court,3.655172414,2661.123793,1668.999029,-0.727551394,,,,,,,
1130,trial,to give it a try,6.62962963,2987.446667,1812.964442,1.378905273,,,,,,,
1131,trick,majic,3.482758621,3341.297241,2425.191203,-0.926076722,,,,,,,
1131,trick,to fool,5.785714286,3805.570714,2156.558963,0.756980651,,,,,,,
1132,trim,slim,3.214285714,2988.828214,1609.312345,-1.040038758,,,,,,,
1132,trim,to cut,3.703703704,3042.308889,4335.457311,-0.66607634,,,,,,,
1132,trim,decorate,4.379310345,3790.77931,3293.997368,-0.165623606,,,,,,,
1133,trip,journey,3.448275862,3906.668621,2280.57525,-0.807715308,,,,,,,
1133,trip,stumble,3.464285714,3415.358214,2293.111747,-0.884485803,,,,,,,
1133,trip,on acid,5.586206897,3678.651724,2501.998447,0.643691289,,,,,,,
1134,truck,a pick-up,3.25,2925.066786,1369.173471,-0.964342655,,,,,,,
1134,truck,to move quickly,2.592592593,3875.047778,4857.940111,-1.424232383,,,,,,,
1134,trunk,tree,3.846153846,4373.283846,3282.430889,-0.573393543,,,,,,,
1134,trunk,elephant,4.068965517,3782.589655,3138.883207,-0.372102343,,,,,,,
1134,trunk,suitcase,4.931034483,2942.234138,2131.062626,0.226031256,,,,,,,
1134,trunk,car storage,4.103448276,3468.564138,3445.238364,-0.399903033,,,,,,,
1135,try,to put in effort,4.321428571,2982.687857,2068.348175,-0.317690232,,,,,,,
1135,try,to hear a legal case,4.862068966,3556.173448,3055.893141,0.236407608,,,,,,,
1135,try,to sample,4.344827586,3933.001379,2699.58977,-0.093627483,,,,,,,
1136,tub,bathtub,3.392857143,3649.831429,2321.643206,-0.888996075,,,,,,,
1136,tub,large container,4.068965517,4486.216552,3077.928596,-0.523423346,,,,,,,
1137,tube,cylinder,3.896551724,3950.896207,5493.802037,-0.50260737,,,,,,,
1137,tube,television,3.931034483,3221.127931,2488.690386,-0.542024222,,,,,,,
1137,tube,a raft,2,3785.817241,2332.843684,-1.894119413,,,,,,,
1138,tune,a song,3.25,2851.80931,1630.625015,-0.897438019,,,,,,,
1138,tune,to adjust the sound,3.148148148,3828.920741,2639.966814,-1.068245091,,,,,,,
1138,tune,to adjust radio frequency,4.034482759,3161.659655,2604.640375,-0.413602924,,,,,,,
1139,turn,to change directions,4.461538462,3822.271154,2059.921357,-0.193047697,,,,,,,
1139,turn,to trade off with another,4.275862069,2877.68,1196.311677,-0.336651567,,,,,,,
1140,twister,tornado,4.75862069,3797.29931,3732.97058,0.149418406,,,,,,,
1140,twister,game,5.892857143,2540.816429,1630.354925,0.862741719,,,,,,,
1141,two,number,5.357142857,2378.788929,1057.00835,0.555671289,,,,,,,
1142,type,kind,4.464285714,4863.389286,6909.556738,-0.01869558,,,,,,,
1142,type,keyboard,4.928571429,2527.165,1546.554762,0.225579449,,,,,,,
1143,uniform,military suit,3.655172414,3594.613103,2202.376099,-0.766824414,,,,,,,
1143,uniform,the same,5.344827586,4508.354828,2585.042846,0.430955398,,,,,,,
1144,union,labor,5.222222222,5935.998148,8329.259542,0.390216243,,,,,,,
1144,union,marriage,5.034482759,3235.837931,3767.493076,0.237729159,,,,,,,
1145,unit,of measurement,5.714285714,2852.473571,1359.616983,0.784958151,,,,,,,
1145,unit,a division,5.928571429,3622.994286,1849.772431,0.853665167,,,,,,,
1146,upset,unhappy or angry,4.24137931,3565.784138,3851.668602,-0.238806578,,,,,,,
1146,upset,underdog wins,4.620689655,3979.765172,2452.652325,-0.153202614,,,,,,,
1147,urge,compulsion,3.172413793,2564.764483,1101.2251,-0.942717335,,,,,,,
1147,urge,to encourage,5.827586207,3487.255172,2179.113901,0.855105073,,,,,,,
280,urn,a vase for ashes,5.931034483,2575.70069,1129.062682,0.818916307,,,,,,,
280,urn,a vessel for coffee,5.821428571,2960.914643,2912.276479,0.775789662,,,,,,,
1148,use,something's function,4.535714286,2878.024643,1753.452916,-0.086706057,,,,,,,
1148,use,to expend,5.275862069,2571.680345,1529.750993,0.388933474,,,,,,,
1149,vacuum,cleaning machine,4.655172414,4194.307586,4031.511225,0.061498637,,,,,,,
1149,vacuum,absent of matter,4.655172414,3481.637241,2872.589488,-0.051775376,,,,,,,
1150,vain,self-absorbed,5.482758621,4150.987586,2419.260397,0.592344587,,,,,,,
1150,vain,effort in vain,5.75862069,3087.564828,2264.828647,0.813904123,,,,,,,
1151,value,cost,5.551724138,3674.165862,4411.994911,0.674396636,,,,,,,
1151,value,to appreciate,4.821428571,3495.324643,3724.523817,0.115907552,,,,,,,
1150,vane,weather,2.571428571,2212.891071,1018.954429,-1.55032044,,,,,,,
1152,vanity,a bench and mirror,5.642857143,4390.046207,4806.900731,0.623492716,,,,,,,
1152,vanity,to be vain,5.620689655,2714.621379,1210.764449,0.598851998,,,,,,,
1153,vault,to launch,5.206896552,2621.829655,1392.011683,0.401114377,,,,,,,
1153,vault,a safe,5.444444444,3354.426786,3078.610065,0.579694068,,,,,,,
1154,vegetable,food,6.185185185,2656.962593,2077.886511,1.002834762,,,,,,,
1154,vegetable,a person unable to move,3.896551724,4257.594828,5636.686143,-0.531041423,,,,,,,
1150,vein,blood vessel,4.862068966,2864.723448,1364.652257,0.09066361,,,,,,,
1155,vessel,blood,3.275862069,2846.617586,1465.308473,-1.025458379,,,,,,,
1155,vessel,a boat,3.814814815,2484.134444,1288.895703,-0.654809049,,,,,,,
1156,vice,grip,6.068965517,2812.084138,1208.706263,0.967032117,,,,,,,
1156,vice,improper behavior,5.964285714,3657.3075,2037.347333,0.903811031,,,,,,,
1157,view,scenery,3.571428571,3661.313214,3699.301255,-0.744962933,,,,,,,
1157,view,opinion,5.111111111,4108.454815,3902.276227,0.351547259,,,,,,,
1158,violet,color,3.461538462,4650.010741,6387.50157,-0.833458604,,,,,,,
1158,violet,flower,4.25,3281.665714,2223.473842,-0.245537261,,,,,,,
1159,virgin,pure,5.551724138,3316.514828,2100.510152,0.565274786,,,,,,,
1159,virgin,has not had sex,5.357142857,4784.386071,6171.841892,0.454330395,,,,,,,
1160,vision,eyesight,4.666666667,3652.808519,3085.223573,0.030696804,,,,,,,
1160,vision,plan for the future,3.035714286,2814.592069,1877.075916,-1.124090427,,,,,,,
1161,visit,to be a guest,5.75862069,3092.563103,2618.530454,0.785609345,,,,,,,
1161,visit,to talk,3.571428571,2846.863571,1206.992696,-0.655558121,,,,,,,
1162,void,to make invalid,4.107142857,2940.394643,1418.580446,-0.440925621,,,,,,,
1162,void,without or empty,4.678571429,3149.490714,2347.902124,-0.077962509,,,,,,,
1163,wade,to walk in shallow water,2.965517241,3610.861724,3539.205349,-1.174418153,,,,,,,
1164,waffle,to go back and forth,5.482758621,3033.936897,2071.819623,0.609335865,,,,,,,
1164,waffle,breakfast,2.535714286,4772.385714,4363.879752,-1.488673037,,,,,,,
1188,wail,to scream,2.862068966,3214.456897,2100.339217,-1.254772826,,,,,,,
1165,waist,hip,5.517241379,4881.414483,3432.729838,0.598638705,,,,,,,
1166,wait,delay,3.75,4086.07,4797.992335,-0.497579178,,,,,,,
1168,wake,to end sleep,6.344827586,5154.301724,4944.143299,1.297491754,,,,,,,
1168,wake,funeral,3.678571429,2775.121071,1404.098776,-0.813977745,,,,,,,
1169,walk,take a walk,4,3850.621034,3612.737903,-0.452339768,,,,,,,
1169,walk,to travel by foot,6.321428571,2952.573929,1378.222033,1.289734031,,,,,,,
1170,ware,an object such as bakeware,3.357142857,2980.262857,2024.607742,-0.961638688,,,,,,,
1171,wasp,hornet,4.107142857,4471.889643,3507.492676,-0.321118069,,,,,,,
1171,wasp,white protestant,3.448275862,3378.102414,1663.356142,-0.838121847,,,,,,,
1165,waste,garbage,3,2746.161852,1891.675274,-1.24008219,,,,,,,
1172,wasted,unused,2.793103448,3083.715862,1723.079846,-1.298084823,,,,,,,
1172,wasted,drunk or high on drugs,5.928571429,2531.288571,1066.415794,0.94841148,,,,,,,
1173,watch,to look,4.285714286,3181.732143,2107.925671,-0.272926981,,,,,,,
1173,watch,to stand guard,3.551724138,5049.243793,4810.700618,-0.820300772,,,,,,,
1173,watch,wrist clock,5.785714286,3096.075,2119.014109,0.73417354,,,,,,,
1174,wave,ocean,3.392857143,3223.928966,2514.339414,-0.859272738,,,,,,,
1174,wave,with hand,4.344827586,2722.180345,1405.715007,-0.203036768,,,,,,,
1174,wave,frequency,4.814814815,3062.114074,1911.640407,0.087731768,,,,,,,
1175,way,method,3.413793103,2989.563103,2986.1341,-0.890127984,,,,,,,
1175,way,direction,3.785714286,3794.983929,5767.458795,-0.55957347,,,,,,,
1176,weak,not strong,5.655172414,4001.541724,2048.206261,0.789894874,,,,,,,
1177,wealth,money,4.24137931,4349.286897,5795.595745,-0.181635391,,,,,,,
1177,wealth,a large amount,4.571428571,3139.484643,1693.711983,-0.016601204,,,,,,,
1170,wear,clothing,2.857142857,2776.824286,1835.111166,-1.239897974,,,,,,,
1178,weather,climate,5.206896552,3448.248276,2389.334918,0.276338551,,,,,,,
1178,weather,to put up with,4.517241379,2705.411034,1181.133616,-0.015811409,,,,,,,
1179,weave,to create cloth,4.481481481,3088.767143,2217.335824,-0.253216237,,,,,,,
1179,weave,to go back and forth,3.827586207,2939.495172,1707.951283,-0.62584409,,,,,,,
1180,web,spider,4.75862069,3008.280345,1060.940276,0.032076406,,,,,,,
1180,web,the internet,6.379310345,2093.175517,941.3647743,1.142047223,,,,,,,
1181,wed,to marry,3.275862069,2988.991034,1199.156862,-1.064372841,,,,,,,
1181,wed,to join together,3.827586207,4316.052069,5387.496547,-0.659715069,,,,,,,
1182,weed,an unwanted plant,5.464285714,3562.652857,2785.966605,0.52389188,,,,,,,
1182,weed,the act of removing weeds,4.25,3870.091429,2492.927318,-0.339856121,,,,,,,
1182,weed,marijuana,5.172413793,3156.552759,1540.007016,0.341946671,,,,,,,
1183,week,7 days,5.724137931,2655.207241,1803.913563,0.73445537,,,,,,,
1175,weigh,to measure weight,5.571428571,3151.88,1809.128789,0.581805999,,,,,,,
1175,weigh,to compare options,4.321428571,2999.223929,1678.4166,-0.259701023,,,,,,,
1184,weighed,to have measured weight,4.214285714,2692.123929,954.2309286,-0.315539276,,,,,,,
1184,weighed,to compare options,2.857142857,3231.482857,1996.127131,-1.30844392,,,,,,,
1167,weight,mass,6.482758621,2574.141379,1070.475497,1.265271714,,,,,,,
1185,welfare,government assistance,3.035714286,2505.855,1043.32123,-1.059222272,,,,,,,
1185,welfare,well-being,4.620689655,2694.835172,1462.261819,-0.048169219,,,,,,,
1186,well,healthy,4.392857143,3664.481786,2903.472462,-0.308348821,,,,,,,
1186,well,water source,4.892857143,3808.877143,2440.358212,0.259830011,,,,,,,
1187,wet,water,6.620689655,2852.52,1385.381583,1.345266247,,,,,,,
1188,whale,ocean mammal,3.689655172,2961.900345,1267.524758,-0.672423254,,,,,,,
1187,whet,to make aware,5.379310345,2789.958966,1317.244601,0.429334009,,,,,,,
1175,whey,milk,4.111111111,3765.712963,3448.262315,-0.44231887,,,,,,,
1194,whine,to complain or cry,3.964285714,3227.128929,2177.503154,-0.61104627,,,,,,,
1195,Whined,to have complained or cried,4.857142857,3298.324643,1731.521295,0.044968151,,,,,,,
1189,whip,to lash,3.962962963,3598.136296,2911.025889,-0.512188275,,,,,,,
1189,whip,strap,5.103448276,2521.413793,1235.688725,0.310645007,,,,,,,
1189,whip,political figure,2.965517241,2758.138966,2905.843236,-1.24139534,,,,,,,
1190,whole,all parts,4.428571429,4148.233571,1970.506376,-0.326749617,,,,,,,
452,wholly,fully,5.035714286,2668.580714,1476.580339,0.248606431,,,,,,,
1191,wild,crazy,2.925925926,5472.745357,8653.71379,-1.186398542,,,,,,,
1191,wild,not tame,3.392857143,3895.56931,2544.379993,-1.000283617,,,,,,,
1191,wild,really fun,3.655172414,2907.88069,1462.378095,-0.728992133,,,,,,,
1192,will,can,3.678571429,3023.0525,2476.839215,-0.629447732,,,,,,,
1192,will,determination,4.068965517,4289.376552,3021.421577,-0.407821147,,,,,,,
1193,wind,breeze,5.740740741,3064.574074,1446.454724,0.700323743,,,,,,,
1193,wind,to twist around,4.464285714,5546.555714,5960.876006,-0.007890859,,,,,,,
1194,wine,drink,4.413793103,3317.923793,1836.042402,-0.122619174,,,,,,,
1196,wipe,to remove,5.392857143,4311.461786,3371.832481,0.447862503,,,,,,,
1196,wipe,a cloth,2.827586207,3651.292069,5660.995366,-1.338718325,,,,,,,
1197,wire,metal string,4.172413793,2421.158966,1293.137326,-0.345709232,,,,,,,
1197,wire,to transfer electronically,4.571428571,3623.795,2393.684489,-0.111649623,,,,,,,
1197,wire,elecrical or phone,3.103448276,6551.251724,18540.88293,-1.189275554,,,,,,,
1198,wise,knowledge from experience,4.230769231,3532.131154,2390.367004,-0.199039971,,,,,,,
1198,wise,to catch on,4.37037037,2979.827143,1477.332928,-0.159089167,,,,,,,
1199,won,win,4.037037037,3395.9225,2214.899845,-0.456798283,,,,,,,
1200,wonder,to ponder,3.464285714,3555.234286,2750.137573,-0.786157687,,,,,,,
1200,wonder,an amazing thing,4.379310345,2824.012069,1558.486597,-0.192740685,,,,,,,
1201,wood,tree,4.275862069,3816.792414,2639.174973,-0.354012679,,,,,,,
1202,worn,clothes,5.379310345,2956.9,1627.273126,0.406048379,,,,,,,
1202,worn,over-used,3.689655172,3484.085517,2213.359516,-0.568452579,,,,,,,
1201,would,could,4.321428571,2893.466429,1626.04135,-0.31022322,,,,,,,
1203,wrap,to cover,3.178571429,2921.661071,1565.459553,-1.110451016,,,,,,,
1204,wreck,accident,4.5,3395.591034,3476.916684,-0.250570094,,,,,,,
1204,wreck,to detroy,5.275862069,2847.064828,2002.276093,0.411409762,,,,,,,
1204,wreck,nervous,5.689655172,3472.188966,1854.183246,0.783095925,,,,,,,
1205,write,to compose words,2.148148148,3101.011852,1875.045458,-1.704489609,,,,,,,
1206,yard,lawn,4.655172414,2986.505862,1635.115256,-0.09640726,,,,,,,
1206,yard,3 feet,3.827586207,2834.053448,2920.808107,-0.598430687,,,,,,,
1207,yield,caution,3.655172414,2809.356207,1995.965458,-0.685546455,,,,,,,
1207,yield,amount produced,3.862068966,7068.98,19050.46993,-0.594994459,,,,,,,
296,you,not me,5,3196.443571,2840.532034,0.091658639,,,,,,,
1208,youth,period of young age,5.413793103,4579.865517,3432.378561,0.477892552,,,,,,,
1208,youth,a young person,3.142857143,2873.738571,2276.086817,-1.027339543,,,,,,,