category,word_english,typical_M_older,typical_SD_older,familiar_M_older,familiar_SD_older,unknown_percent_older,frequency_M_older,frequency_SD_older,visual_complex_M_older,visual_complex_SD_older,imagine_M_older,imagine_SD_older,aoa_M_older,aoa_SD_older,,typical_M_younger,typical_SD_younger,familiar_M_younger,familiar_SD_younger,unknown_percent_younger,frequency_M_younger,frequency_SD_younger,visual_complex_M_younger,visual_complex_SD_younger,imagine_M_younger,imagine_SD_younger,aoa_M_younger,aoa_SD_younger,,,
Animals,aardvark,3.694 ,(2.026),2.257 ,(1.221),32.692 ,1.714 ,(0.825),3.857 ,(1.380),3.893 ,(1.618),6.774 ,(0.717),,4.122 ,(1.703),3.980 ,(1.601),7.547 ,2.816 ,(1.590),4.071 ,(1.257),4.262 ,(1.449),4.878 ,(1.269),,,
Animals,alligator,4.942 ,(1.614),3.942 ,(1.776),3.704 ,2.725 ,(1.234),4.327 ,(1.593),5.490 ,(1.666),5.519 ,(1.435),,4.811 ,(1.494),4.830 ,(1.424),0.000 ,3.226 ,(1.463),4.442 ,(1.392),5.698 ,(1.119),3.472 ,(0.992),,,
Animals,anteater,4.109 ,(1.969),2.867 ,(1.486),15.094 ,2.067 ,(0.939),3.933 ,(1.629),4.630 ,(1.717),6.442 ,(0.959),,3.846 ,(1.797),3.981 ,(1.686),1.887 ,2.731 ,(1.483),4.204 ,(1.399),4.612 ,(1.766),4.392 ,(1.250),,,
Animals,antelope,5.462 ,(1.421),4.500 ,(1.603),1.887 ,2.808 ,(1.344),4.346 ,(1.399),5.635 ,(1.221),5.712 ,(1.304),,4.566 ,(1.658),4.173 ,(1.339),0.000 ,2.755 ,(1.239),4.059 ,(1.333),4.647 ,(1.683),4.434 ,(1.135),,,
Animals,ape,6.189 ,(1.039),4.943 ,(1.791),0.000 ,3.547 ,(1.771),4.528 ,(1.636),6.057 ,(1.262),4.679 ,(1.370),,5.736 ,(1.163),5.245 ,(1.285),0.000 ,3.868 ,(1.653),4.396 ,(1.472),5.885 ,(1.182),3.294 ,(0.986),,,
Animals,armadillo,4.560 ,(1.950),3.220 ,(1.502),7.407 ,2.080 ,(0.986),4.468 ,(1.530),5.170 ,(1.672),6.510 ,(0.869),,4.040 ,(1.873),4.000 ,(1.666),5.660 ,2.620 ,(1.260),4.625 ,(1.299),4.917 ,(1.609),4.920 ,(1.243),,,
Animals,ass,5.528 ,(1.501),4.415 ,(1.715),1.852 ,2.774 ,(1.354),3.925 ,(1.639),5.849 ,(1.511),4.566 ,(1.526),,4.491 ,(1.683),4.377 ,(1.522),0.000 ,3.019 ,(1.538),3.615 ,(1.286),5.096 ,(1.418),4.094 ,(1.244),,,
Animals,baboon,5.235 ,(1.795),4.120 ,(1.624),3.846 ,2.725 ,(1.457),4.137 ,(1.429),5.706 ,(1.301),5.667 ,(1.352),,4.679 ,(1.615),4.434 ,(1.487),0.000 ,2.925 ,(1.398),4.538 ,(1.501),5.000 ,(1.532),4.245 ,(1.191),,,
Animals,badger,5.189 ,(1.532),4.196 ,(1.588),1.923 ,2.840 ,(1.376),4.115 ,(1.580),5.673 ,(1.248),5.442 ,(1.378),,5.245 ,(1.543),4.792 ,(1.536),0.000 ,3.358 ,(1.482),4.245 ,(1.426),5.887 ,(0.993),3.340 ,(0.939),,,
Animals,bat,4.296 ,(1.818),3.962 ,(1.771),0.000 ,2.635 ,(1.358),4.400 ,(1.525),5.412 ,(1.651),4.923 ,(1.370),,4.340 ,(1.698),5.170 ,(1.383),0.000 ,3.547 ,(1.624),3.887 ,(1.476),5.585 ,(1.322),3.327 ,(0.810),,,
Animals,bear,6.226 ,(1.086),5.132 ,(1.665),0.000 ,3.585 ,(1.737),4.038 ,(1.675),6.453 ,(1.066),3.434 ,(1.623),,6.208 ,(1.007),5.642 ,(1.331),0.000 ,4.075 ,(1.651),3.788 ,(1.333),6.189 ,(1.039),2.358 ,(1.021),,,
Animals,beaver,4.906 ,(1.757),4.075 ,(1.828),1.852 ,2.547 ,(1.218),4.189 ,(1.606),5.396 ,(1.446),5.491 ,(1.409),,4.698 ,(1.612),4.736 ,(1.643),0.000 ,3.208 ,(1.485),3.887 ,(1.476),5.269 ,(1.443),3.731 ,(1.031),,,
Animals,bison,5.019 ,(1.623),3.868 ,(1.665),1.852 ,2.308 ,(1.130),4.019 ,(1.565),5.736 ,(1.375),6.132 ,(1.177),,4.449 ,(1.768),3.816 ,(1.409),7.547 ,2.208 ,(0.898),4.128 ,(1.279),4.915 ,(1.442),5.167 ,(1.277),,,
Animals,black widow,3.932 ,(2.128),2.372 ,(1.346),17.308 ,1.628 ,(0.874),4.027 ,(1.724),4.658 ,(1.893),6.750 ,(0.630),,4.431 ,(2.081),4.275 ,(1.698),3.774 ,2.706 ,(1.418),4.449 ,(1.355),4.959 ,(1.513),4.900 ,(1.266),,,
Animals,buffalo,5.288 ,(1.775),4.019 ,(1.639),1.887 ,2.404 ,(1.089),4.365 ,(1.572),5.692 ,(1.322),5.588 ,(1.219),,4.679 ,(1.566),4.151 ,(1.420),0.000 ,2.830 ,(1.312),4.038 ,(1.372),5.075 ,(1.371),4.094 ,(1.024),,,
Animals,camel,5.510 ,(1.642),4.941 ,(1.593),0.000 ,3.039 ,(1.720),4.118 ,(1.608),6.196 ,(1.281),4.529 ,(1.347),,5.038 ,(1.519),5.189 ,(1.415),0.000 ,3.472 ,(1.552),4.038 ,(1.240),6.075 ,(1.053),3.208 ,(1.026),,,
Animals,cat,6.815 ,(0.585),6.630 ,(0.938),0.000 ,6.315 ,(1.130),4.222 ,(1.880),6.722 ,(0.596),2.222 ,(1.208),,6.887 ,(0.375),6.660 ,(0.732),0.000 ,6.491 ,(0.869),3.792 ,(1.758),6.755 ,(0.617),1.736 ,(0.812),,,
Animals,cheetah,5.340 ,(1.617),4.170 ,(1.707),1.852 ,2.642 ,(1.331),4.288 ,(1.564),5.686 ,(1.490),5.868 ,(1.345),,5.283 ,(1.459),4.717 ,(1.561),0.000 ,3.057 ,(1.512),4.264 ,(1.416),5.679 ,(1.312),3.846 ,(1.036),,,
Animals,chimpanzee,5.981 ,(1.232),4.811 ,(1.688),1.852 ,3.264 ,(1.643),4.500 ,(1.515),6.000 ,(1.103),4.788 ,(1.319),,5.736 ,(1.375),5.283 ,(1.486),0.000 ,3.792 ,(1.598),4.208 ,(1.536),5.577 ,(1.446),3.132 ,(1.075),,,
Animals,chinchilla,4.583 ,(1.796),3.563 ,(1.821),11.111 ,2.447 ,(1.248),3.800 ,(1.632),4.800 ,(1.779),6.553 ,(0.951),,4.048 ,(2.012),3.634 ,(1.771),21.154 ,2.381 ,(1.147),4.111 ,(1.282),4.361 ,(1.606),5.381 ,(1.361),,,
Animals,chipmunk,4.458 ,(1.624),3.255 ,(1.496),7.843 ,2.340 ,(1.069),4.043 ,(1.488),4.660 ,(1.659),6.711 ,(0.589),,4.000 ,(1.743),3.849 ,(1.574),0.000 ,2.660 ,(1.344),4.280 ,(1.179),4.480 ,(1.432),4.250 ,(1.100),,,
Animals,cod,4.098 ,(2.369),5.288 ,(1.513),0.000 ,4.327 ,(1.812),3.288 ,(1.513),5.635 ,(1.521),4.667 ,(1.424),,3.038 ,(1.860),5.113 ,(1.489),0.000 ,4.226 ,(1.515),2.885 ,(1.132),4.846 ,(1.513),3.830 ,(0.995),,,
Animals,cougar,4.830 ,(1.878),3.623 ,(1.712),1.852 ,2.264 ,(1.022),3.981 ,(1.550),4.808 ,(1.704),6.491 ,(0.953),,4.061 ,(1.983),2.970 ,(1.610),36.538 ,2.303 ,(1.287),4.276 ,(1.192),3.793 ,(1.677),5.242 ,(1.275),,,
Animals,cow,6.852 ,(0.408),6.537 ,(0.905),0.000 ,5.685 ,(1.588),4.204 ,(1.857),6.698 ,(0.932),2.604 ,(1.321),,6.692 ,(0.544),6.327 ,(0.964),0.000 ,5.731 ,(1.239),3.731 ,(1.586),6.538 ,(0.753),1.904 ,(0.823),,,
Animals,coyote,4.480 ,(1.752),3.080 ,(1.748),5.660 ,2.180 ,(1.101),3.681 ,(1.643),4.553 ,(1.767),6.313 ,(1.151),,4.020 ,(1.790),3.660 ,(1.533),5.660 ,2.600 ,(1.485),4.000 ,(1.258),4.409 ,(1.604),4.429 ,(1.323),,,
Animals,crab,4.615 ,(1.922),5.019 ,(1.651),1.887 ,3.442 ,(1.526),4.615 ,(1.430),6.077 ,(1.152),4.019 ,(1.663),,4.019 ,(1.670),5.113 ,(1.368),0.000 ,3.472 ,(1.367),4.208 ,(1.364),5.792 ,(1.261),3.038 ,(1.018),,,
Animals,crocodile,5.167 ,(1.463),4.407 ,(1.775),0.000 ,2.796 ,(1.534),4.434 ,(1.587),6.130 ,(1.198),4.611 ,(1.485),,4.962 ,(1.544),5.113 ,(1.219),0.000 ,3.170 ,(1.451),4.491 ,(1.382),6.019 ,(1.065),3.019 ,(0.930),,,
Animals,deer,6.130 ,(1.360),5.444 ,(1.327),0.000 ,4.057 ,(1.748),4.296 ,(1.423),6.222 ,(1.327),4.296 ,(1.462),,5.615 ,(1.207),5.519 ,(1.213),0.000 ,3.846 ,(1.526),4.192 ,(1.373),6.000 ,(1.155),3.132 ,(1.001),,,
Animals,dingo,4.353 ,(2.018),3.220 ,(1.595),5.660 ,2.220 ,(1.166),3.653 ,(1.451),5.102 ,(1.461),6.592 ,(0.888),,3.778 ,(1.964),3.444 ,(1.358),15.094 ,2.267 ,(1.304),3.512 ,(1.247),4.225 ,(1.510),5.133 ,(1.100),,,
Animals,dog,6.981 ,(0.139),6.750 ,(0.711),0.000 ,6.667 ,(0.864),4.365 ,(1.910),6.538 ,(1.163),2.423 ,(1.513),,6.925 ,(0.331),6.698 ,(0.638),0.000 ,6.509 ,(0.800),3.887 ,(1.660),6.774 ,(0.609),1.604 ,(0.793),,,
Animals,dolphin,4.510 ,(1.736),4.846 ,(1.638),3.704 ,3.269 ,(1.483),3.731 ,(1.457),6.173 ,(1.200),6.137 ,(1.149),,4.755 ,(1.651),5.509 ,(1.234),0.000 ,4.038 ,(1.556),3.698 ,(1.339),6.283 ,(1.026),3.283 ,(1.133),,,
Animals,donkey,6.019 ,(1.236),5.370 ,(1.483),0.000 ,3.463 ,(1.587),3.963 ,(1.822),6.296 ,(1.110),3.315 ,(1.241),,5.698 ,(1.153),5.264 ,(1.332),0.000 ,3.830 ,(1.528),3.755 ,(1.299),6.115 ,(1.041),2.635 ,(1.030),,,
Animals,duck-billed platypus,3.600 ,(2.093),3.065 ,(1.769),13.208 ,1.978 ,(1.011),4.244 ,(1.464),4.778 ,(1.731),6.304 ,(0.986),,3.723 ,(1.964),3.936 ,(1.634),9.615 ,2.319 ,(1.144),4.435 ,(1.276),4.652 ,(1.538),4.787 ,(1.284),,,
Animals,eel,3.588 ,(1.899),4.000 ,(1.685),3.774 ,2.510 ,(1.223),2.706 ,(1.404),5.843 ,(1.419),5.020 ,(1.635),,3.173 ,(1.917),3.962 ,(1.427),1.887 ,2.731 ,(1.330),2.308 ,(1.039),5.000 ,(1.442),4.235 ,(1.242),,,
Animals,elephant,6.389 ,(1.156),5.491 ,(1.436),0.000 ,3.943 ,(1.703),4.358 ,(1.630),6.566 ,(0.910),3.407 ,(1.311),,6.208 ,(1.026),5.849 ,(1.307),0.000 ,4.245 ,(1.616),4.283 ,(1.378),6.491 ,(0.846),2.453 ,(1.048),,,
Animals,elk,5.000 ,(1.744),3.673 ,(1.560),7.547 ,2.271 ,(1.125),4.271 ,(1.333),5.020 ,(1.714),6.224 ,(1.246),,3.976 ,(1.891),3.350 ,(1.594),23.077 ,2.275 ,(1.109),4.394 ,(1.298),4.303 ,(1.403),5.256 ,(1.272),,,
Animals,ferret,4.852 ,(1.687),3.963 ,(1.625),0.000 ,2.481 ,(1.314),3.796 ,(1.653),5.167 ,(1.489),5.759 ,(1.317),,4.377 ,(1.757),4.283 ,(1.459),0.000 ,2.679 ,(1.237),3.788 ,(1.273),4.942 ,(1.474),4.283 ,(1.215),,,
Animals,fox,5.943 ,(1.262),5.057 ,(1.447),0.000 ,3.925 ,(1.674),4.151 ,(1.610),6.173 ,(1.133),4.170 ,(1.638),,6.038 ,(1.126),5.491 ,(1.280),0.000 ,4.057 ,(1.574),3.868 ,(1.287),6.151 ,(1.045),2.830 ,(0.871),,,
Animals,frog,5.113 ,(1.928),5.415 ,(1.562),1.852 ,3.604 ,(1.736),4.434 ,(1.538),6.245 ,(1.125),3.604 ,(1.349),,5.208 ,(1.691),5.811 ,(1.287),0.000 ,4.269 ,(1.483),4.226 ,(1.368),6.283 ,(1.063),2.377 ,(0.837),,,
Animals,gazelle,5.286 ,(1.633),3.857 ,(1.633),5.769 ,2.755 ,(1.465),4.408 ,(1.499),5.429 ,(1.708),6.102 ,(1.085),,4.646 ,(1.695),4.063 ,(1.479),9.434 ,2.688 ,(1.307),4.085 ,(1.213),4.745 ,(1.661),5.042 ,(1.220),,,
Animals,gerbil,4.692 ,(1.799),3.961 ,(1.843),1.923 ,2.667 ,(1.291),3.720 ,(1.565),4.940 ,(1.583),6.667 ,(0.841),,5.170 ,(1.397),5.113 ,(1.527),0.000 ,3.660 ,(1.427),3.528 ,(1.324),5.528 ,(1.395),3.434 ,(1.135),,,
Animals,giraffe,5.667 ,(1.427),4.685 ,(1.658),0.000 ,3.019 ,(1.498),4.389 ,(1.420),6.302 ,(1.295),4.019 ,(1.460),,5.472 ,(1.409),5.189 ,(1.442),0.000 ,3.358 ,(1.469),4.509 ,(1.502),6.189 ,(1.039),2.887 ,(0.934),,,
Animals,gnu,3.953 ,(2.035),2.818 ,(1.674),18.519 ,2.091 ,(1.158),3.923 ,(1.612),4.150 ,(1.748),6.682 ,(0.601),,3.517 ,(1.785),3.103 ,(1.589),45.283 ,2.138 ,(1.026),4.389 ,(1.290),3.824 ,(1.590),5.552 ,(1.325),,,
Animals,goat,6.096 ,(1.142),5.308 ,(1.408),0.000 ,3.788 ,(1.719),4.115 ,(1.580),6.077 ,(1.341),3.769 ,(1.463),,5.906 ,(1.061),5.415 ,(1.379),0.000 ,4.113 ,(1.515),3.712 ,(1.273),5.904 ,(1.053),2.712 ,(0.977),,,
Animals,goldfish,4.096 ,(2.135),5.192 ,(1.633),1.887 ,3.627 ,(1.732),3.667 ,(1.545),6.020 ,(1.364),3.788 ,(1.419),,4.472 ,(1.918),5.774 ,(1.382),0.000 ,4.792 ,(1.769),2.925 ,(1.452),6.434 ,(0.971),2.623 ,(0.965),,,
Animals,gopher,3.919 ,(1.801),2.162 ,(1.143),30.189 ,1.757 ,(0.925),3.563 ,(1.703),3.625 ,(1.773),6.909 ,(0.292),,3.729 ,(1.921),3.833 ,(1.826),9.434 ,2.458 ,(1.487),3.500 ,(1.254),4.357 ,(1.650),4.563 ,(1.219),,,
Animals,gorilla,6.019 ,(1.394),4.830 ,(1.590),0.000 ,3.396 ,(1.621),4.463 ,(1.622),6.259 ,(1.031),4.852 ,(1.323),,5.887 ,(1.050),5.283 ,(1.336),0.000 ,3.792 ,(1.680),4.415 ,(1.537),5.906 ,(1.079),3.212 ,(1.016),,,
Animals,guinea pig,4.923 ,(1.690),4.275 ,(1.650),3.774 ,2.820 ,(1.335),3.784 ,(1.540),5.373 ,(1.523),5.863 ,(1.167),,5.264 ,(1.534),5.321 ,(1.478),0.000 ,3.925 ,(1.385),3.472 ,(1.353),5.679 ,(1.578),3.358 ,(1.094),,,
Animals,haddock,4.373 ,(2.408),5.902 ,(1.552),1.923 ,5.569 ,(1.526),3.647 ,(1.695),6.000 ,(1.371),4.490 ,(1.543),,2.942 ,(1.851),4.865 ,(1.585),0.000 ,3.865 ,(1.358),3.400 ,(1.400),4.980 ,(1.518),4.173 ,(0.985),,,
Animals,hamster,5.170 ,(1.626),4.472 ,(1.782),1.852 ,3.340 ,(1.675),3.712 ,(1.333),5.577 ,(1.473),6.462 ,(0.979),,5.415 ,(1.336),5.547 ,(1.367),0.000 ,4.302 ,(1.475),3.453 ,(1.367),5.943 ,(1.231),3.151 ,(1.008),,,
Animals,hare,5.615 ,(1.416),5.135 ,(1.547),0.000 ,3.308 ,(1.675),4.212 ,(1.661),5.942 ,(1.195),4.385 ,(1.484),,5.226 ,(1.436),4.925 ,(1.479),0.000 ,3.302 ,(1.588),3.547 ,(1.435),5.679 ,(1.221),3.585 ,(1.046),,,
Animals,hedgehog,5.537 ,(1.526),5.130 ,(1.542),0.000 ,3.302 ,(1.526),4.278 ,(1.618),6.241 ,(1.212),4.537 ,(1.634),,5.472 ,(1.310),5.615 ,(1.286),0.000 ,4.231 ,(1.516),4.346 ,(1.399),6.212 ,(0.893),2.692 ,(0.961),,,
Animals,herring,3.925 ,(2.336),5.667 ,(1.427),0.000 ,4.611 ,(1.878),3.491 ,(1.601),6.019 ,(1.248),4.370 ,(1.629),,3.115 ,(1.711),4.500 ,(1.627),1.887 ,3.288 ,(1.637),3.240 ,(1.205),4.540 ,(1.681),4.288 ,(1.073),,,
Animals,hippopotamus,5.623 ,(1.496),4.365 ,(1.772),1.887 ,2.962 ,(1.544),4.264 ,(1.723),5.923 ,(1.341),4.811 ,(1.507),,5.528 ,(1.436),5.245 ,(1.518),0.000 ,3.415 ,(1.646),3.981 ,(1.337),5.698 ,(1.310),3.057 ,(1.151),,,
Animals,horse,6.852 ,(0.452),6.444 ,(1.058),0.000 ,5.352 ,(1.650),4.537 ,(1.734),6.717 ,(0.841),2.679 ,(1.451),,6.830 ,(0.379),6.358 ,(0.942),0.000 ,5.642 ,(1.257),4.170 ,(1.729),6.604 ,(0.743),1.962 ,(0.831),,,
Animals,hyena,4.981 ,(1.792),3.885 ,(1.653),1.887 ,2.635 ,(1.103),4.080 ,(1.455),5.260 ,(1.614),5.843 ,(1.189),,4.415 ,(1.692),4.264 ,(1.546),0.000 ,2.943 ,(1.350),4.080 ,(1.259),4.720 ,(1.512),4.566 ,(1.323),,,
Animals,iguana,3.896 ,(1.927),3.208 ,(1.798),11.111 ,2.167 ,(1.018),4.711 ,(1.502),4.844 ,(1.678),6.909 ,(0.291),,4.040 ,(1.807),4.140 ,(1.666),5.660 ,2.760 ,(1.479),4.543 ,(1.361),4.761 ,(1.676),5.347 ,(1.284),,,
Animals,impala,4.356 ,(1.932),3.356 ,(1.554),13.462 ,2.178 ,(0.984),4.023 ,(1.456),4.953 ,(1.632),6.814 ,(0.664),,4.300 ,(2.214),3.700 ,(1.636),81.132 ,2.500 ,(1.080),4.625 ,(0.916),4.250 ,(1.753),6.100 ,(1.101),,,
Animals,jackal,4.898 ,(1.794),3.816 ,(1.481),5.769 ,2.510 ,(1.175),3.917 ,(1.569),4.813 ,(1.633),6.082 ,(1.320),,4.167 ,(1.779),3.667 ,(1.478),9.434 ,2.250 ,(1.042),3.756 ,(1.111),4.378 ,(1.466),5.021 ,(1.211),,,
Animals,jaguar,5.377 ,(1.496),4.075 ,(1.674),1.852 ,2.717 ,(1.306),4.075 ,(1.591),5.604 ,(1.485),6.057 ,(1.117),,4.755 ,(1.697),4.208 ,(1.536),0.000 ,2.849 ,(1.562),4.451 ,(1.222),4.980 ,(1.407),4.549 ,(1.286),,,
Animals,jellyfish,3.717 ,(2.060),4.962 ,(1.675),0.000 ,2.774 ,(1.281),4.000 ,(1.847),5.792 ,(1.668),4.075 ,(1.466),,3.528 ,(1.683),4.925 ,(1.398),0.000 ,3.415 ,(1.447),3.321 ,(1.438),5.491 ,(1.423),3.264 ,(0.944),,,
Animals,kangaroo,5.463 ,(1.610),4.704 ,(1.849),0.000 ,3.019 ,(1.642),4.463 ,(1.488),6.222 ,(1.298),4.906 ,(1.431),,5.321 ,(1.684),5.340 ,(1.427),0.000 ,3.340 ,(1.556),4.321 ,(1.370),6.245 ,(0.979),3.189 ,(1.093),,,
Animals,koala,5.208 ,(1.680),4.472 ,(1.867),0.000 ,2.849 ,(1.336),4.151 ,(1.486),5.811 ,(1.345),6.423 ,(1.144),,4.887 ,(1.527),4.792 ,(1.524),0.000 ,3.096 ,(1.347),4.075 ,(1.238),5.774 ,(1.339),3.635 ,(1.121),,,
Animals,lemming,4.292 ,(1.890),2.979 ,(1.581),11.321 ,2.170 ,(1.185),3.707 ,(1.537),4.341 ,(1.477),6.652 ,(0.849),,3.660 ,(1.868),3.723 ,(1.651),11.321 ,2.574 ,(1.514),3.500 ,(1.084),4.079 ,(1.776),5.255 ,(1.242),,,
Animals,lemur,4.676 ,(2.028),2.946 ,(1.763),28.846 ,1.811 ,(0.877),3.972 ,(1.383),4.472 ,(1.812),6.816 ,(0.457),,3.938 ,(1.813),3.156 ,(1.394),39.623 ,2.281 ,(1.250),3.926 ,(1.072),3.593 ,(1.500),5.818 ,(1.286),,,
Animals,leopard,5.736 ,(1.546),4.623 ,(1.667),0.000 ,2.981 ,(1.474),4.623 ,(1.484),6.170 ,(1.236),4.755 ,(1.413),,5.462 ,(1.527),4.885 ,(1.580),0.000 ,3.250 ,(1.558),4.654 ,(1.454),5.846 ,(1.289),3.615 ,(1.013),,,
Animals,lion,6.611 ,(0.685),5.259 ,(1.532),0.000 ,3.755 ,(1.568),4.389 ,(1.595),6.444 ,(1.058),3.434 ,(1.217),,6.481 ,(0.804),5.865 ,(1.284),0.000 ,4.288 ,(1.730),4.404 ,(1.459),6.327 ,(0.923),2.365 ,(0.950),,,
Animals,lizard,4.604 ,(1.758),4.264 ,(1.571),1.852 ,2.717 ,(1.166),4.396 ,(1.405),5.792 ,(1.276),5.769 ,(1.337),,4.396 ,(1.656),4.623 ,(1.457),0.000 ,3.377 ,(1.484),4.327 ,(1.324),5.642 ,(1.145),3.528 ,(1.170),,,
Animals,llama,4.830 ,(1.729),4.000 ,(1.581),1.852 ,2.358 ,(1.002),4.151 ,(1.499),5.491 ,(1.409),6.208 ,(1.199),,4.078 ,(1.874),4.235 ,(1.478),3.774 ,2.588 ,(1.252),4.060 ,(1.268),4.760 ,(1.506),4.863 ,(1.149),,,
Animals,lobster,4.020 ,(2.015),4.431 ,(1.628),3.774 ,2.922 ,(1.412),4.745 ,(1.426),5.745 ,(1.324),5.720 ,(1.471),,3.491 ,(1.783),4.566 ,(1.513),0.000 ,3.151 ,(1.336),4.925 ,(1.222),5.566 ,(1.337),4.113 ,(1.086),,,
Animals,lynx,4.765 ,(1.704),3.320 ,(1.377),5.660 ,2.360 ,(1.005),4.408 ,(1.398),4.958 ,(1.725),6.320 ,(1.039),,4.298 ,(1.743),3.553 ,(1.427),9.615 ,2.468 ,(1.283),4.326 ,(1.190),4.372 ,(1.543),5.087 ,(1.208),,,
Animals,meerkat,3.714 ,(2.122),2.529 ,(1.637),33.333 ,1.941 ,(0.851),3.700 ,(1.745),4.700 ,(2.120),6.968 ,(0.180),,3.667 ,(1.897),3.806 ,(1.818),32.075 ,2.222 ,(0.898),4.333 ,(1.295),4.655 ,(1.587),5.771 ,(1.262),,,
Animals,mink,4.500 ,(1.755),3.500 ,(1.627),0.000 ,2.365 ,(1.284),3.780 ,(1.542),4.918 ,(1.847),6.608 ,(0.750),,4.220 ,(1.799),3.531 ,(1.672),5.769 ,2.560 ,(1.312),3.979 ,(1.329),4.063 ,(1.590),4.760 ,(1.222),,,
Animals,mole,5.000 ,(1.544),4.019 ,(1.565),1.887 ,2.654 ,(1.312),3.615 ,(1.510),5.404 ,(1.432),4.904 ,(1.432),,4.792 ,(1.610),4.642 ,(1.606),0.000 ,3.132 ,(1.520),3.509 ,(1.234),5.415 ,(1.307),3.321 ,(1.205),,,
Animals,mongoose,4.220 ,(1.866),2.938 ,(1.590),7.692 ,1.875 ,(0.815),3.721 ,(1.548),4.395 ,(1.917),6.313 ,(1.075),,3.762 ,(1.845),3.286 ,(1.367),20.755 ,2.190 ,(1.131),4.000 ,(1.188),3.771 ,(1.516),5.146 ,(1.333),,,
Animals,monkey,6.226 ,(1.068),5.660 ,(1.628),0.000 ,3.887 ,(1.888),4.302 ,(1.475),6.377 ,(1.023),3.358 ,(1.302),,6.151 ,(1.081),5.453 ,(1.324),0.000 ,4.302 ,(1.793),4.189 ,(1.415),6.151 ,(1.063),2.481 ,(0.852),,,
Animals,moose,5.019 ,(1.709),3.808 ,(1.704),3.704 ,2.250 ,(1.118),4.212 ,(1.625),5.365 ,(1.597),6.196 ,(1.132),,4.377 ,(1.746),4.038 ,(1.593),0.000 ,2.538 ,(1.320),4.288 ,(1.273),5.000 ,(1.386),4.415 ,(1.184),,,
Animals,mouse,5.943 ,(1.420),5.642 ,(1.469),0.000 ,3.642 ,(1.798),3.660 ,(1.720),6.472 ,(1.103),3.170 ,(1.411),,5.849 ,(1.116),5.792 ,(1.350),0.000 ,4.321 ,(1.541),3.340 ,(1.372),6.321 ,(0.803),2.415 ,(1.008),,,
Animals,mule,5.283 ,(1.446),4.547 ,(1.612),1.852 ,2.792 ,(1.166),3.868 ,(1.630),5.755 ,(1.426),5.308 ,(1.422),,4.615 ,(1.635),4.269 ,(1.573),0.000 ,2.904 ,(1.209),3.769 ,(1.409),4.865 ,(1.456),4.346 ,(1.170),,,
Animals,muskrat,3.595 ,(1.822),2.683 ,(1.507),22.642 ,1.675 ,(0.829),3.769 ,(1.677),3.875 ,(1.539),6.659 ,(0.656),,3.500 ,(1.972),2.393 ,(1.227),46.154 ,1.786 ,(1.031),3.571 ,(1.505),3.385 ,(1.557),6.500 ,(0.906),,,
Animals,newt,3.979 ,(1.896),3.646 ,(1.720),9.434 ,2.271 ,(1.144),3.723 ,(1.514),4.702 ,(1.829),5.542 ,(1.429),,3.549 ,(1.858),3.784 ,(1.540),3.774 ,2.529 ,(1.189),3.833 ,(1.310),4.396 ,(1.425),4.275 ,(1.133),,,
Animals,ocelot,4.673 ,(1.962),3.340 ,(1.791),7.407 ,2.306 ,(1.294),4.170 ,(1.565),5.000 ,(1.714),6.667 ,(0.663),,3.688 ,(2.089),2.625 ,(1.586),69.811 ,1.813 ,(0.981),4.667 ,(0.707),4.111 ,(1.537),5.875 ,(1.147),,,
Animals,octopus,3.843 ,(1.922),4.058 ,(1.765),1.887 ,2.627 ,(1.428),4.588 ,(1.551),6.135 ,(1.284),5.154 ,(1.289),,4.038 ,(1.754),4.868 ,(1.401),0.000 ,3.000 ,(1.301),4.712 ,(1.433),5.830 ,(1.477),3.302 ,(1.186),,,
Animals,orangutan,5.220 ,(1.607),3.920 ,(1.550),3.846 ,2.700 ,(1.266),4.673 ,(1.612),5.857 ,(1.369),6.286 ,(1.173),,4.811 ,(1.665),4.547 ,(1.435),0.000 ,3.264 ,(1.546),4.698 ,(1.514),5.453 ,(1.309),4.170 ,(1.069),,,
Animals,otter,5.264 ,(1.508),4.283 ,(1.714),1.852 ,2.830 ,(1.383),4.019 ,(1.474),5.679 ,(1.283),5.509 ,(1.436),,4.774 ,(1.527),4.755 ,(1.492),0.000 ,3.000 ,(1.345),3.906 ,(1.362),5.566 ,(1.352),3.642 ,(0.942),,,
Animals,ox,5.296 ,(1.723),4.241 ,(1.780),0.000 ,2.870 ,(1.649),4.056 ,(1.630),5.537 ,(1.563),4.792 ,(1.691),,4.679 ,(1.504),4.264 ,(1.470),0.000 ,2.849 ,(1.460),3.846 ,(1.406),4.846 ,(1.589),4.170 ,(1.221),,,
Animals,panda,5.377 ,(1.678),4.660 ,(1.663),1.852 ,3.302 ,(1.551),4.075 ,(1.492),6.038 ,(1.343),5.830 ,(1.638),,5.434 ,(1.435),5.377 ,(1.376),0.000 ,3.604 ,(1.645),4.038 ,(1.357),6.057 ,(1.117),2.981 ,(1.009),,,
Animals,panther,5.462 ,(1.553),4.000 ,(1.669),3.704 ,2.577 ,(1.289),4.231 ,(1.436),5.731 ,(1.457),5.750 ,(1.297),,4.904 ,(1.624),4.385 ,(1.444),1.887 ,2.962 ,(1.468),3.865 ,(1.469),5.327 ,(1.465),4.078 ,(1.017),,,
Animals,pig,6.630 ,(0.653),6.037 ,(1.303),0.000 ,4.566 ,(2.005),3.889 ,(1.645),6.463 ,(0.985),3.056 ,(1.352),,6.453 ,(0.822),5.792 ,(1.291),0.000 ,4.868 ,(1.569),3.755 ,(1.479),6.151 ,(1.099),2.151 ,(0.928),,,
Animals,polar bear,5.778 ,(1.369),5.074 ,(1.576),0.000 ,3.167 ,(1.437),3.815 ,(1.518),6.426 ,(0.983),4.415 ,(1.460),,5.566 ,(1.474),5.340 ,(1.454),0.000 ,3.792 ,(1.621),3.925 ,(1.439),6.038 ,(1.073),3.000 ,(1.188),,,
Animals,polecat,4.327 ,(1.801),2.804 ,(1.497),3.774 ,1.941 ,(0.947),3.680 ,(1.671),4.400 ,(1.654),6.620 ,(0.830),,3.850 ,(1.994),3.175 ,(1.430),24.528 ,2.150 ,(1.252),4.057 ,(1.349),4.143 ,(1.574),5.436 ,(1.231),,,
Animals,pony,6.340 ,(0.999),5.566 ,(1.575),0.000 ,4.226 ,(1.660),4.019 ,(1.704),6.392 ,(1.168),3.434 ,(1.474),,5.962 ,(1.037),5.642 ,(1.415),0.000 ,4.283 ,(1.691),3.906 ,(1.418),6.151 ,(1.026),2.755 ,(1.159),,,
Animals,porcupine,4.510 ,(1.880),3.588 ,(1.499),5.556 ,2.216 ,(0.986),4.647 ,(1.440),5.804 ,(1.429),5.520 ,(1.389),,3.981 ,(1.813),4.094 ,(1.596),0.000 ,2.660 ,(1.400),4.510 ,(1.286),4.843 ,(1.528),4.569 ,(1.118),,,
Animals,porpoise,4.500 ,(1.764),4.200 ,(1.525),3.846 ,3.140 ,(1.414),4.060 ,(1.449),5.640 ,(1.467),5.857 ,(1.339),,3.714 ,(1.732),3.776 ,(1.490),7.547 ,2.592 ,(1.353),3.978 ,(1.256),4.609 ,(1.612),5.170 ,(1.257),,,
Animals,possum,4.149 ,(2.126),2.848 ,(1.445),11.538 ,1.957 ,(0.918),3.930 ,(1.549),4.349 ,(1.717),6.711 ,(0.549),,3.860 ,(1.863),3.260 ,(1.601),5.660 ,2.400 ,(1.294),4.432 ,(1.144),4.189 ,(1.561),5.286 ,(1.258),,,
Animals,puma,5.226 ,(1.671),3.904 ,(1.871),1.887 ,2.500 ,(1.291),4.039 ,(1.455),5.481 ,(1.515),5.865 ,(1.314),,4.472 ,(1.867),4.170 ,(1.503),0.000 ,2.830 ,(1.297),4.096 ,(1.404),4.961 ,(1.509),4.509 ,(1.368),,,
Animals,python,4.321 ,(2.073),3.685 ,(1.820),0.000 ,2.315 ,(1.371),3.611 ,(1.522),5.556 ,(1.475),5.870 ,(1.117),,4.000 ,(1.641),4.509 ,(1.449),0.000 ,2.792 ,(1.364),3.170 ,(1.312),5.321 ,(1.283),4.151 ,(1.133),,,
Animals,rabbit,6.385 ,(1.123),6.192 ,(1.121),0.000 ,4.765 ,(1.668),4.058 ,(1.638),6.558 ,(0.978),3.196 ,(1.536),,6.642 ,(0.558),6.358 ,(0.901),0.000 ,5.434 ,(1.448),3.868 ,(1.345),6.434 ,(0.951),2.377 ,(0.945),,,
Animals,raccoon,4.528 ,(1.877),3.080 ,(1.510),1.961 ,2.137 ,(1.059),4.146 ,(1.487),4.750 ,(1.804),6.260 ,(1.192),,4.396 ,(1.790),4.094 ,(1.690),0.000 ,2.755 ,(1.453),4.038 ,(1.267),5.058 ,(1.474),4.151 ,(1.262),,,
Animals,rat,5.698 ,(1.462),4.604 ,(1.822),1.852 ,3.132 ,(1.594),3.654 ,(1.494),6.077 ,(1.186),4.151 ,(1.598),,5.302 ,(1.295),5.340 ,(1.413),0.000 ,4.019 ,(1.704),3.340 ,(1.358),6.038 ,(1.091),2.906 ,(1.024),,,
Animals,rattle snake,4.216 ,(2.003),3.265 ,(1.741),5.769 ,2.204 ,(1.190),3.660 ,(1.636),5.163 ,(1.637),5.920 ,(1.368),,4.057 ,(1.726),4.472 ,(1.588),0.000 ,2.755 ,(1.440),3.585 ,(1.447),5.189 ,(1.455),4.264 ,(1.041),,,
Animals,reindeer,5.537 ,(1.551),5.074 ,(1.515),0.000 ,3.370 ,(1.629),4.426 ,(1.368),6.189 ,(1.178),3.538 ,(1.686),,4.604 ,(1.780),5.208 ,(1.472),0.000 ,3.830 ,(1.566),4.151 ,(1.574),5.868 ,(1.241),2.453 ,(0.911),,,
Animals,rhinoceros,5.585 ,(1.420),4.377 ,(1.757),1.852 ,2.849 ,(1.446),4.547 ,(1.514),6.075 ,(1.299),4.925 ,(1.412),,5.434 ,(1.337),5.057 ,(1.336),0.000 ,3.189 ,(1.494),4.365 ,(1.221),5.769 ,(1.165),3.365 ,(1.138),,,
Animals,salamander,3.690 ,(1.880),2.750 ,(1.565),21.569 ,1.800 ,(0.853),3.921 ,(1.531),4.526 ,(1.751),6.675 ,(0.797),,3.158 ,(1.586),3.132 ,(1.379),28.302 ,2.263 ,(1.131),4.156 ,(1.298),3.813 ,(1.447),5.389 ,(1.225),,,
Animals,salmon,4.135 ,(2.284),5.654 ,(1.595),1.887 ,4.863 ,(1.778),3.712 ,(1.661),6.250 ,(1.266),4.980 ,(1.581),,3.679 ,(1.752),5.434 ,(1.323),0.000 ,4.509 ,(1.489),3.673 ,(1.339),5.340 ,(1.493),3.868 ,(0.941),,,
Animals,sea horse,3.383 ,(1.848),3.468 ,(1.613),11.321 ,2.130 ,(1.002),4.222 ,(1.330),5.532 ,(1.600),6.128 ,(1.244),,3.094 ,(1.768),4.245 ,(1.675),0.000 ,2.453 ,(1.381),4.827 ,(1.478),5.415 ,(1.473),4.019 ,(1.152),,,
Animals,sea lion,4.577 ,(1.775),4.058 ,(1.830),3.704 ,2.673 ,(1.396),3.725 ,(1.457),5.569 ,(1.578),5.673 ,(1.478),,4.269 ,(1.561),4.346 ,(1.520),1.887 ,2.712 ,(1.419),3.941 ,(1.287),5.216 ,(1.346),3.882 ,(1.160),,,
Animals,seal,5.269 ,(1.573),5.000 ,(1.455),0.000 ,3.596 ,(1.512),3.692 ,(1.603),6.327 ,(0.985),4.863 ,(1.442),,4.774 ,(1.552),5.094 ,(1.471),0.000 ,3.660 ,(1.413),3.736 ,(1.211),5.887 ,(1.068),3.453 ,(1.119),,,
Animals,shark,4.196 ,(1.980),4.333 ,(1.705),3.774 ,2.980 ,(1.703),3.686 ,(1.490),5.980 ,(1.319),5.039 ,(1.442),,4.404 ,(1.695),5.154 ,(1.392),0.000 ,3.731 ,(1.805),3.865 ,(1.237),6.115 ,(1.078),3.057 ,(1.008),,,
Animals,sheep,6.755 ,(0.585),6.491 ,(1.012),0.000 ,5.585 ,(1.610),4.283 ,(1.610),6.623 ,(0.882),3.000 ,(1.581),,6.472 ,(0.775),6.264 ,(1.077),0.000 ,5.596 ,(1.404),3.509 ,(1.705),6.377 ,(1.213),2.000 ,(0.855),,,
Animals,shrew,4.660 ,(1.857),3.326 ,(1.739),13.208 ,2.304 ,(1.227),3.444 ,(1.439),4.911 ,(1.717),6.261 ,(1.063),,4.292 ,(1.675),3.750 ,(1.644),9.434 ,2.542 ,(1.220),3.667 ,(1.225),4.333 ,(1.610),4.625 ,(1.142),,,
Animals,shrimp,3.840 ,(2.024),4.660 ,(1.533),5.660 ,3.460 ,(1.528),4.640 ,(1.699),5.540 ,(1.581),5.680 ,(1.720),,3.154 ,(1.626),4.654 ,(1.480),0.000 ,3.442 ,(1.461),4.039 ,(1.414),5.059 ,(1.287),4.442 ,(1.127),,,
Animals,skunk,4.283 ,(2.004),3.115 ,(1.592),1.887 ,2.038 ,(0.907),3.700 ,(1.657),5.100 ,(1.764),5.804 ,(1.281),,4.308 ,(1.799),4.058 ,(1.552),0.000 ,2.462 ,(1.146),4.118 ,(1.437),5.235 ,(1.478),3.885 ,(1.182),,,
Animals,sloth,4.159 ,(1.817),2.907 ,(1.659),18.868 ,1.930 ,(1.033),3.683 ,(1.556),4.610 ,(1.856),6.625 ,(0.628),,3.605 ,(1.911),3.711 ,(1.723),28.302 ,2.605 ,(1.424),4.156 ,(1.298),4.500 ,(1.849),5.324 ,(1.375),,,
Animals,snake,4.887 ,(1.804),4.264 ,(1.862),1.852 ,2.925 ,(1.479),3.377 ,(1.608),6.245 ,(0.998),4.115 ,(1.247),,5.173 ,(1.581),5.577 ,(1.363),0.000 ,3.942 ,(1.809),3.038 ,(1.495),6.365 ,(0.908),2.673 ,(1.098),,,
Animals,sole,3.696 ,(2.318),5.522 ,(1.588),9.804 ,4.609 ,(1.653),3.356 ,(1.654),6.045 ,(1.056),5.348 ,(1.523),,2.756 ,(2.022),3.875 ,(1.814),23.077 ,3.049 ,(1.816),3.306 ,(1.283),4.556 ,(1.501),5.073 ,(1.330),,,
Animals,squirrel,6.019 ,(1.339),5.852 ,(1.338),0.000 ,4.685 ,(1.820),4.226 ,(1.683),6.340 ,(1.073),4.204 ,(1.583),,5.585 ,(1.151),5.623 ,(1.259),0.000 ,4.792 ,(1.573),4.226 ,(1.310),6.340 ,(0.807),2.849 ,(1.081),,,
Animals,stoat,5.038 ,(1.581),4.170 ,(1.695),1.852 ,2.415 ,(1.134),3.706 ,(1.514),5.173 ,(1.630),5.500 ,(1.528),,4.292 ,(1.810),3.875 ,(1.579),9.434 ,2.583 ,(1.235),3.783 ,(1.263),4.261 ,(1.692),4.660 ,(1.221),,,
Animals,tapir,4.075 ,(1.900),2.897 ,(1.373),26.415 ,2.000 ,(1.000),4.000 ,(1.242),4.583 ,(1.730),6.842 ,(0.370),,3.267 ,(1.751),2.867 ,(1.407),71.698 ,1.929 ,(0.829),4.786 ,(1.051),4.167 ,(1.528),6.333 ,(0.816),,,
Animals,terrapin,4.136 ,(1.984),3.558 ,(1.563),15.686 ,2.372 ,(1.310),3.643 ,(1.605),5.071 ,(2.029),6.674 ,(0.715),,3.608 ,(1.613),3.922 ,(1.573),3.774 ,2.549 ,(1.346),3.875 ,(1.214),4.917 ,(1.366),4.882 ,(1.291),,,
Animals,tiger,6.333 ,(1.009),5.130 ,(1.843),0.000 ,3.519 ,(1.850),4.556 ,(1.586),6.426 ,(1.092),3.778 ,(1.513),,6.189 ,(1.144),5.434 ,(1.575),0.000 ,4.075 ,(1.730),4.340 ,(1.440),6.340 ,(1.143),2.642 ,(1.076),,,
Animals,toad,4.736 ,(1.619),4.358 ,(1.558),0.000 ,2.717 ,(1.292),4.283 ,(1.634),5.660 ,(1.372),4.585 ,(1.365),,4.208 ,(1.691),4.962 ,(1.506),0.000 ,3.415 ,(1.379),3.868 ,(1.532),5.623 ,(1.213),3.170 ,(1.014),,,
Animals,tortoise,5.302 ,(1.436),4.887 ,(1.540),1.852 ,3.113 ,(1.382),3.925 ,(1.299),6.245 ,(1.108),4.189 ,(1.442),,4.755 ,(1.453),5.189 ,(1.331),0.000 ,3.528 ,(1.475),3.906 ,(1.390),5.736 ,(1.129),3.113 ,(1.013),,,
Animals,trout,3.900 ,(2.323),5.306 ,(1.517),0.000 ,4.265 ,(1.741),3.796 ,(1.500),6.061 ,(1.215),5.383 ,(1.328),,3.075 ,(1.838),5.208 ,(1.261),0.000 ,3.868 ,(1.545),3.472 ,(1.381),5.283 ,(1.321),3.943 ,(1.064),,,
Animals,turtle,4.453 ,(1.760),3.868 ,(1.732),1.852 ,2.679 ,(1.298),4.132 ,(1.557),5.415 ,(1.622),6.000 ,(1.160),,4.547 ,(1.539),4.868 ,(1.415),0.000 ,3.302 ,(1.462),4.057 ,(1.336),5.642 ,(1.415),3.566 ,(0.991),,,
Animals,vole,4.784 ,(1.724),3.840 ,(1.658),5.660 ,2.420 ,(1.326),3.375 ,(1.525),4.854 ,(1.688),5.940 ,(1.168),,4.022 ,(1.770),3.543 ,(1.656),13.208 ,2.304 ,(1.245),3.548 ,(1.292),4.214 ,(1.646),4.761 ,(1.251),,,
Animals,wallaby,4.635 ,(1.727),3.712 ,(1.673),3.704 ,2.327 ,(1.200),4.327 ,(1.410),5.451 ,(1.540),6.462 ,(0.874),,3.863 ,(1.613),3.569 ,(1.591),3.774 ,2.451 ,(1.254),4.163 ,(1.290),4.419 ,(1.384),4.980 ,(1.334),,,
Animals,walrus,4.547 ,(1.671),3.868 ,(1.699),0.000 ,2.604 ,(1.261),4.346 ,(1.312),5.717 ,(1.306),5.302 ,(1.265),,4.396 ,(1.822),4.245 ,(1.663),0.000 ,2.717 ,(1.336),4.115 ,(1.215),5.000 ,(1.612),4.075 ,(1.313),,,
Animals,warthog,4.130 ,(1.746),2.848 ,(1.605),13.208 ,1.957 ,(0.868),3.953 ,(1.447),4.614 ,(1.646),6.909 ,(0.291),,3.795 ,(1.812),3.568 ,(1.634),16.981 ,2.250 ,(1.102),3.973 ,(1.536),4.514 ,(1.502),5.227 ,(1.327),,,
Animals,weasel,5.212 ,(1.576),3.863 ,(1.625),3.774 ,2.725 ,(1.313),3.900 ,(1.474),5.265 ,(1.565),5.200 ,(1.443),,4.566 ,(1.704),4.226 ,(1.396),0.000 ,3.151 ,(1.406),3.769 ,(1.262),4.769 ,(1.592),4.019 ,(1.263),,,
Animals,whale,4.981 ,(1.766),5.000 ,(1.738),1.887 ,3.154 ,(1.661),3.596 ,(1.445),6.275 ,(1.185),4.577 ,(1.419),,4.736 ,(1.643),5.038 ,(1.454),0.000 ,3.792 ,(1.691),3.623 ,(1.471),5.943 ,(1.117),3.094 ,(1.079),,,
Animals,wildebeest,4.714 ,(1.893),3.367 ,(1.716),9.259 ,2.306 ,(1.245),4.042 ,(1.543),5.188 ,(1.394),6.542 ,(0.922),,4.417 ,(1.889),3.833 ,(1.667),7.692 ,2.646 ,(1.537),4.409 ,(1.419),4.705 ,(1.679),5.333 ,(1.358),,,
Animals,wolf,5.889 ,(1.423),4.500 ,(1.645),0.000 ,3.056 ,(1.522),4.093 ,(1.569),6.000 ,(1.099),3.755 ,(1.518),,5.566 ,(1.135),5.283 ,(1.364),0.000 ,3.660 ,(1.605),3.868 ,(1.373),5.755 ,(1.357),3.000 ,(1.038),,,
Animals,wombat,4.095 ,(1.985),2.500 ,(1.550),20.755 ,1.857 ,(0.952),3.882 ,(1.472),4.343 ,(1.814),6.950 ,(0.221),,4.065 ,(1.890),3.348 ,(1.609),13.208 ,2.261 ,(1.182),3.821 ,(1.254),3.769 ,(1.366),5.000 ,(1.297),,,
Animals,zebra,5.566 ,(1.647),4.585 ,(1.658),0.000 ,3.000 ,(1.400),4.283 ,(1.498),6.226 ,(1.310),4.442 ,(1.461),,5.623 ,(1.596),5.340 ,(1.400),0.000 ,3.830 ,(1.762),4.321 ,(1.397),6.264 ,(0.944),2.981 ,(1.152),,,
Birds,albatross,4.720 ,(1.841),3.660 ,(1.825),3.846 ,2.340 ,(1.171),3.780 ,(1.542),4.917 ,(1.784),6.300 ,(0.909),,4.511 ,(1.840),3.936 ,(1.647),11.321 ,2.638 ,(1.276),4.326 ,(1.169),4.395 ,(1.664),4.723 ,(1.210),,,
Birds,blackbird,6.648 ,(0.677),6.204 ,(1.188),0.000 ,5.741 ,(1.556),3.926 ,(1.647),6.593 ,(0.962),3.870 ,(1.626),,6.528 ,(0.846),6.170 ,(1.139),0.000 ,5.566 ,(1.366),3.434 ,(1.421),6.396 ,(0.947),2.906 ,(1.114),,,
Birds,bluebird,5.021 ,(1.871),3.957 ,(1.699),13.208 ,2.711 ,(1.218),3.913 ,(1.561),5.378 ,(1.386),5.739 ,(1.373),,5.633 ,(1.577),4.673 ,(1.853),7.547 ,3.327 ,(1.546),4.022 ,(1.422),4.717 ,(1.822),3.939 ,(1.345),,,
Birds,bluetit,5.755 ,(1.466),5.377 ,(1.572),0.000 ,4.434 ,(2.033),4.358 ,(1.618),5.673 ,(1.665),5.577 ,(1.649),,6.057 ,(1.099),5.340 ,(1.467),0.000 ,4.038 ,(1.568),4.019 ,(1.379),5.596 ,(1.287),3.887 ,(1.031),,,
Birds,budgie,6.111 ,(1.284),5.741 ,(1.362),0.000 ,4.074 ,(1.576),4.352 ,(1.556),6.333 ,(1.082),4.333 ,(1.637),,5.981 ,(1.028),5.698 ,(1.265),0.000 ,4.208 ,(1.549),4.077 ,(1.341),5.774 ,(1.235),3.038 ,(0.999),,,
Birds,buzzard,4.740 ,(1.893),3.440 ,(1.554),7.407 ,2.340 ,(1.171),4.245 ,(1.762),4.408 ,(1.682),6.400 ,(0.990),,4.769 ,(1.616),4.038 ,(1.508),1.887 ,2.769 ,(1.477),4.122 ,(1.252),4.510 ,(1.609),4.962 ,(1.084),,,
Birds,canary,6.019 ,(1.173),5.241 ,(1.648),0.000 ,3.333 ,(1.542),3.944 ,(1.510),6.094 ,(1.319),4.185 ,(1.480),,5.717 ,(1.116),5.226 ,(1.450),0.000 ,3.774 ,(1.489),3.731 ,(1.416),5.660 ,(1.208),3.623 ,(0.945),,,
Birds,chaffinch,6.000 ,(1.301),5.096 ,(1.600),1.887 ,4.173 ,(1.897),4.314 ,(1.606),5.667 ,(1.438),5.423 ,(1.500),,5.347 ,(1.480),4.429 ,(1.768),7.547 ,3.286 ,(1.607),3.952 ,(1.306),4.488 ,(1.533),4.375 ,(1.142),,,
Birds,chicken,6.170 ,(1.051),6.509 ,(0.846),0.000 ,5.830 ,(1.464),4.377 ,(1.620),6.654 ,(0.883),2.887 ,(1.410),,5.151 ,(1.598),6.189 ,(0.856),0.000 ,5.849 ,(1.231),3.868 ,(1.301),6.000 ,(1.074),2.472 ,(0.953),,,
Birds,coal tit,4.692 ,(2.002),3.718 ,(1.986),27.778 ,2.769 ,(1.739),4.105 ,(1.590),4.811 ,(1.761),6.459 ,(0.960),,3.913 ,(2.065),3.217 ,(1.953),56.604 ,1.957 ,(1.492),4.000 ,(1.155),3.500 ,(2.000),5.435 ,(1.273),,,
Birds,cockatiel,4.298 ,(1.718),3.638 ,(1.594),12.963 ,2.426 ,(1.315),4.021 ,(1.496),4.872 ,(1.650),6.467 ,(1.036),,4.640 ,(1.770),4.380 ,(1.615),5.660 ,2.760 ,(1.287),4.380 ,(1.441),5.040 ,(1.603),4.180 ,(1.304),,,
Birds,condor,4.438 ,(1.855),3.234 ,(1.684),11.321 ,2.170 ,(1.007),4.200 ,(1.408),4.933 ,(1.643),6.804 ,(0.500),,4.024 ,(1.891),3.390 ,(1.515),21.154 ,2.268 ,(1.285),4.118 ,(1.122),4.029 ,(1.817),5.146 ,(1.174),,,
Birds,coot,4.563 ,(1.821),3.851 ,(1.922),11.321 ,2.936 ,(1.712),3.805 ,(1.616),4.659 ,(2.057),6.250 ,(1.014),,4.097 ,(1.814),3.645 ,(1.743),41.509 ,2.581 ,(1.311),3.714 ,(1.384),4.107 ,(1.663),5.677 ,(1.137),,,
Birds,cormorant,5.255 ,(1.585),4.451 ,(1.677),5.556 ,3.157 ,(1.666),4.320 ,(1.316),5.306 ,(1.461),6.240 ,(1.255),,4.452 ,(2.047),3.906 ,(1.673),39.623 ,2.469 ,(1.244),3.481 ,(1.252),4.630 ,(1.757),5.344 ,(1.405),,,
Birds,crane,4.863 ,(1.755),3.540 ,(1.417),5.660 ,2.420 ,(1.012),4.000 ,(1.369),5.163 ,(1.491),6.200 ,(1.069),,4.245 ,(1.575),3.837 ,(1.477),7.547 ,2.531 ,(1.101),4.182 ,(1.225),4.022 ,(1.588),4.667 ,(1.209),,,
Birds,crow,6.463 ,(0.946),6.259 ,(0.994),0.000 ,5.778 ,(1.475),3.833 ,(1.767),6.404 ,(1.089),3.963 ,(1.601),,6.585 ,(0.663),6.000 ,(1.193),0.000 ,5.623 ,(1.180),3.604 ,(1.485),6.057 ,(1.027),3.000 ,(1.092),,,
Birds,cuckoo,5.704 ,(1.537),4.537 ,(1.634),0.000 ,3.019 ,(1.548),4.245 ,(1.505),5.019 ,(1.599),4.481 ,(1.526),,5.245 ,(1.697),5.283 ,(1.306),0.000 ,3.585 ,(1.562),3.840 ,(1.346),4.660 ,(1.825),3.774 ,(1.012),,,
Birds,curlew,5.392 ,(1.471),4.320 ,(1.743),3.846 ,2.980 ,(1.532),3.980 ,(1.652),5.200 ,(1.641),5.755 ,(1.562),,4.720 ,(1.595),3.760 ,(1.508),52.830 ,2.400 ,(1.472),4.200 ,(1.105),4.400 ,(1.392),5.000 ,(0.957),,,
Birds,dodo,3.136 ,(2.388),2.386 ,(1.573),16.981 ,1.953 ,(1.396),3.780 ,(1.710),3.732 ,(2.203),5.864 ,(1.503),,3.588 ,(1.972),3.510 ,(1.804),3.774 ,2.200 ,(1.229),3.884 ,(1.313),4.233 ,(1.616),4.118 ,(1.291),,,
Birds,dove,5.830 ,(1.312),5.453 ,(1.576),0.000 ,4.396 ,(1.801),4.019 ,(1.635),6.019 ,(1.352),4.491 ,(1.564),,5.679 ,(1.268),5.132 ,(1.653),0.000 ,3.792 ,(1.573),3.264 ,(1.243),5.887 ,(1.325),3.623 ,(0.985),,,
Birds,duck,6.167 ,(1.194),6.093 ,(1.103),0.000 ,5.111 ,(1.712),4.241 ,(1.682),6.315 ,(1.195),3.222 ,(1.633),,6.038 ,(1.330),6.245 ,(1.072),0.000 ,5.264 ,(1.546),3.811 ,(1.415),6.396 ,(0.968),2.189 ,(0.833),,,
Birds,eagle,5.660 ,(1.506),4.566 ,(1.599),0.000 ,3.132 ,(1.665),4.660 ,(1.605),6.019 ,(1.380),5.019 ,(1.407),,5.981 ,(1.278),5.302 ,(1.367),0.000 ,3.736 ,(1.631),4.623 ,(1.362),5.604 ,(1.276),3.453 ,(0.932),,,
Birds,emu,4.471 ,(1.848),3.490 ,(1.515),1.923 ,2.255 ,(0.977),4.140 ,(1.414),5.120 ,(1.649),6.569 ,(0.831),,3.981 ,(1.824),4.151 ,(1.499),0.000 ,2.755 ,(1.270),4.094 ,(1.148),4.849 ,(1.364),3.679 ,(1.015),,,
Birds,falcon,5.226 ,(1.589),3.904 ,(1.587),1.887 ,2.620 ,(1.308),4.327 ,(1.465),5.038 ,(1.559),6.442 ,(0.895),,5.151 ,(1.549),4.340 ,(1.531),0.000 ,2.962 ,(1.454),4.240 ,(1.238),4.640 ,(1.411),4.434 ,(1.065),,,
Birds,finch,5.904 ,(1.257),4.980 ,(1.679),3.774 ,4.275 ,(1.767),4.196 ,(1.625),5.480 ,(1.568),5.667 ,(1.395),,5.600 ,(1.414),4.560 ,(1.514),5.660 ,3.280 ,(1.443),3.933 ,(1.214),4.435 ,(1.544),4.250 ,(1.021),,,
Birds,flamingo,5.019 ,(1.536),4.370 ,(1.458),0.000 ,2.926 ,(1.272),4.491 ,(1.502),5.852 ,(1.295),6.426 ,(0.903),,4.547 ,(1.705),4.491 ,(1.449),0.000 ,2.962 ,(1.300),4.377 ,(1.484),5.736 ,(1.361),4.075 ,(0.958),,,
Birds,gannet,4.981 ,(1.651),4.160 ,(1.695),1.961 ,3.196 ,(1.674),4.020 ,(1.571),5.380 ,(1.537),6.120 ,(1.239),,4.643 ,(1.708),4.049 ,(1.431),21.154 ,2.548 ,(1.329),3.765 ,(1.372),4.343 ,(1.571),4.875 ,(1.505),,,
Birds,goose,5.481 ,(1.501),4.981 ,(1.447),0.000 ,3.426 ,(1.435),4.000 ,(1.467),6.074 ,(1.286),4.226 ,(1.750),,4.981 ,(1.587),5.264 ,(1.258),0.000 ,3.755 ,(1.709),3.792 ,(1.230),5.528 ,(1.324),3.385 ,(1.051),,,
Birds,great tit,5.184 ,(1.667),4.083 ,(1.773),9.434 ,3.208 ,(1.786),4.021 ,(1.451),5.000 ,(1.650),6.313 ,(1.206),,5.182 ,(1.419),4.093 ,(1.645),15.686 ,2.930 ,(1.518),4.027 ,(1.343),4.216 ,(1.357),4.651 ,(1.213),,,
Birds,grouse,5.538 ,(1.434),5.135 ,(1.415),0.000 ,3.500 ,(1.540),4.385 ,(1.574),5.745 ,(1.262),6.039 ,(1.232),,4.654 ,(1.607),4.731 ,(1.483),1.887 ,3.538 ,(1.590),4.294 ,(1.361),5.176 ,(1.532),4.962 ,(1.283),,,
Birds,hawk,5.712 ,(1.362),4.500 ,(1.639),3.704 ,3.077 ,(1.532),4.500 ,(1.578),5.346 ,(1.467),5.769 ,(1.366),,5.811 ,(1.226),5.132 ,(1.557),0.000 ,3.623 ,(1.496),4.327 ,(1.264),5.250 ,(1.266),4.057 ,(1.027),,,
Birds,heron,5.208 ,(1.691),4.736 ,(1.619),1.852 ,3.453 ,(1.624),4.132 ,(1.428),5.830 ,(1.326),6.075 ,(1.284),,4.787 ,(1.473),4.532 ,(1.755),9.615 ,3.064 ,(1.480),4.239 ,(1.268),5.022 ,(1.513),4.574 ,(1.193),,,
Birds,hummingbird,4.769 ,(1.854),3.471 ,(1.725),3.774 ,2.451 ,(1.331),4.520 ,(1.607),4.920 ,(1.915),6.627 ,(0.720),,5.038 ,(1.559),4.365 ,(1.442),1.887 ,2.846 ,(1.274),4.408 ,(1.398),4.939 ,(1.478),4.481 ,(1.019),,,
Birds,jackdaw,5.722 ,(1.379),4.925 ,(1.651),0.000 ,3.679 ,(1.899),3.981 ,(1.876),5.302 ,(1.612),5.415 ,(1.499),,4.860 ,(1.627),3.767 ,(1.411),18.868 ,2.651 ,(1.325),3.647 ,(1.323),3.971 ,(1.714),4.907 ,(1.151),,,
Birds,jay,4.787 ,(1.680),3.543 ,(1.785),11.538 ,2.304 ,(1.280),4.111 ,(1.555),4.511 ,(1.829),6.286 ,(1.195),,4.478 ,(1.670),3.674 ,(1.661),13.208 ,2.457 ,(1.312),3.711 ,(1.250),3.842 ,(1.603),5.000 ,(1.300),,,
Birds,kestrel,5.321 ,(1.615),3.942 ,(1.589),1.887 ,2.827 ,(1.354),4.019 ,(1.565),4.904 ,(1.648),6.596 ,(0.846),,5.019 ,(1.502),4.346 ,(1.341),1.887 ,3.154 ,(1.460),4.408 ,(1.368),4.694 ,(1.372),4.765 ,(1.258),,,
Birds,kingfisher,5.365 ,(1.495),4.077 ,(1.667),1.887 ,2.673 ,(1.264),4.654 ,(1.691),5.654 ,(1.341),5.712 ,(1.433),,5.196 ,(1.536),4.667 ,(1.506),3.774 ,3.216 ,(1.460),4.647 ,(1.440),5.431 ,(1.237),4.314 ,(1.068),,,
Birds,kite,4.696 ,(1.724),3.089 ,(1.564),15.094 ,2.156 ,(0.999),3.929 ,(1.552),3.951 ,(1.564),6.721 ,(0.666),,4.343 ,(1.830),3.400 ,(1.684),32.692 ,2.257 ,(1.146),4.100 ,(1.423),4.333 ,(1.446),4.886 ,(1.430),,,
Birds,lark,6.020 ,(1.241),4.780 ,(1.632),0.000 ,3.440 ,(1.606),3.980 ,(1.857),5.380 ,(1.627),4.720 ,(1.565),,5.196 ,(1.470),4.314 ,(1.476),3.774 ,3.098 ,(1.473),3.636 ,(1.416),4.250 ,(1.616),4.510 ,(1.317),,,
Birds,lovebird,4.816 ,(1.856),3.979 ,(1.631),9.434 ,2.604 ,(1.216),3.813 ,(1.633),5.250 ,(1.744),5.915 ,(1.231),,4.021 ,(1.824),3.404 ,(1.637),11.321 ,2.447 ,(1.299),3.944 ,(1.413),4.194 ,(1.636),5.174 ,(1.081),,,
Birds,magpie,6.037 ,(1.373),6.019 ,(1.232),0.000 ,5.679 ,(1.661),4.264 ,(1.677),6.264 ,(1.179),5.509 ,(1.476),,5.792 ,(1.291),5.566 ,(1.448),0.000 ,4.830 ,(1.826),3.943 ,(1.365),5.717 ,(1.350),3.558 ,(0.938),,,
Birds,mynah,4.580 ,(1.875),3.510 ,(1.609),7.547 ,2.122 ,(0.904),3.957 ,(1.475),5.021 ,(1.622),6.574 ,(0.827),,4.364 ,(1.800),3.606 ,(1.676),37.736 ,2.515 ,(1.417),4.357 ,(1.026),4.741 ,(1.723),4.848 ,(1.176),,,
Birds,nightingale,5.283 ,(1.668),3.491 ,(1.564),1.852 ,2.472 ,(1.250),4.078 ,(1.635),4.192 ,(1.609),5.288 ,(1.538),,4.865 ,(1.609),3.827 ,(1.505),1.887 ,2.654 ,(1.341),3.786 ,(1.279),4.326 ,(1.599),4.596 ,(1.225),,,
Birds,osprey,4.849 ,(1.669),3.962 ,(1.749),1.887 ,2.904 ,(1.729),4.471 ,(1.554),5.250 ,(1.507),6.808 ,(0.487),,4.857 ,(1.594),3.796 ,(1.527),7.547 ,2.816 ,(1.509),4.488 ,(1.352),4.512 ,(1.369),5.245 ,(1.090),,,
Birds,ostrich,5.148 ,(1.774),4.537 ,(1.701),0.000 ,2.870 ,(1.347),4.481 ,(1.587),6.222 ,(1.144),5.396 ,(1.472),,4.283 ,(1.875),4.623 ,(1.632),0.000 ,2.981 ,(1.474),4.288 ,(1.348),5.673 ,(1.279),3.849 ,(1.063),,,
Birds,owl,5.981 ,(1.073),5.352 ,(1.291),0.000 ,3.630 ,(1.640),4.648 ,(1.519),6.333 ,(1.099),4.204 ,(1.664),,5.827 ,(1.294),5.519 ,(1.448),0.000 ,4.019 ,(1.686),4.385 ,(1.316),6.019 ,(1.146),2.865 ,(0.864),,,
Birds,oystercatcher,5.333 ,(1.767),4.417 ,(1.977),11.111 ,3.542 ,(1.821),4.063 ,(1.603),5.271 ,(1.673),6.391 ,(1.308),,4.541 ,(1.742),4.135 ,(1.530),30.189 ,3.000 ,(1.374),3.871 ,(1.056),4.161 ,(1.551),5.278 ,(1.186),,,
Birds,parakeet,4.588 ,(1.802),3.840 ,(1.462),5.660 ,2.560 ,(1.358),4.653 ,(1.437),5.306 ,(1.388),6.200 ,(1.340),,4.565 ,(1.615),3.935 ,(1.625),13.208 ,2.717 ,(1.241),4.333 ,(1.420),3.949 ,(1.486),4.778 ,(1.428),,,
Birds,parrot,5.741 ,(1.430),5.111 ,(1.462),0.000 ,3.148 ,(1.309),4.870 ,(1.401),6.130 ,(1.117),4.148 ,(1.420),,5.962 ,(1.192),5.698 ,(1.295),0.000 ,4.113 ,(1.672),4.472 ,(1.501),6.019 ,(1.232),3.113 ,(0.954),,,
Birds,partridge,5.094 ,(1.724),4.113 ,(1.527),0.000 ,2.981 ,(1.462),4.038 ,(1.617),4.962 ,(1.493),5.491 ,(1.463),,4.549 ,(1.712),4.255 ,(1.885),3.774 ,2.941 ,(1.618),4.022 ,(1.438),4.511 ,(1.632),4.118 ,(1.321),,,
Birds,peacock,5.288 ,(1.673),5.385 ,(1.331),0.000 ,3.385 ,(1.345),5.500 ,(1.350),6.333 ,(1.033),4.865 ,(1.442),,5.000 ,(1.641),5.226 ,(1.450),0.000 ,3.415 ,(1.460),5.623 ,(1.289),6.038 ,(1.328),3.377 ,(1.023),,,
Birds,pelican,4.630 ,(1.752),4.093 ,(1.751),0.000 ,2.463 ,(1.193),4.019 ,(1.511),5.585 ,(1.586),5.593 ,(1.473),,4.642 ,(1.688),4.642 ,(1.360),0.000 ,3.075 ,(1.357),4.019 ,(1.229),5.294 ,(1.254),4.000 ,(1.010),,,
Birds,penguin,4.962 ,(1.629),5.094 ,(1.724),0.000 ,3.415 ,(1.499),4.038 ,(1.441),6.264 ,(1.059),4.692 ,(1.515),,4.453 ,(2.005),5.547 ,(1.422),0.000 ,4.264 ,(1.820),3.849 ,(1.292),6.302 ,(0.972),3.057 ,(1.045),,,
Birds,pheasant,5.463 ,(1.270),5.037 ,(1.453),0.000 ,3.519 ,(1.575),4.741 ,(1.592),5.981 ,(1.251),5.444 ,(1.423),,4.887 ,(1.463),4.925 ,(1.328),0.000 ,3.660 ,(1.427),4.604 ,(1.291),5.321 ,(1.327),4.264 ,(1.077),,,
Birds,pigeon,6.423 ,(0.825),6.019 ,(1.276),0.000 ,5.784 ,(1.331),4.192 ,(1.692),6.538 ,(0.779),3.423 ,(1.334),,6.377 ,(1.023),6.151 ,(1.262),0.000 ,6.057 ,(1.247),3.792 ,(1.524),6.340 ,(1.037),2.981 ,(1.065),,,
Birds,puffin,5.358 ,(1.429),4.679 ,(1.504),1.852 ,3.358 ,(1.594),4.423 ,(1.363),5.660 ,(1.358),6.019 ,(1.248),,4.887 ,(1.728),5.132 ,(1.455),0.000 ,3.472 ,(1.449),4.113 ,(1.311),6.075 ,(1.035),3.717 ,(1.166),,,
Birds,raven,5.778 ,(1.383),4.944 ,(1.709),0.000 ,3.685 ,(1.841),3.981 ,(1.665),5.796 ,(1.265),5.352 ,(1.416),,5.547 ,(1.353),5.132 ,(1.373),0.000 ,3.811 ,(1.766),3.519 ,(1.213),5.327 ,(1.248),4.245 ,(1.054),,,
Birds,robin,6.574 ,(0.716),6.278 ,(1.054),0.000 ,5.481 ,(1.489),3.981 ,(1.743),6.585 ,(0.949),3.434 ,(1.658),,6.509 ,(0.846),5.962 ,(1.300),0.000 ,5.000 ,(1.481),3.981 ,(1.407),6.283 ,(1.199),2.596 ,(0.869),,,
Birds,rook,5.788 ,(1.419),4.865 ,(1.495),1.887 ,4.269 ,(1.911),3.673 ,(1.451),5.731 ,(1.388),5.000 ,(1.508),,5.087 ,(1.589),4.261 ,(1.705),13.208 ,3.065 ,(1.625),3.571 ,(1.252),4.786 ,(1.523),4.533 ,(1.198),,,
Birds,sandpiper,4.959 ,(1.744),4.021 ,(1.644),7.692 ,2.833 ,(1.277),4.125 ,(1.409),4.979 ,(1.604),6.438 ,(1.109),,3.778 ,(1.717),3.148 ,(1.322),48.077 ,2.185 ,(1.145),4.000 ,(1.202),3.737 ,(1.485),5.857 ,(1.268),,,
Birds,seagull,6.537 ,(0.862),6.222 ,(1.144),0.000 ,5.778 ,(1.383),4.130 ,(1.823),6.604 ,(0.862),3.264 ,(1.403),,6.170 ,(1.051),5.981 ,(1.065),0.000 ,5.189 ,(1.401),3.698 ,(1.462),6.245 ,(0.998),2.774 ,(1.068),,,
Birds,skylark,5.833 ,(1.356),4.593 ,(1.688),0.000 ,3.358 ,(1.570),4.283 ,(1.598),5.167 ,(1.476),4.981 ,(1.572),,4.714 ,(1.696),3.592 ,(1.471),7.547 ,2.479 ,(1.148),3.756 ,(1.157),3.829 ,(1.430),5.000 ,(1.203),,,
Birds,sparrow,6.830 ,(0.470),6.396 ,(1.007),0.000 ,6.226 ,(1.203),4.075 ,(1.730),6.365 ,(1.138),3.604 ,(1.633),,6.377 ,(0.860),5.811 ,(1.194),0.000 ,4.943 ,(1.350),3.784 ,(1.447),5.490 ,(1.461),3.283 ,(1.026),,,
Birds,sparrow hawk,5.423 ,(1.486),3.922 ,(1.659),1.923 ,2.880 ,(1.560),4.375 ,(1.525),4.860 ,(1.863),6.300 ,(1.074),,4.702 ,(1.693),3.660 ,(1.592),11.321 ,2.617 ,(1.243),4.000 ,(1.357),4.462 ,(1.636),4.957 ,(1.316),,,
Birds,starling,6.585 ,(0.819),6.173 ,(1.061),0.000 ,5.712 ,(1.661),4.154 ,(1.764),6.000 ,(1.296),4.769 ,(1.640),,5.765 ,(1.242),4.940 ,(1.544),3.846 ,3.940 ,(1.683),3.681 ,(1.321),5.021 ,(1.391),4.100 ,(1.182),,,
Birds,stork,5.226 ,(1.540),4.585 ,(1.598),0.000 ,3.038 ,(1.427),4.170 ,(1.590),5.923 ,(1.266),4.792 ,(1.657),,5.019 ,(1.500),4.660 ,(1.270),0.000 ,3.170 ,(1.490),3.717 ,(1.231),5.415 ,(1.447),3.604 ,(1.246),,,
Birds,swallow,6.113 ,(1.311),5.509 ,(1.325),0.000 ,3.811 ,(1.570),4.038 ,(1.709),6.113 ,(1.031),5.057 ,(1.486),,5.868 ,(1.075),5.019 ,(1.308),0.000 ,3.925 ,(1.567),3.942 ,(1.162),5.308 ,(1.197),3.906 ,(1.131),,,
Birds,swan,5.963 ,(1.303),5.852 ,(1.280),0.000 ,5.148 ,(1.583),4.333 ,(1.492),6.630 ,(0.875),3.259 ,(1.403),,5.731 ,(1.239),5.635 ,(1.205),0.000 ,4.519 ,(1.565),3.923 ,(1.311),6.346 ,(0.926),2.788 ,(1.143),,,
Birds,swift,5.314 ,(1.619),4.440 ,(1.668),5.660 ,3.240 ,(1.422),3.854 ,(1.701),5.208 ,(1.515),5.755 ,(1.407),,4.979 ,(1.509),3.750 ,(1.605),9.434 ,2.813 ,(1.363),3.619 ,(1.081),4.286 ,(1.470),4.417 ,(1.108),,,
Birds,teal,4.200 ,(1.829),3.227 ,(1.683),16.981 ,2.182 ,(0.995),3.585 ,(1.431),4.050 ,(1.694),6.634 ,(0.942),,3.391 ,(1.828),3.000 ,(1.414),56.604 ,2.130 ,(0.968),3.533 ,(1.187),3.667 ,(1.589),5.826 ,(1.072),,,
Birds,tern,5.021 ,(1.648),4.022 ,(1.640),13.208 ,3.130 ,(1.222),4.022 ,(1.438),4.733 ,(1.684),6.256 ,(1.364),,4.321 ,(1.926),3.429 ,(1.597),47.170 ,2.222 ,(1.086),3.864 ,(1.207),3.818 ,(1.402),5.321 ,(1.442),,,
Birds,thrush,6.444 ,(0.965),5.944 ,(1.220),0.000 ,4.796 ,(1.837),4.074 ,(1.600),5.852 ,(1.459),4.556 ,(1.645),,5.647 ,(1.214),4.941 ,(1.348),1.923 ,3.784 ,(1.604),3.702 ,(1.250),5.000 ,(1.571),4.120 ,(1.172),,,
Birds,turkey,5.667 ,(1.566),5.759 ,(1.466),0.000 ,4.074 ,(1.703),4.667 ,(1.505),6.315 ,(1.006),4.574 ,(1.733),,5.132 ,(1.569),5.660 ,(1.239),0.000 ,4.358 ,(1.456),4.075 ,(1.567),5.623 ,(1.304),3.000 ,(0.855),,,
Birds,vulture,5.167 ,(1.551),3.889 ,(1.755),0.000 ,2.370 ,(1.248),4.321 ,(1.591),5.377 ,(1.431),6.038 ,(1.091),,4.604 ,(1.536),4.566 ,(1.394),0.000 ,2.981 ,(1.352),4.245 ,(1.479),5.286 ,(1.472),4.451 ,(1.064),,,
Birds,wagtail,5.440 ,(1.514),4.612 ,(1.880),5.769 ,3.755 ,(1.774),4.020 ,(1.561),5.082 ,(1.913),5.755 ,(1.347),,4.632 ,(1.699),3.632 ,(1.777),28.302 ,2.763 ,(1.460),4.219 ,(1.362),4.063 ,(1.645),5.079 ,(1.124),,,
Birds,widgeon,4.081 ,(1.801),2.500 ,(1.404),32.075 ,1.806 ,(0.889),3.938 ,(1.605),3.344 ,(1.860),6.939 ,(0.242),,3.833 ,(2.167),3.583 ,(1.782),76.923 ,2.917 ,(2.065),3.250 ,(1.753),4.375 ,(2.387),5.273 ,(1.737),,,
Birds,woodpecker,5.407 ,(1.394),4.278 ,(1.630),0.000 ,2.481 ,(1.112),4.208 ,(1.433),5.264 ,(1.619),5.472 ,(1.250),,5.302 ,(1.671),4.849 ,(1.598),0.000 ,3.170 ,(1.541),4.208 ,(1.291),5.151 ,(1.392),3.538 ,(1.056),,,
Birds,wren,5.796 ,(1.172),4.811 ,(1.442),0.000 ,3.283 ,(1.246),4.019 ,(1.608),5.519 ,(1.515),5.231 ,(1.616),,5.320 ,(1.518),4.580 ,(1.472),5.660 ,3.400 ,(1.539),3.333 ,(1.148),4.889 ,(1.352),4.245 ,(1.315),,,
Birds,yellowhammer,4.900 ,(1.764),3.673 ,(1.725),7.547 ,2.510 ,(1.445),3.979 ,(1.451),4.667 ,(1.629),6.122 ,(1.235),,4.394 ,(1.749),3.152 ,(1.439),37.736 ,2.061 ,(1.088),4.115 ,(1.243),3.192 ,(1.550),5.576 ,(1.200),,,
Flowers,anemone,5.667 ,(1.337),5.627 ,(1.455),5.556 ,4.373 ,(1.755),4.176 ,(1.410),6.102 ,(1.327),5.588 ,(1.525),,4.048 ,(2.061),2.857 ,(1.108),60.377 ,1.952 ,(0.921),4.000 ,(1.240),3.615 ,(1.121),5.810 ,(1.401),,,
Flowers,azalea,5.608 ,(1.471),5.706 ,(1.361),3.774 ,5.078 ,(1.647),4.608 ,(1.588),5.863 ,(1.523),6.460 ,(1.073),,4.912 ,(1.712),3.647 ,(1.649),35.849 ,2.765 ,(1.478),3.952 ,(1.203),4.143 ,(1.824),5.818 ,(1.261),,,
Flowers,begonia,5.611 ,(1.459),5.444 ,(1.574),0.000 ,4.852 ,(1.887),4.358 ,(1.533),5.717 ,(1.486),6.481 ,(1.041),,4.553 ,(1.719),3.282 ,(1.376),26.415 ,2.769 ,(1.327),3.593 ,(1.448),3.778 ,(1.476),5.513 ,(1.335),,,
Flowers,bluebell,6.204 ,(1.172),6.370 ,(1.033),0.000 ,5.074 ,(1.681),4.019 ,(1.563),6.396 ,(1.080),3.778 ,(1.488),,5.712 ,(1.391),5.231 ,(1.628),0.000 ,3.750 ,(1.570),3.731 ,(1.457),5.692 ,(1.292),3.442 ,(1.178),,,
Flowers,busy lizzie,5.706 ,(1.487),5.490 ,(1.713),3.774 ,4.706 ,(1.890),3.920 ,(1.724),5.882 ,(1.596),6.353 ,(1.110),,4.829 ,(1.531),3.951 ,(1.830),21.154 ,3.098 ,(1.513),3.406 ,(1.316),4.375 ,(1.773),4.619 ,(1.378),,,
Flowers,buttercup,6.204 ,(1.279),6.407 ,(1.019),0.000 ,5.648 ,(1.615),3.778 ,(1.538),6.426 ,(1.159),3.148 ,(1.497),,5.585 ,(1.278),5.698 ,(1.381),0.000 ,4.396 ,(1.790),3.250 ,(1.384),6.154 ,(1.127),2.755 ,(1.207),,,
Flowers,carnation,6.352 ,(0.955),6.259 ,(1.085),0.000 ,5.667 ,(1.530),4.611 ,(1.571),6.500 ,(0.927),4.685 ,(1.623),,6.057 ,(1.064),5.679 ,(1.425),0.000 ,4.585 ,(1.550),3.774 ,(1.354),6.057 ,(1.307),4.208 ,(1.215),,,
Flowers,catkin,4.630 ,(1.686),5.185 ,(1.543),0.000 ,3.463 ,(1.587),3.870 ,(1.626),5.679 ,(1.638),4.604 ,(1.523),,3.222 ,(1.888),3.519 ,(1.740),48.077 ,2.185 ,(0.921),3.409 ,(1.469),4.364 ,(1.677),4.852 ,(1.769),,,
Flowers,celandine,4.714 ,(1.919),4.314 ,(2.055),32.692 ,3.457 ,(1.868),3.903 ,(1.375),5.313 ,(1.655),5.382 ,(1.596),,3.125 ,(1.808),2.000 ,(1.069),84.906 ,1.500 ,(0.535),4.333 ,(0.516),3.833 ,(0.983),6.125 ,(1.126),,,
Flowers,chrysanthemum,6.333 ,(0.952),6.093 ,(1.069),0.000 ,5.113 ,(1.489),4.296 ,(1.586),6.296 ,(1.160),5.037 ,(1.479),,5.653 ,(1.267),4.286 ,(1.581),7.547 ,3.510 ,(1.401),3.905 ,(1.322),4.714 ,(1.453),4.959 ,(1.353),,,
Flowers,clematis,5.558 ,(1.552),5.654 ,(1.632),3.704 ,4.962 ,(1.899),4.115 ,(1.451),5.750 ,(1.532),6.490 ,(1.317),,4.458 ,(1.503),3.417 ,(1.792),54.717 ,2.583 ,(1.586),3.632 ,(1.212),4.053 ,(1.393),5.750 ,(1.452),,,
Flowers,cowslip,5.388 ,(1.552),4.735 ,(1.680),5.769 ,3.592 ,(1.731),3.959 ,(1.567),5.479 ,(1.353),5.061 ,(1.725),,4.412 ,(1.559),3.559 ,(1.727),35.849 ,2.853 ,(1.500),3.222 ,(1.219),4.077 ,(1.875),4.765 ,(1.304),,,
Flowers,crocus,6.204 ,(1.105),6.204 ,(1.155),0.000 ,5.130 ,(1.770),3.963 ,(1.541),6.444 ,(1.003),4.407 ,(1.666),,5.571 ,(1.399),5.224 ,(1.433),7.547 ,3.796 ,(1.581),3.633 ,(1.334),5.571 ,(1.555),3.857 ,(1.384),,,
Flowers,daffodil,6.717 ,(0.662),6.642 ,(0.623),0.000 ,6.000 ,(1.188),4.096 ,(1.600),6.755 ,(0.585),3.396 ,(1.485),,6.604 ,(0.689),6.170 ,(1.205),0.000 ,5.472 ,(1.409),3.642 ,(1.456),6.585 ,(0.795),2.698 ,(0.952),,,
Flowers,dahlia,6.037 ,(1.373),5.778 ,(1.488),0.000 ,4.925 ,(1.785),4.370 ,(1.605),6.130 ,(1.082),5.056 ,(1.698),,4.939 ,(1.580),3.212 ,(1.536),37.736 ,2.455 ,(1.301),3.667 ,(1.155),3.762 ,(1.670),5.531 ,(1.626),,,
Flowers,daisy,6.630 ,(0.896),6.685 ,(0.773),0.000 ,6.259 ,(1.200),3.759 ,(1.625),6.704 ,(0.717),2.704 ,(1.341),,6.434 ,(0.772),6.189 ,(1.093),0.000 ,5.321 ,(1.356),3.151 ,(1.574),6.566 ,(0.747),2.491 ,(1.031),,,
Flowers,dandelion,5.889 ,(1.598),6.241 ,(1.331),0.000 ,5.889 ,(1.633),4.111 ,(1.645),6.574 ,(1.039),3.444 ,(1.550),,5.660 ,(1.413),5.925 ,(1.269),0.000 ,5.038 ,(1.480),3.604 ,(1.378),6.283 ,(0.988),2.868 ,(1.110),,,
Flowers,edelweiss,4.740 ,(1.838),3.900 ,(1.632),5.660 ,2.660 ,(1.287),3.920 ,(1.383),5.020 ,(1.493),6.720 ,(0.757),,4.205 ,(1.963),3.385 ,(1.532),26.415 ,2.359 ,(1.267),3.714 ,(1.301),4.250 ,(1.878),4.921 ,(1.421),,,
Flowers,forget-me-not,5.667 ,(1.381),5.647 ,(1.467),3.774 ,4.549 ,(1.922),3.941 ,(1.529),5.961 ,(1.469),4.608 ,(1.662),,5.220 ,(1.569),4.100 ,(1.909),5.660 ,3.040 ,(1.484),3.525 ,(1.585),4.750 ,(1.721),4.082 ,(1.351),,,
Flowers,foxglove,5.642 ,(1.545),5.212 ,(1.741),0.000 ,4.404 ,(1.912),4.308 ,(1.755),5.692 ,(1.627),5.077 ,(1.702),,5.386 ,(1.333),4.773 ,(1.523),16.981 ,3.250 ,(1.383),4.381 ,(1.378),5.143 ,(1.646),3.841 ,(1.238),,,
Flowers,freesia,5.679 ,(1.356),5.491 ,(1.502),1.852 ,4.377 ,(1.723),4.019 ,(1.487),5.679 ,(1.603),6.442 ,(1.162),,4.921 ,(1.566),4.447 ,(1.884),28.302 ,3.211 ,(1.510),3.788 ,(1.576),4.061 ,(1.731),5.405 ,(1.518),,,
Flowers,fuchsia,5.741 ,(1.334),5.815 ,(1.402),0.000 ,5.185 ,(1.781),4.519 ,(1.476),6.077 ,(1.186),5.870 ,(1.505),,5.070 ,(1.518),4.442 ,(1.906),18.868 ,3.256 ,(1.634),4.111 ,(1.348),4.944 ,(1.689),5.000 ,(1.465),,,
Flowers,geranium,6.278 ,(0.960),6.167 ,(1.285),0.000 ,5.778 ,(1.341),4.389 ,(1.393),6.315 ,(1.113),5.241 ,(1.516),,5.453 ,(1.367),4.472 ,(1.660),0.000 ,3.623 ,(1.496),3.787 ,(1.350),5.106 ,(1.463),4.755 ,(1.343),,,
Flowers,gladiolus,5.500 ,(1.370),5.333 ,(1.414),0.000 ,4.315 ,(1.600),4.340 ,(1.493),5.925 ,(1.238),5.830 ,(1.341),,4.611 ,(1.777),3.528 ,(1.612),32.075 ,2.333 ,(1.265),3.857 ,(1.533),4.143 ,(1.533),5.143 ,(1.517),,,
Flowers,gypsophila,5.063 ,(1.961),4.917 ,(2.122),9.434 ,4.000 ,(1.902),4.375 ,(1.525),5.340 ,(1.821),6.438 ,(1.050),,5.850 ,(1.089),4.700 ,(2.003),62.264 ,3.850 ,(2.033),3.588 ,(1.698),5.294 ,(1.863),5.895 ,(1.197),,,
Flowers,heather,5.741 ,(1.456),6.148 ,(0.979),0.000 ,5.667 ,(1.414),4.537 ,(1.514),6.500 ,(0.863),4.111 ,(1.525),,4.113 ,(1.826),5.321 ,(1.529),0.000 ,4.396 ,(1.459),3.925 ,(1.284),5.585 ,(1.307),3.774 ,(1.120),,,
Flowers,hollyhock,5.353 ,(1.585),4.902 ,(1.676),5.556 ,3.725 ,(1.638),4.490 ,(1.419),5.660 ,(1.451),5.627 ,(1.574),,3.840 ,(1.748),2.800 ,(1.581),52.830 ,1.720 ,(0.614),3.235 ,(1.348),3.118 ,(1.536),5.760 ,(1.300),,,
Flowers,honeysuckle,5.736 ,(1.456),5.698 ,(1.436),1.852 ,4.981 ,(1.906),4.887 ,(1.396),6.057 ,(1.336),5.094 ,(1.484),,5.100 ,(1.607),4.520 ,(1.741),5.660 ,3.360 ,(1.723),3.826 ,(1.582),4.696 ,(1.618),4.420 ,(1.279),,,
Flowers,hyacinth,6.019 ,(1.185),6.075 ,(1.222),1.852 ,4.698 ,(1.793),4.415 ,(1.550),6.264 ,(1.211),4.811 ,(1.594),,5.372 ,(1.398),4.419 ,(1.484),18.868 ,3.093 ,(1.428),3.889 ,(1.600),4.722 ,(1.799),4.698 ,(1.372),,,
Flowers,hydrangea,6.038 ,(1.160),5.887 ,(1.437),1.852 ,5.453 ,(1.564),4.528 ,(1.501),6.132 ,(1.331),5.904 ,(1.302),,4.667 ,(1.798),3.591 ,(1.764),58.491 ,2.727 ,(1.549),3.625 ,(0.806),4.063 ,(1.731),5.909 ,(1.192),,,
Flowers,iris,5.962 ,(1.224),5.679 ,(1.491),1.852 ,4.830 ,(1.684),4.415 ,(1.379),6.132 ,(1.225),5.283 ,(1.680),,4.837 ,(1.625),4.306 ,(1.758),7.547 ,3.224 ,(1.558),3.870 ,(1.408),4.522 ,(1.574),4.694 ,(1.158),,,
Flowers,jasmine,4.904 ,(1.729),4.404 ,(1.943),3.704 ,3.538 ,(1.904),3.961 ,(1.428),4.980 ,(1.660),6.212 ,(1.143),,4.065 ,(1.769),3.522 ,(1.588),13.208 ,2.739 ,(1.612),3.806 ,(1.302),4.226 ,(1.687),5.652 ,(1.337),,,
Flowers,lavender,5.352 ,(1.469),5.396 ,(1.656),0.000 ,4.528 ,(1.804),3.925 ,(1.426),5.585 ,(1.586),5.154 ,(1.487),,4.808 ,(1.669),4.635 ,(1.645),1.887 ,3.692 ,(1.675),3.523 ,(1.438),5.070 ,(1.280),4.275 ,(1.358),,,
Flowers,lilac,5.722 ,(1.472),5.722 ,(1.420),0.000 ,4.667 ,(1.660),4.444 ,(1.462),6.037 ,(1.317),4.981 ,(1.665),,4.700 ,(1.764),4.080 ,(1.676),5.660 ,3.000 ,(1.485),3.585 ,(1.466),4.610 ,(1.481),4.480 ,(1.313),,,
Flowers,lily,6.058 ,(1.243),5.692 ,(1.627),0.000 ,4.846 ,(1.650),4.250 ,(1.631),5.980 ,(1.364),5.096 ,(1.459),,5.415 ,(1.473),5.019 ,(1.461),0.000 ,3.925 ,(1.579),3.596 ,(1.550),5.404 ,(1.361),4.151 ,(0.949),,,
Flowers,lupin,6.057 ,(1.134),5.717 ,(1.378),0.000 ,4.717 ,(1.833),4.566 ,(1.551),6.077 ,(1.250),4.660 ,(1.663),,4.032 ,(2.008),3.806 ,(1.973),41.509 ,2.742 ,(1.483),4.174 ,(1.403),4.478 ,(1.904),5.138 ,(1.620),,,
Flowers,magnolia,5.078 ,(1.647),4.412 ,(1.639),3.774 ,3.275 ,(1.686),4.100 ,(1.359),5.265 ,(1.655),6.600 ,(0.948),,5.080 ,(1.368),4.000 ,(1.565),5.660 ,3.260 ,(1.482),3.634 ,(1.337),4.561 ,(1.747),5.120 ,(1.423),,,
Flowers,marguerite,5.922 ,(1.294),5.294 ,(1.641),3.774 ,4.137 ,(1.755),3.900 ,(1.515),5.840 ,(1.448),5.255 ,(1.647),,3.833 ,(1.978),2.722 ,(1.674),66.038 ,2.500 ,(1.543),3.778 ,(1.641),3.889 ,(2.088),5.778 ,(1.309),,,
Flowers,marigold,6.434 ,(0.888),6.189 ,(1.272),0.000 ,5.208 ,(1.472),4.226 ,(1.463),6.340 ,(1.037),4.170 ,(1.649),,5.520 ,(1.460),4.460 ,(1.581),5.660 ,3.400 ,(1.429),3.773 ,(1.292),4.909 ,(1.273),4.280 ,(1.230),,,
Flowers,nasturtium,6.077 ,(1.341),5.981 ,(1.502),3.704 ,5.462 ,(1.754),4.154 ,(1.526),5.941 ,(1.377),4.615 ,(1.870),,4.720 ,(1.904),3.920 ,(2.139),52.830 ,2.880 ,(1.856),3.500 ,(1.395),4.263 ,(2.156),5.000 ,(1.500),,,
Flowers,orchid,5.278 ,(1.753),4.333 ,(1.625),0.000 ,3.185 ,(1.567),5.000 ,(1.387),5.849 ,(1.336),6.547 ,(0.972),,5.264 ,(1.456),4.547 ,(1.514),0.000 ,3.377 ,(1.471),4.500 ,(1.460),5.000 ,(1.443),5.020 ,(1.191),,,
Flowers,pansy,6.389 ,(1.036),6.407 ,(1.108),0.000 ,5.685 ,(1.725),4.278 ,(1.720),6.528 ,(0.973),4.093 ,(1.569),,5.811 ,(1.272),5.132 ,(1.641),0.000 ,3.623 ,(1.723),3.333 ,(1.291),5.490 ,(1.502),3.547 ,(1.030),,,
Flowers,petunia,5.811 ,(1.316),5.453 ,(1.488),1.852 ,4.623 ,(1.746),3.830 ,(1.553),5.830 ,(1.411),6.208 ,(1.116),,4.825 ,(1.599),3.400 ,(1.374),24.528 ,2.538 ,(1.374),3.923 ,(1.197),3.846 ,(1.317),5.400 ,(1.194),,,
Flowers,poppy,6.204 ,(1.105),6.093 ,(1.086),0.000 ,4.981 ,(1.631),3.722 ,(1.547),6.226 ,(1.281),4.352 ,(1.604),,5.906 ,(1.197),5.547 ,(1.280),0.000 ,4.340 ,(1.506),3.245 ,(1.479),6.264 ,(1.059),3.346 ,(1.083),,,
Flowers,primrose,6.358 ,(0.963),6.075 ,(1.269),0.000 ,4.943 ,(1.692),4.019 ,(1.525),6.113 ,(1.325),4.189 ,(1.557),,5.608 ,(1.387),5.000 ,(1.483),3.774 ,3.784 ,(1.747),3.383 ,(1.328),5.213 ,(1.429),4.098 ,(1.526),,,
Flowers,rhododendron,5.788 ,(1.419),6.231 ,(1.215),0.000 ,5.712 ,(1.433),4.686 ,(1.631),6.462 ,(0.959),5.231 ,(1.592),,5.059 ,(1.714),4.922 ,(1.623),3.774 ,3.863 ,(1.600),3.980 ,(1.348),5.340 ,(1.437),4.540 ,(1.417),,,
Flowers,rose,6.870 ,(0.391),6.667 ,(0.847),0.000 ,6.189 ,(1.020),5.019 ,(1.560),6.741 ,(0.589),3.574 ,(1.561),,6.830 ,(0.470),6.377 ,(1.042),0.000 ,5.623 ,(1.404),4.132 ,(1.687),6.491 ,(0.891),2.623 ,(1.004),,,
Flowers,snapdragon,5.261 ,(1.584),4.848 ,(1.776),13.208 ,3.783 ,(1.825),4.455 ,(1.405),5.455 ,(1.718),5.341 ,(1.684),,4.182 ,(1.550),3.576 ,(1.415),37.736 ,2.455 ,(1.252),3.926 ,(1.517),4.296 ,(1.772),5.121 ,(1.495),,,
Flowers,snowdrop,6.463 ,(0.862),6.574 ,(0.882),0.000 ,5.500 ,(1.424),3.981 ,(1.699),6.648 ,(0.781),3.815 ,(1.543),,5.765 ,(1.380),5.510 ,(1.332),3.774 ,4.118 ,(1.545),3.300 ,(1.282),6.160 ,(0.912),3.333 ,(1.227),,,
Flowers,sunflower,5.549 ,(1.419),5.294 ,(1.553),1.923 ,3.902 ,(1.616),3.922 ,(1.534),6.216 ,(1.172),5.538 ,(1.590),,6.113 ,(1.155),5.962 ,(1.255),0.000 ,4.615 ,(1.536),3.774 ,(1.339),6.509 ,(0.823),3.491 ,(1.265),,,
Flowers,sweet pea,6.283 ,(0.948),6.094 ,(1.061),0.000 ,4.906 ,(1.572),4.604 ,(1.498),6.340 ,(1.108),4.566 ,(1.587),,5.000 ,(1.744),4.551 ,(1.696),7.547 ,3.531 ,(1.582),4.022 ,(1.323),5.111 ,(1.418),4.184 ,(1.302),,,
Flowers,thistle,5.604 ,(1.633),6.037 ,(1.258),0.000 ,4.759 ,(1.553),4.667 ,(1.530),6.377 ,(0.965),3.963 ,(1.331),,4.000 ,(1.850),5.585 ,(1.232),0.000 ,4.358 ,(1.582),4.283 ,(1.433),5.943 ,(1.151),3.415 ,(1.046),,,
Flowers,tulip,6.574 ,(0.767),6.389 ,(0.998),0.000 ,5.370 ,(1.445),3.907 ,(1.545),6.704 ,(0.690),3.963 ,(1.400),,6.132 ,(0.962),5.717 ,(1.133),0.000 ,4.491 ,(1.463),3.340 ,(1.358),6.075 ,(1.174),3.264 ,(0.984),,,
Flowers,violet,5.907 ,(1.233),5.704 ,(1.369),0.000 ,4.407 ,(1.654),4.111 ,(1.679),6.019 ,(1.394),4.685 ,(1.746),,5.137 ,(1.536),4.490 ,(1.592),3.774 ,3.137 ,(1.575),3.302 ,(1.337),4.837 ,(1.632),4.314 ,(1.304),,,
Flowers,wallflower,5.981 ,(1.308),5.585 ,(1.550),1.852 ,4.453 ,(1.771),4.302 ,(1.588),5.868 ,(1.468),5.038 ,(1.531),,4.159 ,(2.011),3.341 ,(1.584),16.981 ,2.773 ,(1.327),3.515 ,(1.372),4.324 ,(1.683),5.045 ,(1.555),,,
Fruits,acorn,4.392 ,(1.888),5.392 ,(1.588),3.774 ,3.725 ,(1.744),3.180 ,(1.453),6.061 ,(1.391),4.320 ,(1.544),,2.442 ,(1.697),4.558 ,(1.697),1.887 ,3.423 ,(1.446),2.827 ,(1.167),5.385 ,(1.510),3.569 ,(1.063),,,
Fruits,almond,4.370 ,(1.652),5.241 ,(1.541),0.000 ,4.130 ,(1.530),2.509 ,(1.353),5.981 ,(1.337),5.111 ,(1.475),,2.827 ,(1.801),5.038 ,(1.495),1.887 ,4.038 ,(1.644),2.176 ,(1.126),5.588 ,(1.329),4.115 ,(1.114),,,
Fruits,apple,6.906 ,(0.295),6.830 ,(0.509),0.000 ,6.642 ,(0.682),3.019 ,(1.866),6.679 ,(0.754),2.566 ,(1.352),,6.962 ,(0.192),6.774 ,(0.609),0.000 ,6.736 ,(0.625),2.226 ,(1.266),6.849 ,(0.496),1.811 ,(0.652),,,
Fruits,apricot,5.377 ,(1.496),5.472 ,(1.339),0.000 ,4.566 ,(1.647),2.679 ,(1.626),6.000 ,(1.330),5.321 ,(1.554),,5.302 ,(1.436),5.094 ,(1.418),0.000 ,3.925 ,(1.439),2.654 ,(1.266),5.519 ,(1.421),3.887 ,(1.266),,,
Fruits,avocado,4.870 ,(1.542),4.667 ,(1.843),0.000 ,4.074 ,(1.703),3.037 ,(1.671),5.593 ,(1.486),6.889 ,(0.502),,4.151 ,(1.915),4.774 ,(1.637),0.000 ,3.481 ,(1.448),2.680 ,(1.220),5.660 ,(1.409),5.057 ,(1.392),,,
Fruits,banana,6.811 ,(0.483),6.660 ,(0.831),0.000 ,6.604 ,(0.793),2.717 ,(1.769),6.792 ,(0.689),3.132 ,(1.594),,6.736 ,(0.711),6.717 ,(0.717),0.000 ,6.491 ,(0.869),2.283 ,(1.215),6.811 ,(0.557),1.925 ,(0.829),,,
Fruits,berry,5.963 ,(1.243),6.000 ,(1.225),0.000 ,5.151 ,(1.622),3.000 ,(1.495),6.192 ,(1.172),3.712 ,(1.613),,5.660 ,(1.239),5.491 ,(1.382),0.000 ,4.811 ,(1.401),2.333 ,(1.071),6.039 ,(1.019),3.132 ,(1.225),,,
Fruits,blackberry,5.604 ,(1.419),5.774 ,(1.325),1.852 ,4.113 ,(1.804),3.283 ,(1.668),6.135 ,(1.253),4.245 ,(1.568),,4.962 ,(1.605),5.170 ,(1.602),0.000 ,4.000 ,(1.569),2.804 ,(1.265),5.745 ,(1.197),3.404 ,(1.125),,,
Fruits,blackcurrant,5.887 ,(1.281),6.094 ,(1.165),0.000 ,4.736 ,(1.756),2.811 ,(1.653),6.500 ,(0.960),4.057 ,(1.537),,5.245 ,(1.343),5.245 ,(1.299),0.000 ,4.208 ,(1.419),2.377 ,(1.213),5.679 ,(1.088),3.491 ,(1.049),,,
Fruits,blueberry,4.620 ,(1.701),4.120 ,(1.698),7.407 ,3.420 ,(1.642),2.792 ,(1.458),5.313 ,(1.626),6.180 ,(1.289),,4.434 ,(1.792),4.302 ,(1.422),0.000 ,3.377 ,(1.484),2.462 ,(1.146),5.173 ,(1.309),4.453 ,(1.381),,,
Fruits,bramble,5.667 ,(1.479),6.037 ,(1.288),0.000 ,4.537 ,(1.860),3.407 ,(1.572),6.333 ,(1.149),3.889 ,(1.383),,4.509 ,(1.694),4.865 ,(1.572),0.000 ,3.577 ,(1.363),3.404 ,(1.272),5.519 ,(1.244),3.635 ,(1.344),,,
Fruits,breadfruit,3.485 ,(1.873),2.485 ,(1.228),35.294 ,2.000 ,(0.968),2.538 ,(1.449),3.615 ,(1.745),6.688 ,(0.693),,3.154 ,(1.676),2.462 ,(1.613),75.472 ,2.231 ,(1.833),3.000 ,(1.414),3.500 ,(2.014),5.929 ,(1.592),,,
Fruits,cherry,5.849 ,(1.364),6.000 ,(1.359),0.000 ,4.453 ,(1.564),2.811 ,(1.594),6.472 ,(0.992),4.077 ,(1.690),,5.509 ,(1.295),5.528 ,(1.339),0.000 ,4.585 ,(1.525),2.132 ,(1.127),6.283 ,(0.968),3.189 ,(0.900),,,
Fruits,chestnut,4.240 ,(1.661),5.061 ,(1.314),0.000 ,3.694 ,(1.571),2.796 ,(1.486),6.143 ,(1.291),4.479 ,(1.544),,2.588 ,(1.734),4.843 ,(1.433),0.000 ,3.314 ,(1.516),2.480 ,(1.199),5.560 ,(1.248),3.745 ,(1.339),,,
Fruits,clementine,5.722 ,(1.433),5.667 ,(1.414),0.000 ,5.037 ,(1.704),2.741 ,(1.639),6.148 ,(1.446),6.111 ,(1.550),,5.113 ,(1.613),5.283 ,(1.598),0.000 ,4.868 ,(1.606),2.154 ,(1.243),5.865 ,(1.456),4.132 ,(1.557),,,
Fruits,coconut,4.833 ,(1.611),5.333 ,(1.492),0.000 ,3.453 ,(1.671),3.037 ,(1.590),6.315 ,(1.271),4.528 ,(1.295),,3.509 ,(1.772),5.396 ,(1.378),0.000 ,4.132 ,(1.359),2.528 ,(1.234),6.245 ,(1.072),3.327 ,(1.043),,,
Fruits,cranberry,4.960 ,(1.749),4.800 ,(1.641),7.407 ,3.540 ,(1.656),2.708 ,(1.624),5.490 ,(1.459),6.740 ,(0.751),,4.308 ,(1.755),4.404 ,(1.472),1.887 ,3.462 ,(1.407),2.480 ,(1.035),4.820 ,(1.574),5.333 ,(1.306),,,
Fruits,currant,5.519 ,(1.437),6.000 ,(1.197),0.000 ,5.370 ,(1.663),3.038 ,(1.664),6.259 ,(1.306),3.593 ,(1.473),,4.189 ,(1.653),5.453 ,(1.170),0.000 ,4.377 ,(1.444),2.113 ,(1.235),5.755 ,(1.440),3.509 ,(1.171),,,
Fruits,damson,5.315 ,(1.612),5.074 ,(1.515),0.000 ,3.611 ,(1.785),2.722 ,(1.642),5.870 ,(1.332),5.074 ,(1.426),,4.343 ,(1.970),3.486 ,(1.687),33.962 ,2.486 ,(1.541),2.500 ,(1.408),4.033 ,(1.691),5.088 ,(1.583),,,
Fruits,date,5.481 ,(1.553),5.788 ,(1.348),0.000 ,4.808 ,(1.715),2.923 ,(1.702),6.212 ,(1.258),4.135 ,(1.560),,3.824 ,(1.670),4.373 ,(1.637),0.000 ,3.333 ,(1.451),2.347 ,(1.110),5.224 ,(1.462),4.314 ,(1.086),,,
Fruits,dewberry,3.800 ,(2.041),2.367 ,(1.245),44.444 ,1.828 ,(1.002),3.167 ,(1.435),3.960 ,(1.767),6.720 ,(0.891),,3.667 ,(1.965),3.564 ,(1.744),26.415 ,2.718 ,(1.213),3.040 ,(1.274),3.880 ,(1.787),5.684 ,(1.093),,,
Fruits,elderberry,4.800 ,(1.750),4.816 ,(1.629),3.922 ,3.333 ,(1.562),3.250 ,(1.682),5.500 ,(1.762),6.102 ,(1.461),,4.023 ,(1.635),3.568 ,(1.634),16.981 ,2.523 ,(1.000),3.000 ,(1.244),4.094 ,(1.304),5.500 ,(1.389),,,
Fruits,fig,4.815 ,(1.626),4.778 ,(1.690),0.000 ,3.426 ,(1.755),3.222 ,(1.513),5.679 ,(1.465),5.019 ,(1.665),,4.077 ,(1.824),4.558 ,(1.539),1.887 ,3.154 ,(1.289),2.875 ,(1.123),4.646 ,(1.407),4.462 ,(1.260),,,
Fruits,gooseberry,5.778 ,(1.369),5.963 ,(1.165),0.000 ,4.333 ,(1.727),3.056 ,(1.731),6.426 ,(1.143),3.981 ,(1.367),,4.377 ,(1.723),4.547 ,(1.705),0.000 ,2.943 ,(1.350),2.481 ,(1.163),5.385 ,(1.270),3.868 ,(1.225),,,
Fruits,grape,6.296 ,(1.127),6.222 ,(1.239),0.000 ,5.907 ,(1.292),2.778 ,(1.621),6.611 ,(0.856),3.870 ,(1.602),,6.170 ,(0.955),6.269 ,(0.952),0.000 ,5.885 ,(1.114),1.827 ,(1.098),6.673 ,(0.617),2.686 ,(1.029),,,
Fruits,grapefruit,6.370 ,(0.917),6.333 ,(1.028),0.000 ,5.778 ,(1.538),2.685 ,(1.576),6.556 ,(0.925),4.907 ,(1.651),,5.566 ,(1.233),5.679 ,(1.088),0.000 ,4.792 ,(1.378),2.264 ,(1.403),6.226 ,(0.974),3.698 ,(1.067),,,
Fruits,greengage,5.000 ,(1.680),4.692 ,(1.842),3.704 ,3.038 ,(1.620),2.667 ,(1.669),5.647 ,(1.560),5.519 ,(1.615),,4.190 ,(2.112),3.727 ,(2.142),58.491 ,2.318 ,(1.323),2.176 ,(1.185),4.412 ,(1.734),5.364 ,(1.787),,,
Fruits,guava,4.178 ,(1.874),3.156 ,(1.551),15.094 ,2.289 ,(1.218),2.800 ,(1.363),4.220 ,(1.768),6.955 ,(0.302),,3.750 ,(1.933),3.333 ,(1.621),32.075 ,2.417 ,(1.156),2.750 ,(1.152),3.750 ,(1.422),6.056 ,(1.330),,,
Fruits,hazelnut,4.528 ,(1.648),5.377 ,(1.362),0.000 ,3.868 ,(1.755),2.774 ,(1.683),6.075 ,(1.299),4.642 ,(1.331),,2.922 ,(1.896),5.058 ,(1.364),0.000 ,4.096 ,(1.445),2.308 ,(1.094),5.577 ,(1.348),3.827 ,(1.004),,,
Fruits,kiwi,5.189 ,(1.570),5.283 ,(1.511),0.000 ,4.686 ,(1.805),3.208 ,(1.875),5.981 ,(1.337),6.925 ,(0.385),,5.415 ,(1.434),5.642 ,(1.257),0.000 ,5.000 ,(1.301),2.698 ,(1.367),6.377 ,(0.904),4.558 ,(1.420),,,
Fruits,kumquat,4.079 ,(2.173),3.514 ,(1.742),28.846 ,2.784 ,(1.512),2.647 ,(1.433),4.471 ,(1.988),6.861 ,(0.833),,3.237 ,(1.951),3.447 ,(1.811),28.302 ,2.211 ,(1.318),2.607 ,(1.423),4.630 ,(1.779),6.184 ,(1.182),,,
Fruits,lemon,6.500 ,(0.863),6.463 ,(0.884),0.000 ,5.870 ,(1.332),2.944 ,(1.806),6.698 ,(0.607),4.148 ,(1.583),,6.245 ,(1.054),6.264 ,(1.059),0.000 ,5.868 ,(1.210),2.113 ,(1.138),6.642 ,(0.653),2.755 ,(0.918),,,
Fruits,lime,4.796 ,(1.752),4.481 ,(1.724),0.000 ,3.660 ,(1.698),2.648 ,(1.544),5.778 ,(1.598),6.352 ,(1.200),,5.075 ,(1.479),5.075 ,(1.603),0.000 ,4.132 ,(1.428),2.151 ,(1.133),6.113 ,(1.251),3.755 ,(1.090),,,
Fruits,loganberry,4.796 ,(1.732),4.229 ,(1.561),7.692 ,2.979 ,(1.345),3.085 ,(1.599),5.362 ,(1.674),5.708 ,(1.675),,3.828 ,(2.001),3.345 ,(1.610),45.283 ,2.207 ,(1.264),2.650 ,(1.089),3.700 ,(1.689),5.483 ,(1.271),,,
Fruits,lychee,4.087 ,(1.987),3.511 ,(1.701),13.462 ,2.689 ,(1.411),2.952 ,(1.622),4.512 ,(1.951),6.977 ,(0.151),,3.436 ,(1.944),3.949 ,(1.654),26.415 ,2.538 ,(1.448),3.094 ,(1.489),4.719 ,(1.611),6.154 ,(1.182),,,
Fruits,mandarin,5.830 ,(1.312),5.774 ,(1.396),0.000 ,4.943 ,(1.780),2.868 ,(1.710),6.264 ,(1.163),5.547 ,(1.749),,5.302 ,(1.353),5.340 ,(1.400),0.000 ,4.453 ,(1.551),2.365 ,(1.103),5.712 ,(1.446),3.849 ,(1.524),,,
Fruits,mango,4.529 ,(1.848),4.059 ,(1.891),3.774 ,3.235 ,(1.784),2.939 ,(1.492),5.204 ,(1.683),6.939 ,(0.242),,4.717 ,(1.680),4.585 ,(1.726),0.000 ,3.415 ,(1.550),2.490 ,(1.139),5.143 ,(1.472),4.868 ,(1.241),,,
Fruits,melon,6.241 ,(1.045),6.259 ,(1.031),0.000 ,5.648 ,(1.334),2.611 ,(1.630),6.685 ,(0.820),5.226 ,(1.601),,5.679 ,(1.205),5.868 ,(1.110),0.000 ,4.868 ,(1.256),2.170 ,(1.205),6.283 ,(1.166),3.302 ,(1.170),,,
Fruits,nectarine,5.585 ,(1.499),5.442 ,(1.514),1.887 ,4.679 ,(1.795),2.849 ,(1.610),6.115 ,(1.166),6.434 ,(1.135),,5.623 ,(1.376),5.415 ,(1.512),0.000 ,4.491 ,(1.613),2.321 ,(1.140),5.769 ,(1.323),4.115 ,(1.247),,,
Fruits,olive,4.404 ,(1.839),4.481 ,(1.754),1.887 ,3.577 ,(1.637),2.755 ,(1.628),5.698 ,(1.539),6.269 ,(1.497),,3.189 ,(1.787),4.604 ,(1.714),0.000 ,3.887 ,(1.750),1.943 ,(1.064),5.472 ,(1.462),4.868 ,(1.301),,,
Fruits,orange,6.887 ,(0.423),6.849 ,(0.632),0.000 ,6.755 ,(0.617),2.849 ,(1.905),6.769 ,(0.614),2.774 ,(1.235),,6.906 ,(0.295),6.774 ,(0.640),0.000 ,6.755 ,(0.551),2.075 ,(1.542),6.792 ,(0.885),1.943 ,(0.718),,,
Fruits,papaya,4.064 ,(1.938),3.239 ,(1.828),13.208 ,2.435 ,(1.361),3.119 ,(1.626),4.143 ,(1.983),6.977 ,(0.151),,3.844 ,(1.770),3.533 ,(1.829),15.094 ,2.511 ,(1.325),2.758 ,(1.300),3.818 ,(1.704),5.977 ,(1.320),,,
Fruits,passion fruit,4.520 ,(1.854),3.700 ,(1.741),7.407 ,2.920 ,(1.397),3.109 ,(1.433),4.644 ,(1.909),6.900 ,(0.580),,4.353 ,(1.718),4.196 ,(1.778),3.774 ,3.157 ,(1.528),2.913 ,(1.151),4.500 ,(1.810),5.360 ,(1.367),,,
Fruits,pawpaw,4.283 ,(1.822),3.370 ,(1.678),13.208 ,2.543 ,(1.224),2.881 ,(1.580),4.667 ,(1.934),6.952 ,(0.309),,3.658 ,(1.935),2.949 ,(1.589),26.415 ,2.000 ,(0.858),2.826 ,(0.887),4.000 ,(1.595),5.486 ,(1.502),,,
Fruits,peach,6.358 ,(1.021),6.396 ,(0.968),0.000 ,5.509 ,(1.527),2.943 ,(1.834),6.585 ,(0.887),4.849 ,(1.645),,6.302 ,(0.932),6.189 ,(0.962),0.000 ,5.321 ,(1.268),2.226 ,(1.187),6.396 ,(1.080),2.906 ,(0.986),,,
Fruits,peanut,4.642 ,(1.962),5.925 ,(1.357),0.000 ,4.925 ,(1.708),2.585 ,(1.646),6.321 ,(1.105),4.170 ,(1.438),,2.346 ,(1.607),6.000 ,(1.066),0.000 ,5.346 ,(1.655),1.863 ,(1.059),6.346 ,(0.947),2.981 ,(0.828),,,
Fruits,pear,6.566 ,(0.797),6.453 ,(0.992),0.000 ,5.981 ,(1.448),3.038 ,(1.720),6.642 ,(0.963),3.509 ,(1.613),,6.442 ,(0.826),6.115 ,(1.041),0.000 ,5.558 ,(1.392),2.404 ,(1.034),6.431 ,(1.118),2.731 ,(0.843),,,
Fruits,pecan,3.489 ,(1.743),3.200 ,(1.546),11.765 ,2.500 ,(1.150),2.636 ,(1.399),4.545 ,(1.635),6.884 ,(0.762),,2.694 ,(1.530),4.367 ,(1.740),7.547 ,3.306 ,(1.544),2.591 ,(1.187),5.045 ,(1.613),5.479 ,(1.304),,,
Fruits,persimmon,3.200 ,(1.937),2.657 ,(1.514),35.185 ,2.029 ,(1.339),2.500 ,(1.358),4.000 ,(1.838),7.000 ,0.000 ,,2.800 ,(1.643),3.000 ,(2.000),90.566 ,2.000 ,(1.000),3.500 ,(1.291),3.250 ,(2.217),6.800 ,(0.447),,,
Fruits,pineapple,5.741 ,(1.362),5.667 ,(1.530),0.000 ,4.889 ,(1.462),4.241 ,(1.413),6.352 ,(0.955),5.222 ,(1.610),,5.717 ,(1.166),5.755 ,(1.191),0.000 ,4.585 ,(1.365),4.264 ,(1.496),6.189 ,(1.039),3.226 ,(0.869),,,
Fruits,pistachio,3.580 ,(2.001),3.500 ,(1.764),5.660 ,2.620 ,(1.292),2.646 ,(1.280),4.500 ,(1.810),6.979 ,(0.146),,2.471 ,(1.592),4.745 ,(1.647),3.774 ,3.451 ,(1.553),2.673 ,(1.008),5.327 ,(1.519),5.627 ,(1.058),,,
Fruits,plum,6.370 ,(0.875),6.352 ,(1.031),0.000 ,5.481 ,(1.514),2.667 ,(1.801),6.537 ,(0.985),3.500 ,(1.384),,5.585 ,(1.216),5.453 ,(1.309),0.000 ,4.358 ,(1.469),2.283 ,(1.199),6.075 ,(1.253),3.264 ,(1.041),,,
Fruits,pomegranate,4.808 ,(1.715),4.712 ,(1.719),0.000 ,3.500 ,(1.603),3.327 ,(1.630),5.577 ,(1.730),5.615 ,(1.430),,4.059 ,(1.827),3.843 ,(1.701),3.774 ,2.843 ,(1.433),3.545 ,(1.355),4.977 ,(1.470),5.327 ,(1.519),,,
Fruits,prune,5.296 ,(1.586),5.722 ,(1.547),0.000 ,4.741 ,(1.814),2.981 ,(1.677),6.389 ,(1.036),3.889 ,(1.423),,4.212 ,(1.753),4.635 ,(1.669),0.000 ,3.346 ,(1.702),2.558 ,(1.290),5.404 ,(1.432),4.250 ,(1.341),,,
Fruits,pumpkin,4.100 ,(1.940),4.039 ,(1.865),3.774 ,3.000 ,(1.562),2.608 ,(1.415),5.549 ,(1.641),5.490 ,(1.804),,3.396 ,(1.874),4.811 ,(1.722),0.000 ,3.434 ,(1.647),2.642 ,(1.128),5.981 ,(1.306),3.358 ,(1.039),,,
Fruits,raisin,5.593 ,(1.572),6.333 ,(1.082),0.000 ,5.685 ,(1.343),2.944 ,(1.753),6.519 ,(0.926),3.815 ,(1.428),,4.462 ,(1.965),5.750 ,(1.219),0.000 ,5.058 ,(1.514),2.288 ,(1.289),6.192 ,(0.951),2.942 ,(0.978),,,
Fruits,raspberry,6.434 ,(0.951),6.585 ,(0.692),0.000 ,5.491 ,(1.476),3.491 ,(1.636),6.509 ,(1.012),3.792 ,(1.472),,5.981 ,(1.201),6.038 ,(1.126),0.000 ,5.226 ,(1.463),3.151 ,(1.499),6.365 ,(0.841),2.887 ,(1.086),,,
Fruits,redcurrant,5.500 ,(1.489),5.611 ,(1.379),0.000 ,4.037 ,(1.883),3.057 ,(1.703),6.358 ,(1.145),4.698 ,(1.475),,4.308 ,(1.832),4.231 ,(1.567),1.887 ,2.769 ,(1.323),2.176 ,(1.034),4.941 ,(1.462),4.588 ,(1.152),,,
Fruits,rhubarb,5.642 ,(1.733),6.340 ,(0.979),0.000 ,5.358 ,(1.520),2.868 ,(1.840),6.481 ,(1.075),3.283 ,(1.246),,4.340 ,(1.829),5.321 ,(1.478),0.000 ,3.925 ,(1.627),2.654 ,(1.153),5.755 ,(1.239),3.212 ,(1.143),,,
Fruits,satsuma,5.673 ,(1.505),5.596 ,(1.587),0.000 ,4.923 ,(1.824),2.580 ,(1.458),6.173 ,(1.184),6.538 ,(1.093),,5.925 ,(0.958),5.981 ,(1.009),0.000 ,5.434 ,(1.421),2.113 ,(1.103),6.189 ,(1.001),3.679 ,(1.341),,,
Fruits,star fruit,3.500 ,(1.825),3.146 ,(1.574),22.642 ,2.195 ,(0.928),3.205 ,(1.380),4.974 ,(1.693),6.949 ,(0.223),,3.894 ,(1.856),4.277 ,(1.570),11.321 ,2.787 ,(1.350),3.609 ,(1.468),5.217 ,(1.712),6.064 ,(1.169),,,
Fruits,strawberry,6.593 ,(0.901),6.556 ,(0.861),0.000 ,5.981 ,(1.073),3.389 ,(1.687),6.679 ,(0.915),3.315 ,(1.371),,6.453 ,(0.845),6.321 ,(0.996),0.000 ,5.519 ,(1.379),3.057 ,(1.473),6.604 ,(0.743),2.491 ,(0.891),,,
Fruits,sultana,5.463 ,(1.488),6.130 ,(1.166),0.000 ,5.241 ,(1.682),2.698 ,(1.526),6.278 ,(1.265),4.094 ,(1.800),,4.264 ,(1.745),5.623 ,(1.228),0.000 ,4.566 ,(1.487),2.208 ,(1.133),6.113 ,(1.155),3.226 ,(0.993),,,
Fruits,tangerine,6.340 ,(0.876),6.132 ,(1.241),0.000 ,5.208 ,(1.621),2.698 ,(1.682),6.566 ,(0.971),4.302 ,(1.804),,6.135 ,(1.103),5.923 ,(1.398),0.000 ,5.558 ,(1.320),2.118 ,(1.032),6.327 ,(1.043),3.038 ,(1.009),,,
Fruits,tomato,6.519 ,(0.885),6.593 ,(0.901),0.000 ,6.481 ,(0.885),2.926 ,(1.789),6.704 ,(0.768),3.444 ,(1.513),,4.830 ,(1.929),6.396 ,(0.793),0.000 ,6.321 ,(0.976),2.154 ,(1.243),6.577 ,(0.750),2.585 ,(0.989),,,
Fruits,ugli fruit,3.886 ,(2.097),3.147 ,(1.893),35.849 ,2.147 ,(1.282),2.548 ,(1.338),4.000 ,(2.084),6.897 ,(0.409),,3.188 ,(1.905),2.938 ,(1.611),69.811 ,1.813 ,(0.911),3.182 ,(0.982),3.636 ,(1.804),6.500 ,(1.095),,,
Fruits,walnut,4.585 ,(1.823),5.148 ,(1.547),0.000 ,3.833 ,(1.645),3.333 ,(1.427),6.189 ,(1.226),4.963 ,(1.566),,2.692 ,(1.744),5.250 ,(1.384),0.000 ,4.019 ,(1.565),2.981 ,(1.475),5.462 ,(1.501),3.865 ,(0.908),,,
Fruits,watermelon,5.509 ,(1.395),5.189 ,(1.532),0.000 ,4.075 ,(1.719),2.906 ,(1.644),6.094 ,(1.275),6.404 ,(1.142),,5.151 ,(1.460),5.226 ,(1.502),0.000 ,3.981 ,(1.434),2.396 ,(1.391),5.868 ,(1.442),4.000 ,(1.109),,,
Insects,ant,6.111 ,(1.208),5.566 ,(1.599),0.000 ,4.226 ,(1.948),4.075 ,(1.639),5.925 ,(1.398),4.642 ,(1.699),,6.547 ,(0.798),6.038 ,(1.143),0.000 ,4.623 ,(1.522),3.660 ,(1.593),6.245 ,(0.918),2.717 ,(0.988),,,
Insects,aphid,5.302 ,(1.739),4.953 ,(1.838),17.308 ,4.488 ,(1.895),3.786 ,(1.554),5.095 ,(1.859),6.619 ,(0.962),,4.697 ,(1.704),4.091 ,(1.843),37.736 ,2.879 ,(1.474),3.593 ,(1.575),4.444 ,(1.625),5.485 ,(1.417),,,
Insects,bedbug,4.059 ,(1.912),2.800 ,(1.726),5.660 ,1.720 ,(0.882),3.650 ,(1.916),3.585 ,(2.109),6.000 ,(1.445),,4.021 ,(2.168),3.708 ,(1.738),9.434 ,2.458 ,(1.543),4.029 ,(2.051),3.800 ,(1.907),3.979 ,(1.657),,,
Insects,bee,6.556 ,(0.691),6.426 ,(0.924),0.000 ,5.556 ,(1.436),4.736 ,(1.496),6.283 ,(1.133),3.278 ,(1.485),,6.547 ,(0.748),6.396 ,(0.987),0.000 ,5.245 ,(1.385),3.849 ,(1.574),6.472 ,(0.953),2.132 ,(0.833),,,
Insects,beetle,6.148 ,(1.106),5.358 ,(1.508),0.000 ,4.296 ,(1.609),4.302 ,(1.648),5.962 ,(1.240),3.963 ,(1.625),,6.321 ,(0.996),5.660 ,(1.159),0.000 ,4.547 ,(1.659),3.755 ,(1.492),5.925 ,(1.253),2.755 ,(0.998),,,
Insects,bluebottle,6.111 ,(1.176),5.611 ,(1.559),0.000 ,4.556 ,(1.766),4.528 ,(1.728),6.208 ,(1.150),3.722 ,(1.406),,5.885 ,(1.132),5.327 ,(1.465),1.887 ,4.538 ,(1.820),4.192 ,(1.597),5.731 ,(1.374),3.471 ,(1.189),,,
Insects,butterfly,6.283 ,(1.063),6.019 ,(1.248),0.000 ,4.906 ,(1.560),4.792 ,(1.561),6.491 ,(0.869),3.302 ,(1.475),,5.623 ,(1.484),5.717 ,(1.231),0.000 ,4.698 ,(1.624),4.943 ,(1.680),6.094 ,(1.131),2.434 ,(0.991),,,
Insects,caterpillar,5.370 ,(1.784),5.604 ,(1.306),0.000 ,4.296 ,(1.712),3.962 ,(1.629),6.216 ,(1.270),4.056 ,(1.535),,5.509 ,(1.502),5.566 ,(1.435),0.000 ,4.132 ,(1.687),3.604 ,(1.523),6.094 ,(1.148),2.755 ,(1.142),,,
Insects,centipede,4.922 ,(1.730),4.353 ,(1.683),5.556 ,2.980 ,(1.532),4.400 ,(1.552),5.600 ,(1.498),5.039 ,(1.523),,5.566 ,(1.366),5.019 ,(1.448),0.000 ,3.396 ,(1.645),4.314 ,(1.679),5.725 ,(1.201),3.385 ,(0.932),,,
Insects,cicada,4.333 ,(1.883),2.842 ,(1.882),28.302 ,1.947 ,(1.089),3.839 ,(1.715),4.355 ,(1.924),6.946 ,(0.229),,3.333 ,(1.658),3.889 ,(2.147),83.019 ,2.000 ,(1.414),4.833 ,(1.169),4.333 ,(1.751),6.222 ,(1.394),,,
Insects,cleg,5.019 ,(1.578),4.980 ,(1.761),3.774 ,3.255 ,(1.598),4.224 ,(1.585),5.367 ,(1.577),4.941 ,(1.605),,4.455 ,(1.769),4.364 ,(1.765),37.736 ,3.030 ,(1.551),3.964 ,(1.290),4.464 ,(1.598),4.939 ,(1.273),,,
Insects,cockroach,5.346 ,(1.532),3.981 ,(1.799),3.704 ,2.442 ,(1.074),4.000 ,(1.676),5.100 ,(1.729),6.235 ,(1.142),,5.472 ,(1.339),4.849 ,(1.586),0.000 ,3.491 ,(1.625),3.962 ,(1.371),5.269 ,(1.497),4.415 ,(1.420),,,
Insects,crane fly,4.500 ,(2.063),3.425 ,(1.999),25.926 ,2.650 ,(1.703),3.846 ,(1.694),4.579 ,(2.226),6.194 ,(1.431),,4.188 ,(1.925),3.688 ,(1.768),38.462 ,2.613 ,(1.542),3.923 ,(1.383),4.154 ,(1.713),5.387 ,(1.498),,,
Insects,cricket,4.588 ,(1.627),3.400 ,(1.498),5.660 ,2.280 ,(1.070),3.900 ,(1.607),4.540 ,(1.705),5.820 ,(1.366),,4.887 ,(1.695),4.340 ,(1.640),0.000 ,2.925 ,(1.328),4.571 ,(1.369),4.816 ,(1.523),3.980 ,(0.990),,,
Insects,daddy long legs,5.943 ,(1.167),5.750 ,(1.384),0.000 ,4.423 ,(1.649),4.250 ,(1.835),5.904 ,(1.498),3.942 ,(1.378),,6.132 ,(1.038),5.774 ,(1.219),0.000 ,4.925 ,(1.662),3.774 ,(1.409),6.377 ,(0.985),2.736 ,(0.812),,,
Insects,dragonfly,5.460 ,(1.501),4.429 ,(1.696),7.547 ,3.163 ,(1.637),4.531 ,(1.542),5.729 ,(1.410),5.702 ,(1.317),,5.189 ,(1.442),4.717 ,(1.524),0.000 ,3.151 ,(1.364),4.808 ,(1.645),5.212 ,(1.405),3.865 ,(1.085),,,
Insects,earwig,5.673 ,(1.396),5.000 ,(1.697),3.774 ,3.725 ,(1.721),4.098 ,(1.565),5.700 ,(1.581),4.333 ,(1.705),,5.679 ,(1.397),5.094 ,(1.584),0.000 ,3.792 ,(1.780),3.673 ,(1.465),5.212 ,(1.601),3.453 ,(1.170),,,
Insects,firefly,4.400 ,(1.912),2.867 ,(1.342),16.667 ,2.200 ,(1.160),4.025 ,(1.656),4.359 ,(1.784),6.455 ,(0.901),,4.191 ,(1.918),3.170 ,(1.579),11.321 ,2.191 ,(1.116),4.108 ,(1.577),3.838 ,(1.756),4.851 ,(1.268),,,
Insects,flea,5.212 ,(1.613),4.020 ,(1.667),0.000 ,2.647 ,(1.481),3.760 ,(1.721),5.000 ,(1.666),4.627 ,(1.455),,5.558 ,(1.420),4.923 ,(1.607),1.887 ,3.462 ,(1.820),3.520 ,(1.681),5.000 ,(1.604),3.725 ,(1.401),,,
Insects,fly,6.667 ,(0.752),6.389 ,(1.054),0.000 ,5.870 ,(1.275),4.556 ,(1.798),6.519 ,(0.885),2.792 ,(1.150),,6.774 ,(0.640),6.528 ,(1.012),0.000 ,6.302 ,(0.952),3.774 ,(1.948),6.491 ,(0.823),2.231 ,(0.921),,,
Insects,fruit fly,4.200 ,(1.772),3.075 ,(1.542),25.926 ,2.250 ,(1.316),3.444 ,(1.611),4.027 ,(1.863),6.795 ,(0.801),,4.571 ,(1.810),4.095 ,(1.635),20.755 ,2.881 ,(1.517),3.824 ,(1.642),4.618 ,(1.633),5.619 ,(1.324),,,
Insects,gadfly,4.400 ,(1.913),2.294 ,(1.360),35.849 ,1.818 ,(0.808),3.630 ,(1.644),3.679 ,(1.982),6.935 ,(0.359),,3.500 ,(2.121),2.222 ,(1.592),66.038 ,1.778 ,(1.060),3.900 ,(1.663),3.100 ,(1.729),6.056 ,(1.514),,,
Insects,glow worm,4.200 ,(1.984),3.000 ,(1.479),15.385 ,1.909 ,(0.936),3.250 ,(1.676),4.341 ,(1.682),6.114 ,(1.146),,3.500 ,(1.766),3.288 ,(1.741),1.887 ,2.096 ,(1.287),3.526 ,(1.555),4.158 ,(1.882),4.176 ,(1.493),,,
Insects,gnat,5.130 ,(1.708),3.822 ,(1.571),13.462 ,2.867 ,(1.408),3.911 ,(1.411),4.578 ,(1.515),5.773 ,(1.461),,4.349 ,(1.987),3.535 ,(1.579),18.868 ,2.619 ,(1.248),3.667 ,(1.797),3.818 ,(1.793),5.073 ,(1.349),,,
Insects,grasshopper,5.388 ,(1.455),4.188 ,(1.580),7.692 ,2.729 ,(1.005),4.542 ,(1.611),5.167 ,(1.521),5.063 ,(1.375),,5.736 ,(1.179),4.868 ,(1.401),0.000 ,3.509 ,(1.353),4.519 ,(1.627),5.365 ,(1.415),3.736 ,(1.059),,,
Insects,greenfly,5.500 ,(1.698),5.333 ,(1.717),1.923 ,4.471 ,(1.983),3.940 ,(1.789),5.740 ,(1.688),5.920 ,(1.412),,5.327 ,(1.593),4.827 ,(1.757),0.000 ,3.731 ,(1.716),3.837 ,(1.663),5.020 ,(1.610),4.115 ,(1.215),,,
Insects,hornet,4.633 ,(1.867),3.490 ,(1.709),9.259 ,2.265 ,(1.271),3.667 ,(1.548),4.500 ,(1.775),6.313 ,(0.993),,4.543 ,(1.501),4.391 ,(1.453),11.538 ,2.870 ,(1.376),4.045 ,(1.599),4.136 ,(1.720),4.761 ,(1.401),,,
Insects,horsefly,4.843 ,(1.748),3.940 ,(1.544),5.660 ,2.860 ,(1.355),3.735 ,(1.617),4.592 ,(1.719),5.460 ,(1.555),,4.500 ,(1.656),3.786 ,(1.760),20.755 ,2.548 ,(1.194),4.098 ,(1.530),3.780 ,(1.739),4.857 ,(1.181),,,
Insects,hover fly,4.342 ,(2.109),3.333 ,(1.531),29.412 ,2.639 ,(1.313),4.647 ,(1.668),4.676 ,(1.646),6.171 ,(1.272),,4.324 ,(1.718),3.735 ,(1.483),35.849 ,2.559 ,(1.307),3.833 ,(1.289),4.200 ,(1.540),5.029 ,(1.243),,,
Insects,ladybird,5.741 ,(1.291),5.815 ,(1.442),0.000 ,4.333 ,(1.554),3.759 ,(1.504),6.204 ,(1.188),4.302 ,(1.648),,5.962 ,(1.344),5.755 ,(1.239),0.000 ,4.415 ,(1.512),4.057 ,(1.473),6.212 ,(1.109),2.566 ,(0.844),,,
Insects,leech,3.538 ,(2.155),2.961 ,(1.637),3.774 ,1.784 ,(0.966),2.979 ,(1.359),4.638 ,(1.750),6.080 ,(1.353),,3.346 ,(2.066),4.058 ,(1.673),1.887 ,2.577 ,(1.319),2.118 ,(1.275),5.078 ,(1.560),4.569 ,(1.300),,,
Insects,locust,4.961 ,(1.755),3.367 ,(1.728),5.769 ,2.061 ,(1.107),4.208 ,(1.584),4.957 ,(1.793),5.796 ,(1.443),,4.811 ,(1.653),3.962 ,(1.531),0.000 ,2.660 ,(1.329),4.140 ,(1.498),4.380 ,(1.550),4.509 ,(1.203),,,
Insects,louse,4.846 ,(1.851),3.608 ,(1.856),3.774 ,2.220 ,(1.360),3.596 ,(1.690),4.489 ,(1.718),5.396 ,(1.554),,4.681 ,(1.656),4.191 ,(1.702),11.321 ,2.936 ,(1.524),3.650 ,(1.460),4.375 ,(1.779),4.022 ,(1.238),,,
Insects,maggot,4.804 ,(1.876),3.922 ,(1.635),3.774 ,2.314 ,(1.225),2.875 ,(1.645),4.939 ,(1.919),5.460 ,(1.474),,4.358 ,(1.962),4.887 ,(1.565),0.000 ,3.604 ,(1.656),2.151 ,(1.045),5.792 ,(1.392),4.000 ,(1.038),,,
Insects,mantis,4.023 ,(1.886),2.773 ,(1.412),18.519 ,1.909 ,(0.910),4.100 ,(1.516),4.436 ,(1.789),6.825 ,(0.501),,4.371 ,(1.767),3.771 ,(1.516),32.692 ,2.722 ,(1.485),4.688 ,(1.554),4.188 ,(1.615),5.556 ,(1.229),,,
Insects,midge,5.827 ,(1.410),5.885 ,(1.231),0.000 ,5.212 ,(1.696),4.038 ,(1.771),5.538 ,(1.697),4.019 ,(1.515),,5.755 ,(1.453),5.811 ,(1.128),0.000 ,5.132 ,(1.594),3.000 ,(1.578),5.400 ,(1.726),3.321 ,(1.140),,,
Insects,millipede,4.643 ,(1.998),3.732 ,(1.911),21.154 ,2.390 ,(1.358),4.275 ,(1.768),5.450 ,(1.768),5.805 ,(1.504),,4.846 ,(1.731),4.327 ,(1.478),1.887 ,2.692 ,(1.380),4.569 ,(1.652),5.314 ,(1.490),3.804 ,(1.184),,,
Insects,mite,4.375 ,(1.942),3.109 ,(1.552),11.538 ,2.311 ,(1.104),3.651 ,(1.631),4.233 ,(1.850),6.244 ,(1.317),,4.327 ,(1.700),3.712 ,(1.637),1.887 ,2.865 ,(1.534),3.475 ,(1.724),3.875 ,(1.682),4.808 ,(1.344),,,
Insects,mosquito,5.296 ,(1.700),4.241 ,(1.852),0.000 ,2.943 ,(1.473),4.132 ,(1.582),5.075 ,(1.662),6.226 ,(1.103),,5.750 ,(1.169),5.038 ,(1.571),1.887 ,3.673 ,(1.354),4.000 ,(1.604),5.160 ,(1.267),4.600 ,(1.355),,,
Insects,moth,5.808 ,(1.253),5.654 ,(1.494),0.000 ,4.423 ,(1.625),4.038 ,(1.620),5.962 ,(1.441),4.135 ,(1.482),,5.491 ,(1.409),5.528 ,(1.367),0.000 ,4.547 ,(1.771),3.434 ,(1.461),5.453 ,(1.435),3.547 ,(1.102),,,
Insects,scorpion,4.333 ,(1.946),3.200 ,(1.616),3.846 ,2.400 ,(1.400),4.469 ,(1.569),5.102 ,(1.771),6.265 ,(1.016),,3.981 ,(2.014),4.868 ,(1.732),0.000 ,2.962 ,(1.441),4.547 ,(1.309),5.340 ,(1.454),4.264 ,(1.129),,,
Insects,silverfish,3.606 ,(2.164),3.265 ,(2.093),35.849 ,2.206 ,(1.452),3.100 ,(1.788),4.484 ,(2.047),6.656 ,(1.004),,3.625 ,(1.837),3.583 ,(1.909),54.717 ,2.583 ,(1.692),4.421 ,(1.539),4.105 ,(1.969),5.773 ,(1.445),,,
Insects,slater,4.953 ,(1.731),5.047 ,(1.704),17.308 ,4.186 ,(1.790),3.976 ,(1.600),5.829 ,(1.611),5.439 ,(1.659),,5.419 ,(1.592),5.093 ,(1.616),18.868 ,3.930 ,(1.831),3.500 ,(1.311),5.500 ,(1.743),4.279 ,(1.681),,,
Insects,slug,4.907 ,(2.243),5.352 ,(1.814),0.000 ,4.870 ,(1.991),3.185 ,(1.591),5.870 ,(1.480),4.852 ,(1.709),,4.453 ,(2.153),5.434 ,(1.421),0.000 ,4.434 ,(1.380),2.189 ,(1.194),6.283 ,(0.885),2.623 ,(0.945),,,
Insects,snail,4.442 ,(2.253),5.453 ,(1.488),0.000 ,4.389 ,(1.764),3.926 ,(1.465),6.074 ,(1.372),4.185 ,(1.672),,4.528 ,(2.180),5.623 ,(1.180),0.000 ,4.377 ,(1.259),3.528 ,(1.203),6.264 ,(0.902),2.509 ,(0.869),,,
Insects,spider,6.352 ,(1.168),6.204 ,(1.105),0.000 ,5.259 ,(1.662),4.593 ,(1.620),6.556 ,(0.883),3.481 ,(1.384),,6.302 ,(1.539),6.491 ,(0.912),0.000 ,5.906 ,(1.114),4.075 ,(1.785),6.491 ,(0.800),2.094 ,(0.904),,,
Insects,stick insect,4.217 ,(1.908),3.326 ,(1.700),13.208 ,2.065 ,(0.904),4.091 ,(1.696),4.952 ,(1.847),6.558 ,(1.031),,5.346 ,(1.655),4.654 ,(1.520),1.887 ,3.058 ,(1.539),3.706 ,(1.390),5.373 ,(1.356),4.077 ,(1.118),,,
Insects,tarantula,4.673 ,(1.796),3.388 ,(1.552),7.547 ,2.265 ,(1.095),4.306 ,(1.446),5.000 ,(1.683),6.766 ,(0.520),,4.547 ,(2.081),4.925 ,(1.639),0.000 ,3.264 ,(1.700),4.264 ,(1.361),5.755 ,(1.466),4.019 ,(1.083),,,
Insects,termite,4.245 ,(1.931),3.250 ,(1.631),9.434 ,2.167 ,(1.098),3.467 ,(1.590),4.133 ,(1.632),6.702 ,(0.689),,4.612 ,(1.945),3.816 ,(1.642),7.547 ,2.694 ,(1.544),3.579 ,(1.407),3.737 ,(1.688),4.755 ,(1.548),,,
Insects,tick,4.400 ,(1.666),3.286 ,(1.472),7.547 ,2.265 ,(1.076),3.022 ,(1.485),4.152 ,(1.977),6.085 ,(1.396),,4.612 ,(1.681),4.245 ,(1.809),7.547 ,3.122 ,(1.628),3.089 ,(1.703),4.289 ,(1.961),4.896 ,(1.561),,,
Insects,tsetse fly,4.063 ,(1.906),2.936 ,(1.566),7.843 ,2.000 ,(0.978),3.933 ,(1.514),3.933 ,(1.827),6.587 ,(0.933),,4.136 ,(1.781),3.318 ,(1.359),58.491 ,1.909 ,(1.019),4.000 ,(1.275),3.353 ,(1.412),6.591 ,(0.908),,,
Insects,wasp,6.370 ,(0.896),6.093 ,(1.154),0.000 ,4.944 ,(1.687),4.537 ,(1.599),6.352 ,(1.012),3.444 ,(1.327),,6.489 ,(0.882),6.375 ,(0.937),0.000 ,5.417 ,(1.442),4.000 ,(1.663),6.375 ,(0.937),2.563 ,(0.965),,,
Insects,water boatman,3.857 ,(1.900),2.821 ,(1.722),48.148 ,2.107 ,(0.956),3.833 ,(1.494),4.083 ,(2.083),6.360 ,(1.150),,4.206 ,(1.887),3.912 ,(1.815),35.849 ,2.382 ,(1.415),4.103 ,(1.496),4.241 ,(1.704),4.758 ,(1.437),,,
Insects,weevil,4.255 ,(1.811),3.130 ,(1.586),9.804 ,1.957 ,(0.868),3.317 ,(1.350),4.317 ,(1.795),6.739 ,(0.575),,3.500 ,(1.575),2.571 ,(1.103),47.170 ,1.893 ,(1.031),3.294 ,(1.312),3.412 ,(1.278),5.655 ,(1.421),,,
Insects,woodlouse,4.625 ,(1.898),3.766 ,(2.199),11.321 ,3.064 ,(2.141),3.205 ,(1.472),4.674 ,(1.769),5.766 ,(1.735),,5.510 ,(1.419),4.843 ,(1.771),3.774 ,3.667 ,(1.740),3.625 ,(1.511),5.271 ,(1.608),3.961 ,(1.414),,,
Insects,worm,5.222 ,(2.271),6.204 ,(1.203),0.000 ,5.352 ,(1.761),2.907 ,(1.708),6.426 ,(1.143),2.907 ,(1.263),,4.717 ,(2.299),6.000 ,(1.144),0.000 ,4.811 ,(1.520),2.000 ,(1.301),6.453 ,(0.889),2.208 ,(0.885),,,
Trees,ash,5.698 ,(1.501),4.830 ,(1.816),0.000 ,4.308 ,(2.034),4.170 ,(1.541),5.404 ,(1.774),5.547 ,(1.408),,5.566 ,(1.394),4.623 ,(1.584),0.000 ,3.792 ,(1.621),3.776 ,(1.558),5.245 ,(1.437),4.226 ,(1.250),,,
Trees,birch,6.192 ,(1.121),5.558 ,(1.673),3.704 ,5.059 ,(1.881),4.308 ,(1.639),5.882 ,(1.545),5.059 ,(1.605),,5.717 ,(1.292),4.736 ,(1.654),0.000 ,4.113 ,(1.660),4.098 ,(1.487),4.824 ,(1.633),4.157 ,(1.065),,,
Trees,elm,6.235 ,(1.124),5.020 ,(1.679),1.923 ,4.200 ,(1.761),4.353 ,(1.573),5.471 ,(1.629),5.118 ,(1.465),,5.472 ,(1.539),4.358 ,(1.642),0.000 ,3.755 ,(1.651),4.163 ,(1.405),4.592 ,(1.580),4.340 ,(1.176),,,
Trees,maple,5.314 ,(1.568),4.451 ,(1.653),3.774 ,3.529 ,(1.826),4.137 ,(1.637),5.490 ,(1.701),6.353 ,(0.955),,5.137 ,(1.562),4.294 ,(1.404),3.774 ,3.020 ,(1.304),3.913 ,(1.518),4.978 ,(1.468),4.706 ,(1.205),,,
Trees,oak,6.491 ,(0.891),5.717 ,(1.406),0.000 ,5.151 ,(1.586),4.377 ,(1.547),6.154 ,(1.406),4.346 ,(1.520),,6.604 ,(0.743),5.774 ,(1.281),0.000 ,5.094 ,(1.390),4.000 ,(1.584),6.096 ,(0.995),3.321 ,(1.034),,,
Trees,palm,5.296 ,(1.656),4.981 ,(1.596),0.000 ,3.333 ,(1.441),3.741 ,(1.443),6.093 ,(1.292),5.075 ,(1.530),,4.925 ,(1.579),5.151 ,(1.336),0.000 ,3.472 ,(1.539),3.792 ,(1.276),6.019 ,(1.047),3.717 ,(0.988),,,
Trees,pine,6.434 ,(0.821),5.755 ,(1.413),0.000 ,5.302 ,(1.750),4.231 ,(1.616),6.340 ,(1.176),4.830 ,(1.590),,6.113 ,(1.103),5.660 ,(1.386),0.000 ,4.981 ,(1.538),4.058 ,(1.602),5.904 ,(1.302),3.642 ,(1.094),,,
Trees,poplar,4.900 ,(2.150),5.000 ,(1.552),7.407 ,3.880 ,(1.560),3.800 ,(1.309),5.740 ,(1.352),5.816 ,(1.364),,4.143 ,(1.896),3.829 ,(1.636),33.962 ,2.857 ,(1.458),3.846 ,(1.347),4.077 ,(1.468),5.324 ,(1.173),,,
Trees,sapling,5.415 ,(1.646),5.000 ,(1.581),0.000 ,4.264 ,(1.799),3.308 ,(1.422),5.942 ,(1.305),5.660 ,(1.358),,4.000 ,(1.979),4.521 ,(1.557),9.434 ,3.292 ,(1.515),3.277 ,(1.210),5.021 ,(1.553),4.875 ,(1.282),,,
Trees,spruce,5.906 ,(1.131),4.925 ,(1.615),1.852 ,4.208 ,(1.895),4.019 ,(1.421),5.519 ,(1.578),6.038 ,(1.357),,5.060 ,(1.490),4.240 ,(1.721),5.660 ,3.560 ,(1.541),3.727 ,(1.283),4.756 ,(1.626),4.940 ,(1.268),,,
Trees,willow,5.944 ,(1.188),5.241 ,(1.648),0.000 ,4.148 ,(1.917),4.111 ,(1.550),6.037 ,(1.197),5.463 ,(1.538),,5.415 ,(1.499),5.000 ,(1.454),0.000 ,3.887 ,(1.410),4.078 ,(1.635),5.510 ,(1.461),3.981 ,(1.152),,,
Vegetables,artichoke,4.358 ,(1.582),3.698 ,(1.705),1.852 ,2.849 ,(1.231),3.673 ,(1.478),4.925 ,(1.708),6.692 ,(0.781),,3.765 ,(1.762),3.569 ,(1.526),3.774 ,2.451 ,(1.205),3.238 ,(1.605),4.310 ,(1.774),5.314 ,(1.257),,,
Vegetables,asparagus,5.074 ,(1.564),4.556 ,(1.870),0.000 ,3.963 ,(1.883),3.407 ,(1.548),5.574 ,(1.621),6.611 ,(0.960),,4.490 ,(1.771),4.510 ,(1.690),3.774 ,3.314 ,(1.319),3.469 ,(1.501),5.143 ,(1.708),5.431 ,(1.315),,,
Vegetables,aubergine,4.830 ,(1.626),4.245 ,(1.742),1.852 ,3.491 ,(1.938),3.000 ,(1.698),5.340 ,(1.675),6.962 ,(0.192),,4.404 ,(1.636),4.442 ,(1.626),1.887 ,3.769 ,(1.664),2.469 ,(1.101),5.429 ,(1.429),5.577 ,(1.144),,,
Vegetables,bean,6.093 ,(1.307),6.093 ,(1.377),0.000 ,5.796 ,(1.351),2.759 ,(1.873),6.259 ,(1.306),3.611 ,(1.535),,5.340 ,(1.652),6.038 ,(1.143),0.000 ,5.755 ,(1.239),2.019 ,(1.380),6.113 ,(1.340),2.679 ,(1.015),,,
Vegetables,bean sprout,4.373 ,(1.743),4.220 ,(1.810),5.660 ,3.314 ,(1.655),2.959 ,(1.607),5.163 ,(1.724),6.860 ,(0.639),,4.538 ,(1.709),5.231 ,(1.503),1.887 ,4.269 ,(1.705),2.510 ,(1.461),5.667 ,(1.424),4.904 ,(1.550),,,
Vegetables,beetroot,5.962 ,(1.224),6.094 ,(1.097),0.000 ,5.404 ,(1.376),2.808 ,(1.534),6.365 ,(1.155),4.113 ,(1.450),,4.596 ,(1.624),5.231 ,(1.554),0.000 ,4.519 ,(1.777),2.442 ,(1.092),5.731 ,(1.359),3.654 ,(1.118),,,
Vegetables,broad bean,5.667 ,(1.332),5.453 ,(1.501),0.000 ,4.396 ,(1.843),2.585 ,(1.512),6.038 ,(1.300),5.415 ,(1.634),,4.765 ,(1.620),4.392 ,(1.550),3.774 ,3.480 ,(1.403),2.460 ,(1.182),5.180 ,(1.587),4.392 ,(1.343),,,
Vegetables,broccoli,5.868 ,(1.194),5.981 ,(1.232),0.000 ,5.509 ,(1.527),4.189 ,(1.722),6.358 ,(1.128),6.623 ,(0.925),,6.000 ,(1.019),6.038 ,(0.980),0.000 ,5.585 ,(1.406),3.679 ,(1.491),6.283 ,(0.948),3.868 ,(1.316),,,
Vegetables,butter bean,5.377 ,(1.522),5.396 ,(1.391),1.852 ,4.288 ,(1.707),2.547 ,(1.576),6.154 ,(1.243),4.712 ,(1.304),,3.740 ,(1.861),4.580 ,(1.751),5.660 ,3.400 ,(1.738),1.936 ,(1.092),5.340 ,(1.578),4.780 ,(1.645),,,
Vegetables,cabbage,6.574 ,(0.815),6.537 ,(0.840),0.000 ,6.185 ,(1.117),3.944 ,(1.816),6.472 ,(0.973),3.426 ,(1.283),,6.208 ,(1.044),5.811 ,(1.194),0.000 ,5.189 ,(1.287),2.811 ,(1.345),6.096 ,(1.142),3.096 ,(0.995),,,
Vegetables,carrot,6.868 ,(0.440),6.736 ,(0.763),0.000 ,6.660 ,(0.854),2.604 ,(1.633),6.660 ,(1.037),3.000 ,(1.330),,6.755 ,(0.677),6.623 ,(0.860),0.000 ,6.453 ,(0.911),2.075 ,(1.107),6.736 ,(0.593),2.321 ,(1.015),,,
Vegetables,cauliflower,6.462 ,(0.917),6.481 ,(0.939),0.000 ,5.981 ,(1.260),4.212 ,(1.601),6.615 ,(0.796),4.255 ,(1.683),,6.094 ,(1.061),5.925 ,(1.328),0.000 ,5.340 ,(1.386),3.547 ,(1.449),6.377 ,(0.814),3.189 ,(1.075),,,
Vegetables,celery,5.321 ,(1.451),5.491 ,(1.577),0.000 ,4.885 ,(1.734),3.321 ,(1.650),6.208 ,(1.199),5.283 ,(1.680),,5.019 ,(1.647),5.302 ,(1.462),0.000 ,4.660 ,(1.329),2.604 ,(1.364),5.887 ,(1.235),3.925 ,(1.207),,,
Vegetables,corn,5.056 ,(1.535),4.963 ,(1.648),0.000 ,4.722 ,(1.774),3.444 ,(1.550),6.189 ,(1.093),6.296 ,(1.436),,5.226 ,(1.527),5.887 ,(1.171),0.000 ,5.453 ,(1.514),2.189 ,(1.316),6.327 ,(0.964),3.264 ,(1.347),,,
Vegetables,courgette,5.135 ,(1.482),5.038 ,(1.703),0.000 ,4.423 ,(1.696),2.827 ,(1.556),6.115 ,(1.215),6.904 ,(0.569),,5.255 ,(1.560),5.608 ,(1.401),3.774 ,4.902 ,(1.603),2.314 ,(1.225),5.902 ,(1.300),4.784 ,(1.540),,,
Vegetables,cucumber,5.722 ,(1.250),6.037 ,(1.331),0.000 ,5.593 ,(1.620),2.870 ,(1.823),6.642 ,(0.682),5.000 ,(1.637),,5.887 ,(1.325),6.132 ,(1.001),0.000 ,5.717 ,(1.262),2.226 ,(1.250),6.472 ,(0.868),3.245 ,(1.054),,,
Vegetables,garlic,4.717 ,(1.536),4.865 ,(1.879),0.000 ,4.423 ,(2.023),3.212 ,(1.649),5.654 ,(1.467),6.792 ,(0.689),,3.736 ,(1.734),5.717 ,(1.378),0.000 ,5.472 ,(1.395),2.774 ,(1.296),6.113 ,(1.155),4.623 ,(1.259),,,
Vegetables,gherkin,4.404 ,(1.860),4.250 ,(1.736),3.704 ,3.038 ,(1.546),2.765 ,(1.408),5.431 ,(1.616),6.560 ,(0.861),,3.580 ,(1.472),4.620 ,(1.627),1.961 ,3.800 ,(1.738),2.600 ,(1.088),5.306 ,(1.623),5.080 ,(1.275),,,
Vegetables,gourd,2.622 ,(1.534),3.200 ,(1.812),30.000 ,2.286 ,(1.178),2.794 ,(1.343),4.676 ,(1.934),6.647 ,(1.012),,1.556 ,(0.726),2.444 ,(1.509),83.019 ,2.111 ,(1.537),2.857 ,(1.069),3.250 ,(1.832),6.400 ,(0.966),,,
Vegetables,green bean,5.944 ,(1.323),5.574 ,(1.597),0.000 ,4.944 ,(1.956),2.852 ,(1.753),6.333 ,(0.971),5.519 ,(1.634),,5.547 ,(1.353),5.283 ,(1.406),0.000 ,4.358 ,(1.570),2.245 ,(1.108),5.868 ,(1.241),3.792 ,(1.246),,,
Vegetables,haricot bean,5.434 ,(1.487),5.377 ,(1.620),0.000 ,4.057 ,(1.669),2.623 ,(1.667),5.962 ,(1.270),4.769 ,(1.567),,4.044 ,(1.942),3.756 ,(1.811),15.094 ,3.000 ,(1.508),2.000 ,(0.922),4.317 ,(1.809),5.489 ,(1.471),,,
Vegetables,kidney bean,5.245 ,(1.453),5.094 ,(1.560),1.852 ,4.264 ,(1.831),2.491 ,(1.280),5.887 ,(1.437),6.094 ,(1.535),,3.679 ,(1.816),5.038 ,(1.698),0.000 ,4.264 ,(1.893),1.792 ,(0.743),5.887 ,(1.382),4.736 ,(1.534),,,
Vegetables,leek,6.407 ,(1.019),6.500 ,(1.023),0.000 ,6.056 ,(1.338),3.000 ,(1.791),6.654 ,(0.837),4.075 ,(1.603),,5.868 ,(1.144),5.811 ,(1.287),0.000 ,4.981 ,(1.575),2.528 ,(1.170),6.113 ,(0.993),3.528 ,(1.120),,,
Vegetables,lettuce,6.472 ,(0.890),6.566 ,(0.910),0.000 ,6.019 ,(1.293),3.925 ,(1.662),6.623 ,(0.904),3.769 ,(1.477),,5.736 ,(1.456),6.151 ,(1.116),0.000 ,5.925 ,(1.284),3.057 ,(1.460),6.340 ,(0.960),2.943 ,(0.929),,,
Vegetables,marrow,4.923 ,(1.557),4.327 ,(1.677),1.887 ,3.189 ,(1.302),2.679 ,(1.384),5.827 ,(1.424),5.887 ,(1.450),,4.269 ,(1.693),3.981 ,(1.578),1.887 ,2.962 ,(1.357),2.725 ,(1.343),4.843 ,(1.690),4.673 ,(1.167),,,
Vegetables,mushroom,5.722 ,(1.420),6.222 ,(1.298),0.000 ,5.796 ,(1.509),3.444 ,(1.734),6.509 ,(0.973),5.528 ,(1.601),,5.415 ,(1.748),6.340 ,(1.018),0.000 ,6.075 ,(1.207),2.642 ,(1.178),6.528 ,(0.868),3.075 ,(1.174),,,
Vegetables,onion,6.679 ,(0.644),6.585 ,(0.770),0.000 ,6.283 ,(1.133),3.346 ,(1.969),6.519 ,(1.000),3.404 ,(1.404),,6.132 ,(1.177),6.340 ,(0.919),0.000 ,6.340 ,(0.758),2.698 ,(1.280),6.528 ,(0.799),3.057 ,(0.949),,,
Vegetables,parsnip,5.731 ,(1.416),5.519 ,(1.527),0.000 ,4.923 ,(1.747),2.846 ,(1.552),6.154 ,(1.258),5.596 ,(1.459),,5.189 ,(1.455),5.302 ,(1.381),0.000 ,4.283 ,(1.536),2.434 ,(1.118),5.623 ,(1.362),4.528 ,(1.324),,,
Vegetables,pea,6.407 ,(1.019),6.611 ,(0.998),0.000 ,6.185 ,(1.199),2.519 ,(1.778),6.648 ,(0.872),3.132 ,(1.316),,6.396 ,(0.968),6.585 ,(0.719),0.000 ,6.226 ,(0.974),1.585 ,(1.200),6.660 ,(0.807),2.173 ,(0.857),,,
Vegetables,pepper,5.135 ,(1.534),5.519 ,(1.435),1.887 ,5.216 ,(1.376),2.981 ,(1.553),6.115 ,(1.293),6.462 ,(1.379),,5.302 ,(1.682),6.057 ,(1.027),0.000 ,6.038 ,(1.055),3.019 ,(1.352),6.340 ,(0.960),4.192 ,(1.329),,,
Vegetables,potato,6.962 ,(0.192),6.830 ,(0.643),0.000 ,6.887 ,(0.423),2.434 ,(1.946),6.846 ,(0.638),2.547 ,(1.066),,6.755 ,(0.757),6.792 ,(0.631),0.000 ,6.755 ,(0.585),1.906 ,(1.290),6.755 ,(0.705),2.151 ,(0.794),,,
Vegetables,radish,4.868 ,(1.582),4.943 ,(1.657),0.000 ,3.648 ,(1.824),2.611 ,(1.497),5.907 ,(1.404),5.407 ,(1.631),,4.321 ,(1.578),4.547 ,(1.564),0.000 ,3.245 ,(1.413),2.491 ,(1.250),5.434 ,(1.487),4.170 ,(1.252),,,
Vegetables,runner bean,5.830 ,(1.397),5.321 ,(1.626),0.000 ,4.396 ,(1.955),3.038 ,(1.640),5.923 ,(1.281),5.462 ,(1.697),,4.922 ,(1.742),4.922 ,(1.623),3.774 ,3.863 ,(1.414),2.447 ,(1.080),5.255 ,(1.375),3.882 ,(1.306),,,
Vegetables,soya bean,4.451 ,(1.604),3.460 ,(1.798),5.660 ,2.920 ,(1.652),2.490 ,(1.293),4.061 ,(1.875),6.860 ,(0.535),,3.673 ,(1.948),4.115 ,(1.700),1.887 ,2.981 ,(1.578),2.053 ,(1.335),4.553 ,(1.735),5.577 ,(1.242),,,
Vegetables,spinach,5.154 ,(1.500),4.692 ,(1.579),1.887 ,3.745 ,(1.753),2.981 ,(1.475),5.423 ,(1.649),5.654 ,(1.607),,4.667 ,(1.465),5.059 ,(1.690),0.000 ,4.020 ,(1.794),2.800 ,(1.294),5.180 ,(1.637),3.627 ,(1.296),,,
Vegetables,spring onion,5.833 ,(1.314),5.778 ,(1.525),0.000 ,4.963 ,(1.748),3.135 ,(1.609),6.170 ,(1.236),5.130 ,(1.637),,5.132 ,(1.557),5.679 ,(1.425),0.000 ,4.925 ,(1.517),2.635 ,(1.268),6.077 ,(1.234),4.245 ,(1.385),,,
Vegetables,sprout,6.444 ,(0.925),6.426 ,(0.903),0.000 ,5.630 ,(1.470),3.537 ,(1.610),6.537 ,(1.059),4.167 ,(1.611),,5.679 ,(1.237),5.528 ,(1.310),0.000 ,4.302 ,(1.694),2.358 ,(1.226),6.189 ,(1.093),3.288 ,(1.016),,,
Vegetables,swede,6.340 ,(0.898),6.226 ,(1.068),1.852 ,5.302 ,(1.636),3.057 ,(1.791),6.346 ,(1.186),4.404 ,(1.600),,4.913 ,(1.644),4.957 ,(1.445),13.208 ,3.652 ,(1.581),2.227 ,(0.912),5.136 ,(1.665),4.435 ,(1.276),,,
Vegetables,turnip,6.630 ,(0.808),6.519 ,(0.885),0.000 ,5.906 ,(1.181),2.815 ,(1.442),6.529 ,(0.924),3.385 ,(1.331),,5.830 ,(1.236),5.585 ,(1.307),0.000 ,4.736 ,(1.416),2.340 ,(1.159),6.170 ,(0.955),3.208 ,(1.215),,,
Vegetables,yam,4.255 ,(1.811),3.426 ,(1.908),11.321 ,2.489 ,(1.381),2.651 ,(1.429),4.674 ,(2.009),6.907 ,(0.366),,3.433 ,(1.942),3.467 ,(1.961),42.308 ,2.167 ,(1.177),2.238 ,(1.044),4.095 ,(1.670),6.233 ,(1.251),,,
Clothes,anorak,6.278 ,(1.106),6.426 ,(0.860),0.000 ,6.148 ,(1.139),3.833 ,(1.645),6.593 ,(0.858),6.642 ,(0.942),,6.000 ,(1.225),6.038 ,(1.208),0.000 ,5.642 ,(1.442),3.038 ,(1.315),6.208 ,(1.063),2.585 ,(0.929),,,
Clothes,apron,5.686 ,(1.594),6.353 ,(1.163),0.000 ,5.615 ,(1.751),2.692 ,(1.639),6.615 ,(0.867),3.481 ,(1.721),,3.396 ,(1.725),5.396 ,(1.378),0.000 ,3.943 ,(1.692),2.340 ,(1.143),6.075 ,(1.053),3.038 ,(1.037),,,
Clothes,balaclava,4.611 ,(1.816),5.537 ,(1.501),0.000 ,3.296 ,(1.513),2.704 ,(1.423),6.259 ,(1.306),5.407 ,(1.296),,3.774 ,(1.772),5.113 ,(1.368),0.000 ,3.057 ,(1.610),2.170 ,(0.935),6.132 ,(1.057),3.404 ,(1.071),,,
Clothes,ball dress,4.608 ,(1.779),4.804 ,(1.649),0.000 ,3.000 ,(1.442),4.392 ,(1.698),6.314 ,(1.104),5.529 ,(1.433),,3.906 ,(1.842),4.962 ,(1.400),0.000 ,3.358 ,(1.558),4.170 ,(1.438),5.830 ,(1.312),4.189 ,(1.653),,,
Clothes,bathrobe,5.231 ,(1.542),5.865 ,(1.314),0.000 ,5.404 ,(1.575),2.885 ,(1.437),6.308 ,(1.213),6.038 ,(1.252),,4.509 ,(1.577),5.830 ,(1.252),0.000 ,5.642 ,(1.594),2.679 ,(1.088),6.245 ,(1.108),3.269 ,(1.105),,,
Clothes,belt,5.556 ,(1.734),6.463 ,(0.884),0.000 ,6.204 ,(1.250),2.717 ,(1.747),6.698 ,(0.774),3.519 ,(1.397),,4.673 ,(1.833),6.327 ,(1.043),0.000 ,6.346 ,(1.046),2.192 ,(1.314),6.558 ,(0.698),2.692 ,(0.940),,,
Clothes,beret,4.926 ,(1.736),5.741 ,(1.443),0.000 ,4.074 ,(2.036),2.481 ,(1.587),6.537 ,(0.884),3.907 ,(1.508),,3.269 ,(1.773),4.846 ,(1.626),1.887 ,3.288 ,(1.525),2.135 ,(1.085),6.135 ,(1.085),4.135 ,(1.121),,,
Clothes,bikini,5.019 ,(1.631),5.315 ,(1.746),0.000 ,3.907 ,(1.533),2.722 ,(1.595),6.352 ,(1.031),6.944 ,(0.302),,4.528 ,(1.648),5.604 ,(1.198),0.000 ,4.208 ,(1.714),2.509 ,(1.234),6.245 ,(0.918),3.528 ,(1.353),,,
Clothes,blazer,6.333 ,(0.931),6.510 ,(0.784),0.000 ,5.490 ,(1.528),3.706 ,(1.735),6.471 ,(0.987),4.196 ,(1.357),,5.000 ,(1.559),5.577 ,(1.289),0.000 ,4.481 ,(1.842),3.077 ,(1.234),6.038 ,(1.188),3.192 ,(1.237),,,
Clothes,bloomers,4.596 ,(2.022),4.673 ,(1.876),3.704 ,2.538 ,(1.379),2.843 ,(1.541),5.750 ,(1.467),4.865 ,(1.961),,3.122 ,(1.691),3.640 ,(1.849),5.660 ,2.320 ,(1.362),2.714 ,(1.137),4.918 ,(1.656),4.660 ,(1.364),,,
Clothes,blouse,6.566 ,(0.821),6.415 ,(1.134),0.000 ,6.151 ,(1.511),3.698 ,(1.835),6.547 ,(0.889),3.679 ,(1.478),,6.038 ,(0.980),5.868 ,(1.241),0.000 ,5.528 ,(1.475),2.942 ,(1.211),6.308 ,(1.039),3.173 ,(1.200),,,
Clothes,body warmer,4.827 ,(1.654),4.635 ,(1.783),0.000 ,3.519 ,(1.831),2.784 ,(1.331),5.686 ,(1.378),6.712 ,(1.073),,4.774 ,(1.772),5.135 ,(1.657),0.000 ,4.192 ,(1.991),2.660 ,(1.159),5.736 ,(1.483),3.943 ,(1.433),,,
Clothes,boot,6.148 ,(1.406),6.500 ,(0.863),0.000 ,6.000 ,(1.244),3.630 ,(1.719),6.736 ,(0.560),3.170 ,(1.383),,4.906 ,(2.003),6.358 ,(0.879),0.000 ,6.415 ,(0.929),3.151 ,(1.537),6.547 ,(0.845),2.547 ,(1.084),,,
Clothes,bow tie,4.596 ,(1.636),5.038 ,(1.633),0.000 ,3.654 ,(1.426),2.885 ,(1.423),6.385 ,(0.993),5.827 ,(1.491),,4.057 ,(1.680),5.245 ,(1.555),0.000 ,3.585 ,(1.681),2.585 ,(1.167),6.302 ,(0.992),3.698 ,(1.011),,,
Clothes,boxer shorts,5.377 ,(1.417),5.170 ,(1.528),1.852 ,4.226 ,(1.846),2.774 ,(1.368),6.231 ,(1.059),6.906 ,(0.405),,5.472 ,(1.514),5.830 ,(1.369),0.000 ,5.528 ,(1.514),2.321 ,(1.237),6.208 ,(1.081),4.604 ,(1.405),,,
Clothes,braces,4.741 ,(1.673),5.611 ,(1.446),0.000 ,3.759 ,(1.883),2.852 ,(1.393),6.370 ,(1.015),3.667 ,(1.554),,3.189 ,(1.688),4.585 ,(1.622),0.000 ,2.906 ,(1.275),2.245 ,(1.036),5.585 ,(1.550),3.585 ,(1.082),,,
Clothes,brassiere,6.264 ,(1.041),6.132 ,(1.442),0.000 ,5.849 ,(1.844),3.642 ,(1.558),6.604 ,(0.743),6.208 ,(1.291),,5.404 ,(1.472),5.981 ,(1.350),0.000 ,5.692 ,(1.615),3.538 ,(1.514),6.288 ,(1.126),4.115 ,(1.278),,,
Clothes,briefs,6.212 ,(1.073),6.115 ,(1.293),0.000 ,6.058 ,(1.406),3.115 ,(1.700),6.385 ,(0.993),5.769 ,(1.767),,5.192 ,(1.585),5.962 ,(1.441),0.000 ,5.558 ,(1.934),2.269 ,(1.254),6.346 ,(1.186),3.500 ,(1.721),,,
Clothes,cagoule,5.302 ,(1.409),5.528 ,(1.324),1.852 ,4.358 ,(1.582),3.377 ,(1.390),5.962 ,(1.344),7.000 ,0.000 ,,4.942 ,(1.626),5.481 ,(1.321),1.887 ,4.750 ,(1.655),2.788 ,(1.362),5.942 ,(1.227),3.212 ,(1.348),,,
Clothes,cap,5.926 ,(1.330),6.333 ,(0.847),0.000 ,5.130 ,(1.760),2.963 ,(1.578),6.556 ,(0.861),3.340 ,(1.413),,5.208 ,(1.446),6.000 ,(1.038),0.000 ,5.528 ,(1.449),2.377 ,(1.130),6.509 ,(0.724),3.038 ,(1.192),,,
Clothes,cape,4.352 ,(1.885),4.833 ,(1.680),0.000 ,2.704 ,(1.110),2.500 ,(1.270),6.111 ,(1.327),4.796 ,(1.547),,3.264 ,(1.654),4.358 ,(1.469),0.000 ,2.755 ,(1.285),1.981 ,(0.888),5.528 ,(1.353),3.981 ,(1.278),,,
Clothes,cardigan,6.296 ,(1.002),6.500 ,(0.906),0.000 ,6.056 ,(1.379),3.509 ,(1.836),6.604 ,(0.817),3.667 ,(1.759),,6.170 ,(0.995),6.226 ,(1.171),0.000 ,5.585 ,(1.512),2.887 ,(1.281),6.566 ,(0.721),2.736 ,(1.077),,,
Clothes,chemise,4.346 ,(1.835),4.327 ,(1.642),3.704 ,2.731 ,(1.693),2.510 ,(1.223),5.115 ,(1.711),5.529 ,(1.943),,3.769 ,(2.058),3.950 ,(1.811),24.528 ,3.025 ,(1.747),2.865 ,(1.206),4.622 ,(1.963),5.925 ,(1.185),,,
Clothes,cloak,4.453 ,(1.782),4.736 ,(1.734),0.000 ,2.846 ,(1.334),2.623 ,(1.417),6.264 ,(1.129),4.925 ,(1.615),,4.208 ,(1.769),4.717 ,(1.622),0.000 ,3.132 ,(1.507),2.170 ,(1.069),5.698 ,(1.310),3.528 ,(1.137),,,
Clothes,clog,3.849 ,(2.042),4.925 ,(1.741),1.852 ,2.509 ,(1.382),2.846 ,(1.513),6.151 ,(1.364),4.547 ,(1.501),,2.887 ,(1.898),4.453 ,(1.693),0.000 ,2.923 ,(1.702),2.623 ,(1.180),5.906 ,(1.148),3.868 ,(1.210),,,
Clothes,coat,6.833 ,(0.423),6.704 ,(0.768),0.000 ,6.556 ,(0.965),3.926 ,(1.831),6.808 ,(0.561),2.370 ,(1.121),,6.755 ,(0.515),6.623 ,(0.765),0.000 ,6.698 ,(0.607),2.887 ,(1.325),6.717 ,(0.632),1.906 ,(0.741),,,
Clothes,corduroys,5.593 ,(1.421),5.833 ,(1.240),0.000 ,4.722 ,(1.618),3.019 ,(1.486),6.389 ,(0.940),6.111 ,(1.436),,4.981 ,(1.615),5.481 ,(1.462),1.887 ,4.558 ,(1.809),2.654 ,(1.153),6.038 ,(1.102),3.712 ,(1.242),,,
Clothes,corset,4.407 ,(1.743),4.574 ,(1.987),0.000 ,2.833 ,(1.668),3.667 ,(1.578),6.019 ,(1.236),5.074 ,(1.882),,3.189 ,(1.777),3.962 ,(1.786),0.000 ,2.585 ,(1.420),3.827 ,(1.294),5.038 ,(1.468),5.075 ,(1.253),,,
Clothes,culottes,4.412 ,(1.627),4.529 ,(1.770),3.774 ,3.078 ,(1.481),3.020 ,(1.317),5.700 ,(1.581),6.860 ,(0.606),,4.064 ,(1.927),4.660 ,(1.845),11.321 ,2.766 ,(1.255),2.711 ,(1.036),5.867 ,(1.179),4.723 ,(1.570),,,
Clothes,dinner jacket,5.222 ,(1.598),5.444 ,(1.550),0.000 ,3.722 ,(1.630),3.407 ,(1.421),6.019 ,(1.251),6.111 ,(1.410),,4.623 ,(1.655),5.189 ,(1.545),0.000 ,3.717 ,(1.610),3.094 ,(1.197),5.925 ,(1.071),4.679 ,(1.465),,,
Clothes,dress,6.759 ,(0.699),6.463 ,(1.299),0.000 ,6.370 ,(1.350),3.963 ,(1.832),6.604 ,(0.768),2.963 ,(1.648),,6.679 ,(0.673),6.340 ,(1.018),0.000 ,6.135 ,(1.253),2.962 ,(1.480),6.415 ,(1.100),2.038 ,(0.919),,,
Clothes,dressing gown,6.278 ,(0.979),6.630 ,(0.808),0.000 ,6.315 ,(1.179),3.315 ,(1.841),6.593 ,(0.813),4.241 ,(1.883),,5.245 ,(1.479),6.170 ,(1.105),0.000 ,6.075 ,(1.269),2.792 ,(1.276),6.377 ,(1.213),2.830 ,(1.156),,,
Clothes,duffel,5.259 ,(1.684),5.574 ,(1.525),0.000 ,3.426 ,(1.461),3.444 ,(1.449),6.296 ,(0.983),6.574 ,(0.860),,5.189 ,(1.481),5.340 ,(1.315),0.000 ,4.132 ,(1.618),3.132 ,(1.144),5.962 ,(1.126),2.962 ,(1.192),,,
Clothes,dungarees,5.759 ,(1.359),5.630 ,(1.582),0.000 ,4.167 ,(1.767),3.185 ,(1.638),6.185 ,(1.214),5.019 ,(1.523),,5.038 ,(1.629),4.981 ,(1.538),0.000 ,3.811 ,(1.688),3.113 ,(1.235),6.302 ,(0.868),2.830 ,(1.189),,,
Clothes,earmuffs,3.815 ,(1.904),4.667 ,(1.671),0.000 ,2.630 ,(1.278),2.611 ,(1.323),6.074 ,(1.226),5.981 ,(1.407),,3.170 ,(1.740),4.981 ,(1.487),0.000 ,2.887 ,(1.325),2.377 ,(1.113),5.887 ,(1.187),3.173 ,(0.901),,,
Clothes,fleece,4.396 ,(1.833),4.528 ,(1.705),0.000 ,3.827 ,(1.790),2.962 ,(1.454),5.642 ,(1.594),6.265 ,(1.319),,5.679 ,(1.370),6.113 ,(1.068),0.000 ,6.154 ,(1.109),3.019 ,(1.217),6.340 ,(0.898),5.491 ,(1.564),,,
Clothes,flip-flop,4.113 ,(1.695),4.811 ,(1.722),1.852 ,3.566 ,(1.647),2.538 ,(1.290),5.904 ,(1.512),6.865 ,(0.486),,3.538 ,(1.965),5.731 ,(1.285),0.000 ,4.019 ,(1.651),2.373 ,(1.113),6.135 ,(1.344),3.154 ,(1.055),,,
Clothes,fur coat,4.722 ,(1.774),5.259 ,(1.650),0.000 ,3.093 ,(1.533),3.556 ,(1.667),6.130 ,(1.260),4.444 ,(1.656),,4.736 ,(1.654),5.075 ,(1.685),0.000 ,3.755 ,(1.753),3.038 ,(1.176),6.057 ,(1.027),3.491 ,(1.085),,,
Clothes,garter,3.889 ,(1.959),5.444 ,(1.870),0.000 ,2.722 ,(1.446),2.170 ,(1.326),6.389 ,(1.204),3.796 ,(1.653),,3.157 ,(1.869),3.980 ,(1.838),1.923 ,2.314 ,(1.241),2.460 ,(1.446),5.314 ,(1.703),5.059 ,(1.240),,,
Clothes,girdle,4.660 ,(1.807),4.755 ,(1.999),0.000 ,3.226 ,(1.857),2.830 ,(1.602),5.925 ,(1.371),6.226 ,(1.339),,2.829 ,(1.745),3.439 ,(1.747),22.642 ,2.049 ,(1.341),3.421 ,(1.266),4.289 ,(1.626),5.390 ,(1.159),,,
Clothes,glove,6.296 ,(1.075),6.667 ,(0.673),0.000 ,6.074 ,(1.439),3.370 ,(1.605),6.685 ,(0.907),2.815 ,(1.275),,5.208 ,(1.524),6.377 ,(1.060),0.000 ,5.792 ,(1.230),2.717 ,(1.378),6.566 ,(0.772),2.113 ,(0.891),,,
Clothes,gown,5.250 ,(1.714),5.302 ,(1.588),0.000 ,4.151 ,(1.854),3.981 ,(1.670),6.288 ,(1.091),5.358 ,(1.606),,3.943 ,(1.714),4.396 ,(1.548),0.000 ,3.491 ,(1.527),3.151 ,(1.598),5.321 ,(1.451),3.692 ,(1.515),,,
Clothes,handkerchief,5.442 ,(2.090),6.827 ,(0.513),0.000 ,6.788 ,(0.572),2.231 ,(1.926),6.686 ,(0.836),2.538 ,(1.196),,2.509 ,(1.867),6.019 ,(1.248),0.000 ,5.189 ,(1.699),1.585 ,(1.046),6.415 ,(1.134),2.849 ,(1.099),,,
Clothes,hat,6.216 ,(1.006),6.216 ,(1.189),0.000 ,5.333 ,(1.915),3.510 ,(1.759),6.588 ,(0.853),2.941 ,(1.666),,5.642 ,(1.331),6.226 ,(1.120),0.000 ,5.887 ,(1.204),2.698 ,(1.539),6.585 ,(0.842),2.019 ,(0.951),,,
Clothes,jacket,6.889 ,(0.372),6.815 ,(0.585),0.000 ,6.833 ,(0.541),3.722 ,(1.642),6.774 ,(0.577),3.315 ,(1.286),,6.887 ,(0.320),6.660 ,(0.758),0.000 ,6.887 ,(0.467),3.094 ,(1.644),6.698 ,(0.723),2.075 ,(1.089),,,
Clothes,jeans,6.352 ,(0.994),5.870 ,(1.318),0.000 ,5.759 ,(1.625),3.189 ,(1.520),6.519 ,(0.947),7.000 ,0.000 ,,6.887 ,(0.320),6.755 ,(0.757),0.000 ,6.849 ,(0.411),2.849 ,(1.460),6.755 ,(0.617),3.057 ,(1.099),,,
Clothes,jerkin,5.288 ,(1.499),5.481 ,(1.336),0.000 ,4.423 ,(1.637),3.308 ,(1.541),6.058 ,(1.162),5.788 ,(1.319),,3.833 ,(2.135),3.567 ,(1.775),43.396 ,2.900 ,(1.882),3.103 ,(1.291),4.414 ,(1.680),4.517 ,(1.682),,,
Clothes,jersey,6.170 ,(1.205),6.245 ,(1.385),0.000 ,5.717 ,(1.610),3.264 ,(1.745),6.491 ,(0.891),3.264 ,(1.546),,6.132 ,(1.057),6.113 ,(1.219),0.000 ,5.943 ,(1.365),2.679 ,(1.384),6.415 ,(0.819),2.642 ,(1.287),,,
Clothes,jodhpurs,4.259 ,(1.964),3.944 ,(1.878),0.000 ,2.463 ,(1.370),3.189 ,(1.532),6.038 ,(1.192),5.944 ,(1.485),,4.020 ,(2.035),4.700 ,(1.909),5.660 ,3.220 ,(1.706),2.571 ,(1.118),5.735 ,(1.238),4.400 ,(1.400),,,
Clothes,jumper,6.685 ,(0.820),6.556 ,(0.984),0.000 ,6.444 ,(0.945),3.185 ,(1.802),6.648 ,(0.731),2.868 ,(1.038),,6.868 ,(0.394),6.698 ,(0.749),0.000 ,6.811 ,(0.622),2.566 ,(1.308),6.774 ,(0.609),2.019 ,(0.930),,,
Clothes,kilt,5.444 ,(1.610),6.056 ,(1.295),0.000 ,4.870 ,(1.812),4.944 ,(1.583),6.722 ,(0.712),3.830 ,(1.503),,4.585 ,(1.813),5.925 ,(1.238),0.000 ,4.792 ,(1.536),3.642 ,(1.654),6.358 ,(1.039),3.604 ,(1.230),,,
Clothes,knickers,6.444 ,(0.945),6.111 ,(1.538),0.000 ,5.500 ,(1.901),3.000 ,(1.780),6.585 ,(0.745),3.222 ,(2.006),,6.226 ,(1.068),6.302 ,(1.170),0.000 ,6.283 ,(1.246),2.396 ,(1.230),6.642 ,(0.787),2.434 ,(1.233),,,
Clothes,leg warmer,4.170 ,(1.684),3.811 ,(1.766),1.852 ,2.500 ,(1.321),2.269 ,(1.315),5.510 ,(1.592),6.865 ,(0.627),,3.308 ,(1.853),4.269 ,(1.784),1.887 ,2.385 ,(1.157),1.923 ,(0.926),5.519 ,(1.754),3.962 ,(1.559),,,
Clothes,legging,5.096 ,(1.587),4.846 ,(1.673),0.000 ,3.558 ,(1.787),2.615 ,(1.316),6.077 ,(1.186),5.275 ,(2.192),,4.868 ,(1.569),5.434 ,(1.599),0.000 ,4.453 ,(1.760),2.113 ,(0.954),6.057 ,(1.247),4.208 ,(1.392),,,
Clothes,leotard,4.434 ,(1.866),4.491 ,(1.846),1.852 ,3.132 ,(1.606),2.962 ,(1.467),6.038 ,(1.192),6.925 ,(0.331),,3.755 ,(1.970),4.887 ,(1.649),0.000 ,2.925 ,(1.492),2.660 ,(1.239),5.679 ,(1.425),3.509 ,(1.409),,,
Clothes,long johns,4.815 ,(1.802),5.093 ,(1.617),0.000 ,3.019 ,(1.608),3.037 ,(1.440),6.167 ,(1.129),5.660 ,(1.628),,3.750 ,(1.856),4.481 ,(1.915),1.887 ,2.827 ,(1.630),2.269 ,(1.140),5.423 ,(1.564),4.365 ,(1.268),,,
Clothes,mackintosh,5.870 ,(1.214),6.111 ,(1.040),0.000 ,5.333 ,(1.590),3.315 ,(1.564),6.407 ,(0.880),4.370 ,(1.708),,4.569 ,(1.616),4.804 ,(1.575),3.774 ,3.745 ,(1.598),2.941 ,(0.925),5.294 ,(1.527),4.000 ,(1.233),,,
Clothes,mitten,4.815 ,(1.844),5.648 ,(1.403),0.000 ,3.889 ,(1.777),2.778 ,(1.462),6.519 ,(0.720),3.593 ,(1.486),,4.208 ,(1.736),5.113 ,(1.515),0.000 ,3.528 ,(1.514),2.189 ,(1.057),6.019 ,(1.185),2.472 ,(1.120),,,
Clothes,muffler,4.962 ,(1.675),5.472 ,(1.588),0.000 ,3.962 ,(1.971),2.321 ,(1.541),6.358 ,(1.128),3.685 ,(1.515),,3.025 ,(1.368),3.475 ,(1.601),24.528 ,2.100 ,(1.128),2.425 ,(1.130),4.600 ,(1.766),4.525 ,(1.432),,,
Clothes,nightdress,6.611 ,(0.656),6.463 ,(1.209),0.000 ,6.259 ,(1.469),2.981 ,(1.721),6.611 ,(0.920),3.593 ,(1.889),,5.358 ,(1.469),5.717 ,(1.406),0.000 ,5.226 ,(1.918),2.830 ,(1.341),6.226 ,(1.203),2.698 ,(1.422),,,
Clothes,overalls,5.679 ,(1.491),6.038 ,(1.208),0.000 ,4.642 ,(1.841),3.212 ,(1.551),6.283 ,(1.045),4.642 ,(1.699),,4.396 ,(1.536),5.340 ,(1.285),0.000 ,4.057 ,(1.420),2.811 ,(1.210),5.925 ,(1.207),3.943 ,(1.045),,,
Clothes,overcoat,6.407 ,(0.981),6.537 ,(0.794),0.000 ,5.667 ,(1.492),3.426 ,(1.655),6.685 ,(0.609),4.074 ,(1.515),,5.604 ,(1.182),5.698 ,(1.202),0.000 ,5.075 ,(1.452),2.981 ,(1.185),5.755 ,(1.223),3.868 ,(1.359),,,
Clothes,pants,6.481 ,(0.966),6.315 ,(1.226),0.000 ,6.074 ,(1.576),2.944 ,(1.607),6.296 ,(1.298),4.074 ,(2.036),,6.038 ,(1.358),6.547 ,(0.911),0.000 ,6.547 ,(0.972),2.358 ,(1.482),6.698 ,(0.696),1.887 ,(1.086),,,
Clothes,parka,4.943 ,(1.703),4.698 ,(1.526),0.000 ,3.774 ,(1.565),3.529 ,(1.376),5.529 ,(1.447),6.906 ,(0.564),,4.551 ,(1.780),4.878 ,(1.716),7.547 ,3.694 ,(1.746),3.224 ,(1.104),5.204 ,(1.633),4.388 ,(1.631),,,
Clothes,petticoat,5.407 ,(1.743),5.611 ,(1.785),0.000 ,4.648 ,(2.138),2.963 ,(1.682),6.389 ,(1.156),3.852 ,(1.827),,4.058 ,(1.883),4.212 ,(1.786),1.887 ,2.808 ,(1.429),2.820 ,(1.224),5.160 ,(1.570),3.804 ,(1.456),,,
Clothes,polo neck,5.741 ,(1.200),5.926 ,(1.257),0.000 ,5.111 ,(1.586),2.870 ,(1.626),6.528 ,(0.823),6.000 ,(1.401),,5.453 ,(1.367),5.736 ,(1.195),0.000 ,4.717 ,(1.844),2.642 ,(1.388),6.170 ,(1.236),3.604 ,(1.214),,,
Clothes,polo shirt,5.704 ,(1.475),5.685 ,(1.385),0.000 ,4.648 ,(1.761),2.704 ,(1.369),6.148 ,(1.123),6.907 ,(0.351),,5.510 ,(1.419),5.667 ,(1.352),1.923 ,5.078 ,(1.611),2.667 ,(1.178),6.137 ,(1.000),4.216 ,(1.487),,,
Clothes,poncho,4.115 ,(1.789),4.192 ,(1.534),1.887 ,2.788 ,(1.460),2.765 ,(1.365),5.647 ,(1.481),6.673 ,(0.857),,3.000 ,(1.758),4.089 ,(1.769),15.094 ,2.333 ,(1.398),2.444 ,(1.324),5.222 ,(1.704),4.933 ,(1.529),,,
Clothes,pullover,6.463 ,(0.794),6.722 ,(0.656),0.000 ,6.111 ,(1.369),3.222 ,(1.987),6.685 ,(0.722),3.415 ,(1.216),,6.245 ,(0.959),6.075 ,(1.190),0.000 ,5.981 ,(1.380),2.547 ,(1.202),6.245 ,(1.036),2.774 ,(1.171),,,
Clothes,pyjamas,6.472 ,(0.973),6.491 ,(1.049),0.000 ,6.264 ,(1.403),3.377 ,(1.701),6.509 ,(1.120),2.887 ,(1.649),,5.698 ,(1.551),6.491 ,(1.012),0.000 ,6.113 ,(1.489),2.925 ,(1.517),6.679 ,(0.701),1.755 ,(0.757),,,
Clothes,raincoat,6.604 ,(0.793),6.755 ,(0.477),0.000 ,6.302 ,(1.249),3.472 ,(1.716),6.712 ,(0.750),3.377 ,(1.376),,5.434 ,(1.394),5.849 ,(1.246),0.000 ,5.132 ,(1.569),2.962 ,(1.330),6.113 ,(1.050),2.717 ,(1.081),,,
Clothes,robe,4.981 ,(1.619),5.130 ,(1.738),0.000 ,4.113 ,(1.938),3.037 ,(1.601),5.833 ,(1.397),5.596 ,(1.512),,4.038 ,(1.720),4.943 ,(1.512),0.000 ,3.755 ,(2.102),2.887 ,(1.311),5.377 ,(1.496),3.736 ,(1.211),,,
Clothes,salopettes,3.889 ,(1.908),3.741 ,(2.212),50.000 ,2.370 ,(1.115),2.577 ,(1.172),5.154 ,(1.912),7.000 ,0.000 ,,3.697 ,(1.895),4.515 ,(2.002),36.538 ,3.273 ,(1.567),2.833 ,(1.315),5.633 ,(1.450),5.212 ,(1.596),,,
Clothes,sandal,5.611 ,(1.709),6.444 ,(1.093),0.000 ,5.574 ,(1.549),3.426 ,(1.449),6.500 ,(0.947),3.185 ,(1.626),,3.792 ,(1.945),5.491 ,(1.564),0.000 ,4.396 ,(1.812),3.019 ,(1.380),6.075 ,(1.124),2.736 ,(1.059),,,
Clothes,sari,4.558 ,(1.944),4.058 ,(1.851),0.000 ,3.288 ,(1.513),3.333 ,(1.583),5.808 ,(1.401),6.667 ,(0.887),,3.673 ,(1.819),4.163 ,(1.724),7.547 ,3.061 ,(1.613),3.918 ,(1.730),5.612 ,(1.525),5.333 ,(1.260),,,
Clothes,sarong,3.907 ,(1.916),4.074 ,(1.669),0.000 ,2.833 ,(1.450),2.963 ,(1.541),5.833 ,(1.314),6.407 ,(0.922),,3.468 ,(1.653),4.362 ,(1.938),9.615 ,3.319 ,(1.548),2.787 ,(1.503),5.426 ,(1.678),5.936 ,(1.241),,,
Clothes,scarf,5.833 ,(1.285),6.500 ,(0.841),0.000 ,5.611 ,(1.497),2.574 ,(1.711),6.574 ,(0.964),2.849 ,(1.292),,5.453 ,(1.338),6.170 ,(1.087),0.000 ,5.698 ,(1.202),1.830 ,(1.105),6.509 ,(1.171),2.226 ,(0.847),,,
Clothes,shawl,4.722 ,(1.878),5.667 ,(1.554),0.000 ,3.426 ,(1.632),3.208 ,(1.864),6.315 ,(1.195),3.648 ,(1.824),,3.792 ,(1.822),4.774 ,(1.637),0.000 ,3.245 ,(1.663),2.396 ,(1.182),5.642 ,(1.346),3.717 ,(1.306),,,
Clothes,shirt,6.870 ,(0.391),6.796 ,(0.562),0.000 ,6.759 ,(0.751),3.759 ,(1.726),6.808 ,(0.487),3.222 ,(1.254),,6.736 ,(0.524),6.623 ,(0.814),0.000 ,6.472 ,(1.103),3.000 ,(1.481),6.698 ,(0.607),2.396 ,(0.927),,,
Clothes,shoe,6.704 ,(0.838),6.889 ,(0.372),0.000 ,6.944 ,(0.231),3.852 ,(1.753),6.755 ,(0.853),2.019 ,(1.000),,5.509 ,(2.072),6.642 ,(0.787),0.000 ,6.849 ,(0.496),3.283 ,(1.622),6.736 ,(0.684),1.660 ,(0.678),,,
Clothes,shorts,6.130 ,(1.182),6.259 ,(0.994),0.000 ,5.241 ,(1.659),3.222 ,(1.690),6.481 ,(0.966),3.944 ,(1.753),,6.000 ,(1.109),6.264 ,(1.003),0.000 ,5.585 ,(1.646),2.321 ,(1.312),6.604 ,(0.768),2.000 ,(0.679),,,
Clothes,skirt,6.620 ,(1.105),6.300 ,(1.446),0.000 ,6.380 ,(1.292),3.280 ,(1.679),6.520 ,(1.147),3.040 ,(1.442),,6.615 ,(0.796),6.365 ,(1.048),0.000 ,6.346 ,(1.027),2.308 ,(1.276),6.519 ,(0.896),2.173 ,(0.857),,,
Clothes,slacks,6.389 ,(0.998),6.426 ,(0.903),0.000 ,6.056 ,(1.220),3.130 ,(1.649),6.667 ,(0.644),5.926 ,(1.503),,4.792 ,(1.984),4.868 ,(1.830),0.000 ,4.340 ,(2.121),2.585 ,(1.292),5.604 ,(1.459),4.830 ,(1.578),,,
Clothes,slip,5.377 ,(1.690),5.472 ,(1.728),0.000 ,4.585 ,(2.143),2.679 ,(1.397),6.057 ,(1.365),5.208 ,(1.725),,4.170 ,(1.646),4.542 ,(1.935),9.434 ,3.354 ,(1.707),2.340 ,(1.166),5.404 ,(1.439),4.583 ,(1.471),,,
Clothes,slipper,5.923 ,(1.519),6.698 ,(0.749),0.000 ,6.585 ,(0.842),3.226 ,(1.694),6.717 ,(0.601),2.673 ,(1.232),,4.509 ,(1.977),6.132 ,(1.241),0.000 ,5.585 ,(1.681),2.717 ,(1.306),6.509 ,(0.846),2.434 ,(0.951),,,
Clothes,smock,4.148 ,(1.664),4.519 ,(1.713),0.000 ,2.852 ,(1.265),2.944 ,(1.309),5.907 ,(1.457),5.389 ,(1.664),,3.178 ,(1.825),3.556 ,(1.865),15.094 ,2.356 ,(1.264),2.386 ,(1.146),4.667 ,(1.857),5.311 ,(1.411),,,
Clothes,sock,6.520 ,(0.995),6.680 ,(0.713),0.000 ,6.600 ,(0.948),2.700 ,(1.876),6.760 ,(0.625),2.220 ,(1.266),,6.377 ,(0.882),6.717 ,(0.744),0.000 ,6.792 ,(0.532),1.925 ,(1.269),6.830 ,(0.545),1.692 ,(0.729),,,
Clothes,stiletto,3.560 ,(2.101),4.560 ,(1.960),7.407 ,2.880 ,(1.757),2.571 ,(1.354),5.940 ,(1.621),6.837 ,(0.514),,3.462 ,(1.841),4.904 ,(1.390),1.887 ,3.731 ,(1.443),2.904 ,(1.159),5.765 ,(1.320),4.712 ,(1.446),,,
Clothes,stocking,6.491 ,(0.891),6.660 ,(0.807),0.000 ,5.887 ,(1.577),2.792 ,(1.714),6.827 ,(0.382),2.962 ,(1.414),,4.642 ,(1.809),5.245 ,(1.651),0.000 ,4.453 ,(1.897),2.321 ,(1.411),5.943 ,(1.336),3.981 ,(1.461),,,
Clothes,suit,6.774 ,(0.609),6.792 ,(0.567),0.000 ,6.189 ,(1.241),4.340 ,(1.901),6.679 ,(0.728),4.321 ,(1.661),,6.245 ,(1.054),6.094 ,(1.213),0.000 ,5.679 ,(1.298),3.491 ,(1.476),6.462 ,(0.896),3.415 ,(1.151),,,
Clothes,suspender,4.038 ,(1.931),5.057 ,(1.844),0.000 ,3.019 ,(1.803),3.077 ,(1.440),5.981 ,(1.474),4.755 ,(1.675),,3.340 ,(1.829),4.434 ,(1.835),0.000 ,3.075 ,(1.708),2.943 ,(1.336),5.340 ,(1.568),5.604 ,(1.378),,,
Clothes,sweatband,3.942 ,(1.819),4.451 ,(1.616),1.923 ,2.942 ,(1.392),2.135 ,(1.521),6.038 ,(1.298),6.808 ,(0.817),,2.736 ,(1.571),4.868 ,(1.687),0.000 ,2.811 ,(1.429),1.698 ,(1.011),6.038 ,(1.240),3.830 ,(1.156),,,
Clothes,sweater,6.648 ,(0.781),6.630 ,(0.875),0.000 ,6.481 ,(0.947),3.241 ,(1.922),6.500 ,(0.966),5.000 ,(1.671),,6.509 ,(0.891),6.538 ,(0.874),0.000 ,6.538 ,(0.851),2.750 ,(1.440),6.481 ,(1.019),2.596 ,(1.107),,,
Clothes,sweatshirt,6.148 ,(1.188),5.852 ,(1.446),0.000 ,5.426 ,(1.573),2.660 ,(1.413),6.278 ,(1.036),6.944 ,(0.302),,6.566 ,(0.844),6.396 ,(1.025),0.000 ,6.321 ,(1.088),2.415 ,(1.420),6.654 ,(0.814),2.865 ,(1.010),,,
Clothes,swimsuit,5.396 ,(1.702),6.170 ,(1.205),0.000 ,5.094 ,(1.713),3.132 ,(1.606),6.604 ,(0.840),3.377 ,(1.444),,4.358 ,(1.932),6.000 ,(1.209),0.000 ,5.245 ,(1.731),2.453 ,(1.218),6.396 ,(1.062),2.358 ,(0.879),,,
Clothes,t shirt,6.426 ,(1.002),6.426 ,(0.944),0.000 ,5.907 ,(1.350),2.796 ,(1.534),6.481 ,(1.077),6.778 ,(0.793),,6.885 ,(0.379),6.769 ,(0.703),0.000 ,6.827 ,(0.474),2.096 ,(1.287),6.615 ,(1.051),2.019 ,(0.852),,,
Clothes,tank top,4.714 ,(1.744),4.796 ,(1.645),9.259 ,3.224 ,(1.295),2.583 ,(1.569),5.875 ,(1.424),6.857 ,(0.540),,4.566 ,(1.635),5.302 ,(1.381),0.000 ,4.019 ,(1.704),2.577 ,(1.109),5.925 ,(0.958),4.365 ,(1.415),,,
Clothes,tie,6.212 ,(1.258),6.712 ,(0.667),0.000 ,6.423 ,(0.977),2.863 ,(1.919),6.596 ,(0.975),3.288 ,(1.226),,5.434 ,(1.421),6.245 ,(1.142),0.000 ,5.925 ,(1.371),2.075 ,(1.207),6.472 ,(0.992),2.830 ,(0.955),,,
Clothes,tights,6.451 ,(0.945),6.255 ,(1.262),0.000 ,6.216 ,(1.376),3.118 ,(1.818),6.520 ,(0.953),6.922 ,(0.560),,5.226 ,(1.382),5.849 ,(1.378),0.000 ,5.774 ,(1.382),2.151 ,(1.321),6.415 ,(1.082),3.019 ,(1.308),,,
Clothes,track suit,5.944 ,(1.250),6.019 ,(1.353),0.000 ,5.315 ,(1.646),3.185 ,(1.518),6.407 ,(1.000),6.889 ,(0.462),,5.830 ,(1.252),5.962 ,(1.126),0.000 ,5.340 ,(1.372),3.077 ,(1.545),6.365 ,(1.048),3.173 ,(1.043),,,
Clothes,trainer,5.611 ,(1.753),5.736 ,(1.496),0.000 ,5.500 ,(1.634),3.463 ,(1.463),6.426 ,(1.039),6.963 ,(0.191),,4.755 ,(1.911),6.321 ,(1.034),0.000 ,6.472 ,(0.799),3.679 ,(1.384),6.717 ,(0.601),2.811 ,(0.856),,,
Clothes,trench coat,5.481 ,(1.424),5.796 ,(1.279),0.000 ,3.926 ,(1.831),3.623 ,(1.509),6.352 ,(1.031),4.833 ,(1.611),,4.827 ,(1.556),4.962 ,(1.596),1.887 ,3.923 ,(1.679),2.981 ,(1.075),5.635 ,(1.284),4.769 ,(1.477),,,
Clothes,trousers,6.926 ,(0.264),6.870 ,(0.516),0.000 ,6.889 ,(0.317),3.296 ,(1.755),6.815 ,(0.479),2.778 ,(1.327),,6.906 ,(0.295),6.830 ,(0.727),0.000 ,6.906 ,(0.450),2.453 ,(1.309),6.755 ,(0.585),1.943 ,(0.886),,,
Clothes,trunks,5.623 ,(1.417),5.849 ,(1.350),0.000 ,4.577 ,(1.954),2.811 ,(1.455),6.358 ,(1.002),5.113 ,(1.706),,4.019 ,(1.803),5.377 ,(1.484),0.000 ,4.075 ,(1.697),2.170 ,(1.014),5.943 ,(1.134),2.906 ,(1.097),,,
Clothes,tuxedo,4.148 ,(1.816),4.352 ,(1.855),0.000 ,2.833 ,(1.424),3.463 ,(1.622),6.167 ,(1.060),6.759 ,(0.699),,4.208 ,(1.780),4.868 ,(1.582),0.000 ,3.491 ,(1.325),3.717 ,(1.306),5.774 ,(1.310),4.962 ,(1.358),,,
Clothes,underskirt,5.833 ,(1.314),5.722 ,(1.559),0.000 ,5.148 ,(1.927),2.685 ,(1.600),6.167 ,(1.356),4.889 ,(1.890),,4.151 ,(1.945),4.585 ,(1.886),0.000 ,3.377 ,(1.789),2.340 ,(1.073),5.283 ,(1.736),4.019 ,(1.407),,,
Clothes,vest,5.943 ,(1.406),6.264 ,(1.041),0.000 ,5.528 ,(1.761),2.623 ,(1.584),6.509 ,(0.933),2.547 ,(1.186),,5.377 ,(1.244),5.679 ,(1.438),0.000 ,4.547 ,(1.835),2.170 ,(1.156),6.170 ,(1.156),2.038 ,(0.919),,,
Clothes,waistcoat,5.596 ,(1.361),5.885 ,(1.381),0.000 ,4.481 ,(1.732),3.240 ,(1.533),6.250 ,(1.297),4.288 ,(1.741),,4.925 ,(1.426),5.453 ,(1.309),0.000 ,4.019 ,(1.394),2.830 ,(1.033),6.113 ,(0.993),3.750 ,(1.007),,,
Clothes,wellington boot,5.491 ,(1.750),6.245 ,(1.142),0.000 ,4.833 ,(1.871),2.685 ,(1.588),6.642 ,(0.982),2.944 ,(1.280),,4.250 ,(1.814),6.000 ,(1.221),0.000 ,3.942 ,(1.673),2.250 ,(1.297),6.596 ,(0.664),1.981 ,(0.874),,,
Clothes,y-fronts,6.057 ,(1.336),5.887 ,(1.325),1.852 ,5.113 ,(1.948),3.135 ,(1.669),6.302 ,(1.085),6.736 ,(0.655),,5.173 ,(1.605),5.558 ,(1.420),0.000 ,4.038 ,(1.825),2.538 ,(1.393),6.346 ,(1.046),3.481 ,(1.213),,,
Cutlery,fork,6.943 ,(0.233),6.849 ,(0.496),0.000 ,6.925 ,(0.267),3.094 ,(1.863),6.885 ,(0.471),2.481 ,(1.038),,6.962 ,(0.192),6.849 ,(0.632),0.000 ,6.962 ,(0.192),2.302 ,(1.170),6.827 ,(0.585),1.849 ,(0.818),,,
Cutlery,knife,6.885 ,(0.379),6.827 ,(0.430),0.000 ,6.865 ,(0.345),2.923 ,(1.908),6.808 ,(0.487),2.549 ,(1.137),,6.925 ,(0.331),6.868 ,(0.482),0.000 ,6.943 ,(0.233),1.962 ,(1.208),6.736 ,(0.984),1.925 ,(0.917),,,
Cutlery,spoon,6.698 ,(1.049),6.849 ,(0.456),0.000 ,6.792 ,(0.817),2.736 ,(1.767),6.906 ,(0.295),1.981 ,(1.248),,6.868 ,(0.342),6.811 ,(0.652),0.000 ,6.943 ,(0.305),1.830 ,(1.312),6.774 ,(0.891),1.547 ,(0.695),,,
Furniture,armchair,6.827 ,(0.474),6.827 ,(0.474),0.000 ,6.904 ,(0.298),3.731 ,(1.761),6.804 ,(0.448),3.192 ,(1.387),,6.774 ,(0.505),6.623 ,(0.925),0.000 ,6.509 ,(1.012),3.057 ,(1.406),6.755 ,(0.617),2.528 ,(0.973),,,
Furniture,bath,5.593 ,(1.721),6.704 ,(0.690),0.000 ,6.796 ,(0.451),3.019 ,(1.764),6.736 ,(0.625),2.500 ,(1.575),,3.792 ,(2.213),6.585 ,(0.842),0.000 ,6.491 ,(0.933),2.585 ,(1.379),6.623 ,(0.837),1.887 ,(0.934),,,
Furniture,bean bag,4.075 ,(1.989),4.981 ,(1.813),1.852 ,3.528 ,(1.957),2.358 ,(1.520),5.811 ,(1.606),6.692 ,(0.919),,3.865 ,(1.621),5.635 ,(1.205),0.000 ,4.481 ,(1.578),2.038 ,(1.171),6.423 ,(0.848),3.365 ,(1.189),,,
Furniture,bed,6.906 ,(0.354),6.925 ,(0.331),0.000 ,6.906 ,(0.295),3.358 ,(1.851),6.811 ,(0.652),2.096 ,(1.142),,6.453 ,(0.952),6.717 ,(0.769),0.000 ,6.811 ,(0.786),2.792 ,(1.598),6.660 ,(1.126),1.692 ,(0.829),,,
Furniture,bedside table,6.264 ,(1.041),6.566 ,(0.844),0.000 ,6.509 ,(1.012),3.353 ,(1.842),6.509 ,(0.953),5.019 ,(1.866),,5.906 ,(1.181),6.038 ,(1.192),0.000 ,5.755 ,(1.440),2.811 ,(1.316),6.264 ,(0.984),3.231 ,(1.059),,,
Furniture,bench,4.926 ,(1.768),5.500 ,(1.680),0.000 ,4.426 ,(1.818),2.981 ,(1.523),6.370 ,(1.087),4.340 ,(1.652),,5.132 ,(1.373),5.679 ,(1.491),0.000 ,5.075 ,(1.639),2.396 ,(1.198),6.113 ,(1.281),2.865 ,(0.950),,,
Furniture,bookcase,6.377 ,(0.904),6.585 ,(0.819),0.000 ,6.472 ,(0.992),3.189 ,(1.481),6.453 ,(1.136),4.151 ,(1.499),,5.811 ,(1.210),6.208 ,(1.098),0.000 ,6.113 ,(1.138),2.547 ,(1.084),6.396 ,(0.840),3.170 ,(1.105),,,
Furniture,bureau,5.765 ,(1.176),5.686 ,(1.407),0.000 ,4.667 ,(1.751),4.196 ,(1.562),6.157 ,(1.189),5.451 ,(1.566),,4.510 ,(1.793),4.694 ,(1.597),7.547 ,3.531 ,(1.709),3.633 ,(1.286),5.271 ,(1.364),4.980 ,(1.377),,,
Furniture,cabinet,5.962 ,(1.188),5.942 ,(1.162),0.000 ,5.519 ,(1.553),3.673 ,(1.618),6.346 ,(1.083),5.019 ,(1.590),,5.906 ,(1.244),6.057 ,(1.167),0.000 ,5.736 ,(1.508),3.019 ,(1.448),5.906 ,(1.334),3.434 ,(1.264),,,
Furniture,carpet,6.352 ,(1.119),6.778 ,(0.718),0.000 ,6.722 ,(0.596),3.679 ,(1.929),6.630 ,(0.784),3.056 ,(1.510),,3.547 ,(2.275),6.377 ,(0.985),0.000 ,6.642 ,(0.942),2.113 ,(1.552),6.585 ,(1.027),2.057 ,(0.864),,,
Furniture,chair,6.907 ,(0.351),6.833 ,(0.505),0.000 ,6.907 ,(0.446),3.630 ,(1.846),6.852 ,(0.408),2.167 ,(1.225),,6.925 ,(0.267),6.811 ,(0.652),0.000 ,6.925 ,(0.267),2.717 ,(1.561),6.755 ,(0.897),1.868 ,(0.900),,,
Furniture,chest of drawers,6.623 ,(0.765),6.679 ,(0.779),0.000 ,6.566 ,(1.201),3.415 ,(1.759),6.679 ,(0.754),3.528 ,(1.576),,6.491 ,(0.800),6.547 ,(0.867),0.000 ,6.415 ,(1.064),3.019 ,(1.337),6.434 ,(1.083),2.811 ,(1.194),,,
Furniture,coat stand,4.830 ,(1.718),5.434 ,(1.366),1.852 ,3.774 ,(1.671),3.057 ,(1.447),6.094 ,(1.148),4.519 ,(1.743),,4.327 ,(1.568),4.808 ,(1.572),1.887 ,3.942 ,(1.564),3.135 ,(1.358),5.865 ,(1.121),4.038 ,(1.188),,,
Furniture,coffee table,6.226 ,(0.954),6.321 ,(1.052),0.000 ,6.302 ,(1.030),3.192 ,(1.633),6.519 ,(0.874),6.245 ,(1.254),,6.115 ,(1.114),6.212 ,(1.091),0.000 ,5.923 ,(1.384),2.385 ,(1.157),6.365 ,(1.048),3.096 ,(1.053),,,
Furniture,cooker,5.827 ,(1.968),6.635 ,(0.929),0.000 ,6.769 ,(0.581),4.490 ,(1.725),6.745 ,(0.659),3.706 ,(1.653),,3.736 ,(2.104),6.453 ,(0.952),0.000 ,6.736 ,(0.593),3.792 ,(1.536),6.660 ,(0.678),2.491 ,(0.953),,,
Furniture,cot,5.774 ,(1.463),6.226 ,(0.993),0.000 ,4.528 ,(1.694),3.434 ,(1.323),6.585 ,(0.842),3.019 ,(2.043),,4.151 ,(1.875),5.358 ,(1.469),0.000 ,4.038 ,(1.786),3.113 ,(1.281),6.113 ,(1.155),1.981 ,(1.152),,,
Furniture,couch,6.333 ,(1.133),6.556 ,(0.965),0.000 ,6.407 ,(1.190),3.389 ,(1.731),6.585 ,(0.770),3.611 ,(1.642),,6.642 ,(0.787),6.642 ,(0.710),0.000 ,6.528 ,(0.932),3.057 ,(1.379),6.396 ,(1.198),2.547 ,(1.170),,,
Furniture,cupboard,6.132 ,(1.401),6.453 ,(1.102),0.000 ,6.491 ,(1.137),3.208 ,(1.610),6.500 ,(1.163),2.962 ,(1.358),,5.887 ,(1.625),6.396 ,(0.947),0.000 ,6.623 ,(0.740),2.472 ,(1.219),6.491 ,(1.049),2.377 ,(1.004),,,
Furniture,curtain,5.528 ,(1.887),6.698 ,(0.607),0.000 ,6.660 ,(0.939),2.962 ,(1.765),6.642 ,(0.834),3.264 ,(1.677),,3.396 ,(2.204),6.264 ,(1.273),0.000 ,6.377 ,(1.060),2.302 ,(1.324),6.604 ,(0.768),2.321 ,(0.728),,,
Furniture,cushion,5.212 ,(1.974),6.788 ,(0.536),0.000 ,6.731 ,(0.819),2.750 ,(1.679),6.700 ,(0.814),2.980 ,(1.421),,3.906 ,(2.022),6.340 ,(1.037),0.000 ,6.321 ,(1.088),1.962 ,(0.960),6.472 ,(0.932),2.642 ,(0.942),,,
Furniture,desk,5.904 ,(1.209),6.327 ,(1.080),0.000 ,5.519 ,(1.663),3.635 ,(1.826),6.596 ,(0.799),3.558 ,(1.514),,6.358 ,(0.922),6.566 ,(0.866),0.000 ,6.528 ,(0.749),2.830 ,(1.411),6.528 ,(0.868),2.906 ,(0.986),,,
Furniture,dining chair,6.685 ,(0.748),6.741 ,(0.805),0.000 ,6.685 ,(0.865),3.556 ,(1.586),6.630 ,(0.875),3.259 ,(1.696),,6.283 ,(1.063),6.245 ,(1.054),0.000 ,6.094 ,(1.229),2.830 ,(1.490),6.434 ,(0.844),2.736 ,(1.163),,,
Furniture,dining table,6.811 ,(0.483),6.811 ,(0.521),0.000 ,6.717 ,(0.662),3.415 ,(1.737),6.660 ,(0.831),3.250 ,(1.532),,6.585 ,(0.819),6.585 ,(0.865),0.000 ,6.340 ,(0.999),2.547 ,(1.294),6.623 ,(0.713),2.566 ,(1.083),,,
Furniture,display cabinet,5.833 ,(1.342),5.944 ,(1.338),0.000 ,5.389 ,(1.917),4.056 ,(1.709),6.444 ,(1.040),5.222 ,(1.690),,5.302 ,(1.422),5.358 ,(1.346),0.000 ,4.547 ,(1.682),3.472 ,(1.381),5.792 ,(1.335),4.264 ,(1.332),,,
Furniture,divan,5.868 ,(1.241),5.679 ,(1.425),0.000 ,5.019 ,(1.737),3.226 ,(1.728),6.358 ,(1.058),6.038 ,(1.208),,3.784 ,(1.843),4.405 ,(1.907),30.189 ,3.649 ,(2.150),2.818 ,(0.983),5.394 ,(1.413),5.486 ,(1.502),,,
Furniture,dresser,5.491 ,(1.527),5.635 ,(1.456),1.887 ,4.642 ,(1.830),3.642 ,(1.582),5.981 ,(1.380),3.717 ,(1.780),,5.509 ,(1.409),5.528 ,(1.422),0.000 ,4.981 ,(1.749),3.283 ,(1.199),5.774 ,(1.235),3.731 ,(1.388),,,
Furniture,dressing table,6.509 ,(0.891),6.623 ,(0.814),0.000 ,6.358 ,(1.272),4.019 ,(1.749),6.623 ,(0.965),3.943 ,(1.885),,5.755 ,(1.125),5.792 ,(1.433),0.000 ,5.176 ,(1.621),3.509 ,(1.409),5.925 ,(1.284),3.491 ,(1.171),,,
Furniture,drinks cabinet,4.722 ,(1.653),4.778 ,(1.633),0.000 ,3.889 ,(1.690),4.130 ,(1.454),5.889 ,(1.369),6.830 ,(0.545),,4.623 ,(1.701),5.321 ,(1.384),0.000 ,4.377 ,(1.535),3.283 ,(1.231),5.736 ,(1.303),4.642 ,(1.317),,,
Furniture,easy chair,6.788 ,(0.536),6.769 ,(0.546),0.000 ,6.788 ,(0.498),3.865 ,(1.669),6.692 ,(0.701),3.717 ,(1.622),,5.580 ,(1.357),5.540 ,(1.487),5.660 ,4.720 ,(1.852),3.080 ,(1.085),5.800 ,(1.309),4.660 ,(1.507),,,
Furniture,filing cabinet,4.962 ,(1.698),5.623 ,(1.457),0.000 ,3.906 ,(1.821),3.170 ,(1.477),6.245 ,(1.191),6.830 ,(0.509),,4.208 ,(1.875),5.472 ,(1.280),0.000 ,5.038 ,(1.400),2.906 ,(1.213),6.226 ,(0.847),4.604 ,(1.230),,,
Furniture,fire,4.577 ,(2.500),6.346 ,(1.064),0.000 ,5.529 ,(1.973),4.250 ,(1.770),6.500 ,(0.980),2.385 ,(1.316),,2.558 ,(1.944),5.904 ,(1.347),1.887 ,5.577 ,(1.526),3.577 ,(1.684),6.327 ,(1.216),2.173 ,(0.901),,,
Furniture,fireplace,5.442 ,(1.974),6.385 ,(1.032),0.000 ,5.808 ,(1.560),3.712 ,(1.719),6.500 ,(1.019),2.596 ,(1.512),,3.442 ,(2.071),6.115 ,(0.983),0.000 ,5.654 ,(1.370),3.692 ,(1.502),6.308 ,(0.961),2.827 ,(0.857),,,
Furniture,footstool,5.170 ,(1.578),5.887 ,(1.410),0.000 ,4.704 ,(1.929),2.907 ,(1.431),6.463 ,(0.946),4.704 ,(1.818),,4.679 ,(1.626),5.208 ,(1.536),0.000 ,4.057 ,(1.844),2.453 ,(1.186),5.868 ,(1.359),4.113 ,(1.450),,,
Furniture,fridge,5.778 ,(1.766),6.630 ,(0.917),0.000 ,6.833 ,(0.541),3.556 ,(1.850),6.574 ,(0.792),6.537 ,(0.745),,3.981 ,(2.179),6.509 ,(0.800),0.000 ,6.792 ,(0.495),2.736 ,(1.546),6.585 ,(0.819),2.472 ,(0.992),,,
Furniture,futon,3.909 ,(1.942),3.606 ,(1.600),37.736 ,2.455 ,(1.201),2.613 ,(1.230),5.161 ,(1.809),7.000 ,0.000 ,,4.364 ,(1.831),5.091 ,(1.828),16.981 ,4.182 ,(1.896),3.250 ,(0.991),5.591 ,(1.633),6.233 ,(1.231),,,
Furniture,hall stand,5.093 ,(1.605),5.519 ,(1.314),0.000 ,3.907 ,(1.804),3.611 ,(1.720),5.963 ,(1.288),4.463 ,(1.723),,4.500 ,(1.705),4.500 ,(1.573),28.302 ,3.474 ,(1.672),2.838 ,(1.365),5.081 ,(1.689),4.500 ,(1.310),,,
Furniture,hat stand,4.833 ,(1.724),5.585 ,(1.393),0.000 ,3.741 ,(1.662),3.333 ,(1.414),6.132 ,(1.225),4.648 ,(1.739),,4.000 ,(1.710),4.717 ,(1.586),0.000 ,3.566 ,(1.681),2.849 ,(1.231),5.792 ,(1.230),4.058 ,(1.092),,,
Furniture,heater,4.907 ,(1.984),6.037 ,(1.273),0.000 ,5.815 ,(1.468),3.963 ,(1.648),6.407 ,(0.981),5.056 ,(1.676),,3.245 ,(1.849),5.981 ,(1.083),0.000 ,5.830 ,(1.355),3.058 ,(1.501),6.000 ,(1.268),3.096 ,(1.241),,,
Furniture,high chair,4.868 ,(1.641),5.566 ,(1.487),1.852 ,3.358 ,(1.642),3.943 ,(1.379),6.321 ,(1.205),4.442 ,(2.355),,4.154 ,(1.994),5.115 ,(1.504),0.000 ,3.712 ,(1.786),3.096 ,(1.209),5.961 ,(1.216),2.308 ,(1.261),,,
Furniture,kitchen table,6.717 ,(0.662),6.698 ,(0.845),0.000 ,6.358 ,(1.128),2.868 ,(1.641),6.698 ,(0.890),2.472 ,(1.203),,6.472 ,(0.953),6.491 ,(0.973),0.000 ,6.547 ,(0.822),2.154 ,(1.109),6.698 ,(0.723),2.245 ,(1.125),,,
Furniture,lamp,5.736 ,(1.711),6.604 ,(0.631),0.000 ,6.623 ,(0.740),3.887 ,(1.601),6.642 ,(0.787),3.472 ,(1.395),,4.462 ,(2.024),6.462 ,(0.896),0.000 ,6.442 ,(1.195),3.346 ,(1.399),6.686 ,(0.583),2.706 ,(1.045),,,
Furniture,magazine rack,4.736 ,(1.810),5.623 ,(1.431),0.000 ,4.887 ,(1.878),2.906 ,(1.445),6.192 ,(1.138),5.925 ,(1.313),,3.811 ,(1.840),5.170 ,(1.541),0.000 ,4.113 ,(2.016),2.660 ,(1.239),5.679 ,(1.541),4.189 ,(1.194),,,
Furniture,office chair,5.415 ,(1.646),5.453 ,(1.551),0.000 ,3.962 ,(1.617),3.491 ,(1.436),6.135 ,(1.253),6.654 ,(0.926),,5.283 ,(1.536),5.774 ,(1.325),0.000 ,5.755 ,(1.385),3.094 ,(1.229),6.094 ,(1.061),4.377 ,(1.417),,,
Furniture,ottoman,4.528 ,(1.728),4.868 ,(1.687),1.852 ,3.566 ,(2.024),2.769 ,(1.463),5.774 ,(1.203),6.151 ,(1.262),,3.967 ,(1.810),4.167 ,(1.821),43.396 ,3.000 ,(1.682),3.115 ,(1.177),5.038 ,(1.800),5.000 ,(2.051),,,
Furniture,phone stand,4.098 ,(1.723),4.078 ,(1.896),3.774 ,3.902 ,(2.119),3.041 ,(1.443),5.292 ,(1.738),6.760 ,(0.591),,3.635 ,(1.727),4.154 ,(1.819),1.887 ,3.500 ,(1.945),2.531 ,(1.082),4.837 ,(1.712),4.647 ,(1.494),,,
Furniture,picture,5.259 ,(1.782),6.296 ,(1.223),0.000 ,6.315 ,(1.329),4.685 ,(1.911),6.389 ,(1.446),3.333 ,(1.578),,3.415 ,(2.116),6.396 ,(0.862),0.000 ,6.415 ,(0.908),4.453 ,(1.996),6.264 ,(1.146),2.321 ,(0.996),,,
Furniture,plant,2.780 ,(2.160),5.354 ,(1.550),5.882 ,5.417 ,(1.686),4.146 ,(1.833),6.152 ,(1.414),4.191 ,(1.837),,2.115 ,(1.711),6.135 ,(1.085),0.000 ,6.212 ,(1.054),4.137 ,(1.674),6.392 ,(0.874),2.440 ,(0.972),,,
Furniture,pouffe,4.830 ,(1.638),5.943 ,(1.292),0.000 ,4.868 ,(1.787),2.755 ,(1.697),6.264 ,(1.273),4.453 ,(1.727),,3.981 ,(1.663),4.923 ,(1.643),1.887 ,3.923 ,(1.887),2.392 ,(1.133),5.725 ,(1.401),4.019 ,(1.809),,,
Furniture,radio,5.404 ,(2.003),6.327 ,(1.061),0.000 ,6.519 ,(0.874),4.269 ,(1.880),6.577 ,(0.848),4.308 ,(1.687),,2.627 ,(2.049),6.412 ,(0.876),0.000 ,6.529 ,(0.784),3.863 ,(1.613),6.549 ,(0.879),2.686 ,(0.948),,,
Furniture,rocking chair,5.500 ,(1.590),5.808 ,(1.534),0.000 ,4.255 ,(2.058),3.788 ,(1.684),6.596 ,(0.955),4.154 ,(1.708),,5.547 ,(1.264),5.585 ,(1.351),0.000 ,4.434 ,(1.611),3.434 ,(1.118),6.151 ,(0.949),3.250 ,(1.064),,,
Furniture,settee,6.547 ,(1.048),6.566 ,(1.047),0.000 ,6.547 ,(0.992),3.717 ,(1.854),6.604 ,(0.968),3.852 ,(1.806),,6.679 ,(0.510),6.547 ,(0.867),0.000 ,6.491 ,(0.933),2.868 ,(1.415),6.698 ,(0.723),2.472 ,(1.103),,,
Furniture,side table,5.315 ,(1.451),5.667 ,(1.427),0.000 ,5.333 ,(1.637),3.264 ,(1.607),6.038 ,(1.441),5.811 ,(1.630),,5.170 ,(1.638),5.208 ,(1.561),0.000 ,4.509 ,(1.836),2.712 ,(1.143),5.596 ,(1.498),3.906 ,(1.572),,,
Furniture,sideboard,6.698 ,(0.607),6.736 ,(0.625),0.000 ,6.453 ,(1.030),3.943 ,(1.865),6.566 ,(0.844),3.528 ,(1.694),,5.585 ,(1.247),5.717 ,(1.277),0.000 ,5.094 ,(1.620),3.302 ,(1.324),5.774 ,(1.203),3.509 ,(1.219),,,
Furniture,sink,5.315 ,(2.082),6.630 ,(0.917),0.000 ,6.704 ,(0.816),2.889 ,(1.598),6.593 ,(0.858),2.722 ,(1.510),,3.673 ,(2.167),6.385 ,(1.013),0.000 ,6.538 ,(0.979),2.846 ,(1.433),6.558 ,(0.777),2.154 ,(0.937),,,
Furniture,sofa,6.630 ,(0.831),6.593 ,(0.836),0.000 ,6.556 ,(0.839),3.481 ,(1.820),6.685 ,(0.696),3.259 ,(1.568),,6.642 ,(0.591),6.679 ,(0.728),0.000 ,6.604 ,(0.793),3.000 ,(1.494),6.585 ,(1.027),2.340 ,(0.939),,,
Furniture,sofa bed,5.250 ,(1.399),5.154 ,(1.349),0.000 ,3.635 ,(1.727),3.769 ,(1.409),6.137 ,(1.149),5.804 ,(1.562),,5.189 ,(1.429),5.642 ,(1.360),0.000 ,4.830 ,(1.638),3.462 ,(1.393),5.981 ,(1.152),4.509 ,(1.310),,,
Furniture,stool,6.074 ,(1.315),6.500 ,(0.795),0.000 ,6.093 ,(1.248),3.074 ,(1.789),6.519 ,(1.112),2.833 ,(1.411),,5.943 ,(1.045),6.264 ,(0.880),0.000 ,5.642 ,(1.360),2.340 ,(1.192),6.547 ,(0.695),2.792 ,(1.116),,,
Furniture,table,6.926 ,(0.264),6.852 ,(0.627),0.000 ,6.944 ,(0.302),3.111 ,(1.829),6.759 ,(0.799),2.259 ,(1.185),,6.868 ,(0.394),6.717 ,(0.863),0.000 ,6.865 ,(0.525),2.302 ,(1.310),6.830 ,(0.612),1.811 ,(0.833),,,
Furniture,tallboy,6.037 ,(1.303),6.019 ,(1.421),0.000 ,5.204 ,(1.867),3.611 ,(1.837),6.352 ,(1.200),5.148 ,(1.664),,4.462 ,(1.702),4.500 ,(1.944),50.943 ,3.500 ,(1.965),3.143 ,(1.062),5.286 ,(1.271),5.200 ,(1.607),,,
Furniture,television,6.113 ,(1.601),6.283 ,(1.321),0.000 ,6.755 ,(0.648),4.113 ,(2.072),6.736 ,(0.684),6.887 ,(0.467),,3.868 ,(2.140),6.717 ,(0.818),0.000 ,6.849 ,(0.411),3.491 ,(1.671),6.906 ,(0.450),2.019 ,(0.747),,,
Furniture,toilet,5.377 ,(2.123),6.774 ,(0.542),1.852 ,6.736 ,(0.524),3.453 ,(1.749),6.604 ,(0.884),2.788 ,(1.673),,3.302 ,(2.154),6.547 ,(0.932),0.000 ,6.774 ,(0.542),3.208 ,(1.335),6.679 ,(0.644),1.654 ,(0.738),,,
Furniture,TV stand,5.352 ,(1.706),6.204 ,(1.203),0.000 ,5.889 ,(1.586),3.038 ,(1.664),6.434 ,(0.888),6.944 ,(0.302),,4.377 ,(1.811),5.377 ,(1.444),0.000 ,5.038 ,(1.786),2.604 ,(1.276),5.698 ,(1.409),4.113 ,(1.660),,,
Furniture,typewriter,4.113 ,(1.987),5.792 ,(1.306),1.852 ,4.075 ,(1.674),5.170 ,(1.528),6.396 ,(0.968),5.577 ,(1.273),,2.208 ,(1.801),5.377 ,(1.632),0.000 ,4.113 ,(1.750),4.547 ,(1.671),6.000 ,(1.209),3.538 ,(1.128),,,
Furniture,wardrobe,6.830 ,(0.470),6.830 ,(0.427),0.000 ,6.811 ,(0.622),3.509 ,(1.857),6.642 ,(0.942),3.547 ,(1.671),,6.491 ,(0.869),6.509 ,(0.869),0.000 ,6.717 ,(0.568),2.679 ,(1.189),6.679 ,(0.673),2.698 ,(1.049),,,
Furniture,washing machine,5.593 ,(1.995),6.593 ,(0.687),0.000 ,6.685 ,(0.722),4.259 ,(1.824),6.667 ,(0.801),6.833 ,(0.541),,3.340 ,(2.261),6.340 ,(1.037),0.000 ,6.453 ,(0.867),3.566 ,(1.526),6.509 ,(0.891),2.887 ,(1.155),,,
Furniture,washstand,4.444 ,(1.930),4.963 ,(1.853),0.000 ,3.259 ,(2.011),3.481 ,(1.575),5.944 ,(1.352),4.241 ,(1.842),,2.791 ,(1.670),3.791 ,(1.971),18.868 ,3.093 ,(1.875),3.105 ,(1.485),4.632 ,(1.746),4.535 ,(1.667),,,
Instruments,accordion,5.596 ,(1.563),4.904 ,(1.524),0.000 ,3.904 ,(1.485),5.077 ,(1.412),5.942 ,(1.392),4.942 ,(1.526),,4.885 ,(1.542),4.654 ,(1.413),0.000 ,3.269 ,(1.416),5.058 ,(1.392),5.692 ,(1.197),4.118 ,(1.211),,,
Instruments,bagpipes,5.308 ,(1.615),5.365 ,(1.456),0.000 ,4.385 ,(1.549),5.000 ,(1.521),6.388 ,(1.057),4.423 ,(1.564),,4.925 ,(1.817),5.547 ,(1.367),0.000 ,4.623 ,(1.509),4.925 ,(1.439),6.212 ,(1.073),3.423 ,(1.073),,,
Instruments,banjo,5.327 ,(1.465),4.788 ,(1.433),1.887 ,2.942 ,(1.227),3.942 ,(1.290),6.115 ,(1.182),4.981 ,(1.462),,4.849 ,(1.574),4.774 ,(1.552),0.000 ,3.302 ,(1.422),3.962 ,(1.330),5.717 ,(1.392),4.094 ,(1.197),,,
Instruments,bass drum,5.510 ,(1.488),4.588 ,(1.878),1.923 ,3.137 ,(1.386),3.140 ,(1.512),5.765 ,(1.595),5.961 ,(1.264),,5.132 ,(1.532),4.925 ,(1.662),0.000 ,3.623 ,(1.596),2.635 ,(1.155),5.327 ,(1.543),4.528 ,(1.409),,,
Instruments,bassoon,5.229 ,(1.403),3.896 ,(1.533),7.692 ,3.000 ,(1.544),4.348 ,(1.636),5.478 ,(1.502),6.625 ,(0.640),,4.450 ,(1.724),3.976 ,(1.635),16.327 ,2.829 ,(1.283),4.359 ,(1.135),4.103 ,(1.759),5.366 ,(1.178),,,
Instruments,bell,4.216 ,(1.942),4.941 ,(1.714),0.000 ,4.196 ,(1.822),2.961 ,(1.509),6.180 ,(1.335),3.531 ,(1.634),,4.321 ,(1.784),5.736 ,(1.456),0.000 ,4.887 ,(1.396),2.415 ,(1.117),6.170 ,(1.014),2.736 ,(1.095),,,
Instruments,bongo,3.826 ,(1.793),2.867 ,(1.502),13.462 ,2.152 ,(1.115),2.800 ,(1.517),4.756 ,(1.956),6.711 ,(0.787),,4.333 ,(1.629),5.042 ,(1.473),7.692 ,3.563 ,(1.500),2.681 ,(0.958),5.604 ,(1.455),4.714 ,(1.472),,,
Instruments,bugle,5.208 ,(1.610),4.302 ,(1.814),0.000 ,2.925 ,(1.466),3.642 ,(1.606),5.925 ,(1.269),5.000 ,(1.252),,4.380 ,(1.589),4.160 ,(1.476),5.660 ,2.640 ,(1.241),3.286 ,(1.190),4.918 ,(1.455),4.800 ,(1.195),,,
Instruments,castanets,4.389 ,(1.583),4.500 ,(1.587),0.000 ,2.741 ,(1.185),3.000 ,(1.346),5.722 ,(1.595),6.130 ,(1.245),,3.646 ,(1.885),4.646 ,(1.591),9.434 ,2.729 ,(1.317),2.458 ,(1.071),5.458 ,(1.584),4.167 ,(1.136),,,
Instruments,celesta,3.609 ,(1.994),2.783 ,(1.731),57.407 ,2.087 ,(1.240),4.333 ,(1.534),3.947 ,(1.929),7.000 ,0.000 ,,3.538 ,(1.854),2.846 ,(1.345),75.472 ,1.923 ,(0.760),3.857 ,(0.690),3.000 ,(1.826),6.462 ,(0.776),,,
Instruments,cello,6.000 ,(1.311),5.196 ,(1.649),1.923 ,3.804 ,(1.697),4.039 ,(1.483),6.059 ,(1.348),6.039 ,(1.199),,5.906 ,(1.260),5.340 ,(1.454),0.000 ,4.113 ,(1.552),3.962 ,(1.427),5.774 ,(1.310),4.321 ,(1.156),,,
Instruments,cembalo,3.000 ,(2.500),1.333 ,(0.707),83.019 ,1.333 ,(0.500),2.333 ,(1.366),3.500 ,(2.074),7.000 ,0.000 ,,3.857 ,(2.116),4.000 ,(2.582),86.792 ,2.857 ,(2.545),4.000 ,(1.581),4.800 ,(2.168),5.571 ,(1.902),,,
Instruments,chime,3.957 ,(1.899),3.936 ,(1.737),11.321 ,3.170 ,(1.711),3.467 ,(1.700),4.911 ,(1.663),6.362 ,(1.276),,3.766 ,(1.808),4.213 ,(1.680),9.615 ,2.830 ,(1.464),2.619 ,(1.081),4.714 ,(1.657),4.638 ,(1.390),,,
Instruments,clarinet,6.094 ,(1.275),5.151 ,(1.622),0.000 ,4.019 ,(1.803),4.585 ,(1.681),6.038 ,(1.330),6.212 ,(0.997),,5.943 ,(1.117),5.075 ,(1.603),0.000 ,3.962 ,(1.605),4.519 ,(1.553),5.288 ,(1.433),4.320 ,(1.285),,,
Instruments,clavichord,3.767 ,(1.986),3.163 ,(1.632),20.370 ,2.047 ,(1.194),4.317 ,(1.572),4.683 ,(1.695),6.850 ,(0.483),,3.478 ,(1.831),2.783 ,(1.678),56.604 ,2.043 ,(1.296),4.313 ,(1.580),3.533 ,(1.767),6.500 ,(0.740),,,
Instruments,concertina,4.704 ,(1.678),4.278 ,(1.709),0.000 ,2.741 ,(1.291),4.679 ,(1.465),5.722 ,(1.420),5.019 ,(1.380),,3.732 ,(1.689),3.659 ,(1.622),22.642 ,2.488 ,(1.165),4.838 ,(1.323),4.667 ,(1.568),4.902 ,(1.375),,,
Instruments,cor anglais,4.889 ,(1.785),3.086 ,(1.560),33.962 ,2.686 ,(1.388),4.125 ,(1.581),4.250 ,(1.723),6.771 ,(0.547),,3.000 ,(1.667),3.526 ,(1.954),64.151 ,2.053 ,(1.545),4.615 ,(0.870),4.385 ,(1.938),6.263 ,(1.046),,,
Instruments,cornet,5.308 ,(1.579),4.269 ,(1.827),1.887 ,3.019 ,(1.651),4.000 ,(1.428),5.577 ,(1.363),6.115 ,(1.166),,4.523 ,(1.705),3.932 ,(1.744),16.981 ,2.545 ,(1.109),4.050 ,(1.449),4.400 ,(1.722),5.250 ,(1.184),,,
Instruments,cymbal,5.057 ,(1.823),4.528 ,(1.671),1.852 ,3.057 ,(1.537),2.547 ,(1.338),5.943 ,(1.379),5.849 ,(1.277),,5.094 ,(1.548),5.302 ,(1.409),0.000 ,4.151 ,(1.669),2.113 ,(1.219),6.377 ,(0.860),3.585 ,(1.100),,,
Instruments,didgeridoo,3.774 ,(1.867),3.113 ,(1.750),1.852 ,2.075 ,(0.978),2.787 ,(1.382),5.043 ,(1.668),6.922 ,(0.337),,3.755 ,(1.860),4.585 ,(1.715),0.000 ,3.075 ,(1.685),2.481 ,(1.306),5.596 ,(1.537),5.226 ,(1.219),,,
Instruments,double bass,5.642 ,(1.469),4.604 ,(1.780),1.852 ,3.321 ,(1.661),3.887 ,(1.354),5.887 ,(1.396),6.269 ,(1.122),,5.415 ,(1.365),4.774 ,(1.577),0.000 ,3.623 ,(1.484),4.058 ,(1.392),5.635 ,(1.358),4.660 ,(1.358),,,
Instruments,drum,6.241 ,(1.164),5.593 ,(1.524),0.000 ,4.321 ,(1.603),3.167 ,(1.680),6.491 ,(1.012),3.407 ,(1.572),,6.245 ,(1.017),5.943 ,(1.350),0.000 ,4.962 ,(1.506),2.736 ,(1.389),6.264 ,(1.129),2.604 ,(1.321),,,
Instruments,dulcimer,4.327 ,(1.819),3.612 ,(1.880),9.259 ,2.184 ,(1.131),4.467 ,(1.440),4.511 ,(1.817),6.250 ,(1.062),,3.000 ,(2.345),2.200 ,(2.168),90.385 ,2.000 ,(1.225),6.000 ,-,5.000 ,-,6.600 ,(0.894),,,
Instruments,euphonium,4.674 ,(1.790),3.522 ,(1.588),11.538 ,2.152 ,(1.053),4.136 ,(1.424),4.750 ,(1.644),6.545 ,(0.975),,3.633 ,(1.938),3.433 ,(1.851),42.308 ,2.200 ,(1.400),4.783 ,(1.347),3.957 ,(1.665),6.000 ,(1.259),,,
Instruments,fiddle,6.500 ,(0.886),5.529 ,(1.419),0.000 ,4.549 ,(1.701),4.353 ,(1.534),6.353 ,(0.913),4.451 ,(1.286),,6.019 ,(1.291),5.577 ,(1.304),0.000 ,4.654 ,(1.583),4.250 ,(1.440),6.096 ,(1.142),3.906 ,(1.275),,,
Instruments,fife,4.195 ,(1.691),3.366 ,(1.699),24.074 ,2.415 ,(1.284),3.100 ,(0.955),4.789 ,(1.630),6.475 ,(0.816),,3.692 ,(1.974),2.692 ,(1.702),75.472 ,2.538 ,(1.506),4.333 ,(1.581),4.556 ,(1.509),4.692 ,(1.888),,,
Instruments,flugelhorn,3.925 ,(1.859),2.725 ,(1.450),24.528 ,1.925 ,(0.997),4.143 ,(1.611),3.657 ,(1.392),6.973 ,(0.164),,3.609 ,(1.948),3.043 ,(1.894),56.604 ,2.043 ,(1.186),3.769 ,(1.481),3.692 ,(1.797),6.217 ,(0.902),,,
Instruments,flute,5.870 ,(1.260),5.170 ,(1.297),0.000 ,3.833 ,(1.476),3.593 ,(1.620),6.130 ,(1.304),5.340 ,(1.413),,6.208 ,(0.927),5.566 ,(1.435),0.000 ,4.396 ,(1.573),4.132 ,(1.507),5.849 ,(1.116),3.811 ,(1.001),,,
Instruments,French horn,5.471 ,(1.488),4.255 ,(1.647),3.774 ,3.216 ,(1.566),4.765 ,(1.394),5.569 ,(1.404),6.510 ,(0.834),,5.075 ,(1.517),4.566 ,(1.715),0.000 ,3.245 ,(1.731),4.373 ,(1.600),5.196 ,(1.523),4.865 ,(1.284),,,
Instruments,glockenspiel,4.156 ,(1.977),3.289 ,(1.532),16.667 ,2.250 ,(1.123),4.372 ,(1.480),4.452 ,(1.851),6.800 ,(0.661),,4.313 ,(1.678),4.667 ,(1.464),9.434 ,2.729 ,(1.284),3.745 ,(1.276),5.106 ,(1.760),4.188 ,(1.483),,,
Instruments,guitar,6.056 ,(1.036),5.296 ,(1.487),0.000 ,4.463 ,(1.668),4.278 ,(1.406),6.333 ,(0.971),6.019 ,(1.407),,6.604 ,(0.840),6.547 ,(0.774),0.000 ,6.075 ,(1.158),4.000 ,(1.605),6.623 ,(0.713),3.019 ,(0.866),,,
Instruments,harmonica,5.000 ,(1.530),4.963 ,(1.659),0.000 ,3.019 ,(1.447),3.759 ,(1.466),6.113 ,(1.155),4.593 ,(1.381),,4.981 ,(1.366),5.340 ,(1.400),0.000 ,4.113 ,(1.552),3.057 ,(1.350),6.019 ,(1.352),4.264 ,(1.318),,,
Instruments,harmonium,4.827 ,(1.517),4.231 ,(1.767),3.704 ,2.442 ,(1.110),4.519 ,(1.639),5.346 ,(1.558),5.365 ,(1.372),,3.906 ,(1.990),3.156 ,(1.483),39.623 ,2.125 ,(1.100),3.762 ,(1.700),4.238 ,(1.513),5.867 ,(1.408),,,
Instruments,harp,5.519 ,(1.299),4.889 ,(1.723),0.000 ,3.481 ,(1.463),4.574 ,(1.561),6.377 ,(1.130),5.370 ,(1.248),,5.057 ,(1.574),5.019 ,(1.352),0.000 ,3.415 ,(1.379),4.358 ,(1.346),5.906 ,(1.165),3.943 ,(1.117),,,
Instruments,harpsichord,4.745 ,(1.707),3.765 ,(1.656),3.774 ,2.608 ,(1.328),4.660 ,(1.520),5.120 ,(1.520),6.490 ,(0.703),,4.213 ,(1.805),4.277 ,(1.703),11.321 ,2.745 ,(1.437),5.023 ,(1.300),4.750 ,(1.601),5.255 ,(1.310),,,
Instruments,horn,5.519 ,(1.411),4.352 ,(1.592),0.000 ,3.481 ,(1.724),3.962 ,(1.709),5.923 ,(1.398),5.944 ,(1.265),,4.962 ,(1.664),4.830 ,(1.578),0.000 ,3.642 ,(1.630),3.769 ,(1.542),5.157 ,(1.629),4.000 ,(1.386),,,
Instruments,jew's-harp,3.941 ,(1.923),3.882 ,(1.818),3.774 ,2.255 ,(1.055),3.510 ,(1.356),4.918 ,(1.789),5.510 ,(1.302),,3.545 ,(1.625),3.818 ,(1.918),58.491 ,2.591 ,(1.563),3.158 ,(0.958),4.947 ,(1.580),5.810 ,(1.401),,,
Instruments,kazoo,3.280 ,(2.072),3.280 ,(2.246),53.704 ,2.080 ,(1.288),2.857 ,(1.352),4.952 ,(2.224),6.091 ,(0.971),,3.086 ,(1.669),4.257 ,(1.804),33.962 ,2.829 ,(1.505),2.438 ,(0.914),4.844 ,(1.762),5.147 ,(1.540),,,
Instruments,kettledrum,5.327 ,(1.676),4.354 ,(1.984),5.882 ,3.204 ,(1.695),3.184 ,(1.318),5.571 ,(1.486),6.041 ,(1.258),,4.354 ,(1.550),4.438 ,(1.472),9.434 ,2.792 ,(1.336),2.978 ,(1.202),5.022 ,(1.341),5.000 ,(1.337),,,
Instruments,keyboard,5.788 ,(1.304),5.000 ,(1.738),3.704 ,4.135 ,(1.951),4.635 ,(1.609),6.200 ,(1.161),6.667 ,(1.143),,6.075 ,(1.071),5.925 ,(1.158),0.000 ,5.189 ,(1.545),4.019 ,(1.500),6.302 ,(0.932),3.491 ,(1.120),,,
Instruments,lute,4.306 ,(1.981),3.184 ,(1.395),9.259 ,2.146 ,(1.111),3.449 ,(1.515),4.592 ,(1.580),6.458 ,(0.898),,3.667 ,(1.867),3.111 ,(1.720),32.075 ,1.972 ,(1.000),3.968 ,(1.251),3.839 ,(1.791),5.314 ,(1.451),,,
Instruments,lyre,4.060 ,(1.719),3.280 ,(1.830),7.407 ,2.360 ,(1.439),3.940 ,(1.316),4.720 ,(1.539),6.500 ,(0.953),,3.375 ,(2.044),3.161 ,(1.463),40.385 ,2.063 ,(1.134),4.423 ,(1.362),3.615 ,(1.745),5.844 ,(1.370),,,
Instruments,mandolin,4.537 ,(1.563),3.755 ,(1.686),0.000 ,2.593 ,(1.325),4.130 ,(1.304),5.208 ,(1.573),6.222 ,(1.058),,4.333 ,(1.732),3.867 ,(1.546),15.094 ,2.711 ,(1.424),3.886 ,(1.351),4.295 ,(1.579),5.711 ,(0.968),,,
Instruments,maraca,3.977 ,(1.718),3.500 ,(1.677),16.981 ,2.318 ,(1.073),3.049 ,(1.548),5.119 ,(1.824),6.707 ,(1.031),,3.957 ,(1.781),4.723 ,(1.814),11.321 ,2.872 ,(1.527),2.791 ,(1.301),5.628 ,(1.619),3.872 ,(1.262),,,
Instruments,marimba,3.290 ,(2.116),2.516 ,(1.525),40.385 ,1.710 ,(0.783),3.556 ,(2.025),3.556 ,(2.118),6.923 ,(0.272),,3.071 ,(2.093),3.357 ,(1.865),73.585 ,2.357 ,(1.550),4.125 ,(0.991),4.714 ,(1.890),6.786 ,(0.426),,,
Instruments,oboe,5.635 ,(1.205),4.491 ,(1.705),1.852 ,3.226 ,(1.589),4.442 ,(1.420),5.451 ,(1.346),6.528 ,(0.823),,5.294 ,(1.487),4.784 ,(1.641),3.774 ,3.373 ,(1.624),4.447 ,(1.472),5.085 ,(1.332),4.725 ,(1.218),,,
Instruments,ocarina,4.000 ,(2.000),3.167 ,(2.091),32.075 ,2.028 ,(1.230),3.438 ,(1.366),4.424 ,(1.871),6.706 ,(0.719),,3.273 ,(1.679),3.545 ,(2.583),78.846 ,2.545 ,(1.809),3.111 ,(1.269),4.333 ,(2.345),6.417 ,(1.084),,,
Instruments,organ,5.981 ,(1.173),5.315 ,(1.451),0.000 ,4.259 ,(1.662),5.481 ,(1.526),6.283 ,(1.007),4.340 ,(1.493),,5.660 ,(1.159),5.415 ,(1.434),0.000 ,4.660 ,(1.531),4.585 ,(1.726),5.925 ,(1.035),3.566 ,(1.169),,,
Instruments,panpipes,3.932 ,(2.117),3.114 ,(1.932),16.981 ,2.227 ,(1.198),3.500 ,(1.534),5.023 ,(1.845),6.773 ,(0.642),,4.200 ,(1.852),4.280 ,(1.727),5.660 ,3.020 ,(1.647),3.571 ,(1.208),4.939 ,(1.376),5.531 ,(1.459),,,
Instruments,piano,6.648 ,(0.756),6.389 ,(0.960),0.000 ,5.407 ,(1.743),4.962 ,(1.593),6.660 ,(0.783),3.056 ,(1.265),,6.792 ,(0.495),6.264 ,(1.163),0.000 ,5.887 ,(1.187),4.226 ,(1.717),6.604 ,(0.862),2.472 ,(0.890),,,
Instruments,piccolo,5.115 ,(1.745),4.039 ,(1.649),3.774 ,2.706 ,(1.418),3.588 ,(1.675),5.471 ,(1.419),6.500 ,(0.953),,4.311 ,(1.794),3.822 ,(1.723),15.094 ,2.622 ,(1.527),4.075 ,(1.439),4.225 ,(1.761),5.205 ,(1.424),,,
Instruments,recorder,5.519 ,(1.563),5.204 ,(1.583),0.000 ,3.722 ,(1.698),3.370 ,(1.496),6.056 ,(1.265),6.611 ,(0.738),,5.731 ,(1.190),5.923 ,(1.218),0.000 ,4.308 ,(1.663),2.942 ,(1.227),6.308 ,(1.001),3.250 ,(0.905),,,
Instruments,saxophone,6.283 ,(1.026),5.192 ,(1.669),1.887 ,3.774 ,(1.739),4.792 ,(1.511),5.887 ,(1.311),6.226 ,(0.891),,6.057 ,(1.082),5.491 ,(1.489),0.000 ,4.415 ,(1.598),5.019 ,(1.615),5.925 ,(1.371),4.132 ,(1.093),,,
Instruments,sitar,3.867 ,(1.817),3.244 ,(1.667),16.667 ,2.178 ,(0.860),4.070 ,(1.624),4.476 ,(1.838),6.977 ,(0.152),,3.129 ,(1.668),3.452 ,(1.457),41.509 ,2.290 ,(1.071),4.556 ,(1.577),4.519 ,(1.626),6.290 ,(1.071),,,
Instruments,snare drum,4.512 ,(1.764),3.674 ,(1.782),18.868 ,2.744 ,(1.663),2.975 ,(1.493),4.775 ,(1.901),6.718 ,(0.793),,4.920 ,(1.441),5.080 ,(1.639),5.660 ,3.920 ,(1.816),2.714 ,(1.099),5.571 ,(1.323),5.306 ,(1.388),,,
Instruments,sousaphone,3.919 ,(1.891),3.054 ,(1.699),31.481 ,1.838 ,(1.041),3.971 ,(1.660),4.618 ,(1.633),6.875 ,(0.421),,2.727 ,(1.954),2.091 ,(1.221),79.245 ,1.636 ,(1.027),5.286 ,(0.756),2.571 ,(1.512),6.818 ,(0.405),,,
Instruments,spinet,3.935 ,(1.794),3.435 ,(1.708),13.208 ,1.978 ,(0.931),4.739 ,(1.421),4.870 ,(1.614),6.756 ,(0.529),,3.333 ,(2.422),2.500 ,(1.378),88.679 ,1.500 ,(0.548),5.500 ,(1.291),3.250 ,(2.062),6.000 ,(1.265),,,
Instruments,synthesiser,3.929 ,(1.772),3.048 ,(1.794),19.231 ,2.500 ,(1.366),4.432 ,(1.608),4.444 ,(1.904),7.000 ,0.000 ,,4.481 ,(1.686),4.942 ,(1.720),1.887 ,3.712 ,(1.764),4.412 ,(1.699),5.314 ,(1.516),5.250 ,(1.493),,,
Instruments,tambourine,4.796 ,(1.509),4.759 ,(1.682),0.000 ,3.315 ,(1.588),3.074 ,(1.515),6.151 ,(1.392),4.741 ,(1.494),,5.038 ,(1.519),5.849 ,(1.183),0.000 ,3.849 ,(1.586),2.906 ,(1.362),6.358 ,(0.787),3.038 ,(1.073),,,
Instruments,timpani,4.918 ,(1.592),3.959 ,(1.707),9.259 ,3.204 ,(1.633),3.816 ,(1.509),5.388 ,(1.718),6.646 ,(0.887),,4.379 ,(1.781),4.793 ,(1.859),45.283 ,2.931 ,(1.602),3.600 ,(1.258),5.000 ,(1.443),5.862 ,(1.302),,,
Instruments,tin whistle,4.057 ,(1.791),4.189 ,(1.618),0.000 ,2.642 ,(1.317),2.943 ,(1.200),5.731 ,(1.548),4.941 ,(1.348),,4.469 ,(1.733),4.531 ,(1.473),7.547 ,3.163 ,(1.390),2.571 ,(0.913),5.367 ,(1.202),4.245 ,(1.347),,,
Instruments,tom-tom,4.167 ,(1.705),4.000 ,(1.701),9.434 ,2.313 ,(0.993),2.915 ,(1.412),5.489 ,(1.640),5.625 ,(1.438),,4.132 ,(1.818),4.342 ,(1.599),28.302 ,3.105 ,(1.448),3.054 ,(1.026),4.730 ,(1.387),4.595 ,(1.322),,,
Instruments,triangle,4.698 ,(1.659),5.075 ,(1.719),0.000 ,3.245 ,(1.720),2.415 ,(1.658),6.377 ,(1.197),5.396 ,(1.621),,4.283 ,(1.622),5.472 ,(1.422),0.000 ,3.434 ,(1.704),1.698 ,(1.102),6.642 ,(0.653),2.868 ,(0.810),,,
Instruments,trombone,6.151 ,(1.063),4.906 ,(1.535),1.852 ,3.925 ,(1.627),4.453 ,(1.395),6.113 ,(1.325),5.849 ,(1.081),,6.094 ,(0.946),5.226 ,(1.515),0.000 ,3.868 ,(1.494),4.423 ,(1.348),5.942 ,(0.998),3.943 ,(1.099),,,
Instruments,trumpet,6.519 ,(0.818),5.241 ,(1.577),0.000 ,4.185 ,(1.738),4.222 ,(1.525),6.352 ,(1.049),4.574 ,(1.409),,6.453 ,(0.722),5.925 ,(1.269),0.000 ,4.604 ,(1.446),4.170 ,(1.451),6.094 ,(1.181),3.321 ,(0.996),,,
Instruments,tuba,5.080 ,(1.748),4.280 ,(1.617),5.660 ,3.060 ,(1.544),4.265 ,(1.668),5.612 ,(1.511),6.469 ,(0.960),,5.226 ,(1.396),4.811 ,(1.594),0.000 ,3.453 ,(1.539),4.212 ,(1.405),5.192 ,(1.237),4.642 ,(1.302),,,
Instruments,tubular bell,3.667 ,(1.663),3.476 ,(1.798),19.231 ,2.325 ,(1.228),3.250 ,(1.463),5.025 ,(1.747),6.634 ,(0.968),,3.638 ,(1.916),3.681 ,(1.576),11.321 ,2.149 ,(0.955),3.511 ,(1.440),4.295 ,(1.564),5.478 ,(1.278),,,
Instruments,ukulele,5.019 ,(1.523),4.574 ,(1.561),0.000 ,2.796 ,(1.122),3.833 ,(1.526),6.000 ,(1.177),5.389 ,(1.188),,3.727 ,(1.835),3.318 ,(1.377),16.981 ,2.045 ,(0.939),3.813 ,(1.330),3.903 ,(1.640),5.455 ,(1.266),,,
Instruments,vibraphone,3.963 ,(2.261),2.630 ,(1.573),49.057 ,2.074 ,(1.035),3.870 ,(1.359),3.652 ,(1.774),6.917 ,(0.282),,3.696 ,(1.717),3.348 ,(1.921),56.604 ,2.130 ,(1.180),3.750 ,(1.342),3.500 ,(1.787),6.000 ,(1.380),,,
Instruments,viola,5.500 ,(1.407),4.481 ,(1.732),1.887 ,3.288 ,(1.625),4.212 ,(1.513),5.673 ,(1.556),6.288 ,(1.054),,5.176 ,(1.584),4.880 ,(1.520),3.846 ,3.600 ,(1.539),4.208 ,(1.352),5.542 ,(1.529),4.863 ,(1.510),,,
Instruments,violin,6.566 ,(0.665),5.811 ,(1.345),0.000 ,4.698 ,(1.825),4.660 ,(1.568),6.472 ,(0.846),4.547 ,(1.280),,6.547 ,(0.867),5.830 ,(1.438),0.000 ,4.830 ,(1.590),4.115 ,(1.542),6.434 ,(0.888),3.113 ,(1.031),,,
Instruments,whistle,4.556 ,(1.959),5.037 ,(1.659),0.000 ,3.491 ,(1.825),2.944 ,(1.420),6.019 ,(1.394),3.887 ,(1.527),,3.623 ,(1.842),5.377 ,(1.535),0.000 ,3.943 ,(1.586),2.698 ,(1.186),5.962 ,(1.073),2.868 ,(1.038),,,
Instruments,wobble board,2.690 ,(1.892),2.357 ,(1.545),47.170 ,1.643 ,(0.951),2.040 ,(1.241),4.192 ,(2.059),7.000 ,0.000 ,,2.263 ,(1.537),3.684 ,(1.544),28.302 ,2.316 ,(1.297),1.868 ,(1.044),4.974 ,(1.284),5.605 ,(1.285),,,
Instruments,xylophone,5.000 ,(1.808),4.717 ,(1.598),1.852 ,3.094 ,(1.390),4.377 ,(1.471),5.792 ,(1.511),5.887 ,(1.296),,5.132 ,(1.442),5.094 ,(1.608),0.000 ,3.358 ,(1.630),3.788 ,(1.433),5.788 ,(1.126),3.717 ,(1.406),,,
Instruments,zither,4.160 ,(1.888),3.220 ,(1.418),5.660 ,2.260 ,(1.192),4.021 ,(1.360),4.915 ,(1.730),6.755 ,(0.560),,3.111 ,(1.676),2.611 ,(1.819),66.038 ,2.294 ,(1.759),3.700 ,(1.160),4.200 ,(1.989),6.167 ,(1.543),,,
Jewellery,anklet,3.736 ,(1.831),3.635 ,(1.858),0.000 ,2.308 ,(1.094),2.700 ,(1.669),5.820 ,(1.574),6.745 ,(0.744),,4.151 ,(1.736),4.660 ,(1.786),0.000 ,3.415 ,(1.926),2.623 ,(1.042),5.340 ,(1.617),5.623 ,(1.404),,,
Jewellery,bangle,5.811 ,(1.360),5.698 ,(1.551),0.000 ,4.491 ,(1.967),3.094 ,(1.874),6.529 ,(0.857),3.500 ,(1.515),,5.736 ,(1.258),5.509 ,(1.353),0.000 ,4.792 ,(1.791),2.415 ,(1.486),6.264 ,(0.880),3.132 ,(1.161),,,
Jewellery,belly ring,2.979 ,(1.816),2.319 ,(1.369),11.321 ,1.723 ,(0.902),2.043 ,(1.285),5.065 ,(1.781),7.000 ,0.000 ,,4.038 ,(1.808),4.830 ,(1.878),0.000 ,4.057 ,(1.823),2.308 ,(1.307),5.808 ,(1.415),6.731 ,(0.598),,,
Jewellery,bracelet,6.278 ,(0.998),6.056 ,(1.295),0.000 ,5.389 ,(1.653),3.556 ,(1.755),6.472 ,(0.973),3.870 ,(1.567),,6.415 ,(0.770),6.113 ,(1.050),0.000 ,5.717 ,(1.364),2.981 ,(1.462),6.231 ,(1.096),3.020 ,(1.407),,,
Jewellery,brooch,6.389 ,(0.940),6.167 ,(1.314),0.000 ,5.648 ,(1.481),4.648 ,(1.834),6.519 ,(0.906),4.167 ,(1.551),,6.057 ,(1.099),5.528 ,(1.353),0.000 ,4.642 ,(1.711),3.712 ,(1.684),6.038 ,(1.055),3.679 ,(1.034),,,
Jewellery,chain,6.226 ,(1.012),5.943 ,(1.350),0.000 ,5.453 ,(1.647),3.462 ,(1.765),6.321 ,(1.268),5.481 ,(1.686),,6.333 ,(1.052),6.314 ,(1.010),0.000 ,6.098 ,(1.118),3.060 ,(1.621),6.540 ,(0.762),3.327 ,(1.281),,,
Jewellery,choker,5.093 ,(1.364),4.759 ,(1.670),0.000 ,3.537 ,(1.587),3.593 ,(1.596),6.074 ,(1.257),6.704 ,(0.690),,4.608 ,(1.919),5.137 ,(1.600),3.774 ,3.765 ,(1.784),2.961 ,(1.296),5.804 ,(1.184),5.569 ,(1.221),,,
Jewellery,crown,4.000 ,(2.086),4.373 ,(1.969),0.000 ,2.788 ,(1.661),4.811 ,(1.618),6.278 ,(1.054),3.889 ,(1.410),,3.509 ,(1.836),4.717 ,(1.657),0.000 ,3.075 ,(1.567),4.491 ,(1.489),5.887 ,(1.266),2.808 ,(1.138),,,
Jewellery,cuff link,5.340 ,(1.467),5.849 ,(1.336),0.000 ,4.000 ,(1.710),3.226 ,(1.502),6.226 ,(1.219),5.283 ,(1.769),,4.358 ,(1.606),5.094 ,(1.620),0.000 ,3.698 ,(1.526),2.811 ,(1.272),5.849 ,(1.262),4.846 ,(1.334),,,
Jewellery,earring,6.519 ,(0.818),6.352 ,(1.049),0.000 ,5.815 ,(1.543),3.692 ,(1.810),6.528 ,(0.890),5.241 ,(1.613),,6.792 ,(0.532),6.264 ,(1.129),0.000 ,6.226 ,(1.203),3.170 ,(1.837),6.255 ,(1.426),3.113 ,(1.103),,,
Jewellery,eyebrow ring,3.063 ,(1.884),2.583 ,(1.596),11.111 ,1.958 ,(1.010),1.978 ,(1.273),4.891 ,(2.203),6.864 ,(0.905),,4.038 ,(1.698),4.717 ,(1.668),0.000 ,4.113 ,(1.637),2.189 ,(1.257),6.038 ,(1.109),6.642 ,(0.710),,,
Jewellery,medallion,4.509 ,(1.613),4.830 ,(1.684),0.000 ,3.057 ,(1.262),3.462 ,(1.501),5.692 ,(1.591),6.264 ,(1.041),,4.245 ,(1.628),4.755 ,(1.518),0.000 ,3.094 ,(1.431),2.792 ,(1.183),5.623 ,(1.471),4.415 ,(1.200),,,
Jewellery,necklace,6.722 ,(0.596),6.556 ,(1.003),0.000 ,5.907 ,(1.444),4.148 ,(1.897),6.574 ,(0.742),4.074 ,(1.540),,6.827 ,(0.382),6.481 ,(0.939),0.000 ,6.442 ,(0.850),3.327 ,(1.757),6.588 ,(0.853),2.627 ,(0.937),,,
Jewellery,nose ring,3.449 ,(1.621),3.041 ,(1.527),9.259 ,2.531 ,(1.157),2.082 ,(1.498),5.755 ,(1.601),7.000 ,0.000 ,,4.038 ,(1.720),5.075 ,(1.567),0.000 ,4.340 ,(1.753),2.283 ,(1.350),6.038 ,(1.330),6.019 ,(1.248),,,
Jewellery,pendant,5.981 ,(1.141),5.833 ,(1.299),0.000 ,5.037 ,(1.682),4.167 ,(1.634),6.528 ,(0.868),5.849 ,(1.406),,5.462 ,(1.448),5.423 ,(1.613),1.887 ,4.827 ,(1.723),3.231 ,(1.352),5.788 ,(1.160),4.288 ,(1.486),,,
Jewellery,ring,6.792 ,(0.600),6.755 ,(0.731),0.000 ,6.604 ,(0.862),3.132 ,(2.131),6.755 ,(0.677),3.509 ,(1.564),,6.887 ,(0.320),6.717 ,(0.568),0.000 ,6.679 ,(0.673),2.415 ,(1.473),6.830 ,(0.545),2.604 ,(0.927),,,
Jewellery,tiara,4.574 ,(2.015),4.278 ,(1.806),0.000 ,2.815 ,(1.555),4.611 ,(1.698),6.204 ,(1.250),5.833 ,(1.328),,4.057 ,(1.895),4.604 ,(1.691),0.000 ,3.189 ,(1.570),4.462 ,(1.514),5.808 ,(1.189),4.245 ,(1.518),,,
Jewellery,tiepin,4.500 ,(1.724),5.278 ,(1.653),0.000 ,3.333 ,(1.873),2.815 ,(1.347),6.315 ,(1.130),4.889 ,(1.586),,3.549 ,(1.641),4.333 ,(1.657),3.774 ,2.961 ,(1.428),2.380 ,(1.048),5.160 ,(1.658),5.216 ,(1.331),,,
Jewellery,tongue stud,3.340 ,(1.902),2.460 ,(1.555),7.407 ,2.245 ,(1.315),2.388 ,(1.441),5.082 ,(1.801),7.000 ,0.000 ,,3.623 ,(1.842),4.698 ,(1.761),0.000 ,3.679 ,(1.603),2.245 ,(1.440),5.792 ,(1.261),6.792 ,(0.495),,,
Jewellery,watch,6.574 ,(1.002),6.685 ,(0.668),0.000 ,6.796 ,(0.528),4.741 ,(1.865),6.722 ,(0.738),3.704 ,(1.449),,5.925 ,(1.530),6.509 ,(0.869),0.000 ,6.679 ,(0.779),3.981 ,(1.658),6.698 ,(0.696),2.346 ,(0.789),,,
Tools,allen key,4.775 ,(1.954),4.675 ,(1.979),25.926 ,3.325 ,(1.927),2.711 ,(1.609),5.487 ,(1.684),7.000 ,0.000 ,,4.459 ,(1.773),5.162 ,(1.537),28.846 ,3.622 ,(1.754),2.250 ,(1.131),5.833 ,(1.320),5.703 ,(1.331),,,
Tools,anvil,4.698 ,(1.705),4.340 ,(1.931),1.852 ,2.642 ,(1.456),3.057 ,(1.486),5.849 ,(1.460),5.283 ,(1.511),,4.224 ,(1.817),4.184 ,(1.564),7.547 ,2.735 ,(1.335),2.804 ,(1.128),5.348 ,(1.269),5.104 ,(1.418),,,
Tools,awl,5.039 ,(1.685),4.725 ,(2.040),5.556 ,3.392 ,(1.866),2.702 ,(1.301),5.383 ,(1.800),6.040 ,(1.293),,4.250 ,(1.844),3.750 ,(2.049),69.811 ,2.750 ,(2.049),2.769 ,(1.363),5.077 ,(1.801),5.750 ,(1.438),,,
Tools,axe,6.115 ,(1.060),6.058 ,(1.320),0.000 ,4.192 ,(1.633),2.769 ,(1.554),6.519 ,(1.019),4.269 ,(1.646),,5.827 ,(1.115),5.673 ,(1.232),0.000 ,4.058 ,(1.650),2.519 ,(1.075),6.365 ,(0.908),3.327 ,(0.923),,,
Tools,blowlamp,5.074 ,(1.452),4.741 ,(1.803),0.000 ,2.944 ,(1.595),4.000 ,(1.454),5.870 ,(1.505),6.130 ,(1.260),,4.531 ,(1.781),4.184 ,(1.564),7.547 ,2.898 ,(1.571),3.688 ,(1.257),4.833 ,(1.492),5.327 ,(1.231),,,
Tools,bolt,4.640 ,(1.946),5.400 ,(1.702),5.660 ,4.440 ,(1.897),2.960 ,(1.603),5.800 ,(1.629),4.816 ,(1.716),,3.412 ,(2.071),5.132 ,(1.594),0.000 ,4.208 ,(1.758),2.212 ,(1.210),5.462 ,(1.614),3.887 ,(1.086),,,
Tools,brace,5.288 ,(1.525),4.635 ,(1.981),3.704 ,3.308 ,(1.956),3.600 ,(1.690),5.306 ,(1.862),5.804 ,(1.484),,3.538 ,(1.890),3.308 ,(1.608),26.415 ,2.179 ,(1.189),3.467 ,(1.525),3.733 ,(1.574),5.711 ,(1.354),,,
Tools,callipers,4.620 ,(1.883),4.320 ,(2.004),7.407 ,2.880 ,(1.698),3.229 ,(1.505),5.408 ,(1.593),6.620 ,(0.830),,4.281 ,(1.571),3.938 ,(1.413),39.623 ,2.969 ,(1.402),3.156 ,(1.051),4.750 ,(1.524),5.875 ,(1.212),,,
Tools,chain saw,5.481 ,(1.370),4.315 ,(1.789),0.000 ,2.889 ,(1.488),4.444 ,(1.475),5.519 ,(1.328),6.870 ,(0.584),,5.566 ,(1.185),5.151 ,(1.511),0.000 ,3.811 ,(1.665),4.226 ,(1.450),5.792 ,(1.246),4.264 ,(1.163),,,
Tools,chisel,6.315 ,(1.025),6.074 ,(1.315),0.000 ,4.611 ,(1.731),2.870 ,(1.428),6.593 ,(0.836),5.204 ,(1.433),,5.736 ,(1.227),5.057 ,(1.473),0.000 ,3.792 ,(1.610),2.321 ,(1.123),5.679 ,(1.384),4.245 ,(1.108),,,
Tools,clamp,5.315 ,(1.464),4.852 ,(1.720),0.000 ,3.407 ,(1.631),3.623 ,(1.457),5.667 ,(1.441),6.185 ,(1.183),,4.882 ,(1.740),4.745 ,(1.508),3.774 ,3.280 ,(1.526),3.078 ,(1.197),5.059 ,(1.287),5.039 ,(1.264),,,
Tools,claw hammer,6.327 ,(1.232),6.000 ,(1.469),1.887 ,4.549 ,(1.922),2.961 ,(1.523),6.412 ,(1.099),5.000 ,(1.709),,5.500 ,(1.670),4.935 ,(1.744),13.208 ,3.565 ,(1.772),2.955 ,(1.238),5.523 ,(1.532),4.545 ,(1.620),,,
Tools,clippers,5.340 ,(1.531),5.264 ,(1.443),1.852 ,4.151 ,(1.511),3.566 ,(1.587),6.075 ,(1.222),5.566 ,(1.658),,5.040 ,(1.538),4.940 ,(1.517),3.846 ,3.660 ,(1.465),2.980 ,(1.059),5.100 ,(1.313),4.540 ,(1.249),,,
Tools,coping saw,4.667 ,(1.848),3.250 ,(1.984),38.462 ,2.594 ,(1.701),3.185 ,(1.360),4.815 ,(1.665),6.793 ,(0.559),,4.640 ,(1.912),3.440 ,(1.828),52.830 ,2.600 ,(1.756),2.941 ,(1.144),4.588 ,(1.805),6.080 ,(1.288),,,
Tools,crowbar,5.093 ,(1.651),4.167 ,(1.871),0.000 ,2.981 ,(1.572),2.250 ,(1.297),5.774 ,(1.310),6.333 ,(1.149),,4.887 ,(1.695),4.887 ,(1.625),0.000 ,3.283 ,(1.634),2.038 ,(1.102),5.904 ,(1.176),4.811 ,(1.316),,,
Tools,dividers,4.391 ,(1.844),4.435 ,(1.962),14.815 ,2.739 ,(1.541),2.565 ,(1.259),5.435 ,(1.682),5.955 ,(1.160),,3.743 ,(1.990),3.943 ,(1.909),33.962 ,3.143 ,(2.017),2.643 ,(1.129),5.000 ,(1.466),5.543 ,(1.314),,,
Tools,drill,6.056 ,(1.309),5.796 ,(1.279),0.000 ,4.611 ,(1.764),4.148 ,(1.472),6.130 ,(1.150),5.481 ,(1.463),,6.358 ,(0.901),5.811 ,(1.429),0.000 ,4.415 ,(1.791),4.057 ,(1.447),6.115 ,(0.963),3.604 ,(1.115),,,
Tools,file,6.038 ,(1.315),6.019 ,(1.366),0.000 ,5.038 ,(1.829),2.604 ,(1.523),6.396 ,(1.115),5.038 ,(1.344),,5.509 ,(1.476),5.170 ,(1.438),0.000 ,3.962 ,(1.629),2.396 ,(1.132),5.623 ,(1.228),4.434 ,(1.366),,,
Tools,fret saw,5.315 ,(1.503),5.074 ,(1.612),0.000 ,3.333 ,(1.737),3.556 ,(1.550),5.889 ,(1.223),5.926 ,(1.344),,4.786 ,(1.813),3.107 ,(1.812),47.170 ,2.214 ,(1.500),3.421 ,(1.305),4.389 ,(1.914),6.259 ,(0.984),,,
Tools,gauge,4.736 ,(1.619),4.115 ,(1.700),1.887 ,3.096 ,(1.752),3.638 ,(1.481),5.149 ,(1.642),6.431 ,(0.831),,4.116 ,(1.762),3.558 ,(1.736),18.868 ,2.628 ,(1.676),3.167 ,(1.056),4.222 ,(1.570),5.667 ,(1.183),,,
Tools,glue gun,4.340 ,(2.006),3.780 ,(1.982),7.407 ,2.540 ,(1.528),3.422 ,(1.305),4.822 ,(1.556),7.000 ,0.000 ,,3.922 ,(1.820),4.275 ,(1.834),3.774 ,2.902 ,(1.603),3.438 ,(1.201),4.813 ,(1.964),5.882 ,(1.227),,,
Tools,grinder,4.818 ,(1.980),3.955 ,(1.842),15.385 ,2.795 ,(1.579),3.550 ,(1.616),4.800 ,(1.829),6.333 ,(1.119),,4.366 ,(1.841),3.902 ,(1.758),21.154 ,2.683 ,(1.474),3.571 ,(1.558),4.571 ,(1.703),5.525 ,(1.198),,,
Tools,hacksaw,5.653 ,(1.437),5.224 ,(1.611),5.769 ,3.959 ,(1.814),3.082 ,(1.484),5.792 ,(1.529),5.755 ,(1.451),,5.481 ,(1.306),5.058 ,(1.335),1.887 ,3.577 ,(1.576),2.824 ,(1.144),5.706 ,(1.221),4.863 ,(1.217),,,
Tools,hammer,6.788 ,(0.498),6.692 ,(0.781),0.000 ,6.038 ,(1.313),2.961 ,(1.685),6.615 ,(0.993),3.596 ,(1.563),,6.679 ,(0.827),6.566 ,(0.821),0.000 ,5.547 ,(1.501),2.472 ,(1.219),6.755 ,(0.551),2.774 ,(0.974),,,
Tools,hatchet,5.788 ,(1.499),5.692 ,(1.603),1.887 ,3.788 ,(1.903),2.769 ,(1.592),6.250 ,(1.219),4.549 ,(1.433),,4.800 ,(1.525),4.240 ,(1.709),5.660 ,2.840 ,(1.621),2.604 ,(0.917),5.188 ,(1.539),5.102 ,(1.279),,,
Tools,hoe,6.074 ,(1.007),5.889 ,(1.355),0.000 ,4.889 ,(1.808),2.630 ,(1.470),6.340 ,(1.143),4.736 ,(1.677),,5.176 ,(1.658),4.745 ,(1.611),3.774 ,3.098 ,(1.404),2.412 ,(0.779),5.490 ,(1.419),4.196 ,(1.200),,,
Tools,hose,4.547 ,(1.986),5.925 ,(1.412),0.000 ,4.698 ,(1.739),2.642 ,(1.582),6.245 ,(1.299),4.679 ,(1.696),,3.396 ,(1.812),5.698 ,(1.153),0.000 ,4.132 ,(1.507),1.887 ,(0.891),6.113 ,(1.068),3.113 ,(1.013),,,
Tools,jack,5.444 ,(1.656),5.407 ,(1.486),0.000 ,3.528 ,(1.612),4.130 ,(1.518),5.815 ,(1.506),6.377 ,(1.113),,4.962 ,(1.692),4.904 ,(1.575),1.887 ,3.788 ,(1.625),3.580 ,(1.386),5.440 ,(1.343),4.647 ,(1.440),,,
Tools,jigsaw,4.723 ,(1.802),4.319 ,(1.946),12.963 ,3.277 ,(1.778),4.244 ,(1.873),5.196 ,(1.628),6.318 ,(1.235),,4.569 ,(1.982),4.569 ,(1.792),3.774 ,3.471 ,(1.579),4.500 ,(1.426),5.044 ,(1.758),5.098 ,(1.723),,,
Tools,lathe,5.216 ,(1.346),4.431 ,(1.868),5.556 ,2.863 ,(1.549),4.457 ,(1.516),5.600 ,(1.372),6.440 ,(0.787),,4.968 ,(1.378),4.097 ,(1.513),41.509 ,2.613 ,(1.745),4.333 ,(1.711),4.458 ,(1.841),6.033 ,(1.098),,,
Tools,lawn mower,5.925 ,(1.385),6.245 ,(1.072),0.000 ,5.519 ,(1.488),4.412 ,(1.590),6.442 ,(1.092),4.698 ,(1.856),,4.849 ,(1.610),5.792 ,(1.133),0.000 ,4.774 ,(1.577),4.566 ,(1.394),6.113 ,(0.934),3.377 ,(1.042),,,
Tools,mallet,5.463 ,(1.538),5.296 ,(1.609),0.000 ,3.741 ,(1.944),2.519 ,(1.437),6.167 ,(1.161),5.593 ,(1.421),,5.340 ,(1.255),5.057 ,(1.622),0.000 ,3.528 ,(1.671),2.245 ,(1.017),5.698 ,(1.295),4.377 ,(1.078),,,
Tools,micrometer,4.244 ,(1.908),3.732 ,(2.247),22.642 ,2.537 ,(1.733),4.371 ,(1.987),4.829 ,(2.051),6.694 ,(0.668),,3.783 ,(1.731),3.130 ,(2.007),55.769 ,2.609 ,(1.803),3.611 ,(1.195),4.667 ,(1.749),6.826 ,(0.491),,,
Tools,monkey wrench,5.188 ,(1.607),4.042 ,(1.725),11.111 ,2.875 ,(1.684),3.717 ,(1.530),4.956 ,(1.637),6.370 ,(1.271),,5.310 ,(1.405),4.071 ,(1.455),20.755 ,3.071 ,(1.504),3.513 ,(1.144),4.868 ,(1.630),5.571 ,(1.252),,,
Tools,nail,5.712 ,(1.893),6.615 ,(0.844),1.887 ,5.904 ,(1.376),2.288 ,(1.730),6.615 ,(0.911),3.549 ,(1.433),,4.302 ,(2.232),6.226 ,(0.993),0.000 ,5.340 ,(1.493),1.698 ,(1.067),6.566 ,(0.844),3.000 ,(0.886),,,
Tools,nut,5.019 ,(1.855),5.830 ,(1.411),1.852 ,5.000 ,(1.871),2.712 ,(1.637),6.192 ,(1.253),4.058 ,(1.614),,3.077 ,(1.979),5.692 ,(1.164),1.887 ,4.885 ,(1.423),2.250 ,(1.153),6.038 ,(1.220),3.481 ,(1.306),,,
Tools,paintbrush,5.704 ,(1.667),6.481 ,(0.986),0.000 ,5.500 ,(1.563),3.000 ,(1.614),6.611 ,(0.763),4.074 ,(1.564),,5.231 ,(1.604),6.173 ,(1.115),0.000 ,5.135 ,(1.560),2.635 ,(1.221),6.596 ,(0.748),2.365 ,(1.030),,,
Tools,pencil,5.370 ,(1.955),6.759 ,(0.581),0.000 ,6.648 ,(0.756),2.407 ,(1.608),6.660 ,(0.758),2.630 ,(1.233),,4.000 ,(2.010),6.528 ,(0.799),0.000 ,6.566 ,(0.747),1.830 ,(1.069),6.604 ,(0.987),1.942 ,(0.725),,,
Tools,penknife,5.685 ,(1.515),6.259 ,(1.049),0.000 ,5.037 ,(1.812),3.444 ,(1.586),6.537 ,(0.840),4.189 ,(1.360),,4.623 ,(1.620),5.736 ,(1.179),0.000 ,4.623 ,(1.547),3.906 ,(1.535),6.057 ,(1.027),3.887 ,(1.050),,,
Tools,pick,5.667 ,(1.505),5.370 ,(1.825),0.000 ,3.574 ,(1.797),2.722 ,(1.559),6.130 ,(1.467),5.352 ,(1.662),,5.020 ,(1.772),4.353 ,(1.635),3.774 ,2.961 ,(1.469),2.647 ,(0.976),5.039 ,(1.697),4.660 ,(1.334),,,
Tools,pickaxe,5.827 ,(1.368),5.365 ,(1.585),3.704 ,3.519 ,(1.663),2.692 ,(1.449),6.327 ,(1.200),5.288 ,(1.513),,5.170 ,(1.411),4.736 ,(1.430),0.000 ,3.302 ,(1.353),2.491 ,(1.049),5.358 ,(1.331),4.340 ,(0.979),,,
Tools,pincers,5.396 ,(1.485),5.075 ,(1.627),1.852 ,3.717 ,(2.023),2.981 ,(1.366),5.830 ,(1.424),5.830 ,(1.516),,4.326 ,(1.822),3.581 ,(1.592),17.308 ,2.907 ,(1.428),2.905 ,(1.144),4.220 ,(1.681),5.372 ,(1.291),,,
Tools,plane,6.000 ,(1.082),5.574 ,(1.585),0.000 ,4.000 ,(1.883),3.556 ,(1.488),6.296 ,(0.983),5.574 ,(1.283),,5.118 ,(1.545),4.824 ,(1.438),3.774 ,3.157 ,(1.528),3.020 ,(1.241),5.176 ,(1.519),5.180 ,(1.240),,,
Tools,pliers,6.352 ,(0.994),6.204 ,(1.122),0.000 ,5.352 ,(1.639),3.444 ,(1.396),6.519 ,(0.841),4.698 ,(1.381),,6.075 ,(0.937),5.623 ,(1.274),0.000 ,4.698 ,(1.682),2.943 ,(1.134),5.925 ,(1.238),3.962 ,(1.120),,,
Tools,plumb line,4.849 ,(1.812),5.189 ,(1.699),1.852 ,3.340 ,(1.911),2.585 ,(1.634),6.113 ,(1.311),6.019 ,(1.152),,4.000 ,(1.502),3.900 ,(1.499),24.528 ,2.650 ,(1.610),2.342 ,(1.047),4.658 ,(1.921),5.750 ,(1.256),,,
Tools,punch,4.712 ,(1.661),4.885 ,(1.811),1.887 ,3.308 ,(1.721),2.712 ,(1.625),5.843 ,(1.502),6.196 ,(1.096),,3.932 ,(1.757),5.205 ,(1.374),16.981 ,4.432 ,(1.676),3.070 ,(1.438),5.512 ,(1.404),4.864 ,(1.340),,,
Tools,rake,6.132 ,(1.194),6.396 ,(0.927),0.000 ,5.302 ,(1.576),3.057 ,(1.622),6.226 ,(1.409),4.491 ,(1.648),,5.679 ,(1.341),5.491 ,(1.476),0.000 ,4.151 ,(1.680),2.453 ,(1.218),6.189 ,(1.210),3.358 ,(0.963),,,
Tools,rasp,5.000 ,(1.773),5.000 ,(1.874),7.407 ,3.460 ,(1.798),2.938 ,(1.493),5.854 ,(1.220),6.020 ,(1.450),,4.520 ,(1.686),4.200 ,(1.936),52.830 ,3.320 ,(2.015),2.810 ,(1.289),5.429 ,(1.720),5.480 ,(1.503),,,
Tools,ratchet,4.551 ,(1.733),3.837 ,(1.700),9.259 ,2.551 ,(1.324),3.854 ,(1.516),4.563 ,(1.636),6.796 ,(0.816),,4.649 ,(1.814),3.757 ,(1.739),30.189 ,2.703 ,(1.525),3.484 ,(1.262),3.903 ,(1.955),5.757 ,(1.422),,,
Tools,roller,4.196 ,(1.613),4.333 ,(1.633),3.774 ,2.980 ,(1.643),2.647 ,(1.246),5.941 ,(1.363),6.196 ,(1.371),,4.043 ,(1.563),4.478 ,(1.616),11.538 ,3.370 ,(1.597),2.674 ,(1.230),5.370 ,(1.356),4.326 ,(1.230),,,
Tools,ruler,5.963 ,(1.440),6.630 ,(0.875),0.000 ,6.148 ,(1.379),2.611 ,(1.816),6.679 ,(0.872),3.315 ,(0.968),,4.736 ,(1.872),6.396 ,(1.007),0.000 ,5.981 ,(1.263),1.830 ,(1.105),6.660 ,(0.758),2.736 ,(0.788),,,
Tools,sander,5.255 ,(1.534),4.902 ,(1.552),5.556 ,3.490 ,(1.748),3.729 ,(1.526),5.438 ,(1.413),6.843 ,(0.464),,5.058 ,(1.487),4.692 ,(1.553),0.000 ,3.538 ,(1.709),3.840 ,(1.315),4.780 ,(1.670),5.250 ,(1.341),,,
Tools,sandpaper,4.962 ,(1.808),6.000 ,(1.359),0.000 ,4.774 ,(1.815),2.434 ,(1.611),6.396 ,(1.132),5.075 ,(1.555),,3.660 ,(1.764),5.717 ,(1.262),0.000 ,4.302 ,(1.716),1.792 ,(1.007),6.132 ,(1.359),3.792 ,(1.133),,,
Tools,saw,6.588 ,(0.698),6.176 ,(1.195),0.000 ,5.118 ,(1.740),3.490 ,(1.690),6.510 ,(0.903),4.020 ,(1.594),,6.604 ,(0.743),6.226 ,(1.137),0.000 ,4.830 ,(1.707),2.698 ,(1.119),6.396 ,(0.968),2.962 ,(1.091),,,
Tools,scissors,6.278 ,(1.172),6.704 ,(0.717),0.000 ,6.685 ,(0.668),3.547 ,(1.671),6.815 ,(0.438),3.111 ,(1.127),,4.811 ,(1.830),6.491 ,(0.775),0.000 ,6.346 ,(0.789),3.019 ,(1.196),6.577 ,(0.776),2.442 ,(0.777),,,
Tools,scraper,5.208 ,(1.549),5.321 ,(1.718),0.000 ,3.942 ,(1.809),2.434 ,(1.563),5.981 ,(1.448),6.170 ,(1.221),,4.824 ,(1.808),4.863 ,(1.536),3.774 ,3.510 ,(1.405),2.188 ,(0.960),5.408 ,(1.553),4.600 ,(1.262),,,
Tools,screw,5.759 ,(1.659),6.426 ,(0.944),0.000 ,5.833 ,(1.328),3.000 ,(1.637),6.537 ,(0.884),4.389 ,(1.472),,4.000 ,(2.039),6.115 ,(1.041),0.000 ,5.327 ,(1.465),2.442 ,(1.274),6.423 ,(0.871),3.212 ,(1.073),,,
Tools,screwdriver,6.673 ,(0.706),6.481 ,(0.980),0.000 ,6.269 ,(1.157),3.096 ,(1.774),6.654 ,(0.883),4.538 ,(1.448),,6.750 ,(0.519),6.327 ,(0.901),0.000 ,5.423 ,(1.526),2.558 ,(1.378),6.404 ,(1.107),3.365 ,(1.103),,,
Tools,scythe,4.519 ,(1.881),5.037 ,(1.682),0.000 ,2.796 ,(1.446),2.870 ,(1.289),6.296 ,(1.253),4.722 ,(1.618),,4.130 ,(1.821),4.413 ,(1.668),13.208 ,2.717 ,(1.377),2.864 ,(1.212),5.523 ,(1.267),4.522 ,(1.225),,,
Tools,secateurs,5.660 ,(1.372),6.094 ,(1.275),1.852 ,5.283 ,(1.668),3.811 ,(1.388),6.404 ,(1.015),6.113 ,(1.396),,4.465 ,(1.638),4.674 ,(1.822),18.868 ,3.116 ,(1.483),3.308 ,(1.321),5.154 ,(1.694),4.976 ,(1.522),,,
Tools,set square,5.327 ,(1.642),5.442 ,(1.501),3.704 ,3.635 ,(1.981),2.784 ,(1.689),6.120 ,(1.409),5.588 ,(1.169),,4.365 ,(1.692),4.725 ,(1.698),1.923 ,3.058 ,(1.501),2.440 ,(1.198),5.694 ,(1.176),5.250 ,(1.297),,,
Tools,shears,5.815 ,(1.468),6.019 ,(1.325),0.000 ,4.630 ,(1.896),3.111 ,(1.690),6.296 ,(1.207),5.167 ,(1.756),,5.442 ,(1.305),5.269 ,(1.345),1.887 ,3.577 ,(1.433),3.000 ,(1.138),5.692 ,(1.276),4.096 ,(1.089),,,
Tools,shovel,6.296 ,(1.176),6.407 ,(0.942),0.000 ,5.509 ,(1.648),2.698 ,(1.576),6.491 ,(1.012),3.648 ,(1.568),,5.943 ,(1.365),6.170 ,(1.069),0.000 ,4.604 ,(1.656),2.226 ,(1.068),6.396 ,(0.840),3.000 ,(0.950),,,
Tools,sickle,4.846 ,(1.673),4.596 ,(1.881),1.887 ,2.712 ,(1.601),2.640 ,(1.352),6.078 ,(1.383),5.269 ,(1.470),,3.977 ,(1.548),4.136 ,(1.622),16.981 ,2.273 ,(1.107),2.581 ,(0.932),5.023 ,(1.655),5.114 ,(1.280),,,
Tools,sledge hammer,5.315 ,(1.503),4.648 ,(1.728),0.000 ,3.111 ,(1.745),2.509 ,(1.368),5.870 ,(1.542),5.755 ,(1.357),,5.415 ,(1.460),4.509 ,(1.476),0.000 ,3.189 ,(1.331),2.600 ,(1.030),5.700 ,(1.199),4.491 ,(1.265),,,
Tools,snips,4.886 ,(1.811),4.429 ,(2.200),33.962 ,3.229 ,(2.016),3.118 ,(1.719),5.118 ,(1.887),6.382 ,(1.206),,4.154 ,(2.014),3.346 ,(1.810),50.943 ,2.654 ,(1.623),3.045 ,(1.090),4.136 ,(1.583),5.769 ,(1.275),,,
Tools,soldering iron,5.019 ,(1.596),4.370 ,(1.876),0.000 ,3.259 ,(1.803),3.264 ,(1.483),5.377 ,(1.678),6.204 ,(1.219),,4.490 ,(1.883),4.163 ,(1.807),7.547 ,2.878 ,(1.481),3.643 ,(1.008),4.286 ,(1.757),5.551 ,(1.119),,,
Tools,spade,6.556 ,(0.744),6.444 ,(0.839),0.000 ,5.426 ,(1.487),2.815 ,(1.738),6.755 ,(0.585),3.415 ,(1.406),,6.415 ,(0.908),6.377 ,(0.985),0.000 ,4.981 ,(1.487),2.283 ,(1.215),6.358 ,(1.021),2.623 ,(0.965),,,
Tools,spanner,6.500 ,(0.863),6.167 ,(1.077),0.000 ,5.185 ,(1.727),3.130 ,(1.602),6.472 ,(1.049),5.111 ,(1.396),,6.500 ,(0.780),6.077 ,(1.135),0.000 ,4.808 ,(1.547),2.558 ,(1.243),6.192 ,(1.138),3.538 ,(1.056),,,
Tools,spirit level,5.679 ,(1.504),5.736 ,(1.470),0.000 ,4.057 ,(1.916),3.264 ,(1.558),6.000 ,(1.468),6.000 ,(1.221),,5.294 ,(1.487),5.392 ,(1.401),3.774 ,3.961 ,(1.969),3.000 ,(1.114),5.902 ,(1.375),4.451 ,(1.346),,,
Tools,stepladder,5.611 ,(1.618),6.574 ,(0.716),0.000 ,5.852 ,(1.472),3.556 ,(1.525),6.574 ,(0.792),4.113 ,(1.672),,3.887 ,(1.968),5.774 ,(1.250),0.000 ,4.679 ,(1.312),3.038 ,(1.358),6.113 ,(1.266),3.491 ,(1.137),,,
Tools,strimmer,5.346 ,(1.494),5.231 ,(1.604),3.704 ,3.962 ,(1.726),4.231 ,(1.652),5.615 ,(1.484),6.961 ,(0.280),,4.714 ,(1.646),5.041 ,(1.399),5.769 ,3.816 ,(1.509),3.854 ,(1.429),5.396 ,(1.425),5.408 ,(1.306),,,
Tools,t square,5.058 ,(1.626),5.019 ,(1.863),3.704 ,3.481 ,(1.663),2.627 ,(1.483),6.192 ,(1.314),5.731 ,(1.270),,4.558 ,(1.856),4.476 ,(1.954),19.231 ,2.952 ,(1.847),2.256 ,(1.312),5.333 ,(1.595),5.619 ,(1.229),,,
Tools,tack hammer,5.320 ,(1.755),5.000 ,(1.959),7.407 ,3.600 ,(2.070),2.587 ,(1.454),5.826 ,(1.495),5.979 ,(1.436),,4.333 ,(1.621),3.611 ,(1.678),32.075 ,2.778 ,(1.869),2.758 ,(1.119),4.727 ,(1.625),5.889 ,(1.190),,,
Tools,tape measure,5.593 ,(1.643),6.389 ,(1.235),0.000 ,5.556 ,(1.562),2.722 ,(1.709),6.593 ,(0.858),4.574 ,(1.449),,4.660 ,(1.518),6.000 ,(1.127),0.000 ,4.642 ,(1.711),2.623 ,(1.319),6.226 ,(1.266),3.717 ,(1.116),,,
Tools,torch,4.943 ,(1.875),6.226 ,(1.050),0.000 ,5.340 ,(1.652),3.340 ,(1.506),6.472 ,(1.049),3.774 ,(1.368),,3.906 ,(1.768),6.057 ,(1.151),0.000 ,5.019 ,(1.323),2.698 ,(1.102),6.340 ,(0.898),2.981 ,(0.866),,,
Tools,trowel,6.167 ,(1.194),6.352 ,(1.102),0.000 ,5.241 ,(1.682),2.870 ,(1.683),6.574 ,(0.815),4.889 ,(1.667),,5.491 ,(1.353),5.365 ,(1.299),0.000 ,3.811 ,(1.455),2.585 ,(1.307),5.774 ,(1.250),3.887 ,(1.296),,,
Tools,tweezers,4.944 ,(1.676),5.796 ,(1.351),0.000 ,4.574 ,(1.879),3.037 ,(1.613),6.269 ,(1.206),5.778 ,(1.410),,3.698 ,(1.761),5.604 ,(1.335),0.000 ,4.925 ,(1.627),2.453 ,(0.972),6.075 ,(1.089),4.245 ,(1.399),,,
Tools,vice,5.722 ,(1.406),5.444 ,(1.712),0.000 ,3.759 ,(1.952),3.585 ,(1.351),6.094 ,(1.213),5.741 ,(1.320),,4.981 ,(1.550),4.849 ,(1.231),0.000 ,3.585 ,(1.512),3.132 ,(1.038),5.453 ,(1.234),5.094 ,(1.213),,,
Tools,wire cutter,5.078 ,(1.547),4.588 ,(1.857),3.774 ,3.333 ,(1.818),3.300 ,(1.329),5.460 ,(1.555),6.608 ,(0.896),,4.943 ,(1.737),4.509 ,(1.660),0.000 ,3.283 ,(1.634),3.100 ,(0.863),5.060 ,(1.671),5.038 ,(1.313),,,
Tools,work bench,4.906 ,(1.863),5.472 ,(1.588),0.000 ,4.075 ,(2.138),3.717 ,(1.703),6.170 ,(1.172),5.774 ,(1.436),,3.792 ,(1.747),4.981 ,(1.394),0.000 ,3.566 ,(1.611),3.283 ,(1.246),5.377 ,(1.362),4.509 ,(1.234),,,
Tools,wrench,5.196 ,(1.613),4.490 ,(1.848),3.774 ,3.431 ,(1.676),3.681 ,(1.235),5.167 ,(1.506),6.340 ,(1.081),,5.509 ,(1.187),4.509 ,(1.577),0.000 ,3.415 ,(1.447),3.240 ,(1.506),4.900 ,(1.446),4.981 ,(1.232),,,
Vehicles,aeroplane,6.731 ,(0.717),6.173 ,(1.080),0.000 ,5.615 ,(1.523),5.096 ,(1.807),6.673 ,(0.810),4.865 ,(1.597),,6.472 ,(0.890),6.113 ,(1.266),0.000 ,5.774 ,(1.382),4.472 ,(1.728),6.528 ,(0.775),2.566 ,(1.029),,,
Vehicles,airship,4.038 ,(1.951),4.113 ,(1.761),1.852 ,2.596 ,(1.648),4.340 ,(1.686),5.774 ,(1.436),5.679 ,(1.327),,3.245 ,(1.750),4.102 ,(1.418),5.769 ,2.224 ,(0.985),3.898 ,(1.229),4.939 ,(1.449),4.898 ,(1.311),,,
Vehicles,ambulance,5.741 ,(1.320),6.037 ,(1.132),0.000 ,5.130 ,(1.626),4.167 ,(1.514),6.630 ,(0.708),4.167 ,(1.342),,4.528 ,(1.671),6.000 ,(1.074),0.000 ,5.340 ,(1.400),3.925 ,(1.615),6.434 ,(0.971),2.604 ,(0.968),,,
Vehicles,articulated lorry,5.887 ,(1.489),5.528 ,(1.514),0.000 ,5.189 ,(1.766),4.849 ,(1.511),6.192 ,(1.121),6.642 ,(0.762),,5.058 ,(1.514),5.269 ,(1.359),1.887 ,4.904 ,(1.445),4.365 ,(1.401),5.885 ,(1.132),4.462 ,(1.306),,,
Vehicles,balloon,3.759 ,(1.971),4.296 ,(1.987),0.000 ,2.722 ,(1.547),3.736 ,(1.571),6.000 ,(1.289),5.815 ,(1.683),,3.038 ,(1.720),4.849 ,(1.680),0.000 ,3.415 ,(1.634),3.308 ,(1.553),6.038 ,(1.126),3.415 ,(1.232),,,
Vehicles,barge,4.630 ,(1.521),4.222 ,(1.462),0.000 ,2.778 ,(1.208),3.491 ,(1.339),5.796 ,(1.265),5.444 ,(1.313),,3.528 ,(1.683),4.396 ,(1.702),0.000 ,2.849 ,(1.231),3.774 ,(1.476),5.415 ,(1.262),4.558 ,(1.211),,,
Vehicles,bicycle,6.407 ,(1.073),6.500 ,(1.005),0.000 ,6.019 ,(1.596),4.685 ,(1.680),6.630 ,(0.831),3.481 ,(1.270),,6.170 ,(1.069),6.358 ,(1.128),0.000 ,6.170 ,(1.069),4.245 ,(1.720),6.642 ,(0.653),2.189 ,(0.856),,,
Vehicles,biplane,3.846 ,(1.851),3.769 ,(1.843),1.887 ,2.192 ,(0.864),4.250 ,(1.532),5.288 ,(1.775),5.596 ,(1.459),,3.258 ,(1.632),3.774 ,(1.564),41.509 ,2.226 ,(1.087),4.733 ,(1.230),4.633 ,(1.564),5.194 ,(1.400),,,
Vehicles,boat,6.463 ,(0.905),6.226 ,(1.103),0.000 ,5.321 ,(1.752),4.472 ,(1.739),6.679 ,(0.779),3.093 ,(1.364),,5.943 ,(1.200),6.038 ,(1.255),0.000 ,5.226 ,(1.463),3.962 ,(1.544),6.358 ,(0.982),2.075 ,(0.805),,,
Vehicles,buggy,4.259 ,(1.718),4.704 ,(1.766),0.000 ,3.981 ,(1.908),4.321 ,(1.451),5.585 ,(1.247),6.093 ,(1.521),,3.509 ,(1.527),4.962 ,(1.521),0.000 ,4.135 ,(1.681),3.596 ,(1.376),5.558 ,(1.447),3.115 ,(1.789),,,
Vehicles,bus,6.943 ,(0.233),6.755 ,(0.782),0.000 ,6.679 ,(1.034),4.585 ,(1.759),6.698 ,(0.774),3.189 ,(1.429),,6.849 ,(0.411),6.642 ,(0.736),0.000 ,6.755 ,(0.515),3.585 ,(1.886),6.679 ,(0.956),2.077 ,(0.860),,,
Vehicles,cable car,4.148 ,(1.753),4.222 ,(1.870),0.000 ,2.887 ,(1.396),4.444 ,(1.501),6.132 ,(1.177),6.759 ,(0.547),,3.491 ,(1.671),4.434 ,(1.513),0.000 ,2.868 ,(1.241),3.808 ,(1.284),5.558 ,(1.349),4.528 ,(1.170),,,
Vehicles,camper van,4.704 ,(1.537),4.463 ,(1.538),0.000 ,3.537 ,(1.656),4.130 ,(1.441),5.963 ,(1.303),6.944 ,(0.302),,4.442 ,(1.638),5.038 ,(1.559),0.000 ,4.000 ,(1.508),3.750 ,(1.266),5.904 ,(1.159),4.231 ,(1.337),,,
Vehicles,canoe,4.426 ,(1.621),4.741 ,(1.604),0.000 ,3.093 ,(1.545),3.074 ,(1.528),6.167 ,(1.240),5.204 ,(1.392),,3.302 ,(1.600),4.755 ,(1.492),0.000 ,3.340 ,(1.400),2.755 ,(1.125),5.849 ,(1.364),3.654 ,(1.008),,,
Vehicles,car,6.980 ,(0.140),6.745 ,(0.771),0.000 ,6.863 ,(0.491),5.039 ,(1.732),6.800 ,(0.606),3.520 ,(1.607),,6.981 ,(0.137),6.660 ,(0.758),0.000 ,6.906 ,(0.354),4.358 ,(1.744),6.769 ,(0.703),1.623 ,(0.686),,,
Vehicles,caravan,5.519 ,(1.397),5.444 ,(1.513),0.000 ,4.574 ,(1.797),4.148 ,(1.642),6.358 ,(1.076),5.389 ,(1.595),,4.094 ,(1.964),5.717 ,(1.262),0.000 ,4.623 ,(1.471),3.566 ,(1.448),6.321 ,(0.915),3.094 ,(0.986),,,
Vehicles,carriage,4.352 ,(1.824),4.593 ,(1.743),0.000 ,3.074 ,(1.725),4.426 ,(1.689),6.130 ,(1.214),4.426 ,(1.787),,3.846 ,(1.893),4.442 ,(1.638),0.000 ,3.137 ,(1.613),4.385 ,(1.471),5.250 ,(1.399),3.750 ,(1.203),,,
Vehicles,cart,4.566 ,(1.693),5.302 ,(1.600),0.000 ,3.264 ,(1.521),3.509 ,(1.436),6.264 ,(1.041),3.302 ,(1.488),,3.566 ,(1.670),4.377 ,(1.690),0.000 ,2.868 ,(1.468),3.019 ,(1.185),5.396 ,(1.432),3.415 ,(1.247),,,
Vehicles,coach,6.426 ,(1.109),6.278 ,(1.036),0.000 ,5.870 ,(1.505),4.442 ,(1.819),6.574 ,(0.924),4.333 ,(1.590),,6.321 ,(0.976),6.340 ,(1.073),0.000 ,6.038 ,(1.091),3.623 ,(1.535),6.453 ,(0.932),3.245 ,(1.072),,,
Vehicles,cruise ship,5.537 ,(1.356),5.185 ,(1.468),0.000 ,3.778 ,(1.860),4.981 ,(1.523),6.333 ,(0.911),6.407 ,(1.190),,4.736 ,(1.443),4.906 ,(1.572),0.000 ,3.415 ,(1.278),4.887 ,(1.527),5.811 ,(1.161),4.094 ,(1.097),,,
Vehicles,dinghy,4.704 ,(1.644),5.093 ,(1.651),0.000 ,3.333 ,(1.748),3.407 ,(1.608),5.774 ,(1.450),5.962 ,(1.344),,3.302 ,(1.648),5.000 ,(1.301),0.000 ,3.132 ,(1.256),2.811 ,(1.178),5.698 ,(1.249),3.925 ,(1.141),,,
Vehicles,dump truck,4.811 ,(1.494),4.189 ,(1.582),1.852 ,3.340 ,(1.580),4.358 ,(1.508),5.717 ,(1.498),6.849 ,(0.411),,3.396 ,(1.843),4.660 ,(1.556),0.000 ,3.604 ,(1.405),3.830 ,(1.490),5.321 ,(1.425),3.642 ,(1.456),,,
Vehicles,ferry,5.577 ,(1.377),5.885 ,(1.114),0.000 ,4.654 ,(1.607),4.923 ,(1.643),6.250 ,(1.100),4.385 ,(1.694),,5.660 ,(1.255),5.811 ,(1.226),0.000 ,4.604 ,(1.485),4.509 ,(1.671),6.113 ,(1.086),3.135 ,(1.067),,,
Vehicles,fire engine,4.981 ,(1.926),5.868 ,(1.177),0.000 ,5.038 ,(1.400),5.415 ,(1.351),6.423 ,(0.957),3.623 ,(1.376),,3.528 ,(1.804),5.736 ,(1.347),0.000 ,5.321 ,(1.356),4.509 ,(1.694),6.396 ,(0.987),2.396 ,(0.927),,,
Vehicles,fork lift,4.365 ,(1.669),4.346 ,(1.532),1.887 ,3.154 ,(1.304),4.673 ,(1.438),5.865 ,(1.268),6.962 ,(0.194),,3.000 ,(1.676),4.547 ,(1.600),0.000 ,3.340 ,(1.344),4.094 ,(1.362),5.660 ,(1.208),4.302 ,(1.170),,,
Vehicles,glider,4.269 ,(1.598),4.058 ,(1.685),0.000 ,2.731 ,(1.206),3.943 ,(1.737),5.731 ,(1.510),6.176 ,(1.212),,2.820 ,(1.521),4.120 ,(1.380),5.660 ,2.520 ,(1.182),3.400 ,(1.107),5.120 ,(1.520),4.520 ,(1.165),,,
Vehicles,helicopter,5.833 ,(1.112),5.463 ,(1.356),0.000 ,4.685 ,(1.692),5.241 ,(1.479),6.283 ,(1.026),6.755 ,(0.731),,4.811 ,(1.331),5.226 ,(1.409),0.000 ,4.453 ,(1.395),5.094 ,(1.377),6.057 ,(1.151),2.962 ,(1.160),,,
Vehicles,horse & cart,4.611 ,(1.857),5.481 ,(1.563),0.000 ,2.981 ,(1.525),4.741 ,(1.662),6.426 ,(1.075),3.000 ,(1.318),,3.868 ,(1.830),4.679 ,(1.673),0.000 ,2.811 ,(1.532),4.472 ,(1.782),5.942 ,(1.037),3.302 ,(0.992),,,
Vehicles,horsebox,4.451 ,(1.826),4.569 ,(1.769),1.923 ,3.392 ,(1.686),3.255 ,(1.383),6.060 ,(1.316),5.647 ,(1.508),,3.135 ,(1.910),4.500 ,(1.755),1.887 ,3.154 ,(1.487),3.058 ,(1.335),5.500 ,(1.435),3.981 ,(1.213),,,
Vehicles,hovercraft,4.811 ,(1.494),4.151 ,(1.524),0.000 ,3.019 ,(1.587),4.792 ,(1.485),5.588 ,(1.525),7.000 ,0.000 ,,4.113 ,(1.783),4.642 ,(1.533),0.000 ,2.906 ,(1.275),4.604 ,(1.364),5.415 ,(1.307),4.415 ,(1.064),,,
Vehicles,hydrofoil,4.760 ,(1.492),4.020 ,(1.635),7.407 ,2.880 ,(1.350),4.776 ,(1.585),5.490 ,(1.325),6.940 ,(0.314),,3.645 ,(1.907),3.548 ,(1.480),41.509 ,2.323 ,(0.979),4.714 ,(1.436),4.357 ,(1.420),5.935 ,(1.153),,,
Vehicles,hydroplane,4.128 ,(1.727),3.064 ,(1.552),11.321 ,2.213 ,(1.122),4.652 ,(1.479),4.783 ,(1.750),6.826 ,(0.608),,3.475 ,(1.569),3.050 ,(1.395),24.528 ,1.975 ,(0.974),4.618 ,(1.129),3.971 ,(1.465),5.775 ,(1.143),,,
Vehicles,jeep,5.315 ,(1.451),5.056 ,(1.583),0.000 ,3.630 ,(1.533),4.574 ,(1.585),6.075 ,(1.207),6.556 ,(0.816),,5.170 ,(1.464),5.396 ,(1.214),0.000 ,4.453 ,(1.462),4.245 ,(1.592),5.925 ,(1.107),4.057 ,(1.183),,,
Vehicles,jet,6.000 ,(1.259),5.111 ,(1.633),0.000 ,4.352 ,(1.875),4.963 ,(1.541),6.241 ,(1.164),6.963 ,(0.191),,5.264 ,(1.288),5.019 ,(1.500),0.000 ,4.000 ,(1.494),4.660 ,(1.454),5.755 ,(1.175),3.717 ,(1.133),,,
Vehicles,jet ski,3.635 ,(1.772),3.038 ,(1.533),3.704 ,2.327 ,(1.216),3.608 ,(1.563),4.922 ,(1.831),7.000 ,0.000 ,,2.943 ,(1.562),4.434 ,(1.461),0.000 ,3.113 ,(1.382),3.943 ,(1.336),5.132 ,(1.359),5.226 ,(1.235),,,
Vehicles,juggernaut,5.245 ,(1.592),4.500 ,(1.674),0.000 ,3.750 ,(1.667),4.396 ,(1.511),5.736 ,(1.318),6.981 ,(0.137),,3.800 ,(1.766),3.867 ,(1.546),15.094 ,3.133 ,(1.618),4.581 ,(1.180),4.860 ,(1.641),5.267 ,(1.452),,,
Vehicles,kayak,3.627 ,(1.685),3.451 ,(1.566),1.923 ,2.196 ,(1.059),3.040 ,(1.340),5.100 ,(1.741),6.286 ,(1.155),,3.080 ,(1.676),4.260 ,(1.664),5.660 ,2.840 ,(1.315),2.980 ,(1.020),5.260 ,(1.482),4.940 ,(1.300),,,
Vehicles,liner,6.019 ,(1.055),5.741 ,(1.231),0.000 ,3.796 ,(1.752),5.056 ,(1.459),6.509 ,(0.933),4.981 ,(1.460),,4.327 ,(1.676),4.224 ,(1.373),5.769 ,3.122 ,(1.218),4.563 ,(1.443),4.872 ,(1.377),4.510 ,(1.244),,,
Vehicles,lorry,6.741 ,(0.556),6.370 ,(0.938),0.000 ,6.259 ,(1.169),4.453 ,(1.671),6.528 ,(0.868),3.704 ,(1.462),,5.604 ,(1.523),6.000 ,(1.209),0.000 ,5.962 ,(1.220),3.623 ,(1.712),6.308 ,(1.001),2.321 ,(1.052),,,
Vehicles,microlight,3.432 ,(1.908),3.000 ,(1.764),31.481 ,2.297 ,(1.222),4.086 ,(1.597),5.000 ,(1.663),6.944 ,(0.333),,2.735 ,(1.601),3.235 ,(1.876),35.849 ,1.971 ,(0.937),4.806 ,(1.558),4.500 ,(1.626),6.353 ,(0.849),,,
Vehicles,milk float,4.833 ,(1.861),5.056 ,(1.676),0.000 ,3.611 ,(1.676),4.094 ,(1.713),5.963 ,(1.400),5.132 ,(1.665),,3.528 ,(1.957),5.226 ,(1.502),0.000 ,3.774 ,(1.637),3.717 ,(1.473),5.792 ,(1.335),3.340 ,(1.055),,,
Vehicles,minibus,5.870 ,(1.388),5.852 ,(1.295),0.000 ,5.370 ,(1.617),4.315 ,(1.490),6.500 ,(0.818),6.926 ,(0.328),,5.736 ,(1.227),6.038 ,(1.073),0.000 ,5.453 ,(1.324),3.736 ,(1.745),6.377 ,(0.882),3.642 ,(1.094),,,
Vehicles,monorail,3.824 ,(2.027),3.686 ,(1.703),3.774 ,2.373 ,(1.280),4.588 ,(1.458),5.588 ,(1.639),6.500 ,(0.953),,3.478 ,(1.773),3.783 ,(1.562),13.208 ,2.261 ,(1.201),4.152 ,(1.460),4.543 ,(1.260),5.761 ,(1.251),,,
Vehicles,moped,4.415 ,(1.622),4.302 ,(1.782),0.000 ,2.679 ,(1.173),4.415 ,(1.499),5.865 ,(1.372),6.906 ,(0.354),,4.827 ,(1.451),5.154 ,(1.334),0.000 ,4.077 ,(1.398),4.154 ,(1.474),5.827 ,(1.200),4.558 ,(1.178),,,
Vehicles,motorbike,6.000 ,(1.244),5.222 ,(1.550),0.000 ,4.574 ,(1.787),5.407 ,(1.536),6.481 ,(0.863),4.704 ,(1.562),,6.038 ,(1.037),5.755 ,(1.285),0.000 ,5.623 ,(1.362),5.132 ,(1.507),6.151 ,(1.099),3.038 ,(1.109),,,
Vehicles,motorboat,5.148 ,(1.280),4.926 ,(1.439),0.000 ,3.630 ,(1.418),4.074 ,(1.588),6.185 ,(1.065),4.741 ,(1.556),,4.208 ,(1.610),4.585 ,(1.447),0.000 ,3.170 ,(1.355),4.113 ,(1.235),5.170 ,(1.424),3.962 ,(1.109),,,
Vehicles,pantechnicon,4.814 ,(1.967),4.721 ,(1.804),18.868 ,3.667 ,(1.857),3.643 ,(1.445),6.024 ,(1.115),6.442 ,(1.140),,4.000 ,(1.732),3.000 ,(2.000),94.340 ,3.667 ,(2.309),2.500 ,(0.707),5.000 ,(1.414),6.667 ,(0.577),,,
Vehicles,pick-up,5.039 ,(1.624),4.647 ,(1.309),0.000 ,3.941 ,(1.618),3.941 ,(1.593),5.627 ,(1.536),6.788 ,(0.457),,4.245 ,(1.753),4.660 ,(1.652),0.000 ,3.585 ,(1.562),3.981 ,(1.599),5.558 ,(1.320),4.471 ,(1.405),,,
Vehicles,pram,5.736 ,(1.654),6.472 ,(0.868),0.000 ,5.226 ,(1.815),4.151 ,(1.586),6.604 ,(0.840),2.442 ,(1.378),,3.377 ,(1.983),5.585 ,(1.499),0.000 ,5.057 ,(1.634),3.750 ,(1.426),6.075 ,(1.253),1.792 ,(0.817),,,
Vehicles,raft,3.528 ,(1.804),3.981 ,(1.770),0.000 ,2.509 ,(1.187),2.717 ,(1.511),6.245 ,(1.191),5.113 ,(1.463),,3.308 ,(1.639),4.519 ,(1.627),0.000 ,2.769 ,(1.423),2.569 ,(1.237),5.471 ,(1.461),3.615 ,(0.820),,,
Vehicles,rickshaw,4.038 ,(1.726),4.346 ,(1.825),1.887 ,2.385 ,(1.140),3.712 ,(1.486),5.962 ,(1.414),6.058 ,(1.243),,2.974 ,(1.693),3.868 ,(1.695),26.923 ,2.368 ,(1.195),4.079 ,(1.302),4.553 ,(1.796),5.538 ,(1.393),,,
Vehicles,rocket,3.020 ,(1.846),3.633 ,(1.955),7.547 ,2.714 ,(1.620),4.673 ,(1.973),5.560 ,(1.554),6.640 ,(0.851),,2.830 ,(1.638),4.698 ,(1.353),0.000 ,3.132 ,(1.765),4.358 ,(1.508),5.774 ,(1.281),3.189 ,(1.039),,,
Vehicles,roller skate,3.635 ,(1.869),5.019 ,(1.647),0.000 ,3.472 ,(1.564),3.596 ,(1.445),6.058 ,(1.259),4.423 ,(1.258),,3.038 ,(1.775),5.302 ,(1.551),0.000 ,3.981 ,(1.550),3.642 ,(1.226),6.000 ,(1.127),2.962 ,(0.784),,,
Vehicles,rowing boat,4.906 ,(1.800),5.604 ,(1.485),0.000 ,3.815 ,(1.694),3.389 ,(1.607),6.370 ,(1.104),4.151 ,(1.562),,3.906 ,(1.584),5.283 ,(1.321),0.000 ,3.698 ,(1.310),3.132 ,(1.144),6.226 ,(0.974),3.358 ,(1.272),,,
Vehicles,schooner,4.019 ,(1.824),3.642 ,(1.744),1.852 ,2.604 ,(1.276),4.906 ,(1.560),5.396 ,(1.621),6.269 ,(1.122),,3.174 ,(1.749),3.391 ,(1.588),55.769 ,2.304 ,(1.063),4.950 ,(1.761),4.684 ,(1.529),5.652 ,(1.369),,,
Vehicles,scooter,4.685 ,(1.576),4.870 ,(1.454),0.000 ,3.278 ,(1.323),4.352 ,(1.519),6.189 ,(0.982),5.444 ,(1.890),,4.623 ,(1.643),4.792 ,(1.433),0.000 ,3.717 ,(1.459),3.717 ,(1.378),5.642 ,(1.317),3.906 ,(1.290),,,
Vehicles,ship,6.604 ,(0.716),6.396 ,(1.132),0.000 ,5.396 ,(1.645),5.113 ,(1.565),6.566 ,(0.991),3.170 ,(1.297),,5.755 ,(1.285),5.849 ,(1.307),0.000 ,4.906 ,(1.584),4.226 ,(1.577),6.340 ,(0.999),2.396 ,(0.884),,,
Vehicles,sidecar,3.537 ,(1.679),4.222 ,(1.766),0.000 ,2.278 ,(1.204),4.019 ,(1.434),5.778 ,(1.598),4.796 ,(1.471),,2.906 ,(1.821),4.264 ,(1.619),0.000 ,2.453 ,(1.324),3.491 ,(1.171),5.132 ,(1.594),4.226 ,(1.050),,,
Vehicles,skateboard,3.481 ,(1.724),4.130 ,(1.781),0.000 ,3.074 ,(1.681),2.778 ,(1.284),5.889 ,(1.269),6.963 ,(0.272),,2.849 ,(1.669),5.283 ,(1.306),0.000 ,4.302 ,(1.475),2.509 ,(1.120),6.302 ,(1.049),3.558 ,(0.978),,,
Vehicles,skis,4.340 ,(1.850),4.811 ,(1.787),1.852 ,3.585 ,(1.759),2.792 ,(1.536),6.321 ,(1.034),6.453 ,(0.952),,2.925 ,(1.719),5.340 ,(1.344),0.000 ,4.057 ,(1.610),2.404 ,(1.209),6.132 ,(1.093),3.660 ,(1.018),,,
Vehicles,sledge,4.093 ,(1.740),4.870 ,(1.660),0.000 ,2.926 ,(1.330),2.963 ,(1.440),6.315 ,(1.163),3.685 ,(1.357),,3.283 ,(1.864),5.283 ,(1.277),0.000 ,3.528 ,(1.514),2.981 ,(1.248),6.038 ,(1.073),2.750 ,(1.027),,,
Vehicles,sleigh,4.241 ,(1.565),4.981 ,(1.721),0.000 ,2.722 ,(1.352),3.574 ,(1.573),6.057 ,(1.322),4.396 ,(1.561),,3.132 ,(1.699),4.943 ,(1.473),0.000 ,3.132 ,(1.557),3.377 ,(1.362),5.585 ,(1.365),2.925 ,(0.978),,,
Vehicles,spacecraft,3.720 ,(1.604),3.540 ,(1.593),5.660 ,2.960 ,(1.641),5.340 ,(1.586),5.469 ,(1.556),6.960 ,(0.198),,2.811 ,(1.851),4.132 ,(1.744),0.000 ,3.302 ,(1.659),5.321 ,(1.425),5.377 ,(1.632),3.692 ,(1.181),,,
Vehicles,speedboat,4.585 ,(1.622),4.585 ,(1.681),0.000 ,3.264 ,(1.546),4.226 ,(1.577),5.981 ,(1.308),5.415 ,(1.669),,3.925 ,(1.579),4.868 ,(1.272),0.000 ,3.377 ,(1.376),4.019 ,(1.366),5.660 ,(1.208),3.736 ,(1.022),,,
Vehicles,steam boat,4.680 ,(1.743),4.860 ,(1.807),1.961 ,3.340 ,(1.757),4.940 ,(1.490),6.000 ,(1.340),4.673 ,(1.725),,4.113 ,(1.847),4.396 ,(1.633),0.000 ,2.774 ,(1.396),4.660 ,(1.580),5.057 ,(1.499),4.094 ,(1.260),,,
Vehicles,submarine,4.333 ,(1.748),4.667 ,(1.614),0.000 ,3.352 ,(1.824),4.415 ,(1.946),6.113 ,(1.204),5.741 ,(1.119),,3.208 ,(1.645),5.019 ,(1.293),0.000 ,3.170 ,(1.477),3.792 ,(1.419),5.547 ,(1.353),3.566 ,(1.118),,,
Vehicles,surfboard,3.132 ,(1.871),3.830 ,(1.773),1.852 ,2.615 ,(1.270),2.736 ,(1.583),5.962 ,(1.330),6.792 ,(0.885),,2.547 ,(1.636),4.811 ,(1.594),0.000 ,3.434 ,(1.435),2.113 ,(1.031),5.943 ,(1.307),4.132 ,(1.127),,,
Vehicles,tandem,4.407 ,(1.796),5.000 ,(1.759),0.000 ,2.759 ,(1.440),4.340 ,(1.493),6.130 ,(1.289),4.963 ,(1.601),,3.192 ,(1.469),4.308 ,(1.766),1.887 ,2.481 ,(1.306),4.314 ,(1.319),5.529 ,(1.255),4.269 ,(1.140),,,
Vehicles,tank,3.906 ,(1.853),4.547 ,(1.825),0.000 ,3.019 ,(1.876),4.943 ,(1.486),6.020 ,(1.304),5.623 ,(1.348),,2.887 ,(1.625),4.717 ,(1.524),0.000 ,3.245 ,(1.440),4.660 ,(1.440),5.660 ,(1.372),3.491 ,(0.973),,,
Vehicles,tanker,5.204 ,(1.641),5.185 ,(1.493),0.000 ,4.370 ,(1.794),4.407 ,(1.524),6.315 ,(1.079),6.463 ,(0.985),,3.635 ,(1.772),4.481 ,(1.379),0.000 ,3.596 ,(1.390),3.961 ,(1.673),5.260 ,(1.337),4.216 ,(1.137),,,
Vehicles,taxi,6.566 ,(0.747),6.226 ,(1.012),0.000 ,6.019 ,(1.196),4.245 ,(1.531),6.566 ,(0.747),4.925 ,(1.579),,6.321 ,(0.827),6.340 ,(0.960),0.000 ,6.302 ,(0.972),3.604 ,(1.668),6.577 ,(0.801),3.396 ,(1.214),,,
Vehicles,tractor,5.111 ,(1.656),5.500 ,(1.370),0.000 ,4.302 ,(1.648),4.679 ,(1.650),6.241 ,(1.080),5.130 ,(1.542),,3.906 ,(1.644),5.340 ,(1.176),0.000 ,4.075 ,(1.492),4.509 ,(1.589),6.226 ,(0.933),2.472 ,(0.912),,,
Vehicles,trailer,5.113 ,(1.613),5.000 ,(1.506),0.000 ,4.019 ,(1.704),3.774 ,(1.613),6.038 ,(1.236),6.547 ,(0.722),,3.340 ,(1.617),4.811 ,(1.507),0.000 ,3.774 ,(1.382),3.077 ,(1.135),5.346 ,(1.312),3.942 ,(1.420),,,
Vehicles,train,6.889 ,(0.317),6.648 ,(0.705),0.000 ,6.130 ,(1.505),4.830 ,(1.751),6.736 ,(0.625),2.849 ,(1.150),,6.731 ,(0.630),6.519 ,(0.896),0.000 ,6.404 ,(1.089),4.250 ,(1.835),6.538 ,(0.779),2.365 ,(0.950),,,
Vehicles,tram,5.057 ,(1.946),5.943 ,(1.365),0.000 ,3.135 ,(1.910),4.547 ,(1.738),6.365 ,(1.048),3.245 ,(1.616),,4.208 ,(1.885),4.585 ,(1.586),0.000 ,2.774 ,(1.266),4.189 ,(1.194),5.472 ,(1.462),3.962 ,(0.940),,,
Vehicles,trap,3.481 ,(2.015),3.788 ,(1.696),1.887 ,2.154 ,(1.144),3.843 ,(1.286),5.920 ,(1.383),4.780 ,(1.765),,2.306 ,(1.411),3.405 ,(1.536),30.189 ,2.108 ,(1.149),3.611 ,(1.420),4.611 ,(1.554),4.541 ,(1.406),,,
Vehicles,trawler,4.630 ,(1.719),4.481 ,(1.611),0.000 ,3.204 ,(1.459),4.519 ,(1.679),5.741 ,(1.507),5.815 ,(1.290),,3.250 ,(1.725),4.269 ,(1.443),1.887 ,2.865 ,(1.344),4.077 ,(1.370),4.885 ,(1.491),4.654 ,(1.327),,,
Vehicles,tricycle,4.352 ,(1.803),5.111 ,(1.562),0.000 ,3.222 ,(1.621),4.151 ,(1.622),6.185 ,(1.304),3.648 ,(1.684),,3.245 ,(1.580),4.868 ,(1.401),0.000 ,2.981 ,(1.394),3.830 ,(1.553),5.679 ,(1.252),2.717 ,(1.350),,,
Vehicles,trolley,4.642 ,(1.841),4.925 ,(1.719),0.000 ,4.019 ,(2.206),3.811 ,(1.557),6.154 ,(1.258),5.830 ,(1.684),,2.547 ,(1.539),5.491 ,(1.564),0.000 ,4.962 ,(1.617),3.404 ,(1.287),6.038 ,(1.102),3.208 ,(0.988),,,
Vehicles,trolley bus,4.585 ,(1.886),4.566 ,(1.803),0.000 ,2.660 ,(1.580),4.094 ,(1.608),6.000 ,(1.240),6.113 ,(1.311),,3.688 ,(1.804),3.594 ,(1.794),39.623 ,2.688 ,(1.655),3.621 ,(1.590),4.571 ,(1.597),5.563 ,(1.294),,,
Vehicles,truck,6.222 ,(1.022),5.907 ,(1.336),0.000 ,5.648 ,(1.430),4.444 ,(1.701),6.352 ,(1.031),4.852 ,(1.547),,5.736 ,(1.146),5.925 ,(1.174),0.000 ,5.755 ,(1.270),3.811 ,(1.676),6.264 ,(1.003),2.538 ,(1.146),,,
Vehicles,underground,5.741 ,(1.519),5.833 ,(1.328),0.000 ,4.407 ,(1.817),4.611 ,(1.774),6.315 ,(1.179),5.315 ,(1.588),,6.189 ,(1.075),6.453 ,(0.932),0.000 ,6.226 ,(1.137),4.151 ,(1.844),6.604 ,(0.689),4.283 ,(1.321),,,
Vehicles,unicycle,2.844 ,(1.858),2.822 ,(1.628),16.667 ,1.911 ,(0.949),3.800 ,(1.290),5.311 ,(1.663),6.267 ,(1.116),,2.491 ,(1.728),4.283 ,(1.823),0.000 ,2.547 ,(1.488),3.585 ,(1.393),5.615 ,(1.360),4.196 ,(1.281),,,
Vehicles,van,6.667 ,(0.700),6.222 ,(1.003),0.000 ,5.963 ,(1.400),4.189 ,(1.871),6.481 ,(0.863),3.926 ,(1.330),,6.231 ,(0.854),6.250 ,(0.968),0.000 ,5.904 ,(1.209),3.462 ,(1.686),6.308 ,(1.020),2.788 ,(1.109),,,
Vehicles,wagon,4.926 ,(1.757),4.906 ,(1.608),0.000 ,3.377 ,(1.789),4.075 ,(1.530),6.000 ,(1.109),4.547 ,(1.539),,3.698 ,(1.716),4.226 ,(1.382),0.000 ,2.830 ,(1.189),3.755 ,(1.207),5.189 ,(1.606),3.830 ,(1.122),,,
Vehicles,wheel barrow,5.019 ,(1.868),6.148 ,(1.053),0.000 ,4.815 ,(1.738),3.444 ,(1.679),6.481 ,(1.005),3.500 ,(1.575),,3.075 ,(1.950),5.472 ,(1.280),0.000 ,3.868 ,(1.301),2.962 ,(1.255),6.094 ,(1.197),2.962 ,(0.999),,,
Vehicles,wheelchair,4.528 ,(1.782),5.358 ,(1.665),0.000 ,4.302 ,(1.659),4.472 ,(1.462),6.358 ,(0.879),5.827 ,(1.354),,3.000 ,(1.721),5.057 ,(1.586),0.000 ,4.358 ,(1.688),4.094 ,(1.431),5.906 ,(1.305),3.377 ,(1.096),,,
Vehicles,yacht,4.906 ,(1.560),4.868 ,(1.594),0.000 ,3.717 ,(1.657),4.750 ,(1.619),6.491 ,(0.750),4.283 ,(1.524),,4.151 ,(1.574),4.943 ,(1.460),0.000 ,3.604 ,(1.459),4.415 ,(1.550),5.887 ,(1.187),3.604 ,(1.166),,,
,,,,,,,,,,,,,,,,,,,,,,,,,,,,,,,